{"duration":6,"level":"info","message":"db-query","rows":26,"text":"SELECT * FROM location_types","timestamp":"2026-09-25T10:50:36.111Z"}
{"level":"info","message":"GET /api/location-types 200 12.043 ms","timestamp":"2026-09-25T10:50:36.118Z"}
{"duration":59,"level":"info","message":"db-query","rows":26,"text":"SELECT * FROM location_types","timestamp":"2026-09-25T10:50:36.166Z"}
{"level":"info","message":"GET /api/location-types 200 60.680 ms","timestamp":"2026-09-25T10:50:36.168Z"}
{"duration":916,"level":"info","message":"db-query","rows":0,"text":"\n      SELECT company_id, driver_id \n      FROM driver_sinbins \n      WHERE is_active = TRUE \n      AND (updated_at + (sinbin_time || ' minutes')::INTERVAL) <= CURRENT_TIMESTAMP;\n    ","timestamp":"2026-09-25T10:51:00.930Z"}
{"duration":169,"level":"info","message":"db-query","rows":0,"text":"\n      SELECT company_id, driver_id \n      FROM driver_sinbins \n      WHERE is_active = TRUE \n      AND (updated_at + (sinbin_time || ' minutes')::INTERVAL) <= CURRENT_TIMESTAMP;\n    ","timestamp":"2026-09-25T10:52:00.179Z"}
{"duration":157,"level":"info","message":"db-query","rows":0,"text":"\n      SELECT company_id, driver_id \n      FROM driver_sinbins \n      WHERE is_active = TRUE \n      AND (updated_at + (sinbin_time || ' minutes')::INTERVAL) <= CURRENT_TIMESTAMP;\n    ","timestamp":"2026-09-25T10:53:00.164Z"}
{"duration":83,"level":"info","message":"db-query","rows":0,"text":"\n      SELECT company_id, driver_id \n      FROM driver_sinbins \n      WHERE is_active = TRUE \n      AND (updated_at + (sinbin_time || ' minutes')::INTERVAL) <= CURRENT_TIMESTAMP;\n    ","timestamp":"2026-09-25T10:54:00.096Z"}
{"duration":76,"level":"info","message":"db-query","rows":0,"text":"\n      SELECT company_id, driver_id \n      FROM driver_sinbins \n      WHERE is_active = TRUE \n      AND (updated_at + (sinbin_time || ' minutes')::INTERVAL) <= CURRENT_TIMESTAMP;\n    ","timestamp":"2026-09-25T10:55:00.082Z"}
{"duration":74,"level":"info","message":"db-query","rows":0,"text":"\n      SELECT company_id, driver_id \n      FROM driver_sinbins \n      WHERE is_active = TRUE \n      AND (updated_at + (sinbin_time || ' minutes')::INTERVAL) <= CURRENT_TIMESTAMP;\n    ","timestamp":"2026-09-25T10:56:00.083Z"}
{"duration":87,"level":"info","message":"db-query","rows":0,"text":"\n      SELECT company_id, driver_id \n      FROM driver_sinbins \n      WHERE is_active = TRUE \n      AND (updated_at + (sinbin_time || ' minutes')::INTERVAL) <= CURRENT_TIMESTAMP;\n    ","timestamp":"2026-09-25T10:57:00.120Z"}
{"duration":73,"level":"info","message":"db-query","rows":0,"text":"\n      SELECT company_id, driver_id \n      FROM driver_sinbins \n      WHERE is_active = TRUE \n      AND (updated_at + (sinbin_time || ' minutes')::INTERVAL) <= CURRENT_TIMESTAMP;\n    ","timestamp":"2026-09-25T10:58:00.082Z"}
{"duration":70,"level":"info","message":"db-query","rows":0,"text":"\n      SELECT company_id, driver_id \n      FROM driver_sinbins \n      WHERE is_active = TRUE \n      AND (updated_at + (sinbin_time || ' minutes')::INTERVAL) <= CURRENT_TIMESTAMP;\n    ","timestamp":"2026-09-25T10:59:00.083Z"}
{"duration":89,"level":"info","message":"db-query","rows":0,"text":"\n      SELECT company_id, driver_id \n      FROM driver_sinbins \n      WHERE is_active = TRUE \n      AND (updated_at + (sinbin_time || ' minutes')::INTERVAL) <= CURRENT_TIMESTAMP;\n    ","timestamp":"2026-09-25T11:00:00.098Z"}
{"duration":82,"level":"info","message":"db-query","rows":0,"text":"\n      SELECT company_id, driver_id \n      FROM driver_sinbins \n      WHERE is_active = TRUE \n      AND (updated_at + (sinbin_time || ' minutes')::INTERVAL) <= CURRENT_TIMESTAMP;\n    ","timestamp":"2026-09-25T11:01:00.087Z"}
{"duration":164,"level":"info","message":"db-query","rows":0,"text":"\n      SELECT company_id, driver_id \n      FROM driver_sinbins \n      WHERE is_active = TRUE \n      AND (updated_at + (sinbin_time || ' minutes')::INTERVAL) <= CURRENT_TIMESTAMP;\n    ","timestamp":"2026-09-25T11:02:00.172Z"}
{"duration":75,"level":"info","message":"db-query","rows":0,"text":"\n      SELECT company_id, driver_id \n      FROM driver_sinbins \n      WHERE is_active = TRUE \n      AND (updated_at + (sinbin_time || ' minutes')::INTERVAL) <= CURRENT_TIMESTAMP;\n    ","timestamp":"2026-09-25T11:03:00.079Z"}
{"duration":57,"level":"info","message":"db-query","rows":0,"text":"\n      SELECT company_id, driver_id \n      FROM driver_sinbins \n      WHERE is_active = TRUE \n      AND (updated_at + (sinbin_time || ' minutes')::INTERVAL) <= CURRENT_TIMESTAMP;\n    ","timestamp":"2026-09-25T11:04:00.085Z"}
{"duration":68,"level":"info","message":"db-query","rows":0,"text":"\n      SELECT company_id, driver_id \n      FROM driver_sinbins \n      WHERE is_active = TRUE \n      AND (updated_at + (sinbin_time || ' minutes')::INTERVAL) <= CURRENT_TIMESTAMP;\n    ","timestamp":"2026-09-25T11:05:00.091Z"}
{"duration":89,"level":"info","message":"db-query","rows":0,"text":"\n      SELECT company_id, driver_id \n      FROM driver_sinbins \n      WHERE is_active = TRUE \n      AND (updated_at + (sinbin_time || ' minutes')::INTERVAL) <= CURRENT_TIMESTAMP;\n    ","timestamp":"2026-09-25T11:06:00.095Z"}
{"duration":78,"level":"info","message":"db-query","rows":0,"text":"\n      SELECT company_id, driver_id \n      FROM driver_sinbins \n      WHERE is_active = TRUE \n      AND (updated_at + (sinbin_time || ' minutes')::INTERVAL) <= CURRENT_TIMESTAMP;\n    ","timestamp":"2026-09-25T11:07:00.094Z"}
{"duration":91,"level":"info","message":"db-query","rows":0,"text":"\n      SELECT company_id, driver_id \n      FROM driver_sinbins \n      WHERE is_active = TRUE \n      AND (updated_at + (sinbin_time || ' minutes')::INTERVAL) <= CURRENT_TIMESTAMP;\n    ","timestamp":"2026-09-25T11:08:00.099Z"}
{"duration":81,"level":"info","message":"db-query","rows":0,"text":"\n      SELECT company_id, driver_id \n      FROM driver_sinbins \n      WHERE is_active = TRUE \n      AND (updated_at + (sinbin_time || ' minutes')::INTERVAL) <= CURRENT_TIMESTAMP;\n    ","timestamp":"2026-09-25T11:09:00.095Z"}
{"duration":94,"level":"info","message":"db-query","rows":0,"text":"\n      SELECT company_id, driver_id \n      FROM driver_sinbins \n      WHERE is_active = TRUE \n      AND (updated_at + (sinbin_time || ' minutes')::INTERVAL) <= CURRENT_TIMESTAMP;\n    ","timestamp":"2026-09-25T11:10:00.101Z"}
{"duration":95,"level":"info","message":"db-query","rows":0,"text":"\n      SELECT company_id, driver_id \n      FROM driver_sinbins \n      WHERE is_active = TRUE \n      AND (updated_at + (sinbin_time || ' minutes')::INTERVAL) <= CURRENT_TIMESTAMP;\n    ","timestamp":"2026-09-25T11:11:00.100Z"}
{"duration":124,"level":"info","message":"db-query","rows":0,"text":"\n      SELECT company_id, driver_id \n      FROM driver_sinbins \n      WHERE is_active = TRUE \n      AND (updated_at + (sinbin_time || ' minutes')::INTERVAL) <= CURRENT_TIMESTAMP;\n    ","timestamp":"2026-09-25T11:12:00.126Z"}
{"duration":70,"level":"info","message":"db-query","rows":0,"text":"\n      SELECT company_id, driver_id \n      FROM driver_sinbins \n      WHERE is_active = TRUE \n      AND (updated_at + (sinbin_time || ' minutes')::INTERVAL) <= CURRENT_TIMESTAMP;\n    ","timestamp":"2026-09-25T11:13:00.087Z"}
{"duration":94,"level":"info","message":"db-query","rows":0,"text":"\n      SELECT company_id, driver_id \n      FROM driver_sinbins \n      WHERE is_active = TRUE \n      AND (updated_at + (sinbin_time || ' minutes')::INTERVAL) <= CURRENT_TIMESTAMP;\n    ","timestamp":"2026-09-25T11:14:00.103Z"}
{"duration":103,"level":"info","message":"db-query","rows":0,"text":"\n      SELECT company_id, driver_id \n      FROM driver_sinbins \n      WHERE is_active = TRUE \n      AND (updated_at + (sinbin_time || ' minutes')::INTERVAL) <= CURRENT_TIMESTAMP;\n    ","timestamp":"2026-09-25T11:15:00.112Z"}
{"duration":85,"level":"info","message":"db-query","rows":0,"text":"\n      SELECT company_id, driver_id \n      FROM driver_sinbins \n      WHERE is_active = TRUE \n      AND (updated_at + (sinbin_time || ' minutes')::INTERVAL) <= CURRENT_TIMESTAMP;\n    ","timestamp":"2026-09-25T11:16:00.095Z"}
{"duration":140,"level":"info","message":"db-query","rows":0,"text":"\n      SELECT company_id, driver_id \n      FROM driver_sinbins \n      WHERE is_active = TRUE \n      AND (updated_at + (sinbin_time || ' minutes')::INTERVAL) <= CURRENT_TIMESTAMP;\n    ","timestamp":"2026-09-25T11:17:00.153Z"}
{"duration":106,"level":"info","message":"db-query","rows":0,"text":"\n      SELECT company_id, driver_id \n      FROM driver_sinbins \n      WHERE is_active = TRUE \n      AND (updated_at + (sinbin_time || ' minutes')::INTERVAL) <= CURRENT_TIMESTAMP;\n    ","timestamp":"2026-09-25T11:18:00.120Z"}
{"duration":55,"level":"info","message":"db-query","rows":0,"text":"\n      SELECT company_id, driver_id \n      FROM driver_sinbins \n      WHERE is_active = TRUE \n      AND (updated_at + (sinbin_time || ' minutes')::INTERVAL) <= CURRENT_TIMESTAMP;\n    ","timestamp":"2026-09-25T11:19:00.065Z"}
{"duration":96,"level":"info","message":"db-query","rows":0,"text":"\n      SELECT company_id, driver_id \n      FROM driver_sinbins \n      WHERE is_active = TRUE \n      AND (updated_at + (sinbin_time || ' minutes')::INTERVAL) <= CURRENT_TIMESTAMP;\n    ","timestamp":"2026-09-25T11:20:00.101Z"}
{"duration":110,"level":"info","message":"db-query","rows":0,"text":"\n      SELECT company_id, driver_id \n      FROM driver_sinbins \n      WHERE is_active = TRUE \n      AND (updated_at + (sinbin_time || ' minutes')::INTERVAL) <= CURRENT_TIMESTAMP;\n    ","timestamp":"2026-09-25T11:21:00.119Z"}
{"duration":60,"level":"info","message":"db-query","rows":0,"text":"\n      SELECT company_id, driver_id \n      FROM driver_sinbins \n      WHERE is_active = TRUE \n      AND (updated_at + (sinbin_time || ' minutes')::INTERVAL) <= CURRENT_TIMESTAMP;\n    ","timestamp":"2026-09-25T11:22:00.069Z"}
{"duration":85,"level":"info","message":"db-query","rows":0,"text":"\n      SELECT company_id, driver_id \n      FROM driver_sinbins \n      WHERE is_active = TRUE \n      AND (updated_at + (sinbin_time || ' minutes')::INTERVAL) <= CURRENT_TIMESTAMP;\n    ","timestamp":"2026-09-25T11:23:00.092Z"}
{"duration":117,"level":"info","message":"db-query","rows":0,"text":"\n      SELECT company_id, driver_id \n      FROM driver_sinbins \n      WHERE is_active = TRUE \n      AND (updated_at + (sinbin_time || ' minutes')::INTERVAL) <= CURRENT_TIMESTAMP;\n    ","timestamp":"2026-09-25T11:24:00.122Z"}
{"duration":86,"level":"info","message":"db-query","rows":0,"text":"\n      SELECT company_id, driver_id \n      FROM driver_sinbins \n      WHERE is_active = TRUE \n      AND (updated_at + (sinbin_time || ' minutes')::INTERVAL) <= CURRENT_TIMESTAMP;\n    ","timestamp":"2026-09-25T11:25:00.095Z"}
{"duration":93,"level":"info","message":"db-query","rows":0,"text":"\n      SELECT company_id, driver_id \n      FROM driver_sinbins \n      WHERE is_active = TRUE \n      AND (updated_at + (sinbin_time || ' minutes')::INTERVAL) <= CURRENT_TIMESTAMP;\n    ","timestamp":"2026-09-25T11:26:00.105Z"}
{"duration":78,"level":"info","message":"db-query","rows":0,"text":"\n      SELECT company_id, driver_id \n      FROM driver_sinbins \n      WHERE is_active = TRUE \n      AND (updated_at + (sinbin_time || ' minutes')::INTERVAL) <= CURRENT_TIMESTAMP;\n    ","timestamp":"2026-09-25T11:27:00.087Z"}
{"duration":76,"level":"info","message":"db-query","rows":0,"text":"\n      SELECT company_id, driver_id \n      FROM driver_sinbins \n      WHERE is_active = TRUE \n      AND (updated_at + (sinbin_time || ' minutes')::INTERVAL) <= CURRENT_TIMESTAMP;\n    ","timestamp":"2026-09-25T11:28:00.092Z"}
{"duration":95,"level":"info","message":"db-query","rows":0,"text":"\n      SELECT company_id, driver_id \n      FROM driver_sinbins \n      WHERE is_active = TRUE \n      AND (updated_at + (sinbin_time || ' minutes')::INTERVAL) <= CURRENT_TIMESTAMP;\n    ","timestamp":"2026-09-25T11:29:00.100Z"}
{"duration":78,"level":"info","message":"db-query","rows":0,"text":"\n      SELECT company_id, driver_id \n      FROM driver_sinbins \n      WHERE is_active = TRUE \n      AND (updated_at + (sinbin_time || ' minutes')::INTERVAL) <= CURRENT_TIMESTAMP;\n    ","timestamp":"2026-09-25T11:30:00.081Z"}
{"duration":55,"level":"info","message":"db-query","rows":0,"text":"\n      SELECT company_id, driver_id \n      FROM driver_sinbins \n      WHERE is_active = TRUE \n      AND (updated_at + (sinbin_time || ' minutes')::INTERVAL) <= CURRENT_TIMESTAMP;\n    ","timestamp":"2026-09-25T11:31:00.062Z"}
{"duration":192,"level":"info","message":"db-query","rows":0,"text":"\n      SELECT company_id, driver_id \n      FROM driver_sinbins \n      WHERE is_active = TRUE \n      AND (updated_at + (sinbin_time || ' minutes')::INTERVAL) <= CURRENT_TIMESTAMP;\n    ","timestamp":"2026-09-25T11:32:00.208Z"}
{"duration":91,"level":"info","message":"db-query","rows":0,"text":"\n      SELECT company_id, driver_id \n      FROM driver_sinbins \n      WHERE is_active = TRUE \n      AND (updated_at + (sinbin_time || ' minutes')::INTERVAL) <= CURRENT_TIMESTAMP;\n    ","timestamp":"2026-09-25T11:33:00.100Z"}
{"duration":115,"level":"info","message":"db-query","rows":0,"text":"\n      SELECT company_id, driver_id \n      FROM driver_sinbins \n      WHERE is_active = TRUE \n      AND (updated_at + (sinbin_time || ' minutes')::INTERVAL) <= CURRENT_TIMESTAMP;\n    ","timestamp":"2026-09-25T11:34:00.128Z"}
{"duration":20,"level":"info","message":"db-query","rows":26,"text":"SELECT * FROM location_types","timestamp":"2026-09-25T11:34:55.708Z"}
{"level":"info","message":"GET /api/location-types 200 40.692 ms","timestamp":"2026-09-25T11:34:55.735Z"}
{"duration":108,"level":"info","message":"db-query","rows":26,"text":"SELECT * FROM location_types","timestamp":"2026-09-25T11:34:55.798Z"}
{"level":"info","message":"GET /api/location-types 200 127.669 ms","timestamp":"2026-09-25T11:34:55.818Z"}
{"duration":13,"level":"info","message":"db-query","rows":26,"text":"SELECT * FROM location_types","timestamp":"2026-09-25T11:35:18.002Z"}
{"level":"info","message":"GET /api/location-types 200 25.924 ms","timestamp":"2026-09-25T11:35:18.014Z"}
{"duration":64,"level":"info","message":"db-query","rows":26,"text":"SELECT * FROM location_types","timestamp":"2026-09-25T11:35:18.058Z"}
{"level":"info","message":"GET /api/location-types 200 65.806 ms","timestamp":"2026-09-25T11:35:18.059Z"}
{"duration":7,"level":"info","message":"db-query","rows":26,"text":"SELECT * FROM location_types","timestamp":"2026-09-25T11:35:42.698Z"}
{"level":"info","message":"GET /api/location-types 200 13.867 ms","timestamp":"2026-09-25T11:35:42.705Z"}
{"duration":72,"level":"info","message":"db-query","rows":26,"text":"SELECT * FROM location_types","timestamp":"2026-09-25T11:35:42.766Z"}
{"level":"info","message":"GET /api/location-types 200 74.893 ms","timestamp":"2026-09-25T11:35:42.768Z"}
{"duration":5,"level":"info","message":"db-query","rows":26,"text":"SELECT * FROM location_types","timestamp":"2026-09-25T11:35:45.484Z"}
{"level":"info","message":"GET /api/location-types 200 11.197 ms","timestamp":"2026-09-25T11:35:45.491Z"}
{"duration":59,"level":"info","message":"db-query","rows":26,"text":"SELECT * FROM location_types","timestamp":"2026-09-25T11:35:45.541Z"}
{"level":"info","message":"GET /api/location-types 200 61.548 ms","timestamp":"2026-09-25T11:35:45.543Z"}
{"duration":11,"level":"info","message":"db-query","rows":26,"text":"SELECT * FROM location_types","timestamp":"2026-09-25T11:35:51.686Z"}
{"level":"info","message":"GET /api/location-types 200 19.413 ms","timestamp":"2026-09-25T11:35:51.695Z"}
{"duration":157,"level":"info","message":"db-query","rows":26,"text":"SELECT * FROM location_types","timestamp":"2026-09-25T11:35:51.837Z"}
{"level":"info","message":"GET /api/location-types 200 160.098 ms","timestamp":"2026-09-25T11:35:51.839Z"}
{"duration":5,"level":"info","message":"db-query","rows":26,"text":"SELECT * FROM location_types","timestamp":"2026-09-25T11:35:54.613Z"}
{"level":"info","message":"GET /api/location-types 200 10.786 ms","timestamp":"2026-09-25T11:35:54.619Z"}
{"duration":50,"level":"info","message":"db-query","rows":26,"text":"SELECT * FROM location_types","timestamp":"2026-09-25T11:35:54.660Z"}
{"level":"info","message":"GET /api/location-types 200 52.055 ms","timestamp":"2026-09-25T11:35:54.662Z"}
{"duration":5,"level":"info","message":"db-query","rows":0,"text":"\n      SELECT company_id, driver_id \n      FROM driver_sinbins \n      WHERE is_active = TRUE \n      AND (updated_at + (sinbin_time || ' minutes')::INTERVAL) <= CURRENT_TIMESTAMP;\n    ","timestamp":"2026-09-25T11:36:00.038Z"}
{"duration":13,"level":"info","message":"db-query","rows":26,"text":"SELECT * FROM location_types","timestamp":"2026-09-25T11:36:30.979Z"}
{"level":"info","message":"GET /api/location-types 200 25.563 ms","timestamp":"2026-09-25T11:36:30.991Z"}
{"duration":68,"level":"info","message":"db-query","rows":26,"text":"SELECT * FROM location_types","timestamp":"2026-09-25T11:36:31.038Z"}
{"level":"info","message":"GET /api/location-types 200 69.069 ms","timestamp":"2026-09-25T11:36:31.039Z"}
{"duration":6,"level":"info","message":"db-query","rows":26,"text":"SELECT * FROM location_types","timestamp":"2026-09-25T11:36:44.598Z"}
{"level":"info","message":"GET /api/location-types 200 11.294 ms","timestamp":"2026-09-25T11:36:44.604Z"}
{"duration":50,"level":"info","message":"db-query","rows":26,"text":"SELECT * FROM location_types","timestamp":"2026-09-25T11:36:44.644Z"}
{"level":"info","message":"GET /api/location-types 200 51.968 ms","timestamp":"2026-09-25T11:36:44.647Z"}
{"duration":6,"level":"info","message":"db-query","rows":26,"text":"SELECT * FROM location_types","timestamp":"2026-09-25T11:36:50.951Z"}
{"level":"info","message":"GET /api/location-types 200 15.964 ms","timestamp":"2026-09-25T11:36:50.962Z"}
{"duration":83,"level":"info","message":"db-query","rows":26,"text":"SELECT * FROM location_types","timestamp":"2026-09-25T11:36:51.031Z"}
{"level":"info","message":"GET /api/location-types 200 84.586 ms","timestamp":"2026-09-25T11:36:51.033Z"}
{"duration":14,"level":"info","message":"db-query","rows":26,"text":"SELECT * FROM location_types","timestamp":"2026-09-25T11:37:03.257Z"}
{"level":"info","message":"GET /api/location-types 200 29.446 ms","timestamp":"2026-09-25T11:37:03.271Z"}
{"duration":75,"level":"info","message":"db-query","rows":26,"text":"SELECT * FROM location_types","timestamp":"2026-09-25T11:37:03.322Z"}
{"level":"info","message":"GET /api/location-types 200 76.383 ms","timestamp":"2026-09-25T11:37:03.323Z"}
{"duration":63,"level":"info","message":"db-query","rows":0,"text":"\n      SELECT company_id, driver_id \n      FROM driver_sinbins \n      WHERE is_active = TRUE \n      AND (updated_at + (sinbin_time || ' minutes')::INTERVAL) <= CURRENT_TIMESTAMP;\n    ","timestamp":"2026-09-25T11:38:00.070Z"}
{"duration":74,"level":"info","message":"db-query","rows":0,"text":"\n      SELECT company_id, driver_id \n      FROM driver_sinbins \n      WHERE is_active = TRUE \n      AND (updated_at + (sinbin_time || ' minutes')::INTERVAL) <= CURRENT_TIMESTAMP;\n    ","timestamp":"2026-09-25T11:39:00.097Z"}
{"duration":6,"level":"info","message":"db-query","rows":26,"text":"SELECT * FROM location_types","timestamp":"2026-09-25T11:39:44.995Z"}
{"level":"info","message":"GET /api/location-types 200 11.508 ms","timestamp":"2026-09-25T11:39:45.002Z"}
{"duration":1,"level":"info","message":"db-query","rows":26,"text":"SELECT * FROM location_types","timestamp":"2026-09-25T11:39:45.009Z"}
{"level":"info","message":"GET /api/location-types 200 2.090 ms","timestamp":"2026-09-25T11:39:45.010Z"}
{"duration":65,"level":"info","message":"db-query","rows":0,"text":"\n      SELECT company_id, driver_id \n      FROM driver_sinbins \n      WHERE is_active = TRUE \n      AND (updated_at + (sinbin_time || ' minutes')::INTERVAL) <= CURRENT_TIMESTAMP;\n    ","timestamp":"2026-09-25T11:40:00.108Z"}
{"duration":72,"level":"info","message":"db-query","rows":0,"text":"\n      SELECT company_id, driver_id \n      FROM driver_sinbins \n      WHERE is_active = TRUE \n      AND (updated_at + (sinbin_time || ' minutes')::INTERVAL) <= CURRENT_TIMESTAMP;\n    ","timestamp":"2026-09-25T11:41:00.097Z"}
{"duration":6,"level":"info","message":"db-query","rows":26,"text":"SELECT * FROM location_types","timestamp":"2026-09-25T11:41:28.409Z"}
{"level":"info","message":"GET /api/location-types 200 15.402 ms","timestamp":"2026-09-25T11:41:28.419Z"}
{"duration":163,"level":"info","message":"db-query","rows":26,"text":"SELECT * FROM location_types","timestamp":"2026-09-25T11:41:28.567Z"}
{"level":"info","message":"GET /api/location-types 200 164.101 ms","timestamp":"2026-09-25T11:41:28.569Z"}
{"duration":122,"level":"info","message":"db-query","rows":0,"text":"\n      SELECT company_id, driver_id \n      FROM driver_sinbins \n      WHERE is_active = TRUE \n      AND (updated_at + (sinbin_time || ' minutes')::INTERVAL) <= CURRENT_TIMESTAMP;\n    ","timestamp":"2026-09-25T11:42:00.133Z"}
{"duration":92,"level":"info","message":"db-query","rows":0,"text":"\n      SELECT company_id, driver_id \n      FROM driver_sinbins \n      WHERE is_active = TRUE \n      AND (updated_at + (sinbin_time || ' minutes')::INTERVAL) <= CURRENT_TIMESTAMP;\n    ","timestamp":"2026-09-25T11:43:00.097Z"}
{"duration":76,"level":"info","message":"db-query","rows":0,"text":"\n      SELECT company_id, driver_id \n      FROM driver_sinbins \n      WHERE is_active = TRUE \n      AND (updated_at + (sinbin_time || ' minutes')::INTERVAL) <= CURRENT_TIMESTAMP;\n    ","timestamp":"2026-09-25T11:44:00.094Z"}
{"duration":81,"level":"info","message":"db-query","rows":0,"text":"\n      SELECT company_id, driver_id \n      FROM driver_sinbins \n      WHERE is_active = TRUE \n      AND (updated_at + (sinbin_time || ' minutes')::INTERVAL) <= CURRENT_TIMESTAMP;\n    ","timestamp":"2026-09-25T11:45:00.095Z"}
{"duration":125,"level":"info","message":"db-query","rows":0,"text":"\n      SELECT company_id, driver_id \n      FROM driver_sinbins \n      WHERE is_active = TRUE \n      AND (updated_at + (sinbin_time || ' minutes')::INTERVAL) <= CURRENT_TIMESTAMP;\n    ","timestamp":"2026-09-25T11:46:00.134Z"}
{"duration":306,"level":"info","message":"db-query","rows":0,"text":"\n      SELECT company_id, driver_id \n      FROM driver_sinbins \n      WHERE is_active = TRUE \n      AND (updated_at + (sinbin_time || ' minutes')::INTERVAL) <= CURRENT_TIMESTAMP;\n    ","timestamp":"2026-09-25T11:47:00.380Z"}
{"duration":77,"level":"info","message":"db-query","rows":0,"text":"\n      SELECT company_id, driver_id \n      FROM driver_sinbins \n      WHERE is_active = TRUE \n      AND (updated_at + (sinbin_time || ' minutes')::INTERVAL) <= CURRENT_TIMESTAMP;\n    ","timestamp":"2026-09-25T11:48:00.085Z"}
{"duration":56,"level":"info","message":"db-query","rows":0,"text":"\n      SELECT company_id, driver_id \n      FROM driver_sinbins \n      WHERE is_active = TRUE \n      AND (updated_at + (sinbin_time || ' minutes')::INTERVAL) <= CURRENT_TIMESTAMP;\n    ","timestamp":"2026-09-25T11:49:00.065Z"}
{"duration":76,"level":"info","message":"db-query","rows":0,"text":"\n      SELECT company_id, driver_id \n      FROM driver_sinbins \n      WHERE is_active = TRUE \n      AND (updated_at + (sinbin_time || ' minutes')::INTERVAL) <= CURRENT_TIMESTAMP;\n    ","timestamp":"2026-09-25T11:50:00.099Z"}
{"duration":81,"level":"info","message":"db-query","rows":0,"text":"\n      SELECT company_id, driver_id \n      FROM driver_sinbins \n      WHERE is_active = TRUE \n      AND (updated_at + (sinbin_time || ' minutes')::INTERVAL) <= CURRENT_TIMESTAMP;\n    ","timestamp":"2026-09-25T11:51:00.090Z"}
{"duration":75,"level":"info","message":"db-query","rows":0,"text":"\n      SELECT company_id, driver_id \n      FROM driver_sinbins \n      WHERE is_active = TRUE \n      AND (updated_at + (sinbin_time || ' minutes')::INTERVAL) <= CURRENT_TIMESTAMP;\n    ","timestamp":"2026-09-25T11:52:00.098Z"}
{"duration":69,"level":"info","message":"db-query","rows":0,"text":"\n      SELECT company_id, driver_id \n      FROM driver_sinbins \n      WHERE is_active = TRUE \n      AND (updated_at + (sinbin_time || ' minutes')::INTERVAL) <= CURRENT_TIMESTAMP;\n    ","timestamp":"2026-09-25T11:53:00.076Z"}
{"duration":71,"level":"info","message":"db-query","rows":0,"text":"\n      SELECT company_id, driver_id \n      FROM driver_sinbins \n      WHERE is_active = TRUE \n      AND (updated_at + (sinbin_time || ' minutes')::INTERVAL) <= CURRENT_TIMESTAMP;\n    ","timestamp":"2026-09-25T11:54:00.080Z"}
{"duration":61,"level":"info","message":"db-query","rows":0,"text":"\n      SELECT company_id, driver_id \n      FROM driver_sinbins \n      WHERE is_active = TRUE \n      AND (updated_at + (sinbin_time || ' minutes')::INTERVAL) <= CURRENT_TIMESTAMP;\n    ","timestamp":"2026-09-25T11:55:00.067Z"}
{"duration":93,"level":"info","message":"db-query","rows":0,"text":"\n      SELECT company_id, driver_id \n      FROM driver_sinbins \n      WHERE is_active = TRUE \n      AND (updated_at + (sinbin_time || ' minutes')::INTERVAL) <= CURRENT_TIMESTAMP;\n    ","timestamp":"2026-09-25T11:56:00.103Z"}
{"duration":198,"level":"info","message":"db-query","rows":0,"text":"\n      SELECT company_id, driver_id \n      FROM driver_sinbins \n      WHERE is_active = TRUE \n      AND (updated_at + (sinbin_time || ' minutes')::INTERVAL) <= CURRENT_TIMESTAMP;\n    ","timestamp":"2026-09-25T11:57:00.211Z"}
{"duration":54,"level":"info","message":"db-query","rows":0,"text":"\n      SELECT company_id, driver_id \n      FROM driver_sinbins \n      WHERE is_active = TRUE \n      AND (updated_at + (sinbin_time || ' minutes')::INTERVAL) <= CURRENT_TIMESTAMP;\n    ","timestamp":"2026-09-25T11:58:00.069Z"}
{"duration":12,"level":"info","message":"db-query","rows":0,"text":"\n      SELECT id FROM drivers \n      WHERE LOWER(username) = LOWER($1)\n      LIMIT 1\n    ","timestamp":"2026-09-25T11:58:05.998Z"}
{"duration":9,"level":"info","message":"db-query","rows":0,"text":"\n    SELECT id FROM drivers \n    WHERE TRIM(mobile) = TRIM($1)\n    LIMIT 1\n  ","timestamp":"2026-09-25T11:58:06.018Z"}
{"duration":0,"level":"info","message":"db-query","rows":null,"text":"BEGIN","timestamp":"2026-09-25T11:58:06.035Z"}
{"duration":1,"level":"info","message":"db-query","rows":0,"text":"SELECT id FROM drivers WHERE driver_access_token = $1 LIMIT 1","timestamp":"2026-09-25T11:58:06.133Z"}
{"duration":47,"level":"info","message":"db-query","rows":1,"text":"\n      INSERT INTO drivers (\n        subsidiary_id, username, password, name, email, mobile, telephone, address, dob,\n        driver_type, driver_commission, rent_limit, rent_paid, balance, has_pda,\n        use_company_vehicle, active, start_date, end_date,\n        licence_number, licence_expiry, phc_driver_number, phc_driver_expiry,\n        insurance_number, insurance_expiry, rental_agreement_number, rental_agreement_expiry,\n        road_tax_number, road_tax_expiry, v5_registration_number, v5_registration_expiry,\n        mot_number, mot_expiry, mot2_number, mot2_expiry, phc_vehicle_number, phc_vehicle_expiry,\n        ni, image, company_vehicle_id, vehicle_id,\n        licence_expiry_time, phc_driver_expiry_time, insurance_expiry_time, phc_vehicle_expiry_time,\n        mot_expiry_time, mot2_expiry_time, v5_registration_expiry_time, road_tax_expiry_time,\n        rental_agreement_expiry_time, driver_access_token, company_id\n      )\n      VALUES (\n        $1,$2,$3,$4,$5,$6,$7,$8,$9,\n        $10,$11,$12,$13,$14,$15,\n        $16,$17,$18,$19,\n        $20,$21,$22,$23,\n        $24,$25,$26,$27,\n        $28,$29,$30,$31,\n        $32,$33,$34,$35,$36,$37,\n        $38,$39,$40,$41,\n        $42,$43,$44,$45,$46,$47,\n        $48,$49,$50,$51,$52\n      )\n      RETURNING id\n    ","timestamp":"2026-09-25T11:58:06.180Z"}
{"duration":18,"level":"info","message":"db-query","rows":1,"text":"\n        INSERT INTO vehicles (\n          driver_id, vehicle_type_id, vehicle_number, make, model, color, owner,\n          start_date, end_date, log_book_number, mot_number, mot_expiry,\n          mot2_number, mot2_expiry, insurance_number, insurance_expiry,\n          phc_vehicle_number, phc_vehicle_expiry,\n          log_book_document, phc_vehicle_document, mot_document, mot2_document, insurance_document,\n          company, assigned,\n          mot_expiry_time, mot2_expiry_time, insurance_expiry_time, phc_vehicle_expiry_time,\n          road_tax_number, road_tax_expiry, road_tax_expiry_time,\n          rental_agreement_number, rental_agreement_expiry, rental_agreement_expiry_time,\n          v5_registration_number, v5_registration_expiry, v5_registration_expiry_time,\n          road_tax_document, phc_driver_document, v5_registration_document,\n          rental_agreement_document, licence_document,\n          licence_number, licence_expiry, licence_expiry_time,\n          phc_driver_number, phc_driver_expiry, phc_driver_expiry_time\n        )\n        VALUES (\n          $1,$2,$3,$4,$5,$6,$7,\n          $8,$9,$10,$11,$12,\n          $13,$14,$15,$16,\n          $17,$18,\n          $19,$20,$21,$22,$23,\n          false,false,\n          $24,$25,$26,$27,\n          $28,$29,$30,\n          $31,$32,$33,\n          $34,$35,$36,\n          $37,$38,$39,$40,$41,\n          $42,$43,$44,\n          $45,$46,$47\n        )\n        RETURNING id\n      ","timestamp":"2026-09-25T11:58:06.198Z"}
{"duration":8,"level":"info","message":"db-query","rows":1,"text":"UPDATE drivers SET vehicle_id = $1 WHERE id = $2","timestamp":"2026-09-25T11:58:06.206Z"}
{"duration":14,"level":"info","message":"db-query","rows":1,"text":"INSERT INTO driver_notes (driver_id, note, created_at, created_by)\n             VALUES ($1, $2, $3, $4)","timestamp":"2026-09-25T11:58:06.220Z"}
{"duration":9,"level":"info","message":"db-query","rows":1,"text":"\n        INSERT INTO driver_app_features (driver_id, company_id)\n        VALUES ($1, $2)\n        ON CONFLICT (driver_id)\n        DO NOTHING\n        ","timestamp":"2026-09-25T11:58:06.230Z"}
{"duration":15,"level":"info","message":"db-query","rows":1,"text":"INSERT INTO driver_shifts (driver_id, name, start_time, end_time)\n             VALUES ($1, $2, $3, $4)","timestamp":"2026-09-25T11:58:06.245Z"}
{"duration":2,"level":"info","message":"db-query","rows":1,"text":"INSERT INTO driver_shifts (driver_id, name, start_time, end_time)\n             VALUES ($1, $2, $3, $4)","timestamp":"2026-09-25T11:58:06.248Z"}
{"duration":3,"level":"info","message":"db-query","rows":null,"text":"COMMIT","timestamp":"2026-09-25T11:58:06.251Z"}
{"duration":0,"level":"info","message":"db-query","rows":null,"text":"BEGIN","timestamp":"2026-09-25T11:58:06.252Z"}
{"duration":5,"level":"info","message":"db-query","rows":1,"text":"SELECT d.*, s.name AS subsidiary_name\n          FROM drivers d\n          LEFT JOIN subsidiaries s ON s.id = d.subsidiary_id\n          WHERE d.id = $1","timestamp":"2026-09-25T11:58:06.257Z"}
{"duration":1,"level":"info","message":"db-query","rows":1,"text":"SELECT id, note, created_at, created_by\n          FROM driver_notes\n          WHERE driver_id = $1\n          ORDER BY created_at DESC","timestamp":"2026-09-25T11:58:06.258Z"}
{"duration":1,"level":"info","message":"db-query","rows":2,"text":"SELECT id, name, start_time, end_time\n          FROM driver_shifts\n          WHERE driver_id = $1\n          ORDER BY id ASC","timestamp":"2026-09-25T11:58:06.259Z"}
{"duration":4,"level":"info","message":"db-query","rows":1,"text":"SELECT \n            v.*,\n            json_build_object(\n              'id', vt.id,\n              'name', vt.name,\n              'driver_waiting_charges', vt.driver_waiting_charges,\n              'account_waiting_charges', vt.account_waiting_charges,\n              'waiting_time', vt.waiting_time\n            ) AS vehicle_type\n            FROM vehicles v\n            LEFT JOIN vehicle_types vt ON vt.id = v.vehicle_type_id\n            WHERE v.id = $1\n            LIMIT 1","timestamp":"2026-09-25T11:58:06.263Z"}
{"duration":0,"level":"info","message":"db-query","rows":null,"text":"COMMIT","timestamp":"2026-09-25T11:58:06.265Z"}
{"level":"info","message":"POST /api/drivers/add 200 356.464 ms","timestamp":"2026-09-25T11:58:06.268Z"}
{"duration":57,"level":"info","message":"db-query","rows":1,"text":"\n      SELECT id FROM drivers \n      WHERE LOWER(username) = LOWER($1)\n      LIMIT 1\n    ","timestamp":"2026-09-25T11:58:16.809Z"}
{"level":"info","message":"POST /api/drivers/add 400 125.510 ms","timestamp":"2026-09-25T11:58:16.811Z"}
{"duration":1,"level":"info","message":"db-query","rows":0,"text":"\n      SELECT id FROM drivers \n      WHERE LOWER(username) = LOWER($1)\n      LIMIT 1\n    ","timestamp":"2026-09-25T11:58:24.933Z"}
{"duration":1,"level":"info","message":"db-query","rows":1,"text":"\n    SELECT id FROM drivers \n    WHERE TRIM(mobile) = TRIM($1)\n    LIMIT 1\n  ","timestamp":"2026-09-25T11:58:24.935Z"}
{"level":"info","message":"POST /api/drivers/add 400 81.874 ms","timestamp":"2026-09-25T11:58:24.938Z"}
{"duration":63,"level":"info","message":"db-query","rows":0,"text":"\n      SELECT company_id, driver_id \n      FROM driver_sinbins \n      WHERE is_active = TRUE \n      AND (updated_at + (sinbin_time || ' minutes')::INTERVAL) <= CURRENT_TIMESTAMP;\n    ","timestamp":"2026-09-25T11:59:00.096Z"}
{"duration":72,"level":"info","message":"db-query","rows":0,"text":"\n      SELECT company_id, driver_id \n      FROM driver_sinbins \n      WHERE is_active = TRUE \n      AND (updated_at + (sinbin_time || ' minutes')::INTERVAL) <= CURRENT_TIMESTAMP;\n    ","timestamp":"2026-09-25T12:00:00.096Z"}
{"duration":6,"level":"info","message":"db-query","rows":26,"text":"SELECT * FROM location_types","timestamp":"2026-09-25T12:00:55.094Z"}
{"level":"info","message":"GET /api/location-types 200 13.066 ms","timestamp":"2026-09-25T12:00:55.101Z"}
{"duration":61,"level":"info","message":"db-query","rows":26,"text":"SELECT * FROM location_types","timestamp":"2026-09-25T12:00:55.150Z"}
{"level":"info","message":"GET /api/location-types 200 63.044 ms","timestamp":"2026-09-25T12:00:55.152Z"}
{"duration":8,"level":"info","message":"db-query","rows":26,"text":"SELECT * FROM location_types","timestamp":"2026-09-25T12:01:01.065Z"}
{"level":"info","message":"GET /api/location-types 200 14.375 ms","timestamp":"2026-09-25T12:01:01.071Z"}
{"duration":59,"level":"info","message":"db-query","rows":26,"text":"SELECT * FROM location_types","timestamp":"2026-09-25T12:01:01.117Z"}
{"level":"info","message":"GET /api/location-types 200 60.053 ms","timestamp":"2026-09-25T12:01:01.119Z"}
{"duration":6,"level":"info","message":"db-query","rows":26,"text":"SELECT * FROM location_types","timestamp":"2026-09-25T12:01:04.214Z"}
{"level":"info","message":"GET /api/location-types 200 15.340 ms","timestamp":"2026-09-25T12:01:04.224Z"}
{"duration":64,"level":"info","message":"db-query","rows":26,"text":"SELECT * FROM location_types","timestamp":"2026-09-25T12:01:04.274Z"}
{"level":"info","message":"GET /api/location-types 200 66.000 ms","timestamp":"2026-09-25T12:01:04.276Z"}
{"duration":10,"level":"info","message":"db-query","rows":26,"text":"SELECT * FROM location_types","timestamp":"2026-09-25T12:01:12.106Z"}
{"level":"info","message":"GET /api/location-types 200 24.793 ms","timestamp":"2026-09-25T12:01:12.121Z"}
{"duration":68,"level":"info","message":"db-query","rows":26,"text":"SELECT * FROM location_types","timestamp":"2026-09-25T12:01:12.169Z"}
{"level":"info","message":"GET /api/location-types 200 69.811 ms","timestamp":"2026-09-25T12:01:12.170Z"}
{"duration":6,"level":"info","message":"db-query","rows":26,"text":"SELECT * FROM location_types","timestamp":"2026-09-25T12:01:22.519Z"}
{"level":"info","message":"GET /api/location-types 200 13.538 ms","timestamp":"2026-09-25T12:01:22.528Z"}
{"duration":62,"level":"info","message":"db-query","rows":26,"text":"SELECT * FROM location_types","timestamp":"2026-09-25T12:01:22.577Z"}
{"level":"info","message":"GET /api/location-types 200 63.866 ms","timestamp":"2026-09-25T12:01:22.579Z"}
{"duration":11,"level":"info","message":"db-query","rows":26,"text":"SELECT * FROM location_types","timestamp":"2026-09-25T12:01:32.057Z"}
{"level":"info","message":"GET /api/location-types 200 24.309 ms","timestamp":"2026-09-25T12:01:32.071Z"}
{"duration":65,"level":"info","message":"db-query","rows":26,"text":"SELECT * FROM location_types","timestamp":"2026-09-25T12:01:32.115Z"}
{"level":"info","message":"GET /api/location-types 200 66.606 ms","timestamp":"2026-09-25T12:01:32.117Z"}
{"duration":11,"level":"info","message":"db-query","rows":26,"text":"SELECT * FROM location_types","timestamp":"2026-09-25T12:01:41.114Z"}
{"level":"info","message":"GET /api/location-types 200 22.457 ms","timestamp":"2026-09-25T12:01:41.128Z"}
{"duration":68,"level":"info","message":"db-query","rows":26,"text":"SELECT * FROM location_types","timestamp":"2026-09-25T12:01:41.176Z"}
{"level":"info","message":"GET /api/location-types 200 72.213 ms","timestamp":"2026-09-25T12:01:41.179Z"}
{"duration":62,"level":"info","message":"db-query","rows":0,"text":"\n      SELECT id FROM drivers \n      WHERE LOWER(username) = LOWER($1)\n      AND company_id = $2\n      LIMIT 1\n    ","timestamp":"2026-09-25T12:01:54.708Z"}
{"duration":1,"level":"info","message":"db-query","rows":0,"text":"\n    SELECT id FROM drivers \n    WHERE TRIM(mobile) = TRIM($1)\n    AND company_id = $2\n    LIMIT 1\n  ","timestamp":"2026-09-25T12:01:54.710Z"}
{"duration":0,"level":"info","message":"db-query","rows":null,"text":"BEGIN","timestamp":"2026-09-25T12:01:54.712Z"}
{"duration":1,"level":"info","message":"db-query","rows":0,"text":"SELECT id FROM drivers WHERE driver_access_token = $1 LIMIT 1","timestamp":"2026-09-25T12:01:54.807Z"}
{"duration":49,"level":"info","message":"db-query","rows":null,"text":"ROLLBACK","timestamp":"2026-09-25T12:01:55.001Z"}
{"level":"info","message":"POST /api/drivers/add 500 456.016 ms","timestamp":"2026-09-25T12:01:55.004Z"}
{"duration":8,"level":"info","message":"db-query","rows":0,"text":"\n      SELECT company_id, driver_id \n      FROM driver_sinbins \n      WHERE is_active = TRUE \n      AND (updated_at + (sinbin_time || ' minutes')::INTERVAL) <= CURRENT_TIMESTAMP;\n    ","timestamp":"2026-09-25T12:02:00.023Z"}
{"duration":78,"level":"info","message":"db-query","rows":0,"text":"\n      SELECT company_id, driver_id \n      FROM driver_sinbins \n      WHERE is_active = TRUE \n      AND (updated_at + (sinbin_time || ' minutes')::INTERVAL) <= CURRENT_TIMESTAMP;\n    ","timestamp":"2026-09-25T12:03:00.100Z"}
{"duration":164,"level":"info","message":"db-query","rows":0,"text":"\n      SELECT id FROM drivers \n      WHERE LOWER(username) = LOWER($1)\n      AND company_id = $2\n      LIMIT 1\n    ","timestamp":"2026-09-25T12:03:18.700Z"}
{"duration":1,"level":"info","message":"db-query","rows":0,"text":"\n    SELECT id FROM drivers \n    WHERE TRIM(mobile) = TRIM($1)\n    AND company_id = $2\n    LIMIT 1\n  ","timestamp":"2026-09-25T12:03:18.701Z"}
{"duration":1,"level":"info","message":"db-query","rows":null,"text":"BEGIN","timestamp":"2026-09-25T12:03:18.702Z"}
{"duration":1,"level":"info","message":"db-query","rows":0,"text":"SELECT id FROM drivers WHERE driver_access_token = $1 LIMIT 1","timestamp":"2026-09-25T12:03:18.778Z"}
{"duration":3,"level":"info","message":"db-query","rows":1,"text":"\n      INSERT INTO drivers (\n        subsidiary_id, username, password, name, email, mobile, telephone, address, dob,\n        driver_type, driver_commission, rent_limit, rent_paid, balance, has_pda,\n        use_company_vehicle, active, start_date, end_date,\n        licence_number, licence_expiry, phc_driver_number, phc_driver_expiry,\n        insurance_number, insurance_expiry, rental_agreement_number, rental_agreement_expiry,\n        road_tax_number, road_tax_expiry, v5_registration_number, v5_registration_expiry,\n        mot_number, mot_expiry, mot2_number, mot2_expiry, phc_vehicle_number, phc_vehicle_expiry,\n        ni, image, company_vehicle_id, vehicle_id,\n        licence_expiry_time, phc_driver_expiry_time, insurance_expiry_time, phc_vehicle_expiry_time,\n        mot_expiry_time, mot2_expiry_time, v5_registration_expiry_time, road_tax_expiry_time,\n        rental_agreement_expiry_time, driver_access_token, company_id\n      )\n      VALUES (\n        $1,$2,$3,$4,$5,$6,$7,$8,$9,\n        $10,$11,$12,$13,$14,$15,\n        $16,$17,$18,$19,\n        $20,$21,$22,$23,\n        $24,$25,$26,$27,\n        $28,$29,$30,$31,\n        $32,$33,$34,$35,$36,$37,\n        $38,$39,$40,$41,\n        $42,$43,$44,$45,$46,$47,\n        $48,$49,$50,$51,$52\n      )\n      RETURNING id\n    ","timestamp":"2026-09-25T12:03:18.782Z"}
{"duration":4,"level":"info","message":"db-query","rows":1,"text":"\n        INSERT INTO vehicles (\n          driver_id, vehicle_type_id, vehicle_number, make, model, color, owner,\n          start_date, end_date, log_book_number, mot_number, mot_expiry,\n          mot2_number, mot2_expiry, insurance_number, insurance_expiry,\n          phc_vehicle_number, phc_vehicle_expiry,\n          log_book_document, phc_vehicle_document, mot_document, mot2_document, insurance_document,\n          company, assigned,\n          mot_expiry_time, mot2_expiry_time, insurance_expiry_time, phc_vehicle_expiry_time,\n          road_tax_number, road_tax_expiry, road_tax_expiry_time,\n          rental_agreement_number, rental_agreement_expiry, rental_agreement_expiry_time,\n          v5_registration_number, v5_registration_expiry, v5_registration_expiry_time,\n          road_tax_document, phc_driver_document, v5_registration_document,\n          rental_agreement_document, licence_document,\n          licence_number, licence_expiry, licence_expiry_time,\n          phc_driver_number, phc_driver_expiry, phc_driver_expiry_time\n        )\n        VALUES (\n          $1,$2,$3,$4,$5,$6,$7,\n          $8,$9,$10,$11,$12,\n          $13,$14,$15,$16,\n          $17,$18,\n          $19,$20,$21,$22,$23,\n          false,false,\n          $24,$25,$26,$27,\n          $28,$29,$30,\n          $31,$32,$33,\n          $34,$35,$36,\n          $37,$38,$39,$40,$41,\n          $42,$43,$44,\n          $45,$46,$47\n        )\n        RETURNING id\n      ","timestamp":"2026-09-25T12:03:18.787Z"}
{"duration":2,"level":"info","message":"db-query","rows":1,"text":"UPDATE drivers SET vehicle_id = $1 WHERE id = $2","timestamp":"2026-09-25T12:03:18.789Z"}
{"duration":1,"level":"info","message":"db-query","rows":1,"text":"INSERT INTO driver_notes (driver_id, note, created_at, created_by)\n             VALUES ($1, $2, $3, $4)","timestamp":"2026-09-25T12:03:18.791Z"}
{"duration":3,"level":"info","message":"db-query","rows":1,"text":"\n        INSERT INTO driver_app_features (driver_id, company_id)\n        VALUES ($1, $2)\n        ON CONFLICT (driver_id)\n        DO NOTHING\n        ","timestamp":"2026-09-25T12:03:18.794Z"}
{"duration":2,"level":"info","message":"db-query","rows":1,"text":"INSERT INTO driver_shifts (driver_id, name, start_time, end_time)\n             VALUES ($1, $2, $3, $4)","timestamp":"2026-09-25T12:03:18.796Z"}
{"duration":1,"level":"info","message":"db-query","rows":1,"text":"INSERT INTO driver_shifts (driver_id, name, start_time, end_time)\n             VALUES ($1, $2, $3, $4)","timestamp":"2026-09-25T12:03:18.799Z"}
{"duration":2,"level":"info","message":"db-query","rows":null,"text":"COMMIT","timestamp":"2026-09-25T12:03:18.802Z"}
{"duration":0,"level":"info","message":"db-query","rows":null,"text":"BEGIN","timestamp":"2026-09-25T12:03:18.803Z"}
{"duration":5,"level":"info","message":"db-query","rows":1,"text":"SELECT d.*, s.name AS subsidiary_name\n          FROM drivers d\n          LEFT JOIN subsidiaries s ON s.id = d.subsidiary_id\n          WHERE d.id = $1","timestamp":"2026-09-25T12:03:18.808Z"}
{"duration":2,"level":"info","message":"db-query","rows":1,"text":"SELECT id, note, created_at, created_by\n          FROM driver_notes\n          WHERE driver_id = $1\n          ORDER BY created_at DESC","timestamp":"2026-09-25T12:03:18.810Z"}
{"duration":2,"level":"info","message":"db-query","rows":2,"text":"SELECT id, name, start_time, end_time\n          FROM driver_shifts\n          WHERE driver_id = $1\n          ORDER BY id ASC","timestamp":"2026-09-25T12:03:18.813Z"}
{"duration":2,"level":"info","message":"db-query","rows":1,"text":"SELECT \n            v.*,\n            json_build_object(\n              'id', vt.id,\n              'name', vt.name,\n              'driver_waiting_charges', vt.driver_waiting_charges,\n              'account_waiting_charges', vt.account_waiting_charges,\n              'waiting_time', vt.waiting_time\n            ) AS vehicle_type\n            FROM vehicles v\n            LEFT JOIN vehicle_types vt ON vt.id = v.vehicle_type_id\n            WHERE v.id = $1\n            LIMIT 1","timestamp":"2026-09-25T12:03:18.815Z"}
{"duration":0,"level":"info","message":"db-query","rows":null,"text":"COMMIT","timestamp":"2026-09-25T12:03:18.815Z"}
{"level":"info","message":"POST /api/drivers/add 200 353.259 ms","timestamp":"2026-09-25T12:03:18.818Z"}
{"duration":1,"level":"info","message":"db-query","rows":1,"text":"\n      SELECT id FROM drivers \n      WHERE LOWER(username) = LOWER($1)\n      AND company_id = $2\n      LIMIT 1\n    ","timestamp":"2026-09-25T12:03:22.725Z"}
{"level":"info","message":"POST /api/drivers/add 400 62.945 ms","timestamp":"2026-09-25T12:03:22.726Z"}
{"duration":1,"level":"info","message":"db-query","rows":0,"text":"\n      SELECT id FROM drivers \n      WHERE LOWER(username) = LOWER($1)\n      AND company_id = $2\n      LIMIT 1\n    ","timestamp":"2026-09-25T12:03:28.515Z"}
{"duration":0,"level":"info","message":"db-query","rows":1,"text":"\n    SELECT id FROM drivers \n    WHERE TRIM(mobile) = TRIM($1)\n    AND company_id = $2\n    LIMIT 1\n  ","timestamp":"2026-09-25T12:03:28.516Z"}
{"level":"info","message":"POST /api/drivers/add 400 62.828 ms","timestamp":"2026-09-25T12:03:28.517Z"}
{"duration":60,"level":"info","message":"db-query","rows":0,"text":"\n      SELECT id FROM drivers \n      WHERE LOWER(username) = LOWER($1)\n      AND company_id = $2\n      LIMIT 1\n    ","timestamp":"2026-09-25T12:03:55.684Z"}
{"duration":1,"level":"info","message":"db-query","rows":0,"text":"\n    SELECT id FROM drivers \n    WHERE TRIM(mobile) = TRIM($1)\n    AND company_id = $2\n    LIMIT 1\n  ","timestamp":"2026-09-25T12:03:55.685Z"}
{"duration":1,"level":"info","message":"db-query","rows":null,"text":"BEGIN","timestamp":"2026-09-25T12:03:55.686Z"}
{"duration":2,"level":"info","message":"db-query","rows":0,"text":"SELECT id FROM drivers WHERE driver_access_token = $1 LIMIT 1","timestamp":"2026-09-25T12:03:55.767Z"}
{"duration":3,"level":"info","message":"db-query","rows":1,"text":"\n      INSERT INTO drivers (\n        subsidiary_id, username, password, name, email, mobile, telephone, address, dob,\n        driver_type, driver_commission, rent_limit, rent_paid, balance, has_pda,\n        use_company_vehicle, active, start_date, end_date,\n        licence_number, licence_expiry, phc_driver_number, phc_driver_expiry,\n        insurance_number, insurance_expiry, rental_agreement_number, rental_agreement_expiry,\n        road_tax_number, road_tax_expiry, v5_registration_number, v5_registration_expiry,\n        mot_number, mot_expiry, mot2_number, mot2_expiry, phc_vehicle_number, phc_vehicle_expiry,\n        ni, image, company_vehicle_id, vehicle_id,\n        licence_expiry_time, phc_driver_expiry_time, insurance_expiry_time, phc_vehicle_expiry_time,\n        mot_expiry_time, mot2_expiry_time, v5_registration_expiry_time, road_tax_expiry_time,\n        rental_agreement_expiry_time, driver_access_token, company_id\n      )\n      VALUES (\n        $1,$2,$3,$4,$5,$6,$7,$8,$9,\n        $10,$11,$12,$13,$14,$15,\n        $16,$17,$18,$19,\n        $20,$21,$22,$23,\n        $24,$25,$26,$27,\n        $28,$29,$30,$31,\n        $32,$33,$34,$35,$36,$37,\n        $38,$39,$40,$41,\n        $42,$43,$44,$45,$46,$47,\n        $48,$49,$50,$51,$52\n      )\n      RETURNING id\n    ","timestamp":"2026-09-25T12:03:55.771Z"}
{"duration":4,"level":"info","message":"db-query","rows":1,"text":"\n        INSERT INTO vehicles (\n          driver_id, vehicle_type_id, vehicle_number, make, model, color, owner,\n          start_date, end_date, log_book_number, mot_number, mot_expiry,\n          mot2_number, mot2_expiry, insurance_number, insurance_expiry,\n          phc_vehicle_number, phc_vehicle_expiry,\n          log_book_document, phc_vehicle_document, mot_document, mot2_document, insurance_document,\n          company, assigned,\n          mot_expiry_time, mot2_expiry_time, insurance_expiry_time, phc_vehicle_expiry_time,\n          road_tax_number, road_tax_expiry, road_tax_expiry_time,\n          rental_agreement_number, rental_agreement_expiry, rental_agreement_expiry_time,\n          v5_registration_number, v5_registration_expiry, v5_registration_expiry_time,\n          road_tax_document, phc_driver_document, v5_registration_document,\n          rental_agreement_document, licence_document,\n          licence_number, licence_expiry, licence_expiry_time,\n          phc_driver_number, phc_driver_expiry, phc_driver_expiry_time\n        )\n        VALUES (\n          $1,$2,$3,$4,$5,$6,$7,\n          $8,$9,$10,$11,$12,\n          $13,$14,$15,$16,\n          $17,$18,\n          $19,$20,$21,$22,$23,\n          false,false,\n          $24,$25,$26,$27,\n          $28,$29,$30,\n          $31,$32,$33,\n          $34,$35,$36,\n          $37,$38,$39,$40,$41,\n          $42,$43,$44,\n          $45,$46,$47\n        )\n        RETURNING id\n      ","timestamp":"2026-09-25T12:03:55.777Z"}
{"duration":2,"level":"info","message":"db-query","rows":1,"text":"UPDATE drivers SET vehicle_id = $1 WHERE id = $2","timestamp":"2026-09-25T12:03:55.780Z"}
{"duration":2,"level":"info","message":"db-query","rows":1,"text":"INSERT INTO driver_notes (driver_id, note, created_at, created_by)\n             VALUES ($1, $2, $3, $4)","timestamp":"2026-09-25T12:03:55.782Z"}
{"duration":2,"level":"info","message":"db-query","rows":1,"text":"\n        INSERT INTO driver_app_features (driver_id, company_id)\n        VALUES ($1, $2)\n        ON CONFLICT (driver_id)\n        DO NOTHING\n        ","timestamp":"2026-09-25T12:03:55.785Z"}
{"duration":2,"level":"info","message":"db-query","rows":1,"text":"INSERT INTO driver_shifts (driver_id, name, start_time, end_time)\n             VALUES ($1, $2, $3, $4)","timestamp":"2026-09-25T12:03:55.789Z"}
{"duration":0,"level":"info","message":"db-query","rows":1,"text":"INSERT INTO driver_shifts (driver_id, name, start_time, end_time)\n             VALUES ($1, $2, $3, $4)","timestamp":"2026-09-25T12:03:55.790Z"}
{"duration":2,"level":"info","message":"db-query","rows":null,"text":"COMMIT","timestamp":"2026-09-25T12:03:55.792Z"}
{"duration":1,"level":"info","message":"db-query","rows":null,"text":"BEGIN","timestamp":"2026-09-25T12:03:55.793Z"}
{"duration":5,"level":"info","message":"db-query","rows":1,"text":"SELECT d.*, s.name AS subsidiary_name\n          FROM drivers d\n          LEFT JOIN subsidiaries s ON s.id = d.subsidiary_id\n          WHERE d.id = $1","timestamp":"2026-09-25T12:03:55.798Z"}
{"duration":2,"level":"info","message":"db-query","rows":1,"text":"SELECT id, note, created_at, created_by\n          FROM driver_notes\n          WHERE driver_id = $1\n          ORDER BY created_at DESC","timestamp":"2026-09-25T12:03:55.805Z"}
{"duration":1,"level":"info","message":"db-query","rows":2,"text":"SELECT id, name, start_time, end_time\n          FROM driver_shifts\n          WHERE driver_id = $1\n          ORDER BY id ASC","timestamp":"2026-09-25T12:03:55.807Z"}
{"duration":2,"level":"info","message":"db-query","rows":1,"text":"SELECT \n            v.*,\n            json_build_object(\n              'id', vt.id,\n              'name', vt.name,\n              'driver_waiting_charges', vt.driver_waiting_charges,\n              'account_waiting_charges', vt.account_waiting_charges,\n              'waiting_time', vt.waiting_time\n            ) AS vehicle_type\n            FROM vehicles v\n            LEFT JOIN vehicle_types vt ON vt.id = v.vehicle_type_id\n            WHERE v.id = $1\n            LIMIT 1","timestamp":"2026-09-25T12:03:55.809Z"}
{"duration":1,"level":"info","message":"db-query","rows":null,"text":"COMMIT","timestamp":"2026-09-25T12:03:55.820Z"}
{"level":"info","message":"POST /api/drivers/add 200 242.490 ms","timestamp":"2026-09-25T12:03:55.822Z"}
{"duration":3,"level":"info","message":"db-query","rows":0,"text":"\n      SELECT company_id, driver_id \n      FROM driver_sinbins \n      WHERE is_active = TRUE \n      AND (updated_at + (sinbin_time || ' minutes')::INTERVAL) <= CURRENT_TIMESTAMP;\n    ","timestamp":"2026-09-25T12:04:00.005Z"}
{"duration":61,"level":"info","message":"db-query","rows":0,"text":"\n      SELECT company_id, driver_id \n      FROM driver_sinbins \n      WHERE is_active = TRUE \n      AND (updated_at + (sinbin_time || ' minutes')::INTERVAL) <= CURRENT_TIMESTAMP;\n    ","timestamp":"2026-09-25T12:05:00.080Z"}
{"duration":134,"level":"info","message":"db-query","rows":0,"text":"\n      SELECT company_id, driver_id \n      FROM driver_sinbins \n      WHERE is_active = TRUE \n      AND (updated_at + (sinbin_time || ' minutes')::INTERVAL) <= CURRENT_TIMESTAMP;\n    ","timestamp":"2026-09-25T12:06:00.149Z"}
{"duration":78,"level":"info","message":"db-query","rows":0,"text":"\n      SELECT company_id, driver_id \n      FROM driver_sinbins \n      WHERE is_active = TRUE \n      AND (updated_at + (sinbin_time || ' minutes')::INTERVAL) <= CURRENT_TIMESTAMP;\n    ","timestamp":"2026-09-25T12:07:00.092Z"}
{"duration":87,"level":"info","message":"db-query","rows":0,"text":"\n      SELECT company_id, driver_id \n      FROM driver_sinbins \n      WHERE is_active = TRUE \n      AND (updated_at + (sinbin_time || ' minutes')::INTERVAL) <= CURRENT_TIMESTAMP;\n    ","timestamp":"2026-09-25T12:08:00.096Z"}
{"duration":80,"level":"info","message":"db-query","rows":0,"text":"\n      SELECT company_id, driver_id \n      FROM driver_sinbins \n      WHERE is_active = TRUE \n      AND (updated_at + (sinbin_time || ' minutes')::INTERVAL) <= CURRENT_TIMESTAMP;\n    ","timestamp":"2026-09-25T12:09:00.102Z"}
{"duration":104,"level":"info","message":"db-query","rows":0,"text":"\n      SELECT company_id, driver_id \n      FROM driver_sinbins \n      WHERE is_active = TRUE \n      AND (updated_at + (sinbin_time || ' minutes')::INTERVAL) <= CURRENT_TIMESTAMP;\n    ","timestamp":"2026-09-25T12:10:00.107Z"}
{"duration":78,"level":"info","message":"db-query","rows":0,"text":"\n      SELECT company_id, driver_id \n      FROM driver_sinbins \n      WHERE is_active = TRUE \n      AND (updated_at + (sinbin_time || ' minutes')::INTERVAL) <= CURRENT_TIMESTAMP;\n    ","timestamp":"2026-09-25T12:11:00.092Z"}
{"duration":140,"level":"info","message":"db-query","rows":0,"text":"\n      SELECT company_id, driver_id \n      FROM driver_sinbins \n      WHERE is_active = TRUE \n      AND (updated_at + (sinbin_time || ' minutes')::INTERVAL) <= CURRENT_TIMESTAMP;\n    ","timestamp":"2026-09-25T12:12:00.179Z"}
{"duration":65,"level":"info","message":"db-query","rows":0,"text":"\n      SELECT company_id, driver_id \n      FROM driver_sinbins \n      WHERE is_active = TRUE \n      AND (updated_at + (sinbin_time || ' minutes')::INTERVAL) <= CURRENT_TIMESTAMP;\n    ","timestamp":"2026-09-25T12:13:00.085Z"}
{"duration":96,"level":"info","message":"db-query","rows":0,"text":"\n      SELECT company_id, driver_id \n      FROM driver_sinbins \n      WHERE is_active = TRUE \n      AND (updated_at + (sinbin_time || ' minutes')::INTERVAL) <= CURRENT_TIMESTAMP;\n    ","timestamp":"2026-09-25T12:14:00.112Z"}
{"duration":83,"level":"info","message":"db-query","rows":0,"text":"\n      SELECT company_id, driver_id \n      FROM driver_sinbins \n      WHERE is_active = TRUE \n      AND (updated_at + (sinbin_time || ' minutes')::INTERVAL) <= CURRENT_TIMESTAMP;\n    ","timestamp":"2026-09-25T12:15:00.096Z"}
{"duration":80,"level":"info","message":"db-query","rows":0,"text":"\n      SELECT company_id, driver_id \n      FROM driver_sinbins \n      WHERE is_active = TRUE \n      AND (updated_at + (sinbin_time || ' minutes')::INTERVAL) <= CURRENT_TIMESTAMP;\n    ","timestamp":"2026-09-25T12:16:00.108Z"}
{"duration":79,"level":"info","message":"db-query","rows":0,"text":"\n      SELECT company_id, driver_id \n      FROM driver_sinbins \n      WHERE is_active = TRUE \n      AND (updated_at + (sinbin_time || ' minutes')::INTERVAL) <= CURRENT_TIMESTAMP;\n    ","timestamp":"2026-09-25T12:17:00.124Z"}
{"duration":58,"level":"info","message":"db-query","rows":0,"text":"\n      SELECT company_id, driver_id \n      FROM driver_sinbins \n      WHERE is_active = TRUE \n      AND (updated_at + (sinbin_time || ' minutes')::INTERVAL) <= CURRENT_TIMESTAMP;\n    ","timestamp":"2026-09-25T12:18:00.070Z"}
{"duration":55,"level":"info","message":"db-query","rows":0,"text":"\n      SELECT company_id, driver_id \n      FROM driver_sinbins \n      WHERE is_active = TRUE \n      AND (updated_at + (sinbin_time || ' minutes')::INTERVAL) <= CURRENT_TIMESTAMP;\n    ","timestamp":"2026-09-25T12:19:00.071Z"}
{"duration":56,"level":"info","message":"db-query","rows":0,"text":"\n      SELECT company_id, driver_id \n      FROM driver_sinbins \n      WHERE is_active = TRUE \n      AND (updated_at + (sinbin_time || ' minutes')::INTERVAL) <= CURRENT_TIMESTAMP;\n    ","timestamp":"2026-09-25T12:20:00.071Z"}
{"duration":92,"level":"info","message":"db-query","rows":0,"text":"\n      SELECT company_id, driver_id \n      FROM driver_sinbins \n      WHERE is_active = TRUE \n      AND (updated_at + (sinbin_time || ' minutes')::INTERVAL) <= CURRENT_TIMESTAMP;\n    ","timestamp":"2026-09-25T12:21:00.107Z"}
{"duration":62,"level":"info","message":"db-query","rows":0,"text":"\n      SELECT company_id, driver_id \n      FROM driver_sinbins \n      WHERE is_active = TRUE \n      AND (updated_at + (sinbin_time || ' minutes')::INTERVAL) <= CURRENT_TIMESTAMP;\n    ","timestamp":"2026-09-25T12:22:00.077Z"}
{"duration":71,"level":"info","message":"db-query","rows":0,"text":"\n      SELECT company_id, driver_id \n      FROM driver_sinbins \n      WHERE is_active = TRUE \n      AND (updated_at + (sinbin_time || ' minutes')::INTERVAL) <= CURRENT_TIMESTAMP;\n    ","timestamp":"2026-09-25T12:23:00.089Z"}
{"duration":66,"level":"info","message":"db-query","rows":0,"text":"\n      SELECT company_id, driver_id \n      FROM driver_sinbins \n      WHERE is_active = TRUE \n      AND (updated_at + (sinbin_time || ' minutes')::INTERVAL) <= CURRENT_TIMESTAMP;\n    ","timestamp":"2026-09-25T12:24:00.081Z"}
{"duration":84,"level":"info","message":"db-query","rows":0,"text":"\n      SELECT company_id, driver_id \n      FROM driver_sinbins \n      WHERE is_active = TRUE \n      AND (updated_at + (sinbin_time || ' minutes')::INTERVAL) <= CURRENT_TIMESTAMP;\n    ","timestamp":"2026-09-25T12:25:00.089Z"}
{"duration":76,"level":"info","message":"db-query","rows":0,"text":"\n      SELECT company_id, driver_id \n      FROM driver_sinbins \n      WHERE is_active = TRUE \n      AND (updated_at + (sinbin_time || ' minutes')::INTERVAL) <= CURRENT_TIMESTAMP;\n    ","timestamp":"2026-09-25T12:26:00.085Z"}
{"duration":63,"level":"info","message":"db-query","rows":0,"text":"\n      SELECT company_id, driver_id \n      FROM driver_sinbins \n      WHERE is_active = TRUE \n      AND (updated_at + (sinbin_time || ' minutes')::INTERVAL) <= CURRENT_TIMESTAMP;\n    ","timestamp":"2026-09-25T12:27:00.081Z"}
{"duration":63,"level":"info","message":"db-query","rows":0,"text":"\n      SELECT company_id, driver_id \n      FROM driver_sinbins \n      WHERE is_active = TRUE \n      AND (updated_at + (sinbin_time || ' minutes')::INTERVAL) <= CURRENT_TIMESTAMP;\n    ","timestamp":"2026-09-25T12:28:00.079Z"}
{"duration":61,"level":"info","message":"db-query","rows":0,"text":"\n      SELECT company_id, driver_id \n      FROM driver_sinbins \n      WHERE is_active = TRUE \n      AND (updated_at + (sinbin_time || ' minutes')::INTERVAL) <= CURRENT_TIMESTAMP;\n    ","timestamp":"2026-09-25T12:29:00.063Z"}
{"duration":80,"level":"info","message":"db-query","rows":0,"text":"\n      SELECT company_id, driver_id \n      FROM driver_sinbins \n      WHERE is_active = TRUE \n      AND (updated_at + (sinbin_time || ' minutes')::INTERVAL) <= CURRENT_TIMESTAMP;\n    ","timestamp":"2026-09-25T12:30:00.099Z"}
{"duration":63,"level":"info","message":"db-query","rows":0,"text":"\n      SELECT company_id, driver_id \n      FROM driver_sinbins \n      WHERE is_active = TRUE \n      AND (updated_at + (sinbin_time || ' minutes')::INTERVAL) <= CURRENT_TIMESTAMP;\n    ","timestamp":"2026-09-25T12:31:00.079Z"}
{"duration":66,"level":"info","message":"db-query","rows":0,"text":"\n      SELECT company_id, driver_id \n      FROM driver_sinbins \n      WHERE is_active = TRUE \n      AND (updated_at + (sinbin_time || ' minutes')::INTERVAL) <= CURRENT_TIMESTAMP;\n    ","timestamp":"2026-09-25T12:32:00.085Z"}
{"duration":73,"level":"info","message":"db-query","rows":0,"text":"\n      SELECT company_id, driver_id \n      FROM driver_sinbins \n      WHERE is_active = TRUE \n      AND (updated_at + (sinbin_time || ' minutes')::INTERVAL) <= CURRENT_TIMESTAMP;\n    ","timestamp":"2026-09-25T12:33:00.088Z"}
{"duration":80,"level":"info","message":"db-query","rows":0,"text":"\n      SELECT company_id, driver_id \n      FROM driver_sinbins \n      WHERE is_active = TRUE \n      AND (updated_at + (sinbin_time || ' minutes')::INTERVAL) <= CURRENT_TIMESTAMP;\n    ","timestamp":"2026-09-25T12:34:00.097Z"}
{"duration":94,"level":"info","message":"db-query","rows":0,"text":"\n      SELECT company_id, driver_id \n      FROM driver_sinbins \n      WHERE is_active = TRUE \n      AND (updated_at + (sinbin_time || ' minutes')::INTERVAL) <= CURRENT_TIMESTAMP;\n    ","timestamp":"2026-09-25T12:35:00.097Z"}
{"duration":108,"level":"info","message":"db-query","rows":0,"text":"\n      SELECT company_id, driver_id \n      FROM driver_sinbins \n      WHERE is_active = TRUE \n      AND (updated_at + (sinbin_time || ' minutes')::INTERVAL) <= CURRENT_TIMESTAMP;\n    ","timestamp":"2026-09-25T12:36:00.116Z"}
{"duration":72,"level":"info","message":"db-query","rows":0,"text":"\n      SELECT company_id, driver_id \n      FROM driver_sinbins \n      WHERE is_active = TRUE \n      AND (updated_at + (sinbin_time || ' minutes')::INTERVAL) <= CURRENT_TIMESTAMP;\n    ","timestamp":"2026-09-25T12:37:00.090Z"}
{"duration":63,"level":"info","message":"db-query","rows":0,"text":"\n      SELECT company_id, driver_id \n      FROM driver_sinbins \n      WHERE is_active = TRUE \n      AND (updated_at + (sinbin_time || ' minutes')::INTERVAL) <= CURRENT_TIMESTAMP;\n    ","timestamp":"2026-09-25T12:38:00.082Z"}
{"duration":141,"level":"info","message":"db-query","rows":0,"text":"\n      SELECT company_id, driver_id \n      FROM driver_sinbins \n      WHERE is_active = TRUE \n      AND (updated_at + (sinbin_time || ' minutes')::INTERVAL) <= CURRENT_TIMESTAMP;\n    ","timestamp":"2026-09-25T12:39:00.146Z"}
{"duration":86,"level":"info","message":"db-query","rows":0,"text":"\n      SELECT company_id, driver_id \n      FROM driver_sinbins \n      WHERE is_active = TRUE \n      AND (updated_at + (sinbin_time || ' minutes')::INTERVAL) <= CURRENT_TIMESTAMP;\n    ","timestamp":"2026-09-25T12:40:00.102Z"}
{"duration":88,"level":"info","message":"db-query","rows":0,"text":"\n      SELECT company_id, driver_id \n      FROM driver_sinbins \n      WHERE is_active = TRUE \n      AND (updated_at + (sinbin_time || ' minutes')::INTERVAL) <= CURRENT_TIMESTAMP;\n    ","timestamp":"2026-09-25T12:41:00.102Z"}
{"duration":66,"level":"info","message":"db-query","rows":0,"text":"\n      SELECT company_id, driver_id \n      FROM driver_sinbins \n      WHERE is_active = TRUE \n      AND (updated_at + (sinbin_time || ' minutes')::INTERVAL) <= CURRENT_TIMESTAMP;\n    ","timestamp":"2026-09-25T12:42:00.079Z"}
{"duration":64,"level":"info","message":"db-query","rows":0,"text":"\n      SELECT company_id, driver_id \n      FROM driver_sinbins \n      WHERE is_active = TRUE \n      AND (updated_at + (sinbin_time || ' minutes')::INTERVAL) <= CURRENT_TIMESTAMP;\n    ","timestamp":"2026-09-25T12:43:00.068Z"}
{"duration":63,"level":"info","message":"db-query","rows":0,"text":"\n      SELECT company_id, driver_id \n      FROM driver_sinbins \n      WHERE is_active = TRUE \n      AND (updated_at + (sinbin_time || ' minutes')::INTERVAL) <= CURRENT_TIMESTAMP;\n    ","timestamp":"2026-09-25T12:44:00.079Z"}
{"duration":81,"level":"info","message":"db-query","rows":0,"text":"\n      SELECT company_id, driver_id \n      FROM driver_sinbins \n      WHERE is_active = TRUE \n      AND (updated_at + (sinbin_time || ' minutes')::INTERVAL) <= CURRENT_TIMESTAMP;\n    ","timestamp":"2026-09-25T12:45:00.100Z"}
{"duration":58,"level":"info","message":"db-query","rows":0,"text":"\n      SELECT company_id, driver_id \n      FROM driver_sinbins \n      WHERE is_active = TRUE \n      AND (updated_at + (sinbin_time || ' minutes')::INTERVAL) <= CURRENT_TIMESTAMP;\n    ","timestamp":"2026-09-25T12:46:00.096Z"}
{"duration":78,"level":"info","message":"db-query","rows":0,"text":"\n      SELECT company_id, driver_id \n      FROM driver_sinbins \n      WHERE is_active = TRUE \n      AND (updated_at + (sinbin_time || ' minutes')::INTERVAL) <= CURRENT_TIMESTAMP;\n    ","timestamp":"2026-09-25T12:47:00.113Z"}
{"duration":84,"level":"info","message":"db-query","rows":0,"text":"\n      SELECT company_id, driver_id \n      FROM driver_sinbins \n      WHERE is_active = TRUE \n      AND (updated_at + (sinbin_time || ' minutes')::INTERVAL) <= CURRENT_TIMESTAMP;\n    ","timestamp":"2026-09-25T12:48:00.092Z"}
{"duration":73,"level":"info","message":"db-query","rows":0,"text":"\n      SELECT company_id, driver_id \n      FROM driver_sinbins \n      WHERE is_active = TRUE \n      AND (updated_at + (sinbin_time || ' minutes')::INTERVAL) <= CURRENT_TIMESTAMP;\n    ","timestamp":"2026-09-25T12:49:00.091Z"}
{"duration":89,"level":"info","message":"db-query","rows":0,"text":"\n      SELECT company_id, driver_id \n      FROM driver_sinbins \n      WHERE is_active = TRUE \n      AND (updated_at + (sinbin_time || ' minutes')::INTERVAL) <= CURRENT_TIMESTAMP;\n    ","timestamp":"2026-09-25T12:50:00.113Z"}
{"duration":94,"level":"info","message":"db-query","rows":0,"text":"\n      SELECT company_id, driver_id \n      FROM driver_sinbins \n      WHERE is_active = TRUE \n      AND (updated_at + (sinbin_time || ' minutes')::INTERVAL) <= CURRENT_TIMESTAMP;\n    ","timestamp":"2026-09-25T12:51:00.110Z"}
{"duration":50,"level":"info","message":"db-query","rows":0,"text":"\n      SELECT company_id, driver_id \n      FROM driver_sinbins \n      WHERE is_active = TRUE \n      AND (updated_at + (sinbin_time || ' minutes')::INTERVAL) <= CURRENT_TIMESTAMP;\n    ","timestamp":"2026-09-25T12:52:00.067Z"}
{"duration":131,"level":"info","message":"db-query","rows":0,"text":"\n      SELECT company_id, driver_id \n      FROM driver_sinbins \n      WHERE is_active = TRUE \n      AND (updated_at + (sinbin_time || ' minutes')::INTERVAL) <= CURRENT_TIMESTAMP;\n    ","timestamp":"2026-09-25T12:53:00.135Z"}
{"duration":75,"level":"info","message":"db-query","rows":0,"text":"\n      SELECT company_id, driver_id \n      FROM driver_sinbins \n      WHERE is_active = TRUE \n      AND (updated_at + (sinbin_time || ' minutes')::INTERVAL) <= CURRENT_TIMESTAMP;\n    ","timestamp":"2026-09-25T12:54:00.093Z"}
{"duration":134,"level":"info","message":"db-query","rows":0,"text":"\n      SELECT company_id, driver_id \n      FROM driver_sinbins \n      WHERE is_active = TRUE \n      AND (updated_at + (sinbin_time || ' minutes')::INTERVAL) <= CURRENT_TIMESTAMP;\n    ","timestamp":"2026-09-25T12:55:00.155Z"}
{"duration":169,"level":"info","message":"db-query","rows":0,"text":"\n      SELECT company_id, driver_id \n      FROM driver_sinbins \n      WHERE is_active = TRUE \n      AND (updated_at + (sinbin_time || ' minutes')::INTERVAL) <= CURRENT_TIMESTAMP;\n    ","timestamp":"2026-09-25T12:56:00.190Z"}
{"duration":113,"level":"info","message":"db-query","rows":0,"text":"\n      SELECT company_id, driver_id \n      FROM driver_sinbins \n      WHERE is_active = TRUE \n      AND (updated_at + (sinbin_time || ' minutes')::INTERVAL) <= CURRENT_TIMESTAMP;\n    ","timestamp":"2026-09-25T12:57:00.147Z"}
{"duration":57,"level":"info","message":"db-query","rows":0,"text":"\n      SELECT company_id, driver_id \n      FROM driver_sinbins \n      WHERE is_active = TRUE \n      AND (updated_at + (sinbin_time || ' minutes')::INTERVAL) <= CURRENT_TIMESTAMP;\n    ","timestamp":"2026-09-25T12:58:00.070Z"}
{"duration":119,"level":"info","message":"db-query","rows":0,"text":"\n      SELECT company_id, driver_id \n      FROM driver_sinbins \n      WHERE is_active = TRUE \n      AND (updated_at + (sinbin_time || ' minutes')::INTERVAL) <= CURRENT_TIMESTAMP;\n    ","timestamp":"2026-09-25T12:59:00.120Z"}
{"duration":162,"level":"info","message":"db-query","rows":0,"text":"\n      SELECT company_id, driver_id \n      FROM driver_sinbins \n      WHERE is_active = TRUE \n      AND (updated_at + (sinbin_time || ' minutes')::INTERVAL) <= CURRENT_TIMESTAMP;\n    ","timestamp":"2026-09-25T13:00:00.181Z"}
{"duration":62,"level":"info","message":"db-query","rows":0,"text":"\n      SELECT company_id, driver_id \n      FROM driver_sinbins \n      WHERE is_active = TRUE \n      AND (updated_at + (sinbin_time || ' minutes')::INTERVAL) <= CURRENT_TIMESTAMP;\n    ","timestamp":"2026-09-25T13:01:00.079Z"}
{"duration":128,"level":"info","message":"db-query","rows":0,"text":"\n      SELECT company_id, driver_id \n      FROM driver_sinbins \n      WHERE is_active = TRUE \n      AND (updated_at + (sinbin_time || ' minutes')::INTERVAL) <= CURRENT_TIMESTAMP;\n    ","timestamp":"2026-09-25T13:02:00.132Z"}
{"duration":133,"level":"info","message":"db-query","rows":0,"text":"\n      SELECT company_id, driver_id \n      FROM driver_sinbins \n      WHERE is_active = TRUE \n      AND (updated_at + (sinbin_time || ' minutes')::INTERVAL) <= CURRENT_TIMESTAMP;\n    ","timestamp":"2026-09-25T13:03:00.140Z"}
{"duration":115,"level":"info","message":"db-query","rows":0,"text":"\n      SELECT company_id, driver_id \n      FROM driver_sinbins \n      WHERE is_active = TRUE \n      AND (updated_at + (sinbin_time || ' minutes')::INTERVAL) <= CURRENT_TIMESTAMP;\n    ","timestamp":"2026-09-25T13:04:00.129Z"}
{"duration":83,"level":"info","message":"db-query","rows":0,"text":"\n      SELECT company_id, driver_id \n      FROM driver_sinbins \n      WHERE is_active = TRUE \n      AND (updated_at + (sinbin_time || ' minutes')::INTERVAL) <= CURRENT_TIMESTAMP;\n    ","timestamp":"2026-09-25T13:05:00.105Z"}
{"duration":7,"level":"info","message":"db-query","rows":26,"text":"SELECT * FROM location_types","timestamp":"2026-09-25T13:05:33.081Z"}
{"level":"info","message":"GET /api/location-types 200 12.005 ms","timestamp":"2026-09-25T13:05:33.088Z"}
{"duration":53,"level":"info","message":"db-query","rows":26,"text":"SELECT * FROM location_types","timestamp":"2026-09-25T13:05:33.130Z"}
{"level":"info","message":"GET /api/location-types 200 54.182 ms","timestamp":"2026-09-25T13:05:33.132Z"}
{"duration":76,"level":"info","message":"db-query","rows":0,"text":"\n      SELECT company_id, driver_id \n      FROM driver_sinbins \n      WHERE is_active = TRUE \n      AND (updated_at + (sinbin_time || ' minutes')::INTERVAL) <= CURRENT_TIMESTAMP;\n    ","timestamp":"2026-09-25T13:06:00.092Z"}
{"duration":68,"level":"info","message":"db-query","rows":0,"text":"\n      SELECT company_id, driver_id \n      FROM driver_sinbins \n      WHERE is_active = TRUE \n      AND (updated_at + (sinbin_time || ' minutes')::INTERVAL) <= CURRENT_TIMESTAMP;\n    ","timestamp":"2026-09-25T13:07:00.081Z"}
{"duration":86,"level":"info","message":"db-query","rows":0,"text":"\n      SELECT company_id, driver_id \n      FROM driver_sinbins \n      WHERE is_active = TRUE \n      AND (updated_at + (sinbin_time || ' minutes')::INTERVAL) <= CURRENT_TIMESTAMP;\n    ","timestamp":"2026-09-25T13:08:00.090Z"}
{"duration":62,"level":"info","message":"db-query","rows":0,"text":"\n      SELECT company_id, driver_id \n      FROM driver_sinbins \n      WHERE is_active = TRUE \n      AND (updated_at + (sinbin_time || ' minutes')::INTERVAL) <= CURRENT_TIMESTAMP;\n    ","timestamp":"2026-09-25T13:09:00.069Z"}
{"duration":55,"level":"info","message":"db-query","rows":0,"text":"\n      SELECT company_id, driver_id \n      FROM driver_sinbins \n      WHERE is_active = TRUE \n      AND (updated_at + (sinbin_time || ' minutes')::INTERVAL) <= CURRENT_TIMESTAMP;\n    ","timestamp":"2026-09-25T13:10:00.065Z"}
{"duration":87,"level":"info","message":"db-query","rows":0,"text":"\n      SELECT company_id, driver_id \n      FROM driver_sinbins \n      WHERE is_active = TRUE \n      AND (updated_at + (sinbin_time || ' minutes')::INTERVAL) <= CURRENT_TIMESTAMP;\n    ","timestamp":"2026-09-25T13:11:00.102Z"}
{"duration":57,"level":"info","message":"db-query","rows":0,"text":"\n      SELECT company_id, driver_id \n      FROM driver_sinbins \n      WHERE is_active = TRUE \n      AND (updated_at + (sinbin_time || ' minutes')::INTERVAL) <= CURRENT_TIMESTAMP;\n    ","timestamp":"2026-09-25T13:12:00.073Z"}
{"duration":58,"level":"info","message":"db-query","rows":0,"text":"\n      SELECT company_id, driver_id \n      FROM driver_sinbins \n      WHERE is_active = TRUE \n      AND (updated_at + (sinbin_time || ' minutes')::INTERVAL) <= CURRENT_TIMESTAMP;\n    ","timestamp":"2026-09-25T13:13:00.061Z"}
{"duration":54,"level":"info","message":"db-query","rows":0,"text":"\n      SELECT company_id, driver_id \n      FROM driver_sinbins \n      WHERE is_active = TRUE \n      AND (updated_at + (sinbin_time || ' minutes')::INTERVAL) <= CURRENT_TIMESTAMP;\n    ","timestamp":"2026-09-25T13:14:00.058Z"}
{"duration":67,"level":"info","message":"db-query","rows":0,"text":"\n      SELECT company_id, driver_id \n      FROM driver_sinbins \n      WHERE is_active = TRUE \n      AND (updated_at + (sinbin_time || ' minutes')::INTERVAL) <= CURRENT_TIMESTAMP;\n    ","timestamp":"2026-09-25T13:15:00.075Z"}
{"duration":119,"level":"info","message":"db-query","rows":0,"text":"\n      SELECT company_id, driver_id \n      FROM driver_sinbins \n      WHERE is_active = TRUE \n      AND (updated_at + (sinbin_time || ' minutes')::INTERVAL) <= CURRENT_TIMESTAMP;\n    ","timestamp":"2026-09-25T13:16:00.131Z"}
{"duration":143,"level":"info","message":"db-query","rows":0,"text":"\n      SELECT company_id, driver_id \n      FROM driver_sinbins \n      WHERE is_active = TRUE \n      AND (updated_at + (sinbin_time || ' minutes')::INTERVAL) <= CURRENT_TIMESTAMP;\n    ","timestamp":"2026-09-25T13:17:00.150Z"}
{"duration":180,"level":"info","message":"db-query","rows":0,"text":"\n      SELECT company_id, driver_id \n      FROM driver_sinbins \n      WHERE is_active = TRUE \n      AND (updated_at + (sinbin_time || ' minutes')::INTERVAL) <= CURRENT_TIMESTAMP;\n    ","timestamp":"2026-09-25T13:18:00.196Z"}
{"duration":102,"level":"info","message":"db-query","rows":0,"text":"\n      SELECT company_id, driver_id \n      FROM driver_sinbins \n      WHERE is_active = TRUE \n      AND (updated_at + (sinbin_time || ' minutes')::INTERVAL) <= CURRENT_TIMESTAMP;\n    ","timestamp":"2026-09-25T13:19:00.153Z"}
{"duration":266,"level":"info","message":"db-query","rows":0,"text":"\n      SELECT company_id, driver_id \n      FROM driver_sinbins \n      WHERE is_active = TRUE \n      AND (updated_at + (sinbin_time || ' minutes')::INTERVAL) <= CURRENT_TIMESTAMP;\n    ","timestamp":"2026-09-25T13:20:00.317Z"}
{"duration":72,"level":"info","message":"db-query","rows":0,"text":"\n      SELECT company_id, driver_id \n      FROM driver_sinbins \n      WHERE is_active = TRUE \n      AND (updated_at + (sinbin_time || ' minutes')::INTERVAL) <= CURRENT_TIMESTAMP;\n    ","timestamp":"2026-09-25T13:21:00.119Z"}
{"duration":184,"level":"info","message":"db-query","rows":0,"text":"\n      SELECT company_id, driver_id \n      FROM driver_sinbins \n      WHERE is_active = TRUE \n      AND (updated_at + (sinbin_time || ' minutes')::INTERVAL) <= CURRENT_TIMESTAMP;\n    ","timestamp":"2026-09-25T13:22:00.198Z"}
{"duration":313,"level":"info","message":"db-query","rows":0,"text":"\n      SELECT company_id, driver_id \n      FROM driver_sinbins \n      WHERE is_active = TRUE \n      AND (updated_at + (sinbin_time || ' minutes')::INTERVAL) <= CURRENT_TIMESTAMP;\n    ","timestamp":"2026-09-25T13:23:00.317Z"}
{"duration":139,"level":"info","message":"db-query","rows":0,"text":"\n      SELECT company_id, driver_id \n      FROM driver_sinbins \n      WHERE is_active = TRUE \n      AND (updated_at + (sinbin_time || ' minutes')::INTERVAL) <= CURRENT_TIMESTAMP;\n    ","timestamp":"2026-09-25T13:24:00.155Z"}
{"duration":348,"level":"info","message":"db-query","rows":0,"text":"\n      SELECT company_id, driver_id \n      FROM driver_sinbins \n      WHERE is_active = TRUE \n      AND (updated_at + (sinbin_time || ' minutes')::INTERVAL) <= CURRENT_TIMESTAMP;\n    ","timestamp":"2026-09-25T13:25:00.369Z"}
{"duration":100,"level":"info","message":"db-query","rows":0,"text":"\n      SELECT company_id, driver_id \n      FROM driver_sinbins \n      WHERE is_active = TRUE \n      AND (updated_at + (sinbin_time || ' minutes')::INTERVAL) <= CURRENT_TIMESTAMP;\n    ","timestamp":"2026-09-25T13:26:00.113Z"}
{"duration":289,"level":"info","message":"db-query","rows":0,"text":"\n      SELECT company_id, driver_id \n      FROM driver_sinbins \n      WHERE is_active = TRUE \n      AND (updated_at + (sinbin_time || ' minutes')::INTERVAL) <= CURRENT_TIMESTAMP;\n    ","timestamp":"2026-09-25T13:27:00.294Z"}
{"duration":281,"level":"info","message":"db-query","rows":0,"text":"\n      SELECT company_id, driver_id \n      FROM driver_sinbins \n      WHERE is_active = TRUE \n      AND (updated_at + (sinbin_time || ' minutes')::INTERVAL) <= CURRENT_TIMESTAMP;\n    ","timestamp":"2026-09-25T13:28:00.295Z"}
{"duration":285,"level":"info","message":"db-query","rows":0,"text":"\n      SELECT company_id, driver_id \n      FROM driver_sinbins \n      WHERE is_active = TRUE \n      AND (updated_at + (sinbin_time || ' minutes')::INTERVAL) <= CURRENT_TIMESTAMP;\n    ","timestamp":"2026-09-25T13:29:00.303Z"}
{"duration":80,"level":"info","message":"db-query","rows":0,"text":"\n      SELECT company_id, driver_id \n      FROM driver_sinbins \n      WHERE is_active = TRUE \n      AND (updated_at + (sinbin_time || ' minutes')::INTERVAL) <= CURRENT_TIMESTAMP;\n    ","timestamp":"2026-09-25T13:30:00.127Z"}
{"duration":126,"level":"info","message":"db-query","rows":0,"text":"\n      SELECT company_id, driver_id \n      FROM driver_sinbins \n      WHERE is_active = TRUE \n      AND (updated_at + (sinbin_time || ' minutes')::INTERVAL) <= CURRENT_TIMESTAMP;\n    ","timestamp":"2026-09-25T13:31:00.138Z"}
{"duration":76,"level":"info","message":"db-query","rows":0,"text":"\n      SELECT company_id, driver_id \n      FROM driver_sinbins \n      WHERE is_active = TRUE \n      AND (updated_at + (sinbin_time || ' minutes')::INTERVAL) <= CURRENT_TIMESTAMP;\n    ","timestamp":"2026-09-25T13:32:00.114Z"}
{"duration":155,"level":"info","message":"db-query","rows":0,"text":"\n      SELECT company_id, driver_id \n      FROM driver_sinbins \n      WHERE is_active = TRUE \n      AND (updated_at + (sinbin_time || ' minutes')::INTERVAL) <= CURRENT_TIMESTAMP;\n    ","timestamp":"2026-09-25T13:33:00.170Z"}
{"duration":147,"level":"info","message":"db-query","rows":0,"text":"\n      SELECT company_id, driver_id \n      FROM driver_sinbins \n      WHERE is_active = TRUE \n      AND (updated_at + (sinbin_time || ' minutes')::INTERVAL) <= CURRENT_TIMESTAMP;\n    ","timestamp":"2026-09-25T13:34:00.160Z"}
{"duration":158,"level":"info","message":"db-query","rows":0,"text":"\n      SELECT company_id, driver_id \n      FROM driver_sinbins \n      WHERE is_active = TRUE \n      AND (updated_at + (sinbin_time || ' minutes')::INTERVAL) <= CURRENT_TIMESTAMP;\n    ","timestamp":"2026-09-25T13:35:00.173Z"}
{"duration":176,"level":"info","message":"db-query","rows":0,"text":"\n      SELECT company_id, driver_id \n      FROM driver_sinbins \n      WHERE is_active = TRUE \n      AND (updated_at + (sinbin_time || ' minutes')::INTERVAL) <= CURRENT_TIMESTAMP;\n    ","timestamp":"2026-09-25T13:36:00.190Z"}
{"duration":154,"level":"info","message":"db-query","rows":0,"text":"\n      SELECT company_id, driver_id \n      FROM driver_sinbins \n      WHERE is_active = TRUE \n      AND (updated_at + (sinbin_time || ' minutes')::INTERVAL) <= CURRENT_TIMESTAMP;\n    ","timestamp":"2026-09-25T13:37:00.157Z"}
{"duration":163,"level":"info","message":"db-query","rows":0,"text":"\n      SELECT company_id, driver_id \n      FROM driver_sinbins \n      WHERE is_active = TRUE \n      AND (updated_at + (sinbin_time || ' minutes')::INTERVAL) <= CURRENT_TIMESTAMP;\n    ","timestamp":"2026-09-25T13:38:00.166Z"}
{"duration":179,"level":"info","message":"db-query","rows":0,"text":"\n      SELECT company_id, driver_id \n      FROM driver_sinbins \n      WHERE is_active = TRUE \n      AND (updated_at + (sinbin_time || ' minutes')::INTERVAL) <= CURRENT_TIMESTAMP;\n    ","timestamp":"2026-09-25T13:39:00.198Z"}
{"duration":137,"level":"info","message":"db-query","rows":0,"text":"\n      SELECT company_id, driver_id \n      FROM driver_sinbins \n      WHERE is_active = TRUE \n      AND (updated_at + (sinbin_time || ' minutes')::INTERVAL) <= CURRENT_TIMESTAMP;\n    ","timestamp":"2026-09-25T13:40:00.155Z"}
{"duration":129,"level":"info","message":"db-query","rows":0,"text":"\n      SELECT company_id, driver_id \n      FROM driver_sinbins \n      WHERE is_active = TRUE \n      AND (updated_at + (sinbin_time || ' minutes')::INTERVAL) <= CURRENT_TIMESTAMP;\n    ","timestamp":"2026-09-25T13:41:00.147Z"}
{"duration":151,"level":"info","message":"db-query","rows":0,"text":"\n      SELECT company_id, driver_id \n      FROM driver_sinbins \n      WHERE is_active = TRUE \n      AND (updated_at + (sinbin_time || ' minutes')::INTERVAL) <= CURRENT_TIMESTAMP;\n    ","timestamp":"2026-09-25T13:42:00.168Z"}
{"duration":171,"level":"info","message":"db-query","rows":0,"text":"\n      SELECT company_id, driver_id \n      FROM driver_sinbins \n      WHERE is_active = TRUE \n      AND (updated_at + (sinbin_time || ' minutes')::INTERVAL) <= CURRENT_TIMESTAMP;\n    ","timestamp":"2026-09-25T13:43:00.187Z"}
{"duration":106,"level":"info","message":"db-query","rows":0,"text":"\n      SELECT company_id, driver_id \n      FROM driver_sinbins \n      WHERE is_active = TRUE \n      AND (updated_at + (sinbin_time || ' minutes')::INTERVAL) <= CURRENT_TIMESTAMP;\n    ","timestamp":"2026-09-25T13:44:00.121Z"}
{"duration":97,"level":"info","message":"db-query","rows":0,"text":"\n      SELECT company_id, driver_id \n      FROM driver_sinbins \n      WHERE is_active = TRUE \n      AND (updated_at + (sinbin_time || ' minutes')::INTERVAL) <= CURRENT_TIMESTAMP;\n    ","timestamp":"2026-09-25T13:45:00.164Z"}
{"duration":150,"level":"info","message":"db-query","rows":0,"text":"\n      SELECT company_id, driver_id \n      FROM driver_sinbins \n      WHERE is_active = TRUE \n      AND (updated_at + (sinbin_time || ' minutes')::INTERVAL) <= CURRENT_TIMESTAMP;\n    ","timestamp":"2026-09-25T13:46:00.165Z"}
{"duration":344,"level":"info","message":"db-query","rows":0,"text":"\n      SELECT company_id, driver_id \n      FROM driver_sinbins \n      WHERE is_active = TRUE \n      AND (updated_at + (sinbin_time || ' minutes')::INTERVAL) <= CURRENT_TIMESTAMP;\n    ","timestamp":"2026-09-25T13:47:00.358Z"}
{"duration":113,"level":"info","message":"db-query","rows":0,"text":"\n      SELECT company_id, driver_id \n      FROM driver_sinbins \n      WHERE is_active = TRUE \n      AND (updated_at + (sinbin_time || ' minutes')::INTERVAL) <= CURRENT_TIMESTAMP;\n    ","timestamp":"2026-09-25T13:48:00.115Z"}
{"duration":144,"level":"info","message":"db-query","rows":0,"text":"\n      SELECT company_id, driver_id \n      FROM driver_sinbins \n      WHERE is_active = TRUE \n      AND (updated_at + (sinbin_time || ' minutes')::INTERVAL) <= CURRENT_TIMESTAMP;\n    ","timestamp":"2026-09-25T13:49:00.151Z"}
{"duration":150,"level":"info","message":"db-query","rows":0,"text":"\n      SELECT company_id, driver_id \n      FROM driver_sinbins \n      WHERE is_active = TRUE \n      AND (updated_at + (sinbin_time || ' minutes')::INTERVAL) <= CURRENT_TIMESTAMP;\n    ","timestamp":"2026-09-25T13:50:00.166Z"}
{"duration":157,"level":"info","message":"db-query","rows":0,"text":"\n      SELECT company_id, driver_id \n      FROM driver_sinbins \n      WHERE is_active = TRUE \n      AND (updated_at + (sinbin_time || ' minutes')::INTERVAL) <= CURRENT_TIMESTAMP;\n    ","timestamp":"2026-09-25T13:51:00.175Z"}
{"duration":169,"level":"info","message":"db-query","rows":0,"text":"\n      SELECT company_id, driver_id \n      FROM driver_sinbins \n      WHERE is_active = TRUE \n      AND (updated_at + (sinbin_time || ' minutes')::INTERVAL) <= CURRENT_TIMESTAMP;\n    ","timestamp":"2026-09-25T13:52:00.185Z"}
{"duration":267,"level":"info","message":"db-query","rows":0,"text":"\n      SELECT company_id, driver_id \n      FROM driver_sinbins \n      WHERE is_active = TRUE \n      AND (updated_at + (sinbin_time || ' minutes')::INTERVAL) <= CURRENT_TIMESTAMP;\n    ","timestamp":"2026-09-25T13:53:00.272Z"}
{"duration":194,"level":"info","message":"db-query","rows":0,"text":"\n      SELECT company_id, driver_id \n      FROM driver_sinbins \n      WHERE is_active = TRUE \n      AND (updated_at + (sinbin_time || ' minutes')::INTERVAL) <= CURRENT_TIMESTAMP;\n    ","timestamp":"2026-09-25T13:54:00.217Z"}
{"duration":188,"level":"info","message":"db-query","rows":0,"text":"\n      SELECT company_id, driver_id \n      FROM driver_sinbins \n      WHERE is_active = TRUE \n      AND (updated_at + (sinbin_time || ' minutes')::INTERVAL) <= CURRENT_TIMESTAMP;\n    ","timestamp":"2026-09-25T13:55:00.202Z"}
{"duration":139,"level":"info","message":"db-query","rows":0,"text":"\n      SELECT company_id, driver_id \n      FROM driver_sinbins \n      WHERE is_active = TRUE \n      AND (updated_at + (sinbin_time || ' minutes')::INTERVAL) <= CURRENT_TIMESTAMP;\n    ","timestamp":"2026-09-25T13:56:00.153Z"}
{"duration":202,"level":"info","message":"db-query","rows":0,"text":"\n      SELECT company_id, driver_id \n      FROM driver_sinbins \n      WHERE is_active = TRUE \n      AND (updated_at + (sinbin_time || ' minutes')::INTERVAL) <= CURRENT_TIMESTAMP;\n    ","timestamp":"2026-09-25T13:57:00.217Z"}
{"duration":192,"level":"info","message":"db-query","rows":0,"text":"\n      SELECT company_id, driver_id \n      FROM driver_sinbins \n      WHERE is_active = TRUE \n      AND (updated_at + (sinbin_time || ' minutes')::INTERVAL) <= CURRENT_TIMESTAMP;\n    ","timestamp":"2026-09-25T13:58:00.197Z"}
{"duration":84,"level":"info","message":"db-query","rows":0,"text":"\n      SELECT company_id, driver_id \n      FROM driver_sinbins \n      WHERE is_active = TRUE \n      AND (updated_at + (sinbin_time || ' minutes')::INTERVAL) <= CURRENT_TIMESTAMP;\n    ","timestamp":"2026-09-25T13:59:00.094Z"}
{"duration":60,"level":"info","message":"db-query","rows":0,"text":"\n      SELECT company_id, driver_id \n      FROM driver_sinbins \n      WHERE is_active = TRUE \n      AND (updated_at + (sinbin_time || ' minutes')::INTERVAL) <= CURRENT_TIMESTAMP;\n    ","timestamp":"2026-09-25T14:00:00.097Z"}
{"duration":88,"level":"info","message":"db-query","rows":0,"text":"\n      SELECT company_id, driver_id \n      FROM driver_sinbins \n      WHERE is_active = TRUE \n      AND (updated_at + (sinbin_time || ' minutes')::INTERVAL) <= CURRENT_TIMESTAMP;\n    ","timestamp":"2026-09-25T14:01:00.097Z"}
{"duration":91,"level":"info","message":"db-query","rows":0,"text":"\n      SELECT company_id, driver_id \n      FROM driver_sinbins \n      WHERE is_active = TRUE \n      AND (updated_at + (sinbin_time || ' minutes')::INTERVAL) <= CURRENT_TIMESTAMP;\n    ","timestamp":"2026-09-25T14:02:00.107Z"}
{"duration":78,"level":"info","message":"db-query","rows":0,"text":"\n      SELECT company_id, driver_id \n      FROM driver_sinbins \n      WHERE is_active = TRUE \n      AND (updated_at + (sinbin_time || ' minutes')::INTERVAL) <= CURRENT_TIMESTAMP;\n    ","timestamp":"2026-09-25T14:03:00.094Z"}
{"duration":83,"level":"info","message":"db-query","rows":0,"text":"\n      SELECT company_id, driver_id \n      FROM driver_sinbins \n      WHERE is_active = TRUE \n      AND (updated_at + (sinbin_time || ' minutes')::INTERVAL) <= CURRENT_TIMESTAMP;\n    ","timestamp":"2026-09-25T14:04:00.091Z"}
{"duration":91,"level":"info","message":"db-query","rows":0,"text":"\n      SELECT company_id, driver_id \n      FROM driver_sinbins \n      WHERE is_active = TRUE \n      AND (updated_at + (sinbin_time || ' minutes')::INTERVAL) <= CURRENT_TIMESTAMP;\n    ","timestamp":"2026-09-25T14:05:00.102Z"}
{"duration":64,"level":"info","message":"db-query","rows":0,"text":"\n      SELECT company_id, driver_id \n      FROM driver_sinbins \n      WHERE is_active = TRUE \n      AND (updated_at + (sinbin_time || ' minutes')::INTERVAL) <= CURRENT_TIMESTAMP;\n    ","timestamp":"2026-09-25T14:06:00.102Z"}
{"duration":191,"level":"info","message":"db-query","rows":0,"text":"\n      SELECT company_id, driver_id \n      FROM driver_sinbins \n      WHERE is_active = TRUE \n      AND (updated_at + (sinbin_time || ' minutes')::INTERVAL) <= CURRENT_TIMESTAMP;\n    ","timestamp":"2026-09-25T14:07:00.200Z"}
{"duration":59,"level":"info","message":"db-query","rows":0,"text":"\n      SELECT company_id, driver_id \n      FROM driver_sinbins \n      WHERE is_active = TRUE \n      AND (updated_at + (sinbin_time || ' minutes')::INTERVAL) <= CURRENT_TIMESTAMP;\n    ","timestamp":"2026-09-25T14:08:00.094Z"}
{"duration":85,"level":"info","message":"db-query","rows":0,"text":"\n      SELECT company_id, driver_id \n      FROM driver_sinbins \n      WHERE is_active = TRUE \n      AND (updated_at + (sinbin_time || ' minutes')::INTERVAL) <= CURRENT_TIMESTAMP;\n    ","timestamp":"2026-09-25T14:09:00.090Z"}
{"duration":106,"level":"info","message":"db-query","rows":0,"text":"\n      SELECT company_id, driver_id \n      FROM driver_sinbins \n      WHERE is_active = TRUE \n      AND (updated_at + (sinbin_time || ' minutes')::INTERVAL) <= CURRENT_TIMESTAMP;\n    ","timestamp":"2026-09-25T14:10:00.113Z"}
{"duration":55,"level":"info","message":"db-query","rows":0,"text":"\n      SELECT company_id, driver_id \n      FROM driver_sinbins \n      WHERE is_active = TRUE \n      AND (updated_at + (sinbin_time || ' minutes')::INTERVAL) <= CURRENT_TIMESTAMP;\n    ","timestamp":"2026-09-25T14:11:00.090Z"}
{"duration":86,"level":"info","message":"db-query","rows":0,"text":"\n      SELECT company_id, driver_id \n      FROM driver_sinbins \n      WHERE is_active = TRUE \n      AND (updated_at + (sinbin_time || ' minutes')::INTERVAL) <= CURRENT_TIMESTAMP;\n    ","timestamp":"2026-09-25T14:12:00.094Z"}
{"duration":78,"level":"info","message":"db-query","rows":0,"text":"\n      SELECT company_id, driver_id \n      FROM driver_sinbins \n      WHERE is_active = TRUE \n      AND (updated_at + (sinbin_time || ' minutes')::INTERVAL) <= CURRENT_TIMESTAMP;\n    ","timestamp":"2026-09-25T14:13:00.089Z"}
{"duration":94,"level":"info","message":"db-query","rows":0,"text":"\n      SELECT company_id, driver_id \n      FROM driver_sinbins \n      WHERE is_active = TRUE \n      AND (updated_at + (sinbin_time || ' minutes')::INTERVAL) <= CURRENT_TIMESTAMP;\n    ","timestamp":"2026-09-25T14:14:00.097Z"}
{"duration":91,"level":"info","message":"db-query","rows":0,"text":"\n      SELECT company_id, driver_id \n      FROM driver_sinbins \n      WHERE is_active = TRUE \n      AND (updated_at + (sinbin_time || ' minutes')::INTERVAL) <= CURRENT_TIMESTAMP;\n    ","timestamp":"2026-09-25T14:15:00.100Z"}
{"duration":60,"level":"info","message":"db-query","rows":0,"text":"\n      SELECT company_id, driver_id \n      FROM driver_sinbins \n      WHERE is_active = TRUE \n      AND (updated_at + (sinbin_time || ' minutes')::INTERVAL) <= CURRENT_TIMESTAMP;\n    ","timestamp":"2026-09-25T14:16:00.079Z"}
{"duration":81,"level":"info","message":"db-query","rows":0,"text":"\n      SELECT company_id, driver_id \n      FROM driver_sinbins \n      WHERE is_active = TRUE \n      AND (updated_at + (sinbin_time || ' minutes')::INTERVAL) <= CURRENT_TIMESTAMP;\n    ","timestamp":"2026-09-25T14:17:00.096Z"}
{"duration":74,"level":"info","message":"db-query","rows":0,"text":"\n      SELECT company_id, driver_id \n      FROM driver_sinbins \n      WHERE is_active = TRUE \n      AND (updated_at + (sinbin_time || ' minutes')::INTERVAL) <= CURRENT_TIMESTAMP;\n    ","timestamp":"2026-09-25T14:18:00.087Z"}
{"duration":81,"level":"info","message":"db-query","rows":0,"text":"\n      SELECT company_id, driver_id \n      FROM driver_sinbins \n      WHERE is_active = TRUE \n      AND (updated_at + (sinbin_time || ' minutes')::INTERVAL) <= CURRENT_TIMESTAMP;\n    ","timestamp":"2026-09-25T14:19:00.099Z"}
{"duration":69,"level":"info","message":"db-query","rows":0,"text":"\n      SELECT company_id, driver_id \n      FROM driver_sinbins \n      WHERE is_active = TRUE \n      AND (updated_at + (sinbin_time || ' minutes')::INTERVAL) <= CURRENT_TIMESTAMP;\n    ","timestamp":"2026-09-25T14:20:00.093Z"}
{"duration":63,"level":"info","message":"db-query","rows":0,"text":"\n      SELECT company_id, driver_id \n      FROM driver_sinbins \n      WHERE is_active = TRUE \n      AND (updated_at + (sinbin_time || ' minutes')::INTERVAL) <= CURRENT_TIMESTAMP;\n    ","timestamp":"2026-09-25T14:21:00.086Z"}
{"duration":94,"level":"info","message":"db-query","rows":0,"text":"\n      SELECT company_id, driver_id \n      FROM driver_sinbins \n      WHERE is_active = TRUE \n      AND (updated_at + (sinbin_time || ' minutes')::INTERVAL) <= CURRENT_TIMESTAMP;\n    ","timestamp":"2026-09-25T14:22:00.110Z"}
{"duration":78,"level":"info","message":"db-query","rows":0,"text":"\n      SELECT company_id, driver_id \n      FROM driver_sinbins \n      WHERE is_active = TRUE \n      AND (updated_at + (sinbin_time || ' minutes')::INTERVAL) <= CURRENT_TIMESTAMP;\n    ","timestamp":"2026-09-25T14:23:00.107Z"}
{"duration":77,"level":"info","message":"db-query","rows":0,"text":"\n      SELECT company_id, driver_id \n      FROM driver_sinbins \n      WHERE is_active = TRUE \n      AND (updated_at + (sinbin_time || ' minutes')::INTERVAL) <= CURRENT_TIMESTAMP;\n    ","timestamp":"2026-09-25T14:24:00.087Z"}
{"duration":63,"level":"info","message":"db-query","rows":0,"text":"\n      SELECT company_id, driver_id \n      FROM driver_sinbins \n      WHERE is_active = TRUE \n      AND (updated_at + (sinbin_time || ' minutes')::INTERVAL) <= CURRENT_TIMESTAMP;\n    ","timestamp":"2026-09-25T14:25:00.096Z"}
{"duration":47,"level":"info","message":"db-query","rows":26,"text":"SELECT * FROM location_types","timestamp":"2026-09-25T14:25:28.939Z"}
{"level":"info","message":"GET /api/location-types 200 51.191 ms","timestamp":"2026-09-25T14:25:28.942Z"}
{"duration":91,"level":"info","message":"db-query","rows":0,"text":"\n      SELECT company_id, driver_id \n      FROM driver_sinbins \n      WHERE is_active = TRUE \n      AND (updated_at + (sinbin_time || ' minutes')::INTERVAL) <= CURRENT_TIMESTAMP;\n    ","timestamp":"2026-09-25T14:26:00.096Z"}
{"duration":75,"level":"info","message":"db-query","rows":0,"text":"\n      SELECT company_id, driver_id \n      FROM driver_sinbins \n      WHERE is_active = TRUE \n      AND (updated_at + (sinbin_time || ' minutes')::INTERVAL) <= CURRENT_TIMESTAMP;\n    ","timestamp":"2026-09-25T14:27:00.095Z"}
{"duration":77,"level":"info","message":"db-query","rows":0,"text":"\n      SELECT company_id, driver_id \n      FROM driver_sinbins \n      WHERE is_active = TRUE \n      AND (updated_at + (sinbin_time || ' minutes')::INTERVAL) <= CURRENT_TIMESTAMP;\n    ","timestamp":"2026-09-25T14:28:00.090Z"}
{"duration":87,"level":"info","message":"db-query","rows":0,"text":"\n      SELECT company_id, driver_id \n      FROM driver_sinbins \n      WHERE is_active = TRUE \n      AND (updated_at + (sinbin_time || ' minutes')::INTERVAL) <= CURRENT_TIMESTAMP;\n    ","timestamp":"2026-09-25T14:29:00.095Z"}
{"duration":89,"level":"info","message":"db-query","rows":0,"text":"\n      SELECT company_id, driver_id \n      FROM driver_sinbins \n      WHERE is_active = TRUE \n      AND (updated_at + (sinbin_time || ' minutes')::INTERVAL) <= CURRENT_TIMESTAMP;\n    ","timestamp":"2026-09-25T14:30:00.093Z"}
{"duration":83,"level":"info","message":"db-query","rows":0,"text":"\n      SELECT company_id, driver_id \n      FROM driver_sinbins \n      WHERE is_active = TRUE \n      AND (updated_at + (sinbin_time || ' minutes')::INTERVAL) <= CURRENT_TIMESTAMP;\n    ","timestamp":"2026-09-25T14:31:00.091Z"}
{"duration":89,"level":"info","message":"db-query","rows":0,"text":"\n      SELECT company_id, driver_id \n      FROM driver_sinbins \n      WHERE is_active = TRUE \n      AND (updated_at + (sinbin_time || ' minutes')::INTERVAL) <= CURRENT_TIMESTAMP;\n    ","timestamp":"2026-09-25T14:32:00.116Z"}
{"duration":91,"level":"info","message":"db-query","rows":0,"text":"\n      SELECT company_id, driver_id \n      FROM driver_sinbins \n      WHERE is_active = TRUE \n      AND (updated_at + (sinbin_time || ' minutes')::INTERVAL) <= CURRENT_TIMESTAMP;\n    ","timestamp":"2026-09-25T14:33:00.092Z"}
{"duration":65,"level":"info","message":"db-query","rows":0,"text":"\n      SELECT company_id, driver_id \n      FROM driver_sinbins \n      WHERE is_active = TRUE \n      AND (updated_at + (sinbin_time || ' minutes')::INTERVAL) <= CURRENT_TIMESTAMP;\n    ","timestamp":"2026-09-25T14:34:00.099Z"}
{"duration":91,"level":"info","message":"db-query","rows":0,"text":"\n      SELECT company_id, driver_id \n      FROM driver_sinbins \n      WHERE is_active = TRUE \n      AND (updated_at + (sinbin_time || ' minutes')::INTERVAL) <= CURRENT_TIMESTAMP;\n    ","timestamp":"2026-09-25T14:35:00.101Z"}
{"duration":52,"level":"info","message":"db-query","rows":0,"text":"\n      SELECT company_id, driver_id \n      FROM driver_sinbins \n      WHERE is_active = TRUE \n      AND (updated_at + (sinbin_time || ' minutes')::INTERVAL) <= CURRENT_TIMESTAMP;\n    ","timestamp":"2026-09-25T14:36:00.068Z"}
{"duration":66,"level":"info","message":"db-query","rows":0,"text":"\n      SELECT company_id, driver_id \n      FROM driver_sinbins \n      WHERE is_active = TRUE \n      AND (updated_at + (sinbin_time || ' minutes')::INTERVAL) <= CURRENT_TIMESTAMP;\n    ","timestamp":"2026-09-25T14:37:00.094Z"}
{"duration":74,"level":"info","message":"db-query","rows":0,"text":"\n      SELECT company_id, driver_id \n      FROM driver_sinbins \n      WHERE is_active = TRUE \n      AND (updated_at + (sinbin_time || ' minutes')::INTERVAL) <= CURRENT_TIMESTAMP;\n    ","timestamp":"2026-09-25T14:38:00.090Z"}
{"duration":86,"level":"info","message":"db-query","rows":0,"text":"\n      SELECT company_id, driver_id \n      FROM driver_sinbins \n      WHERE is_active = TRUE \n      AND (updated_at + (sinbin_time || ' minutes')::INTERVAL) <= CURRENT_TIMESTAMP;\n    ","timestamp":"2026-09-25T14:39:00.102Z"}
{"duration":254,"level":"info","message":"db-query","rows":0,"text":"\n      SELECT company_id, driver_id \n      FROM driver_sinbins \n      WHERE is_active = TRUE \n      AND (updated_at + (sinbin_time || ' minutes')::INTERVAL) <= CURRENT_TIMESTAMP;\n    ","timestamp":"2026-09-25T14:40:00.273Z"}
{"duration":74,"level":"info","message":"db-query","rows":0,"text":"\n      SELECT company_id, driver_id \n      FROM driver_sinbins \n      WHERE is_active = TRUE \n      AND (updated_at + (sinbin_time || ' minutes')::INTERVAL) <= CURRENT_TIMESTAMP;\n    ","timestamp":"2026-09-25T14:41:00.085Z"}
{"duration":5,"level":"info","message":"db-query","rows":26,"text":"SELECT * FROM location_types","timestamp":"2026-09-25T14:41:36.714Z"}
{"level":"info","message":"GET /api/location-types 200 11.435 ms","timestamp":"2026-09-25T14:41:36.720Z"}
{"duration":49,"level":"info","message":"db-query","rows":26,"text":"SELECT * FROM location_types","timestamp":"2026-09-25T14:41:36.760Z"}
{"level":"info","message":"GET /api/location-types 200 50.756 ms","timestamp":"2026-09-25T14:41:36.761Z"}
{"duration":105,"level":"info","message":"db-query","rows":0,"text":"\n      SELECT company_id, driver_id \n      FROM driver_sinbins \n      WHERE is_active = TRUE \n      AND (updated_at + (sinbin_time || ' minutes')::INTERVAL) <= CURRENT_TIMESTAMP;\n    ","timestamp":"2026-09-25T14:42:00.123Z"}
{"duration":102,"level":"info","message":"db-query","rows":0,"text":"\n      SELECT company_id, driver_id \n      FROM driver_sinbins \n      WHERE is_active = TRUE \n      AND (updated_at + (sinbin_time || ' minutes')::INTERVAL) <= CURRENT_TIMESTAMP;\n    ","timestamp":"2026-09-25T14:43:00.111Z"}
{"duration":74,"level":"info","message":"db-query","rows":0,"text":"\n      SELECT company_id, driver_id \n      FROM driver_sinbins \n      WHERE is_active = TRUE \n      AND (updated_at + (sinbin_time || ' minutes')::INTERVAL) <= CURRENT_TIMESTAMP;\n    ","timestamp":"2026-09-25T14:44:00.124Z"}
{"duration":16,"level":"info","message":"db-query","rows":26,"text":"SELECT * FROM location_types","timestamp":"2026-09-25T14:44:56.791Z"}
{"level":"info","message":"GET /api/location-types 200 34.912 ms","timestamp":"2026-09-25T14:44:56.806Z"}
{"duration":171,"level":"info","message":"db-query","rows":26,"text":"SELECT * FROM location_types","timestamp":"2026-09-25T14:44:56.950Z"}
{"level":"info","message":"GET /api/location-types 200 173.283 ms","timestamp":"2026-09-25T14:44:56.951Z"}
{"duration":4,"level":"info","message":"db-query","rows":0,"text":"\n      SELECT company_id, driver_id \n      FROM driver_sinbins \n      WHERE is_active = TRUE \n      AND (updated_at + (sinbin_time || ' minutes')::INTERVAL) <= CURRENT_TIMESTAMP;\n    ","timestamp":"2026-09-25T14:45:00.017Z"}
{"duration":5,"level":"info","message":"db-query","rows":26,"text":"SELECT * FROM location_types","timestamp":"2026-09-25T14:45:42.765Z"}
{"level":"info","message":"GET /api/location-types 200 11.448 ms","timestamp":"2026-09-25T14:45:42.771Z"}
{"duration":156,"level":"info","message":"db-query","rows":26,"text":"SELECT * FROM location_types","timestamp":"2026-09-25T14:45:42.917Z"}
{"level":"info","message":"GET /api/location-types 200 156.944 ms","timestamp":"2026-09-25T14:45:42.918Z"}
{"duration":6,"level":"info","message":"db-query","rows":26,"text":"SELECT * FROM location_types","timestamp":"2026-09-25T14:45:59.326Z"}
{"level":"info","message":"GET /api/location-types 200 12.223 ms","timestamp":"2026-09-25T14:45:59.332Z"}
{"duration":46,"level":"info","message":"db-query","rows":26,"text":"SELECT * FROM location_types","timestamp":"2026-09-25T14:45:59.369Z"}
{"level":"info","message":"GET /api/location-types 200 47.911 ms","timestamp":"2026-09-25T14:45:59.370Z"}
{"duration":4,"level":"info","message":"db-query","rows":0,"text":"\n      SELECT company_id, driver_id \n      FROM driver_sinbins \n      WHERE is_active = TRUE \n      AND (updated_at + (sinbin_time || ' minutes')::INTERVAL) <= CURRENT_TIMESTAMP;\n    ","timestamp":"2026-09-25T14:46:00.013Z"}
{"duration":13,"level":"info","message":"db-query","rows":26,"text":"SELECT * FROM location_types","timestamp":"2026-09-25T14:46:06.014Z"}
{"level":"info","message":"GET /api/location-types 200 23.492 ms","timestamp":"2026-09-25T14:46:06.024Z"}
{"duration":63,"level":"info","message":"db-query","rows":26,"text":"SELECT * FROM location_types","timestamp":"2026-09-25T14:46:06.069Z"}
{"level":"info","message":"GET /api/location-types 200 65.023 ms","timestamp":"2026-09-25T14:46:06.071Z"}
{"duration":74,"level":"info","message":"db-query","rows":0,"text":"\n      SELECT company_id, driver_id \n      FROM driver_sinbins \n      WHERE is_active = TRUE \n      AND (updated_at + (sinbin_time || ' minutes')::INTERVAL) <= CURRENT_TIMESTAMP;\n    ","timestamp":"2026-09-25T14:47:00.079Z"}
{"duration":6,"level":"info","message":"db-query","rows":26,"text":"SELECT * FROM location_types","timestamp":"2026-09-25T14:47:12.792Z"}
{"level":"info","message":"GET /api/location-types 200 12.505 ms","timestamp":"2026-09-25T14:47:12.798Z"}
{"duration":165,"level":"info","message":"db-query","rows":26,"text":"SELECT * FROM location_types","timestamp":"2026-09-25T14:47:12.952Z"}
{"level":"info","message":"GET /api/location-types 200 166.059 ms","timestamp":"2026-09-25T14:47:12.953Z"}
{"duration":118,"level":"info","message":"db-query","rows":0,"text":"\n      SELECT company_id, driver_id \n      FROM driver_sinbins \n      WHERE is_active = TRUE \n      AND (updated_at + (sinbin_time || ' minutes')::INTERVAL) <= CURRENT_TIMESTAMP;\n    ","timestamp":"2026-09-25T14:48:00.136Z"}
{"duration":18,"level":"info","message":"db-query","rows":26,"text":"SELECT * FROM location_types","timestamp":"2026-09-25T14:48:28.778Z"}
{"level":"info","message":"GET /api/location-types 200 31.534 ms","timestamp":"2026-09-25T14:48:28.792Z"}
{"duration":74,"level":"info","message":"db-query","rows":26,"text":"SELECT * FROM location_types","timestamp":"2026-09-25T14:48:28.839Z"}
{"level":"info","message":"GET /api/location-types 200 76.551 ms","timestamp":"2026-09-25T14:48:28.841Z"}
{"duration":13,"level":"info","message":"db-query","rows":26,"text":"SELECT * FROM location_types","timestamp":"2026-09-25T14:48:54.015Z"}
{"level":"info","message":"GET /api/location-types 200 22.712 ms","timestamp":"2026-09-25T14:48:54.023Z"}
{"duration":162,"level":"info","message":"db-query","rows":26,"text":"SELECT * FROM location_types","timestamp":"2026-09-25T14:48:54.173Z"}
{"level":"info","message":"GET /api/location-types 200 165.293 ms","timestamp":"2026-09-25T14:48:54.176Z"}
{"duration":10,"level":"info","message":"db-query","rows":0,"text":"\n      SELECT company_id, driver_id \n      FROM driver_sinbins \n      WHERE is_active = TRUE \n      AND (updated_at + (sinbin_time || ' minutes')::INTERVAL) <= CURRENT_TIMESTAMP;\n    ","timestamp":"2026-09-25T14:49:00.027Z"}
{"duration":115,"level":"info","message":"db-query","rows":0,"text":"\n      SELECT company_id, driver_id \n      FROM driver_sinbins \n      WHERE is_active = TRUE \n      AND (updated_at + (sinbin_time || ' minutes')::INTERVAL) <= CURRENT_TIMESTAMP;\n    ","timestamp":"2026-09-25T14:50:00.131Z"}
{"duration":86,"level":"info","message":"db-query","rows":0,"text":"\n      SELECT company_id, driver_id \n      FROM driver_sinbins \n      WHERE is_active = TRUE \n      AND (updated_at + (sinbin_time || ' minutes')::INTERVAL) <= CURRENT_TIMESTAMP;\n    ","timestamp":"2026-09-25T14:51:00.095Z"}
{"duration":86,"level":"info","message":"db-query","rows":0,"text":"\n      SELECT company_id, driver_id \n      FROM driver_sinbins \n      WHERE is_active = TRUE \n      AND (updated_at + (sinbin_time || ' minutes')::INTERVAL) <= CURRENT_TIMESTAMP;\n    ","timestamp":"2026-09-25T14:52:00.102Z"}
{"duration":82,"level":"info","message":"db-query","rows":0,"text":"\n      SELECT company_id, driver_id \n      FROM driver_sinbins \n      WHERE is_active = TRUE \n      AND (updated_at + (sinbin_time || ' minutes')::INTERVAL) <= CURRENT_TIMESTAMP;\n    ","timestamp":"2026-09-25T14:53:00.101Z"}
{"duration":58,"level":"info","message":"db-query","rows":0,"text":"\n      SELECT company_id, driver_id \n      FROM driver_sinbins \n      WHERE is_active = TRUE \n      AND (updated_at + (sinbin_time || ' minutes')::INTERVAL) <= CURRENT_TIMESTAMP;\n    ","timestamp":"2026-09-25T14:54:00.076Z"}
{"duration":70,"level":"info","message":"db-query","rows":0,"text":"\n      SELECT company_id, driver_id \n      FROM driver_sinbins \n      WHERE is_active = TRUE \n      AND (updated_at + (sinbin_time || ' minutes')::INTERVAL) <= CURRENT_TIMESTAMP;\n    ","timestamp":"2026-09-25T14:55:00.084Z"}
{"duration":90,"level":"info","message":"db-query","rows":0,"text":"\n      SELECT company_id, driver_id \n      FROM driver_sinbins \n      WHERE is_active = TRUE \n      AND (updated_at + (sinbin_time || ' minutes')::INTERVAL) <= CURRENT_TIMESTAMP;\n    ","timestamp":"2026-09-25T14:56:00.100Z"}
{"duration":197,"level":"info","message":"db-query","rows":0,"text":"\n      SELECT company_id, driver_id \n      FROM driver_sinbins \n      WHERE is_active = TRUE \n      AND (updated_at + (sinbin_time || ' minutes')::INTERVAL) <= CURRENT_TIMESTAMP;\n    ","timestamp":"2026-09-25T14:57:00.239Z"}
{"duration":134,"level":"info","message":"db-query","rows":0,"text":"\n      SELECT company_id, driver_id \n      FROM driver_sinbins \n      WHERE is_active = TRUE \n      AND (updated_at + (sinbin_time || ' minutes')::INTERVAL) <= CURRENT_TIMESTAMP;\n    ","timestamp":"2026-09-25T14:58:00.168Z"}
{"duration":129,"level":"info","message":"db-query","rows":0,"text":"\n      SELECT company_id, driver_id \n      FROM driver_sinbins \n      WHERE is_active = TRUE \n      AND (updated_at + (sinbin_time || ' minutes')::INTERVAL) <= CURRENT_TIMESTAMP;\n    ","timestamp":"2026-09-25T14:59:00.142Z"}
{"duration":120,"level":"info","message":"db-query","rows":0,"text":"\n      SELECT company_id, driver_id \n      FROM driver_sinbins \n      WHERE is_active = TRUE \n      AND (updated_at + (sinbin_time || ' minutes')::INTERVAL) <= CURRENT_TIMESTAMP;\n    ","timestamp":"2026-09-25T15:00:00.139Z"}
{"duration":153,"level":"info","message":"db-query","rows":0,"text":"\n      SELECT company_id, driver_id \n      FROM driver_sinbins \n      WHERE is_active = TRUE \n      AND (updated_at + (sinbin_time || ' minutes')::INTERVAL) <= CURRENT_TIMESTAMP;\n    ","timestamp":"2026-09-25T15:01:00.248Z"}
{"duration":103,"level":"info","message":"db-query","rows":0,"text":"\n      SELECT company_id, driver_id \n      FROM driver_sinbins \n      WHERE is_active = TRUE \n      AND (updated_at + (sinbin_time || ' minutes')::INTERVAL) <= CURRENT_TIMESTAMP;\n    ","timestamp":"2026-09-25T15:02:00.115Z"}
{"duration":154,"level":"info","message":"db-query","rows":0,"text":"\n      SELECT company_id, driver_id \n      FROM driver_sinbins \n      WHERE is_active = TRUE \n      AND (updated_at + (sinbin_time || ' minutes')::INTERVAL) <= CURRENT_TIMESTAMP;\n    ","timestamp":"2026-09-25T15:03:00.160Z"}
{"duration":85,"level":"info","message":"db-query","rows":0,"text":"\n      SELECT company_id, driver_id \n      FROM driver_sinbins \n      WHERE is_active = TRUE \n      AND (updated_at + (sinbin_time || ' minutes')::INTERVAL) <= CURRENT_TIMESTAMP;\n    ","timestamp":"2026-09-25T15:04:00.126Z"}
{"duration":118,"level":"info","message":"db-query","rows":0,"text":"\n      SELECT company_id, driver_id \n      FROM driver_sinbins \n      WHERE is_active = TRUE \n      AND (updated_at + (sinbin_time || ' minutes')::INTERVAL) <= CURRENT_TIMESTAMP;\n    ","timestamp":"2026-09-25T15:05:00.133Z"}
{"duration":148,"level":"info","message":"db-query","rows":0,"text":"\n      SELECT company_id, driver_id \n      FROM driver_sinbins \n      WHERE is_active = TRUE \n      AND (updated_at + (sinbin_time || ' minutes')::INTERVAL) <= CURRENT_TIMESTAMP;\n    ","timestamp":"2026-09-25T15:06:00.154Z"}
{"duration":124,"level":"info","message":"db-query","rows":0,"text":"\n      SELECT company_id, driver_id \n      FROM driver_sinbins \n      WHERE is_active = TRUE \n      AND (updated_at + (sinbin_time || ' minutes')::INTERVAL) <= CURRENT_TIMESTAMP;\n    ","timestamp":"2026-09-25T15:07:00.127Z"}
{"duration":115,"level":"info","message":"db-query","rows":0,"text":"\n      SELECT company_id, driver_id \n      FROM driver_sinbins \n      WHERE is_active = TRUE \n      AND (updated_at + (sinbin_time || ' minutes')::INTERVAL) <= CURRENT_TIMESTAMP;\n    ","timestamp":"2026-09-25T15:08:00.135Z"}
{"duration":142,"level":"info","message":"db-query","rows":0,"text":"\n      SELECT company_id, driver_id \n      FROM driver_sinbins \n      WHERE is_active = TRUE \n      AND (updated_at + (sinbin_time || ' minutes')::INTERVAL) <= CURRENT_TIMESTAMP;\n    ","timestamp":"2026-09-25T15:09:00.152Z"}
{"duration":96,"level":"info","message":"db-query","rows":0,"text":"\n      SELECT company_id, driver_id \n      FROM driver_sinbins \n      WHERE is_active = TRUE \n      AND (updated_at + (sinbin_time || ' minutes')::INTERVAL) <= CURRENT_TIMESTAMP;\n    ","timestamp":"2026-09-25T15:10:00.101Z"}
{"duration":130,"level":"info","message":"db-query","rows":0,"text":"\n      SELECT company_id, driver_id \n      FROM driver_sinbins \n      WHERE is_active = TRUE \n      AND (updated_at + (sinbin_time || ' minutes')::INTERVAL) <= CURRENT_TIMESTAMP;\n    ","timestamp":"2026-09-25T15:11:00.141Z"}
{"duration":131,"level":"info","message":"db-query","rows":0,"text":"\n      SELECT company_id, driver_id \n      FROM driver_sinbins \n      WHERE is_active = TRUE \n      AND (updated_at + (sinbin_time || ' minutes')::INTERVAL) <= CURRENT_TIMESTAMP;\n    ","timestamp":"2026-09-25T15:12:00.161Z"}
{"duration":149,"level":"info","message":"db-query","rows":0,"text":"\n      SELECT company_id, driver_id \n      FROM driver_sinbins \n      WHERE is_active = TRUE \n      AND (updated_at + (sinbin_time || ' minutes')::INTERVAL) <= CURRENT_TIMESTAMP;\n    ","timestamp":"2026-09-25T15:13:00.160Z"}
{"duration":172,"level":"info","message":"db-query","rows":0,"text":"\n      SELECT company_id, driver_id \n      FROM driver_sinbins \n      WHERE is_active = TRUE \n      AND (updated_at + (sinbin_time || ' minutes')::INTERVAL) <= CURRENT_TIMESTAMP;\n    ","timestamp":"2026-09-25T15:14:00.199Z"}
{"duration":115,"level":"info","message":"db-query","rows":0,"text":"\n      SELECT company_id, driver_id \n      FROM driver_sinbins \n      WHERE is_active = TRUE \n      AND (updated_at + (sinbin_time || ' minutes')::INTERVAL) <= CURRENT_TIMESTAMP;\n    ","timestamp":"2026-09-25T15:15:00.125Z"}
{"duration":86,"level":"info","message":"db-query","rows":0,"text":"\n      SELECT company_id, driver_id \n      FROM driver_sinbins \n      WHERE is_active = TRUE \n      AND (updated_at + (sinbin_time || ' minutes')::INTERVAL) <= CURRENT_TIMESTAMP;\n    ","timestamp":"2026-09-25T15:16:00.145Z"}
{"duration":187,"level":"info","message":"db-query","rows":0,"text":"\n      SELECT company_id, driver_id \n      FROM driver_sinbins \n      WHERE is_active = TRUE \n      AND (updated_at + (sinbin_time || ' minutes')::INTERVAL) <= CURRENT_TIMESTAMP;\n    ","timestamp":"2026-09-25T15:17:00.195Z"}
{"duration":232,"level":"info","message":"db-query","rows":0,"text":"\n      SELECT company_id, driver_id \n      FROM driver_sinbins \n      WHERE is_active = TRUE \n      AND (updated_at + (sinbin_time || ' minutes')::INTERVAL) <= CURRENT_TIMESTAMP;\n    ","timestamp":"2026-09-25T15:18:00.247Z"}
{"duration":163,"level":"info","message":"db-query","rows":0,"text":"\n      SELECT company_id, driver_id \n      FROM driver_sinbins \n      WHERE is_active = TRUE \n      AND (updated_at + (sinbin_time || ' minutes')::INTERVAL) <= CURRENT_TIMESTAMP;\n    ","timestamp":"2026-09-25T15:19:00.179Z"}
{"duration":144,"level":"info","message":"db-query","rows":0,"text":"\n      SELECT company_id, driver_id \n      FROM driver_sinbins \n      WHERE is_active = TRUE \n      AND (updated_at + (sinbin_time || ' minutes')::INTERVAL) <= CURRENT_TIMESTAMP;\n    ","timestamp":"2026-09-25T15:20:00.159Z"}
{"duration":130,"level":"info","message":"db-query","rows":0,"text":"\n      SELECT company_id, driver_id \n      FROM driver_sinbins \n      WHERE is_active = TRUE \n      AND (updated_at + (sinbin_time || ' minutes')::INTERVAL) <= CURRENT_TIMESTAMP;\n    ","timestamp":"2026-09-25T15:21:00.143Z"}
{"duration":310,"level":"info","message":"db-query","rows":0,"text":"\n      SELECT company_id, driver_id \n      FROM driver_sinbins \n      WHERE is_active = TRUE \n      AND (updated_at + (sinbin_time || ' minutes')::INTERVAL) <= CURRENT_TIMESTAMP;\n    ","timestamp":"2026-09-25T15:22:00.435Z"}
{"duration":99,"level":"info","message":"db-query","rows":0,"text":"\n      SELECT company_id, driver_id \n      FROM driver_sinbins \n      WHERE is_active = TRUE \n      AND (updated_at + (sinbin_time || ' minutes')::INTERVAL) <= CURRENT_TIMESTAMP;\n    ","timestamp":"2026-09-25T15:23:00.107Z"}
{"duration":213,"level":"info","message":"db-query","rows":0,"text":"\n      SELECT company_id, driver_id \n      FROM driver_sinbins \n      WHERE is_active = TRUE \n      AND (updated_at + (sinbin_time || ' minutes')::INTERVAL) <= CURRENT_TIMESTAMP;\n    ","timestamp":"2026-09-25T15:24:00.237Z"}
{"duration":218,"level":"info","message":"db-query","rows":0,"text":"\n      SELECT company_id, driver_id \n      FROM driver_sinbins \n      WHERE is_active = TRUE \n      AND (updated_at + (sinbin_time || ' minutes')::INTERVAL) <= CURRENT_TIMESTAMP;\n    ","timestamp":"2026-09-25T15:25:00.246Z"}
{"duration":188,"level":"info","message":"db-query","rows":0,"text":"\n      SELECT company_id, driver_id \n      FROM driver_sinbins \n      WHERE is_active = TRUE \n      AND (updated_at + (sinbin_time || ' minutes')::INTERVAL) <= CURRENT_TIMESTAMP;\n    ","timestamp":"2026-09-25T15:26:00.200Z"}
{"duration":217,"level":"info","message":"db-query","rows":0,"text":"\n      SELECT company_id, driver_id \n      FROM driver_sinbins \n      WHERE is_active = TRUE \n      AND (updated_at + (sinbin_time || ' minutes')::INTERVAL) <= CURRENT_TIMESTAMP;\n    ","timestamp":"2026-09-25T15:27:00.448Z"}
{"duration":268,"level":"info","message":"db-query","rows":0,"text":"\n      SELECT company_id, driver_id \n      FROM driver_sinbins \n      WHERE is_active = TRUE \n      AND (updated_at + (sinbin_time || ' minutes')::INTERVAL) <= CURRENT_TIMESTAMP;\n    ","timestamp":"2026-09-25T15:28:00.295Z"}
{"duration":142,"level":"info","message":"db-query","rows":0,"text":"\n      SELECT company_id, driver_id \n      FROM driver_sinbins \n      WHERE is_active = TRUE \n      AND (updated_at + (sinbin_time || ' minutes')::INTERVAL) <= CURRENT_TIMESTAMP;\n    ","timestamp":"2026-09-25T15:29:00.274Z"}
{"duration":96,"level":"info","message":"db-query","rows":0,"text":"\n      SELECT company_id, driver_id \n      FROM driver_sinbins \n      WHERE is_active = TRUE \n      AND (updated_at + (sinbin_time || ' minutes')::INTERVAL) <= CURRENT_TIMESTAMP;\n    ","timestamp":"2026-09-25T15:30:00.119Z"}
{"duration":149,"level":"info","message":"db-query","rows":0,"text":"\n      SELECT company_id, driver_id \n      FROM driver_sinbins \n      WHERE is_active = TRUE \n      AND (updated_at + (sinbin_time || ' minutes')::INTERVAL) <= CURRENT_TIMESTAMP;\n    ","timestamp":"2026-09-25T15:31:00.167Z"}
{"duration":88,"level":"info","message":"db-query","rows":0,"text":"\n      SELECT company_id, driver_id \n      FROM driver_sinbins \n      WHERE is_active = TRUE \n      AND (updated_at + (sinbin_time || ' minutes')::INTERVAL) <= CURRENT_TIMESTAMP;\n    ","timestamp":"2026-09-25T15:32:00.122Z"}
{"duration":134,"level":"info","message":"db-query","rows":0,"text":"\n      SELECT company_id, driver_id \n      FROM driver_sinbins \n      WHERE is_active = TRUE \n      AND (updated_at + (sinbin_time || ' minutes')::INTERVAL) <= CURRENT_TIMESTAMP;\n    ","timestamp":"2026-09-25T15:33:00.148Z"}
{"duration":215,"level":"info","message":"db-query","rows":0,"text":"\n      SELECT company_id, driver_id \n      FROM driver_sinbins \n      WHERE is_active = TRUE \n      AND (updated_at + (sinbin_time || ' minutes')::INTERVAL) <= CURRENT_TIMESTAMP;\n    ","timestamp":"2026-09-25T15:34:00.223Z"}
{"duration":128,"level":"info","message":"db-query","rows":0,"text":"\n      SELECT company_id, driver_id \n      FROM driver_sinbins \n      WHERE is_active = TRUE \n      AND (updated_at + (sinbin_time || ' minutes')::INTERVAL) <= CURRENT_TIMESTAMP;\n    ","timestamp":"2026-09-25T15:35:00.136Z"}
{"duration":145,"level":"info","message":"db-query","rows":0,"text":"\n      SELECT company_id, driver_id \n      FROM driver_sinbins \n      WHERE is_active = TRUE \n      AND (updated_at + (sinbin_time || ' minutes')::INTERVAL) <= CURRENT_TIMESTAMP;\n    ","timestamp":"2026-09-25T15:36:00.209Z"}
{"duration":166,"level":"info","message":"db-query","rows":0,"text":"\n      SELECT company_id, driver_id \n      FROM driver_sinbins \n      WHERE is_active = TRUE \n      AND (updated_at + (sinbin_time || ' minutes')::INTERVAL) <= CURRENT_TIMESTAMP;\n    ","timestamp":"2026-09-25T15:37:00.182Z"}
{"duration":186,"level":"info","message":"db-query","rows":0,"text":"\n      SELECT company_id, driver_id \n      FROM driver_sinbins \n      WHERE is_active = TRUE \n      AND (updated_at + (sinbin_time || ' minutes')::INTERVAL) <= CURRENT_TIMESTAMP;\n    ","timestamp":"2026-09-25T15:38:00.196Z"}
{"duration":121,"level":"info","message":"db-query","rows":0,"text":"\n      SELECT company_id, driver_id \n      FROM driver_sinbins \n      WHERE is_active = TRUE \n      AND (updated_at + (sinbin_time || ' minutes')::INTERVAL) <= CURRENT_TIMESTAMP;\n    ","timestamp":"2026-09-25T15:39:00.131Z"}
{"duration":146,"level":"info","message":"db-query","rows":0,"text":"\n      SELECT company_id, driver_id \n      FROM driver_sinbins \n      WHERE is_active = TRUE \n      AND (updated_at + (sinbin_time || ' minutes')::INTERVAL) <= CURRENT_TIMESTAMP;\n    ","timestamp":"2026-09-25T15:40:00.155Z"}
{"duration":91,"level":"info","message":"db-query","rows":0,"text":"\n      SELECT company_id, driver_id \n      FROM driver_sinbins \n      WHERE is_active = TRUE \n      AND (updated_at + (sinbin_time || ' minutes')::INTERVAL) <= CURRENT_TIMESTAMP;\n    ","timestamp":"2026-09-25T15:41:00.144Z"}
{"duration":218,"level":"info","message":"db-query","rows":0,"text":"\n      SELECT company_id, driver_id \n      FROM driver_sinbins \n      WHERE is_active = TRUE \n      AND (updated_at + (sinbin_time || ' minutes')::INTERVAL) <= CURRENT_TIMESTAMP;\n    ","timestamp":"2026-09-25T15:42:00.233Z"}
{"duration":267,"level":"info","message":"db-query","rows":0,"text":"\n      SELECT company_id, driver_id \n      FROM driver_sinbins \n      WHERE is_active = TRUE \n      AND (updated_at + (sinbin_time || ' minutes')::INTERVAL) <= CURRENT_TIMESTAMP;\n    ","timestamp":"2026-09-25T15:43:00.279Z"}
{"duration":153,"level":"info","message":"db-query","rows":0,"text":"\n      SELECT company_id, driver_id \n      FROM driver_sinbins \n      WHERE is_active = TRUE \n      AND (updated_at + (sinbin_time || ' minutes')::INTERVAL) <= CURRENT_TIMESTAMP;\n    ","timestamp":"2026-09-25T15:44:00.165Z"}
{"duration":263,"level":"info","message":"db-query","rows":0,"text":"\n      SELECT company_id, driver_id \n      FROM driver_sinbins \n      WHERE is_active = TRUE \n      AND (updated_at + (sinbin_time || ' minutes')::INTERVAL) <= CURRENT_TIMESTAMP;\n    ","timestamp":"2026-09-25T15:45:00.280Z"}
{"duration":183,"level":"info","message":"db-query","rows":0,"text":"\n      SELECT company_id, driver_id \n      FROM driver_sinbins \n      WHERE is_active = TRUE \n      AND (updated_at + (sinbin_time || ' minutes')::INTERVAL) <= CURRENT_TIMESTAMP;\n    ","timestamp":"2026-09-25T15:46:00.200Z"}
{"duration":178,"level":"info","message":"db-query","rows":0,"text":"\n      SELECT company_id, driver_id \n      FROM driver_sinbins \n      WHERE is_active = TRUE \n      AND (updated_at + (sinbin_time || ' minutes')::INTERVAL) <= CURRENT_TIMESTAMP;\n    ","timestamp":"2026-09-25T15:47:00.194Z"}
{"duration":162,"level":"info","message":"db-query","rows":0,"text":"\n      SELECT company_id, driver_id \n      FROM driver_sinbins \n      WHERE is_active = TRUE \n      AND (updated_at + (sinbin_time || ' minutes')::INTERVAL) <= CURRENT_TIMESTAMP;\n    ","timestamp":"2026-09-25T15:48:00.175Z"}
{"duration":120,"level":"info","message":"db-query","rows":0,"text":"\n      SELECT company_id, driver_id \n      FROM driver_sinbins \n      WHERE is_active = TRUE \n      AND (updated_at + (sinbin_time || ' minutes')::INTERVAL) <= CURRENT_TIMESTAMP;\n    ","timestamp":"2026-09-25T15:49:00.131Z"}
{"duration":109,"level":"info","message":"db-query","rows":0,"text":"\n      SELECT company_id, driver_id \n      FROM driver_sinbins \n      WHERE is_active = TRUE \n      AND (updated_at + (sinbin_time || ' minutes')::INTERVAL) <= CURRENT_TIMESTAMP;\n    ","timestamp":"2026-09-25T15:50:00.117Z"}
{"duration":140,"level":"info","message":"db-query","rows":0,"text":"\n      SELECT company_id, driver_id \n      FROM driver_sinbins \n      WHERE is_active = TRUE \n      AND (updated_at + (sinbin_time || ' minutes')::INTERVAL) <= CURRENT_TIMESTAMP;\n    ","timestamp":"2026-09-25T15:51:00.153Z"}
{"duration":101,"level":"info","message":"db-query","rows":0,"text":"\n      SELECT company_id, driver_id \n      FROM driver_sinbins \n      WHERE is_active = TRUE \n      AND (updated_at + (sinbin_time || ' minutes')::INTERVAL) <= CURRENT_TIMESTAMP;\n    ","timestamp":"2026-09-25T15:52:00.113Z"}
{"duration":132,"level":"info","message":"db-query","rows":0,"text":"\n      SELECT company_id, driver_id \n      FROM driver_sinbins \n      WHERE is_active = TRUE \n      AND (updated_at + (sinbin_time || ' minutes')::INTERVAL) <= CURRENT_TIMESTAMP;\n    ","timestamp":"2026-09-25T15:53:00.144Z"}
{"duration":105,"level":"info","message":"db-query","rows":0,"text":"\n      SELECT company_id, driver_id \n      FROM driver_sinbins \n      WHERE is_active = TRUE \n      AND (updated_at + (sinbin_time || ' minutes')::INTERVAL) <= CURRENT_TIMESTAMP;\n    ","timestamp":"2026-09-25T15:54:00.108Z"}
{"duration":296,"level":"info","message":"db-query","rows":0,"text":"\n      SELECT company_id, driver_id \n      FROM driver_sinbins \n      WHERE is_active = TRUE \n      AND (updated_at + (sinbin_time || ' minutes')::INTERVAL) <= CURRENT_TIMESTAMP;\n    ","timestamp":"2026-09-25T15:55:00.308Z"}
{"duration":148,"level":"info","message":"db-query","rows":0,"text":"\n      SELECT company_id, driver_id \n      FROM driver_sinbins \n      WHERE is_active = TRUE \n      AND (updated_at + (sinbin_time || ' minutes')::INTERVAL) <= CURRENT_TIMESTAMP;\n    ","timestamp":"2026-09-25T15:56:00.156Z"}
{"duration":117,"level":"info","message":"db-query","rows":0,"text":"\n      SELECT company_id, driver_id \n      FROM driver_sinbins \n      WHERE is_active = TRUE \n      AND (updated_at + (sinbin_time || ' minutes')::INTERVAL) <= CURRENT_TIMESTAMP;\n    ","timestamp":"2026-09-25T15:57:00.128Z"}
{"duration":119,"level":"info","message":"db-query","rows":0,"text":"\n      SELECT company_id, driver_id \n      FROM driver_sinbins \n      WHERE is_active = TRUE \n      AND (updated_at + (sinbin_time || ' minutes')::INTERVAL) <= CURRENT_TIMESTAMP;\n    ","timestamp":"2026-09-25T15:58:00.130Z"}
{"duration":117,"level":"info","message":"db-query","rows":0,"text":"\n      SELECT company_id, driver_id \n      FROM driver_sinbins \n      WHERE is_active = TRUE \n      AND (updated_at + (sinbin_time || ' minutes')::INTERVAL) <= CURRENT_TIMESTAMP;\n    ","timestamp":"2026-09-25T15:59:00.127Z"}
{"duration":57,"level":"info","message":"db-query","rows":0,"text":"\n      SELECT company_id, driver_id \n      FROM driver_sinbins \n      WHERE is_active = TRUE \n      AND (updated_at + (sinbin_time || ' minutes')::INTERVAL) <= CURRENT_TIMESTAMP;\n    ","timestamp":"2026-09-25T16:00:00.073Z"}
{"duration":56,"level":"info","message":"db-query","rows":0,"text":"\n      SELECT company_id, driver_id \n      FROM driver_sinbins \n      WHERE is_active = TRUE \n      AND (updated_at + (sinbin_time || ' minutes')::INTERVAL) <= CURRENT_TIMESTAMP;\n    ","timestamp":"2026-09-25T16:01:00.072Z"}
{"duration":99,"level":"info","message":"db-query","rows":0,"text":"\n      SELECT company_id, driver_id \n      FROM driver_sinbins \n      WHERE is_active = TRUE \n      AND (updated_at + (sinbin_time || ' minutes')::INTERVAL) <= CURRENT_TIMESTAMP;\n    ","timestamp":"2026-09-25T16:02:00.126Z"}
{"duration":87,"level":"info","message":"db-query","rows":0,"text":"\n      SELECT company_id, driver_id \n      FROM driver_sinbins \n      WHERE is_active = TRUE \n      AND (updated_at + (sinbin_time || ' minutes')::INTERVAL) <= CURRENT_TIMESTAMP;\n    ","timestamp":"2026-09-25T16:03:00.092Z"}
{"duration":77,"level":"info","message":"db-query","rows":0,"text":"\n      SELECT company_id, driver_id \n      FROM driver_sinbins \n      WHERE is_active = TRUE \n      AND (updated_at + (sinbin_time || ' minutes')::INTERVAL) <= CURRENT_TIMESTAMP;\n    ","timestamp":"2026-09-25T16:04:00.088Z"}
{"duration":72,"level":"info","message":"db-query","rows":0,"text":"\n      SELECT company_id, driver_id \n      FROM driver_sinbins \n      WHERE is_active = TRUE \n      AND (updated_at + (sinbin_time || ' minutes')::INTERVAL) <= CURRENT_TIMESTAMP;\n    ","timestamp":"2026-09-25T16:05:00.083Z"}
{"duration":82,"level":"info","message":"db-query","rows":0,"text":"\n      SELECT company_id, driver_id \n      FROM driver_sinbins \n      WHERE is_active = TRUE \n      AND (updated_at + (sinbin_time || ' minutes')::INTERVAL) <= CURRENT_TIMESTAMP;\n    ","timestamp":"2026-09-25T16:06:00.099Z"}
{"duration":104,"level":"info","message":"db-query","rows":null,"text":"BEGIN","timestamp":"2026-09-25T16:06:50.618Z"}
{"duration":19,"level":"info","message":"db-query","rows":1,"text":"\n    INSERT INTO public.customers (name, email, mobile, telephone, blacklist, company_id)\n    VALUES ($1, $2, $3, $4, false, $5)\n    ON CONFLICT (mobile) DO UPDATE SET\n      name = COALESCE(EXCLUDED.name, customers.name),\n      email = COALESCE(EXCLUDED.email, customers.email),\n      telephone = COALESCE(EXCLUDED.telephone, customers.telephone),\n      company_id = COALESCE(EXCLUDED.company_id, customers.company_id)\n    RETURNING id;\n  ","timestamp":"2026-09-25T16:06:50.638Z"}
{"duration":5,"level":"info","message":"db-query","rows":0,"text":"SELECT * FROM fixed_fares WHERE vehicle_type_id=$1 AND company_id = $2","timestamp":"2026-09-25T16:06:50.647Z"}
{"duration":5,"level":"info","message":"db-query","rows":0,"text":"SELECT * FROM fare_configurations\n       WHERE vehicle_type_id=$1 AND company_id = $2\n       ORDER BY id ASC","timestamp":"2026-09-25T16:06:50.653Z"}
{"duration":4,"level":"info","message":"db-query","rows":0,"text":"SELECT * FROM fare_by_vehicles WHERE vehicle_type_id=$1 AND company_id=$2","timestamp":"2026-09-25T16:06:50.658Z"}
{"duration":4,"level":"info","message":"db-query","rows":0,"text":"\n      SELECT *\n      FROM fare_increments\n      WHERE company_id=$1\n      ORDER BY id DESC\n    ","timestamp":"2026-09-25T16:06:50.663Z"}
{"duration":8,"level":"info","message":"db-query","rows":1,"text":"\n      SELECT *\n      FROM surcharges\n      WHERE company_id=$1\n      AND active=true\n    ","timestamp":"2026-09-25T16:06:50.672Z"}
{"duration":2,"level":"info","message":"db-query","rows":0,"text":"SELECT * FROM locations WHERE location_type_id=2 AND company_id =$1","timestamp":"2026-09-25T16:06:50.675Z"}
{"duration":4,"level":"info","message":"db-query","rows":0,"text":"SELECT reference_number FROM bookings WHERE reference_number = $1 LIMIT 1","timestamp":"2026-09-25T16:06:50.684Z"}
{"duration":1,"level":"info","message":"db-query","rows":0,"text":"SELECT reference_number FROM bookings WHERE reference_number = $1 LIMIT 1","timestamp":"2026-09-25T16:06:50.687Z"}
{"duration":35,"level":"info","message":"db-query","rows":1,"text":"INSERT INTO bookings (reference_number,subsidiary_id,booking_type_id,booking_status_id,journey_type_id,customer_id,employee_id,pickup,dropoff,pickup_date,pickup_time,pickup_door_number,dropoff_door_number,pickup_latitude,pickup_longitude,dropoff_latitude,dropoff_longitude,viapoints,restricted_drivers,vehicle_type_id,passengers,luggages,hand_luggages,child_seat,name,email,mobile,telephone,lead_time,notes,special_instructions,payment_type_id,company_price,fares,total_charges,parking_charges,waiting_charges,extra_drop_charges,credit_card_charges,congestion_charges,miles,meet_and_greet,quotation,quoted,sms,emailflag,commission,skipped_bookings,booking_source,on_route,eta,company_id,booked_at,multi_booking_id)\n               VALUES ($1,$2,$3,$4,$5,$6,$7,$8,$9,$10,$11,$12,$13,$14,$15,$16,$17,$18,$19,$20,$21,$22,$23,$24,$25,$26,$27,$28,$29,$30,$31,$32,$33,$34,$35,$36,$37,$38,$39,$40,$41,$42,$43,$44,$45,$46,$47,$48,$49,$50,$51,$52,$53,$54)\n               RETURNING *;","timestamp":"2026-09-25T16:06:50.723Z"}
{"duration":2,"level":"info","message":"db-query","rows":1,"text":"UPDATE bookings\n     SET multi_booking_id = $1\n     WHERE id = $1","timestamp":"2026-09-25T16:06:50.725Z"}
{"duration":1,"level":"info","message":"db-query","rows":0,"text":"SELECT * FROM fixed_fares WHERE vehicle_type_id=$1 AND company_id = $2","timestamp":"2026-09-25T16:06:50.726Z"}
{"duration":1,"level":"info","message":"db-query","rows":0,"text":"SELECT * FROM fare_configurations\n       WHERE vehicle_type_id=$1 AND company_id = $2\n       ORDER BY id ASC","timestamp":"2026-09-25T16:06:50.727Z"}
{"duration":0,"level":"info","message":"db-query","rows":0,"text":"SELECT * FROM fare_by_vehicles WHERE vehicle_type_id=$1 AND company_id=$2","timestamp":"2026-09-25T16:06:50.727Z"}
{"duration":1,"level":"info","message":"db-query","rows":0,"text":"\n      SELECT *\n      FROM fare_increments\n      WHERE company_id=$1\n      ORDER BY id DESC\n    ","timestamp":"2026-09-25T16:06:50.730Z"}
{"duration":1,"level":"info","message":"db-query","rows":1,"text":"\n      SELECT *\n      FROM surcharges\n      WHERE company_id=$1\n      AND active=true\n    ","timestamp":"2026-09-25T16:06:50.731Z"}
{"duration":1,"level":"info","message":"db-query","rows":0,"text":"SELECT * FROM locations WHERE location_type_id=2 AND company_id =$1","timestamp":"2026-09-25T16:06:50.733Z"}
{"duration":1,"level":"info","message":"db-query","rows":0,"text":"SELECT reference_number FROM bookings WHERE reference_number = $1 LIMIT 1","timestamp":"2026-09-25T16:06:50.739Z"}
{"duration":1,"level":"info","message":"db-query","rows":0,"text":"SELECT reference_number FROM bookings WHERE reference_number = $1 LIMIT 1","timestamp":"2026-09-25T16:06:50.740Z"}
{"duration":3,"level":"info","message":"db-query","rows":1,"text":"INSERT INTO bookings (reference_number,subsidiary_id,booking_type_id,booking_status_id,journey_type_id,customer_id,employee_id,pickup,dropoff,pickup_date,pickup_time,pickup_door_number,dropoff_door_number,pickup_latitude,pickup_longitude,dropoff_latitude,dropoff_longitude,viapoints,restricted_drivers,vehicle_type_id,passengers,luggages,hand_luggages,child_seat,name,email,mobile,telephone,lead_time,notes,special_instructions,payment_type_id,company_price,fares,total_charges,parking_charges,waiting_charges,extra_drop_charges,credit_card_charges,congestion_charges,miles,meet_and_greet,quotation,quoted,sms,emailflag,multi_booking_id,associated_booking,commission,skipped_bookings,booking_source,on_route,eta,company_id,booked_at)\n               VALUES ($1,$2,$3,$4,$5,$6,$7,$8,$9,$10,$11,$12,$13,$14,$15,$16,$17,$18,$19,$20,$21,$22,$23,$24,$25,$26,$27,$28,$29,$30,$31,$32,$33,$34,$35,$36,$37,$38,$39,$40,$41,$42,$43,$44,$45,$46,$47,$48,$49,$50,$51,$52,$53,$54,$55)\n               RETURNING *;","timestamp":"2026-09-25T16:06:50.743Z"}
{"duration":1,"level":"info","message":"db-query","rows":0,"text":"SELECT * FROM fixed_fares WHERE vehicle_type_id=$1 AND company_id = $2","timestamp":"2026-09-25T16:06:50.746Z"}
{"duration":1,"level":"info","message":"db-query","rows":0,"text":"SELECT * FROM fare_configurations\n       WHERE vehicle_type_id=$1 AND company_id = $2\n       ORDER BY id ASC","timestamp":"2026-09-25T16:06:50.796Z"}
{"duration":1,"level":"info","message":"db-query","rows":0,"text":"\n      SELECT *\n      FROM fare_increments\n      WHERE company_id=$1\n      ORDER BY id DESC\n    ","timestamp":"2026-09-25T16:06:50.797Z"}
{"duration":1,"level":"info","message":"db-query","rows":1,"text":"\n      SELECT *\n      FROM surcharges\n      WHERE company_id=$1\n      AND active=true\n    ","timestamp":"2026-09-25T16:06:50.798Z"}
{"duration":1,"level":"info","message":"db-query","rows":0,"text":"SELECT * FROM locations WHERE location_type_id=2 AND company_id =$1","timestamp":"2026-09-25T16:06:50.800Z"}
{"duration":0,"level":"info","message":"db-query","rows":0,"text":"SELECT reference_number FROM bookings WHERE reference_number = $1 LIMIT 1","timestamp":"2026-09-25T16:06:50.810Z"}
{"duration":1,"level":"info","message":"db-query","rows":0,"text":"SELECT reference_number FROM bookings WHERE reference_number = $1 LIMIT 1","timestamp":"2026-09-25T16:06:50.812Z"}
{"duration":2,"level":"info","message":"db-query","rows":1,"text":"INSERT INTO bookings (reference_number,subsidiary_id,booking_type_id,booking_status_id,journey_type_id,customer_id,employee_id,pickup,dropoff,pickup_date,pickup_time,pickup_door_number,dropoff_door_number,pickup_latitude,pickup_longitude,dropoff_latitude,dropoff_longitude,viapoints,restricted_drivers,vehicle_type_id,passengers,luggages,hand_luggages,child_seat,name,email,mobile,telephone,lead_time,notes,special_instructions,payment_type_id,company_price,fares,total_charges,parking_charges,waiting_charges,extra_drop_charges,credit_card_charges,congestion_charges,miles,meet_and_greet,quotation,quoted,sms,emailflag,commission,skipped_bookings,booking_source,on_route,eta,company_id,booked_at,multi_booking_id)\n               VALUES ($1,$2,$3,$4,$5,$6,$7,$8,$9,$10,$11,$12,$13,$14,$15,$16,$17,$18,$19,$20,$21,$22,$23,$24,$25,$26,$27,$28,$29,$30,$31,$32,$33,$34,$35,$36,$37,$38,$39,$40,$41,$42,$43,$44,$45,$46,$47,$48,$49,$50,$51,$52,$53,$54)\n               RETURNING *;","timestamp":"2026-09-25T16:06:50.814Z"}
{"duration":1,"level":"info","message":"db-query","rows":1,"text":"UPDATE bookings\n     SET multi_booking_id = $1\n     WHERE id = $2","timestamp":"2026-09-25T16:06:50.817Z"}
{"duration":1,"level":"info","message":"db-query","rows":0,"text":"SELECT * FROM fixed_fares WHERE vehicle_type_id=$1 AND company_id = $2","timestamp":"2026-09-25T16:06:50.865Z"}
{"duration":1,"level":"info","message":"db-query","rows":0,"text":"SELECT * FROM fare_configurations\n       WHERE vehicle_type_id=$1 AND company_id = $2\n       ORDER BY id ASC","timestamp":"2026-09-25T16:06:50.866Z"}
{"duration":10,"level":"info","message":"db-query","rows":0,"text":"\n      SELECT *\n      FROM fare_increments\n      WHERE company_id=$1\n      ORDER BY id DESC\n    ","timestamp":"2026-09-25T16:06:50.876Z"}
{"duration":1,"level":"info","message":"db-query","rows":1,"text":"\n      SELECT *\n      FROM surcharges\n      WHERE company_id=$1\n      AND active=true\n    ","timestamp":"2026-09-25T16:06:50.890Z"}
{"duration":4,"level":"info","message":"db-query","rows":0,"text":"SELECT * FROM locations WHERE location_type_id=2 AND company_id =$1","timestamp":"2026-09-25T16:06:50.895Z"}
{"duration":2,"level":"info","message":"db-query","rows":0,"text":"SELECT reference_number FROM bookings WHERE reference_number = $1 LIMIT 1","timestamp":"2026-09-25T16:06:50.903Z"}
{"duration":1,"level":"info","message":"db-query","rows":0,"text":"SELECT reference_number FROM bookings WHERE reference_number = $1 LIMIT 1","timestamp":"2026-09-25T16:06:50.906Z"}
{"duration":2,"level":"info","message":"db-query","rows":1,"text":"INSERT INTO bookings (reference_number,subsidiary_id,booking_type_id,booking_status_id,journey_type_id,customer_id,employee_id,pickup,dropoff,pickup_date,pickup_time,pickup_door_number,dropoff_door_number,pickup_latitude,pickup_longitude,dropoff_latitude,dropoff_longitude,viapoints,restricted_drivers,vehicle_type_id,passengers,luggages,hand_luggages,child_seat,name,email,mobile,telephone,lead_time,notes,special_instructions,payment_type_id,company_price,fares,total_charges,parking_charges,waiting_charges,extra_drop_charges,credit_card_charges,congestion_charges,miles,meet_and_greet,quotation,quoted,sms,emailflag,multi_booking_id,associated_booking,commission,skipped_bookings,booking_source,on_route,eta,company_id,booked_at)\n               VALUES ($1,$2,$3,$4,$5,$6,$7,$8,$9,$10,$11,$12,$13,$14,$15,$16,$17,$18,$19,$20,$21,$22,$23,$24,$25,$26,$27,$28,$29,$30,$31,$32,$33,$34,$35,$36,$37,$38,$39,$40,$41,$42,$43,$44,$45,$46,$47,$48,$49,$50,$51,$52,$53,$54,$55)\n               RETURNING *;","timestamp":"2026-09-25T16:06:50.909Z"}
{"duration":0,"level":"info","message":"db-query","rows":0,"text":"SELECT * FROM fixed_fares WHERE vehicle_type_id=$1 AND company_id = $2","timestamp":"2026-09-25T16:06:50.910Z"}
{"duration":0,"level":"info","message":"db-query","rows":0,"text":"SELECT * FROM fare_configurations\n       WHERE vehicle_type_id=$1 AND company_id = $2\n       ORDER BY id ASC","timestamp":"2026-09-25T16:06:50.911Z"}
{"duration":0,"level":"info","message":"db-query","rows":0,"text":"\n      SELECT *\n      FROM fare_increments\n      WHERE company_id=$1\n      ORDER BY id DESC\n    ","timestamp":"2026-09-25T16:06:50.912Z"}
{"duration":1,"level":"info","message":"db-query","rows":1,"text":"\n      SELECT *\n      FROM surcharges\n      WHERE company_id=$1\n      AND active=true\n    ","timestamp":"2026-09-25T16:06:50.914Z"}
{"duration":1,"level":"info","message":"db-query","rows":0,"text":"SELECT * FROM locations WHERE location_type_id=2 AND company_id =$1","timestamp":"2026-09-25T16:06:50.915Z"}
{"duration":1,"level":"info","message":"db-query","rows":0,"text":"SELECT reference_number FROM bookings WHERE reference_number = $1 LIMIT 1","timestamp":"2026-09-25T16:06:50.918Z"}
{"duration":0,"level":"info","message":"db-query","rows":0,"text":"SELECT reference_number FROM bookings WHERE reference_number = $1 LIMIT 1","timestamp":"2026-09-25T16:06:50.925Z"}
{"duration":2,"level":"info","message":"db-query","rows":1,"text":"INSERT INTO bookings (reference_number,subsidiary_id,booking_type_id,booking_status_id,journey_type_id,customer_id,employee_id,pickup,dropoff,pickup_date,pickup_time,pickup_door_number,dropoff_door_number,pickup_latitude,pickup_longitude,dropoff_latitude,dropoff_longitude,viapoints,restricted_drivers,vehicle_type_id,passengers,luggages,hand_luggages,child_seat,name,email,mobile,telephone,lead_time,notes,special_instructions,payment_type_id,company_price,fares,total_charges,parking_charges,waiting_charges,extra_drop_charges,credit_card_charges,congestion_charges,miles,meet_and_greet,quotation,quoted,sms,emailflag,commission,skipped_bookings,booking_source,on_route,eta,company_id,booked_at,multi_booking_id)\n               VALUES ($1,$2,$3,$4,$5,$6,$7,$8,$9,$10,$11,$12,$13,$14,$15,$16,$17,$18,$19,$20,$21,$22,$23,$24,$25,$26,$27,$28,$29,$30,$31,$32,$33,$34,$35,$36,$37,$38,$39,$40,$41,$42,$43,$44,$45,$46,$47,$48,$49,$50,$51,$52,$53,$54)\n               RETURNING *;","timestamp":"2026-09-25T16:06:50.928Z"}
{"duration":1,"level":"info","message":"db-query","rows":1,"text":"UPDATE bookings\n     SET multi_booking_id = $1\n     WHERE id = $2","timestamp":"2026-09-25T16:06:50.950Z"}
{"duration":1,"level":"info","message":"db-query","rows":0,"text":"SELECT * FROM fixed_fares WHERE vehicle_type_id=$1 AND company_id = $2","timestamp":"2026-09-25T16:06:50.958Z"}
{"duration":1,"level":"info","message":"db-query","rows":0,"text":"SELECT * FROM fare_configurations\n       WHERE vehicle_type_id=$1 AND company_id = $2\n       ORDER BY id ASC","timestamp":"2026-09-25T16:06:50.959Z"}
{"duration":1,"level":"info","message":"db-query","rows":0,"text":"\n      SELECT *\n      FROM fare_increments\n      WHERE company_id=$1\n      ORDER BY id DESC\n    ","timestamp":"2026-09-25T16:06:50.960Z"}
{"duration":1,"level":"info","message":"db-query","rows":1,"text":"\n      SELECT *\n      FROM surcharges\n      WHERE company_id=$1\n      AND active=true\n    ","timestamp":"2026-09-25T16:06:50.961Z"}
{"duration":1,"level":"info","message":"db-query","rows":0,"text":"SELECT * FROM locations WHERE location_type_id=2 AND company_id =$1","timestamp":"2026-09-25T16:06:50.963Z"}
{"duration":0,"level":"info","message":"db-query","rows":0,"text":"SELECT reference_number FROM bookings WHERE reference_number = $1 LIMIT 1","timestamp":"2026-09-25T16:06:50.965Z"}
{"duration":0,"level":"info","message":"db-query","rows":0,"text":"SELECT reference_number FROM bookings WHERE reference_number = $1 LIMIT 1","timestamp":"2026-09-25T16:06:50.966Z"}
{"duration":2,"level":"info","message":"db-query","rows":1,"text":"INSERT INTO bookings (reference_number,subsidiary_id,booking_type_id,booking_status_id,journey_type_id,customer_id,employee_id,pickup,dropoff,pickup_date,pickup_time,pickup_door_number,dropoff_door_number,pickup_latitude,pickup_longitude,dropoff_latitude,dropoff_longitude,viapoints,restricted_drivers,vehicle_type_id,passengers,luggages,hand_luggages,child_seat,name,email,mobile,telephone,lead_time,notes,special_instructions,payment_type_id,company_price,fares,total_charges,parking_charges,waiting_charges,extra_drop_charges,credit_card_charges,congestion_charges,miles,meet_and_greet,quotation,quoted,sms,emailflag,multi_booking_id,associated_booking,commission,skipped_bookings,booking_source,on_route,eta,company_id,booked_at)\n               VALUES ($1,$2,$3,$4,$5,$6,$7,$8,$9,$10,$11,$12,$13,$14,$15,$16,$17,$18,$19,$20,$21,$22,$23,$24,$25,$26,$27,$28,$29,$30,$31,$32,$33,$34,$35,$36,$37,$38,$39,$40,$41,$42,$43,$44,$45,$46,$47,$48,$49,$50,$51,$52,$53,$54,$55)\n               RETURNING *;","timestamp":"2026-09-25T16:06:50.969Z"}
{"duration":1,"level":"info","message":"db-query","rows":0,"text":"SELECT * FROM fixed_fares WHERE vehicle_type_id=$1 AND company_id = $2","timestamp":"2026-09-25T16:06:50.975Z"}
{"duration":1,"level":"info","message":"db-query","rows":0,"text":"SELECT * FROM fare_configurations\n       WHERE vehicle_type_id=$1 AND company_id = $2\n       ORDER BY id ASC","timestamp":"2026-09-25T16:06:50.976Z"}
{"duration":1,"level":"info","message":"db-query","rows":0,"text":"\n      SELECT *\n      FROM fare_increments\n      WHERE company_id=$1\n      ORDER BY id DESC\n    ","timestamp":"2026-09-25T16:06:50.977Z"}
{"duration":1,"level":"info","message":"db-query","rows":1,"text":"\n      SELECT *\n      FROM surcharges\n      WHERE company_id=$1\n      AND active=true\n    ","timestamp":"2026-09-25T16:06:50.978Z"}
{"duration":1,"level":"info","message":"db-query","rows":0,"text":"SELECT * FROM locations WHERE location_type_id=2 AND company_id =$1","timestamp":"2026-09-25T16:06:50.979Z"}
{"duration":1,"level":"info","message":"db-query","rows":0,"text":"SELECT reference_number FROM bookings WHERE reference_number = $1 LIMIT 1","timestamp":"2026-09-25T16:06:50.983Z"}
{"duration":1,"level":"info","message":"db-query","rows":0,"text":"SELECT reference_number FROM bookings WHERE reference_number = $1 LIMIT 1","timestamp":"2026-09-25T16:06:50.984Z"}
{"duration":2,"level":"info","message":"db-query","rows":1,"text":"INSERT INTO bookings (reference_number,subsidiary_id,booking_type_id,booking_status_id,journey_type_id,customer_id,employee_id,pickup,dropoff,pickup_date,pickup_time,pickup_door_number,dropoff_door_number,pickup_latitude,pickup_longitude,dropoff_latitude,dropoff_longitude,viapoints,restricted_drivers,vehicle_type_id,passengers,luggages,hand_luggages,child_seat,name,email,mobile,telephone,lead_time,notes,special_instructions,payment_type_id,company_price,fares,total_charges,parking_charges,waiting_charges,extra_drop_charges,credit_card_charges,congestion_charges,miles,meet_and_greet,quotation,quoted,sms,emailflag,commission,skipped_bookings,booking_source,on_route,eta,company_id,booked_at,multi_booking_id)\n               VALUES ($1,$2,$3,$4,$5,$6,$7,$8,$9,$10,$11,$12,$13,$14,$15,$16,$17,$18,$19,$20,$21,$22,$23,$24,$25,$26,$27,$28,$29,$30,$31,$32,$33,$34,$35,$36,$37,$38,$39,$40,$41,$42,$43,$44,$45,$46,$47,$48,$49,$50,$51,$52,$53,$54)\n               RETURNING *;","timestamp":"2026-09-25T16:06:50.987Z"}
{"duration":1,"level":"info","message":"db-query","rows":1,"text":"UPDATE bookings\n     SET multi_booking_id = $1\n     WHERE id = $2","timestamp":"2026-09-25T16:06:50.990Z"}
{"duration":1,"level":"info","message":"db-query","rows":0,"text":"SELECT * FROM fixed_fares WHERE vehicle_type_id=$1 AND company_id = $2","timestamp":"2026-09-25T16:06:50.992Z"}
{"duration":1,"level":"info","message":"db-query","rows":0,"text":"SELECT * FROM fare_configurations\n       WHERE vehicle_type_id=$1 AND company_id = $2\n       ORDER BY id ASC","timestamp":"2026-09-25T16:06:50.993Z"}
{"duration":1,"level":"info","message":"db-query","rows":0,"text":"\n      SELECT *\n      FROM fare_increments\n      WHERE company_id=$1\n      ORDER BY id DESC\n    ","timestamp":"2026-09-25T16:06:50.994Z"}
{"duration":1,"level":"info","message":"db-query","rows":1,"text":"\n      SELECT *\n      FROM surcharges\n      WHERE company_id=$1\n      AND active=true\n    ","timestamp":"2026-09-25T16:06:50.995Z"}
{"duration":1,"level":"info","message":"db-query","rows":0,"text":"SELECT * FROM locations WHERE location_type_id=2 AND company_id =$1","timestamp":"2026-09-25T16:06:50.996Z"}
{"duration":1,"level":"info","message":"db-query","rows":0,"text":"SELECT reference_number FROM bookings WHERE reference_number = $1 LIMIT 1","timestamp":"2026-09-25T16:06:51.001Z"}
{"duration":1,"level":"info","message":"db-query","rows":0,"text":"SELECT reference_number FROM bookings WHERE reference_number = $1 LIMIT 1","timestamp":"2026-09-25T16:06:51.002Z"}
{"duration":2,"level":"info","message":"db-query","rows":1,"text":"INSERT INTO bookings (reference_number,subsidiary_id,booking_type_id,booking_status_id,journey_type_id,customer_id,employee_id,pickup,dropoff,pickup_date,pickup_time,pickup_door_number,dropoff_door_number,pickup_latitude,pickup_longitude,dropoff_latitude,dropoff_longitude,viapoints,restricted_drivers,vehicle_type_id,passengers,luggages,hand_luggages,child_seat,name,email,mobile,telephone,lead_time,notes,special_instructions,payment_type_id,company_price,fares,total_charges,parking_charges,waiting_charges,extra_drop_charges,credit_card_charges,congestion_charges,miles,meet_and_greet,quotation,quoted,sms,emailflag,multi_booking_id,associated_booking,commission,skipped_bookings,booking_source,on_route,eta,company_id,booked_at)\n               VALUES ($1,$2,$3,$4,$5,$6,$7,$8,$9,$10,$11,$12,$13,$14,$15,$16,$17,$18,$19,$20,$21,$22,$23,$24,$25,$26,$27,$28,$29,$30,$31,$32,$33,$34,$35,$36,$37,$38,$39,$40,$41,$42,$43,$44,$45,$46,$47,$48,$49,$50,$51,$52,$53,$54,$55)\n               RETURNING *;","timestamp":"2026-09-25T16:06:51.009Z"}
{"duration":1,"level":"info","message":"db-query","rows":0,"text":"SELECT * FROM fixed_fares WHERE vehicle_type_id=$1 AND company_id = $2","timestamp":"2026-09-25T16:06:51.011Z"}
{"duration":1,"level":"info","message":"db-query","rows":0,"text":"SELECT * FROM fare_configurations\n       WHERE vehicle_type_id=$1 AND company_id = $2\n       ORDER BY id ASC","timestamp":"2026-09-25T16:06:51.012Z"}
{"duration":1,"level":"info","message":"db-query","rows":0,"text":"\n      SELECT *\n      FROM fare_increments\n      WHERE company_id=$1\n      ORDER BY id DESC\n    ","timestamp":"2026-09-25T16:06:51.013Z"}
{"duration":1,"level":"info","message":"db-query","rows":1,"text":"\n      SELECT *\n      FROM surcharges\n      WHERE company_id=$1\n      AND active=true\n    ","timestamp":"2026-09-25T16:06:51.014Z"}
{"duration":1,"level":"info","message":"db-query","rows":0,"text":"SELECT * FROM locations WHERE location_type_id=2 AND company_id =$1","timestamp":"2026-09-25T16:06:51.016Z"}
{"duration":2,"level":"info","message":"db-query","rows":0,"text":"SELECT reference_number FROM bookings WHERE reference_number = $1 LIMIT 1","timestamp":"2026-09-25T16:06:51.019Z"}
{"duration":1,"level":"info","message":"db-query","rows":0,"text":"SELECT reference_number FROM bookings WHERE reference_number = $1 LIMIT 1","timestamp":"2026-09-25T16:06:51.023Z"}
{"duration":1,"level":"info","message":"db-query","rows":1,"text":"INSERT INTO bookings (reference_number,subsidiary_id,booking_type_id,booking_status_id,journey_type_id,customer_id,employee_id,pickup,dropoff,pickup_date,pickup_time,pickup_door_number,dropoff_door_number,pickup_latitude,pickup_longitude,dropoff_latitude,dropoff_longitude,viapoints,restricted_drivers,vehicle_type_id,passengers,luggages,hand_luggages,child_seat,name,email,mobile,telephone,lead_time,notes,special_instructions,payment_type_id,company_price,fares,total_charges,parking_charges,waiting_charges,extra_drop_charges,credit_card_charges,congestion_charges,miles,meet_and_greet,quotation,quoted,sms,emailflag,commission,skipped_bookings,booking_source,on_route,eta,company_id,booked_at,multi_booking_id)\n               VALUES ($1,$2,$3,$4,$5,$6,$7,$8,$9,$10,$11,$12,$13,$14,$15,$16,$17,$18,$19,$20,$21,$22,$23,$24,$25,$26,$27,$28,$29,$30,$31,$32,$33,$34,$35,$36,$37,$38,$39,$40,$41,$42,$43,$44,$45,$46,$47,$48,$49,$50,$51,$52,$53,$54)\n               RETURNING *;","timestamp":"2026-09-25T16:06:51.025Z"}
{"duration":1,"level":"info","message":"db-query","rows":1,"text":"UPDATE bookings\n     SET multi_booking_id = $1\n     WHERE id = $2","timestamp":"2026-09-25T16:06:51.027Z"}
{"duration":1,"level":"info","message":"db-query","rows":0,"text":"SELECT * FROM fixed_fares WHERE vehicle_type_id=$1 AND company_id = $2","timestamp":"2026-09-25T16:06:51.028Z"}
{"duration":1,"level":"info","message":"db-query","rows":0,"text":"SELECT * FROM fare_configurations\n       WHERE vehicle_type_id=$1 AND company_id = $2\n       ORDER BY id ASC","timestamp":"2026-09-25T16:06:51.029Z"}
{"duration":1,"level":"info","message":"db-query","rows":0,"text":"\n      SELECT *\n      FROM fare_increments\n      WHERE company_id=$1\n      ORDER BY id DESC\n    ","timestamp":"2026-09-25T16:06:51.030Z"}
{"duration":1,"level":"info","message":"db-query","rows":1,"text":"\n      SELECT *\n      FROM surcharges\n      WHERE company_id=$1\n      AND active=true\n    ","timestamp":"2026-09-25T16:06:51.031Z"}
{"duration":1,"level":"info","message":"db-query","rows":0,"text":"SELECT * FROM locations WHERE location_type_id=2 AND company_id =$1","timestamp":"2026-09-25T16:06:51.032Z"}
{"duration":0,"level":"info","message":"db-query","rows":0,"text":"SELECT reference_number FROM bookings WHERE reference_number = $1 LIMIT 1","timestamp":"2026-09-25T16:06:51.034Z"}
{"duration":1,"level":"info","message":"db-query","rows":0,"text":"SELECT reference_number FROM bookings WHERE reference_number = $1 LIMIT 1","timestamp":"2026-09-25T16:06:51.037Z"}
{"duration":2,"level":"info","message":"db-query","rows":1,"text":"INSERT INTO bookings (reference_number,subsidiary_id,booking_type_id,booking_status_id,journey_type_id,customer_id,employee_id,pickup,dropoff,pickup_date,pickup_time,pickup_door_number,dropoff_door_number,pickup_latitude,pickup_longitude,dropoff_latitude,dropoff_longitude,viapoints,restricted_drivers,vehicle_type_id,passengers,luggages,hand_luggages,child_seat,name,email,mobile,telephone,lead_time,notes,special_instructions,payment_type_id,company_price,fares,total_charges,parking_charges,waiting_charges,extra_drop_charges,credit_card_charges,congestion_charges,miles,meet_and_greet,quotation,quoted,sms,emailflag,multi_booking_id,associated_booking,commission,skipped_bookings,booking_source,on_route,eta,company_id,booked_at)\n               VALUES ($1,$2,$3,$4,$5,$6,$7,$8,$9,$10,$11,$12,$13,$14,$15,$16,$17,$18,$19,$20,$21,$22,$23,$24,$25,$26,$27,$28,$29,$30,$31,$32,$33,$34,$35,$36,$37,$38,$39,$40,$41,$42,$43,$44,$45,$46,$47,$48,$49,$50,$51,$52,$53,$54,$55)\n               RETURNING *;","timestamp":"2026-09-25T16:06:51.042Z"}
{"duration":35,"level":"info","message":"db-query","rows":1,"text":"\n    \nSELECT\n  b.id,\n  b.reference_number,\n  b.subsidiary_id,\n  b.booking_type_id,\n  b.booking_status_id,\n  b.journey_type_id,\n  b.account_id,\n  b.customer_id,\n  b.employee_id,\n  b.pickup,\n  b.dropoff,\n  b.pickup_date,\n  b.pickup_time,\n  b.dropoff_date,\n  b.dropoff_time,\n  b.pickup_door_number,\n  b.dropoff_door_number,\n  b.pickup_plot,\n  b.dropoff_plot,\n  b.pickup_location_type_id,\n  b.dropoff_location_type_id,\n  b.pickup_latitude,\n  b.pickup_longitude,\n  b.dropoff_latitude,\n  b.dropoff_longitude,\n  b.viapoints,\n  b.restricted_drivers,\n  b.flight_number,\n  b.arriving_from,\n  b.vehicle_type_id,\n  b.vehicle_id,\n  b.driver_id,\n  b.passengers,\n  b.luggages,\n  b.hand_luggages,\n  b.child_seat,\n  b.name,\n  b.email,\n  b.mobile,\n  b.telephone,\n  b.lead_time,\n  b.notes,\n  b.special_instructions,\n  b.payment_type_id,\n  b.company_price,\n  b.fares,\n  b.total_charges,\n  b.parking_charges,\n  b.waiting_charges,\n  b.extra_drop_charges,\n  b.credit_card_charges,\n  b.congestion_charges,\n  b.miles,\n  b.meet_and_greet,\n  b.department,\n  b.escort_id,\n  b.order_number,\n  b.booked_by,\n  b.add_return_fare,\n  b.fare_meter_status,\n  b.fare_meter,\n  b.quotation,\n  b.quoted,\n  b.dispatch,\n  b.dispatch_as,\n  b.sms,\n  b.emailflag,\n  b.trash,\n  b.hidden,\n  b.multi_booking_id,\n  b.associated_booking,\n  b.invoice_status,\n  b.commission_status,\n  b.commission,\n  b.skipped_bookings,\n  b.permanent,\n  b.toggle_driver_text,\n  b.toggle_passenger_text,\n  b.cancelled_reason,\n  b.booking_source,\n  b.on_route,\n  b.arrived,\n  b.passenger_on_board,\n  b.completed,\n  b.controller_completed,\n  b.driver_waiting_time,\n  b.dispatched_at,\n  b.booked_at,\n  b.stripe_customer_id,\n  b.stripe_payment_id,\n  b.invoice_number,\n  b.initial_subsidiary_id,\n  b.created_at,\n  b.updated_at,\n  b.eta,\n  b.fob,\n  b.future,\n\n  json_build_object(\n    'booking_status', bs.booking_status\n  ) AS booking_status,\n\n  json_build_object(\n    'booking_type', bt.booking_type\n  ) AS booking_type,\n\n  json_build_object(\n    'journey_type', jt.journey_type\n  ) AS journey_type,\n\n  json_build_object(\n    'id', s.id,\n    'name', s.name,\n    'telephone_number', s.telephone_number\n  ) AS subsidiary,\n\n  json_build_object(\n    'name', vt.name,\n    'background_color', vt.background_color,\n    'foreground_color', vt.foreground_color\n  ) AS vehicle_type,\n\n  json_build_object(\n    'id', pt.id,\n    'name', pt.name,\n    'background_color', pt.background_color,\n    'foreground_color', pt.foreground_color\n  ) AS payment_type,\n\n  json_build_object(\n    'id', a.id,\n    'name', a.name,\n    'background_color', a.background_color,\n    'foreground_color', a.foreground_color,\n    'has_vat', a.has_vat,\n    'bank_information', a.bank_information,\n    'fare_controller', a.fare_controller,\n    'account_fees_type', a.account_fees_type,\n    'account_fees', a.account_fees,\n    'account_fees_vat', a.account_fees_vat\n  ) AS account,\n\n  json_build_object(\n    'id', d.id,\n    'username', d.username,\n    'name', d.name,\n    'mobile_device_id', d.mobile_device_id,\n    'phc_vehicle_number', d.phc_vehicle_number,\n    'phc_driver_number', d.phc_driver_number,\n    'vehicle_id', d.vehicle_id,\n    'driver_commission', d.driver_commission,\n    'session_status', d.session_status,\n\n    'vehicle', json_build_object(\n      'make', v.make,\n      'model', v.model,\n      'color', v.color,\n      'vehicle_number', v.vehicle_number\n    )\n  ) AS driver,\n\n  json_build_object(\n    'door_number', c.door_number,\n    'address1', c.address1,\n    'address2', c.address2,\n    'blacklist', c.blacklist\n  ) AS customer,\n\n  json_build_object(\n    'username', e.username,\n    'role_id', e.role_id\n  ) AS employee,\n\n  json_build_object(\n    'pickup',\n    CASE\n      WHEN lp.id IS NOT NULL THEN\n        json_build_object(\n          'id', lp.id,\n          'name', lp.name,\n          'location_type', json_build_object(\n            'id', ltp.id,\n            'name', ltp.name,\n            'background_color', ltp.background_color,\n            'foreground_color', ltp.foreground_color\n          )\n        )\n      ELSE\n        json_build_object(\n          'id', null,\n          'name', null,\n          'location_type', json_build_object(\n            'id', null,\n            'name', null,\n            'background_color', null,\n            'foreground_color', null\n          )\n        )\n    END,\n\n    'dropoff',\n    CASE\n      WHEN ld.id IS NOT NULL THEN\n        json_build_object(\n          'id', ld.id,\n          'name', ld.name,\n          'location_type', json_build_object(\n            'id', ltd.id,\n            'name', ltd.name,\n            'background_color', ltd.background_color,\n            'foreground_color', ltd.foreground_color\n          )\n        )\n      ELSE\n        json_build_object(\n          'id', null,\n          'name', null,\n          'location_type', json_build_object(\n            'id', null,\n            'name', null,\n            'background_color', null,\n            'foreground_color', null\n          )\n        )\n    END\n  ) AS airport\n\nFROM bookings b\n\nLEFT JOIN booking_statuses bs\n  ON b.booking_status_id = bs.id\n\nLEFT JOIN booking_types bt\n  ON b.booking_type_id = bt.id\n\nLEFT JOIN journey_types jt\n  ON b.journey_type_id = jt.id\n\nLEFT JOIN subsidiaries s\n  ON b.subsidiary_id = s.id\n\nLEFT JOIN vehicle_types vt\n  ON b.vehicle_type_id = vt.id\n\nLEFT JOIN payment_types pt\n  ON b.payment_type_id = pt.id\n\nLEFT JOIN accounts a\n  ON b.account_id = a.id\n\nLEFT JOIN drivers d\n  ON b.driver_id = d.id\n\nLEFT JOIN vehicles v\n  ON d.vehicle_id = v.id\n\nLEFT JOIN customers c\n  ON b.customer_id = c.id\n\nLEFT JOIN employees e\n  ON b.employee_id = e.id\n\n\n-- PICKUP LOCATION\n-- Select only the most specific matching location\nLEFT JOIN LATERAL (\n  SELECT l.*\n  FROM locations l\n  WHERE l.location_type_id = 2\n    AND b.pickup ILIKE '%' || l.name || '%'\n  ORDER BY LENGTH(l.name) DESC, l.id ASC\n  LIMIT 1\n) lp ON true\n\n\n-- DROPOFF LOCATION\n-- Select only the most specific matching location\nLEFT JOIN LATERAL (\n  SELECT l.*\n  FROM locations l\n  WHERE l.location_type_id = 2\n    AND b.dropoff ILIKE '%' || l.name || '%'\n  ORDER BY LENGTH(l.name) DESC, l.id ASC\n  LIMIT 1\n) ld ON true\n\n\nLEFT JOIN location_types ltp\n  ON lp.location_type_id = ltp.id\n\nLEFT JOIN location_types ltd\n  ON ld.location_type_id = ltd.id\n\n\n    WHERE b.id = $1\n  ","timestamp":"2026-09-25T16:06:51.078Z"}
{"duration":11,"level":"info","message":"db-query","rows":1,"text":"\n    \nSELECT\n  b.id,\n  b.reference_number,\n  b.subsidiary_id,\n  b.booking_type_id,\n  b.booking_status_id,\n  b.journey_type_id,\n  b.account_id,\n  b.customer_id,\n  b.employee_id,\n  b.pickup,\n  b.dropoff,\n  b.pickup_date,\n  b.pickup_time,\n  b.dropoff_date,\n  b.dropoff_time,\n  b.pickup_door_number,\n  b.dropoff_door_number,\n  b.pickup_plot,\n  b.dropoff_plot,\n  b.pickup_location_type_id,\n  b.dropoff_location_type_id,\n  b.pickup_latitude,\n  b.pickup_longitude,\n  b.dropoff_latitude,\n  b.dropoff_longitude,\n  b.viapoints,\n  b.restricted_drivers,\n  b.flight_number,\n  b.arriving_from,\n  b.vehicle_type_id,\n  b.vehicle_id,\n  b.driver_id,\n  b.passengers,\n  b.luggages,\n  b.hand_luggages,\n  b.child_seat,\n  b.name,\n  b.email,\n  b.mobile,\n  b.telephone,\n  b.lead_time,\n  b.notes,\n  b.special_instructions,\n  b.payment_type_id,\n  b.company_price,\n  b.fares,\n  b.total_charges,\n  b.parking_charges,\n  b.waiting_charges,\n  b.extra_drop_charges,\n  b.credit_card_charges,\n  b.congestion_charges,\n  b.miles,\n  b.meet_and_greet,\n  b.department,\n  b.escort_id,\n  b.order_number,\n  b.booked_by,\n  b.add_return_fare,\n  b.fare_meter_status,\n  b.fare_meter,\n  b.quotation,\n  b.quoted,\n  b.dispatch,\n  b.dispatch_as,\n  b.sms,\n  b.emailflag,\n  b.trash,\n  b.hidden,\n  b.multi_booking_id,\n  b.associated_booking,\n  b.invoice_status,\n  b.commission_status,\n  b.commission,\n  b.skipped_bookings,\n  b.permanent,\n  b.toggle_driver_text,\n  b.toggle_passenger_text,\n  b.cancelled_reason,\n  b.booking_source,\n  b.on_route,\n  b.arrived,\n  b.passenger_on_board,\n  b.completed,\n  b.controller_completed,\n  b.driver_waiting_time,\n  b.dispatched_at,\n  b.booked_at,\n  b.stripe_customer_id,\n  b.stripe_payment_id,\n  b.invoice_number,\n  b.initial_subsidiary_id,\n  b.created_at,\n  b.updated_at,\n  b.eta,\n  b.fob,\n  b.future,\n\n  json_build_object(\n    'booking_status', bs.booking_status\n  ) AS booking_status,\n\n  json_build_object(\n    'booking_type', bt.booking_type\n  ) AS booking_type,\n\n  json_build_object(\n    'journey_type', jt.journey_type\n  ) AS journey_type,\n\n  json_build_object(\n    'id', s.id,\n    'name', s.name,\n    'telephone_number', s.telephone_number\n  ) AS subsidiary,\n\n  json_build_object(\n    'name', vt.name,\n    'background_color', vt.background_color,\n    'foreground_color', vt.foreground_color\n  ) AS vehicle_type,\n\n  json_build_object(\n    'id', pt.id,\n    'name', pt.name,\n    'background_color', pt.background_color,\n    'foreground_color', pt.foreground_color\n  ) AS payment_type,\n\n  json_build_object(\n    'id', a.id,\n    'name', a.name,\n    'background_color', a.background_color,\n    'foreground_color', a.foreground_color,\n    'has_vat', a.has_vat,\n    'bank_information', a.bank_information,\n    'fare_controller', a.fare_controller,\n    'account_fees_type', a.account_fees_type,\n    'account_fees', a.account_fees,\n    'account_fees_vat', a.account_fees_vat\n  ) AS account,\n\n  json_build_object(\n    'id', d.id,\n    'username', d.username,\n    'name', d.name,\n    'mobile_device_id', d.mobile_device_id,\n    'phc_vehicle_number', d.phc_vehicle_number,\n    'phc_driver_number', d.phc_driver_number,\n    'vehicle_id', d.vehicle_id,\n    'driver_commission', d.driver_commission,\n    'session_status', d.session_status,\n\n    'vehicle', json_build_object(\n      'make', v.make,\n      'model', v.model,\n      'color', v.color,\n      'vehicle_number', v.vehicle_number\n    )\n  ) AS driver,\n\n  json_build_object(\n    'door_number', c.door_number,\n    'address1', c.address1,\n    'address2', c.address2,\n    'blacklist', c.blacklist\n  ) AS customer,\n\n  json_build_object(\n    'username', e.username,\n    'role_id', e.role_id\n  ) AS employee,\n\n  json_build_object(\n    'pickup',\n    CASE\n      WHEN lp.id IS NOT NULL THEN\n        json_build_object(\n          'id', lp.id,\n          'name', lp.name,\n          'location_type', json_build_object(\n            'id', ltp.id,\n            'name', ltp.name,\n            'background_color', ltp.background_color,\n            'foreground_color', ltp.foreground_color\n          )\n        )\n      ELSE\n        json_build_object(\n          'id', null,\n          'name', null,\n          'location_type', json_build_object(\n            'id', null,\n            'name', null,\n            'background_color', null,\n            'foreground_color', null\n          )\n        )\n    END,\n\n    'dropoff',\n    CASE\n      WHEN ld.id IS NOT NULL THEN\n        json_build_object(\n          'id', ld.id,\n          'name', ld.name,\n          'location_type', json_build_object(\n            'id', ltd.id,\n            'name', ltd.name,\n            'background_color', ltd.background_color,\n            'foreground_color', ltd.foreground_color\n          )\n        )\n      ELSE\n        json_build_object(\n          'id', null,\n          'name', null,\n          'location_type', json_build_object(\n            'id', null,\n            'name', null,\n            'background_color', null,\n            'foreground_color', null\n          )\n        )\n    END\n  ) AS airport\n\nFROM bookings b\n\nLEFT JOIN booking_statuses bs\n  ON b.booking_status_id = bs.id\n\nLEFT JOIN booking_types bt\n  ON b.booking_type_id = bt.id\n\nLEFT JOIN journey_types jt\n  ON b.journey_type_id = jt.id\n\nLEFT JOIN subsidiaries s\n  ON b.subsidiary_id = s.id\n\nLEFT JOIN vehicle_types vt\n  ON b.vehicle_type_id = vt.id\n\nLEFT JOIN payment_types pt\n  ON b.payment_type_id = pt.id\n\nLEFT JOIN accounts a\n  ON b.account_id = a.id\n\nLEFT JOIN drivers d\n  ON b.driver_id = d.id\n\nLEFT JOIN vehicles v\n  ON d.vehicle_id = v.id\n\nLEFT JOIN customers c\n  ON b.customer_id = c.id\n\nLEFT JOIN employees e\n  ON b.employee_id = e.id\n\n\n-- PICKUP LOCATION\n-- Select only the most specific matching location\nLEFT JOIN LATERAL (\n  SELECT l.*\n  FROM locations l\n  WHERE l.location_type_id = 2\n    AND b.pickup ILIKE '%' || l.name || '%'\n  ORDER BY LENGTH(l.name) DESC, l.id ASC\n  LIMIT 1\n) lp ON true\n\n\n-- DROPOFF LOCATION\n-- Select only the most specific matching location\nLEFT JOIN LATERAL (\n  SELECT l.*\n  FROM locations l\n  WHERE l.location_type_id = 2\n    AND b.dropoff ILIKE '%' || l.name || '%'\n  ORDER BY LENGTH(l.name) DESC, l.id ASC\n  LIMIT 1\n) ld ON true\n\n\nLEFT JOIN location_types ltp\n  ON lp.location_type_id = ltp.id\n\nLEFT JOIN location_types ltd\n  ON ld.location_type_id = ltd.id\n\n\n    WHERE b.id = $1\n  ","timestamp":"2026-09-25T16:06:51.090Z"}
{"duration":10,"level":"info","message":"db-query","rows":1,"text":"\n    \nSELECT\n  b.id,\n  b.reference_number,\n  b.subsidiary_id,\n  b.booking_type_id,\n  b.booking_status_id,\n  b.journey_type_id,\n  b.account_id,\n  b.customer_id,\n  b.employee_id,\n  b.pickup,\n  b.dropoff,\n  b.pickup_date,\n  b.pickup_time,\n  b.dropoff_date,\n  b.dropoff_time,\n  b.pickup_door_number,\n  b.dropoff_door_number,\n  b.pickup_plot,\n  b.dropoff_plot,\n  b.pickup_location_type_id,\n  b.dropoff_location_type_id,\n  b.pickup_latitude,\n  b.pickup_longitude,\n  b.dropoff_latitude,\n  b.dropoff_longitude,\n  b.viapoints,\n  b.restricted_drivers,\n  b.flight_number,\n  b.arriving_from,\n  b.vehicle_type_id,\n  b.vehicle_id,\n  b.driver_id,\n  b.passengers,\n  b.luggages,\n  b.hand_luggages,\n  b.child_seat,\n  b.name,\n  b.email,\n  b.mobile,\n  b.telephone,\n  b.lead_time,\n  b.notes,\n  b.special_instructions,\n  b.payment_type_id,\n  b.company_price,\n  b.fares,\n  b.total_charges,\n  b.parking_charges,\n  b.waiting_charges,\n  b.extra_drop_charges,\n  b.credit_card_charges,\n  b.congestion_charges,\n  b.miles,\n  b.meet_and_greet,\n  b.department,\n  b.escort_id,\n  b.order_number,\n  b.booked_by,\n  b.add_return_fare,\n  b.fare_meter_status,\n  b.fare_meter,\n  b.quotation,\n  b.quoted,\n  b.dispatch,\n  b.dispatch_as,\n  b.sms,\n  b.emailflag,\n  b.trash,\n  b.hidden,\n  b.multi_booking_id,\n  b.associated_booking,\n  b.invoice_status,\n  b.commission_status,\n  b.commission,\n  b.skipped_bookings,\n  b.permanent,\n  b.toggle_driver_text,\n  b.toggle_passenger_text,\n  b.cancelled_reason,\n  b.booking_source,\n  b.on_route,\n  b.arrived,\n  b.passenger_on_board,\n  b.completed,\n  b.controller_completed,\n  b.driver_waiting_time,\n  b.dispatched_at,\n  b.booked_at,\n  b.stripe_customer_id,\n  b.stripe_payment_id,\n  b.invoice_number,\n  b.initial_subsidiary_id,\n  b.created_at,\n  b.updated_at,\n  b.eta,\n  b.fob,\n  b.future,\n\n  json_build_object(\n    'booking_status', bs.booking_status\n  ) AS booking_status,\n\n  json_build_object(\n    'booking_type', bt.booking_type\n  ) AS booking_type,\n\n  json_build_object(\n    'journey_type', jt.journey_type\n  ) AS journey_type,\n\n  json_build_object(\n    'id', s.id,\n    'name', s.name,\n    'telephone_number', s.telephone_number\n  ) AS subsidiary,\n\n  json_build_object(\n    'name', vt.name,\n    'background_color', vt.background_color,\n    'foreground_color', vt.foreground_color\n  ) AS vehicle_type,\n\n  json_build_object(\n    'id', pt.id,\n    'name', pt.name,\n    'background_color', pt.background_color,\n    'foreground_color', pt.foreground_color\n  ) AS payment_type,\n\n  json_build_object(\n    'id', a.id,\n    'name', a.name,\n    'background_color', a.background_color,\n    'foreground_color', a.foreground_color,\n    'has_vat', a.has_vat,\n    'bank_information', a.bank_information,\n    'fare_controller', a.fare_controller,\n    'account_fees_type', a.account_fees_type,\n    'account_fees', a.account_fees,\n    'account_fees_vat', a.account_fees_vat\n  ) AS account,\n\n  json_build_object(\n    'id', d.id,\n    'username', d.username,\n    'name', d.name,\n    'mobile_device_id', d.mobile_device_id,\n    'phc_vehicle_number', d.phc_vehicle_number,\n    'phc_driver_number', d.phc_driver_number,\n    'vehicle_id', d.vehicle_id,\n    'driver_commission', d.driver_commission,\n    'session_status', d.session_status,\n\n    'vehicle', json_build_object(\n      'make', v.make,\n      'model', v.model,\n      'color', v.color,\n      'vehicle_number', v.vehicle_number\n    )\n  ) AS driver,\n\n  json_build_object(\n    'door_number', c.door_number,\n    'address1', c.address1,\n    'address2', c.address2,\n    'blacklist', c.blacklist\n  ) AS customer,\n\n  json_build_object(\n    'username', e.username,\n    'role_id', e.role_id\n  ) AS employee,\n\n  json_build_object(\n    'pickup',\n    CASE\n      WHEN lp.id IS NOT NULL THEN\n        json_build_object(\n          'id', lp.id,\n          'name', lp.name,\n          'location_type', json_build_object(\n            'id', ltp.id,\n            'name', ltp.name,\n            'background_color', ltp.background_color,\n            'foreground_color', ltp.foreground_color\n          )\n        )\n      ELSE\n        json_build_object(\n          'id', null,\n          'name', null,\n          'location_type', json_build_object(\n            'id', null,\n            'name', null,\n            'background_color', null,\n            'foreground_color', null\n          )\n        )\n    END,\n\n    'dropoff',\n    CASE\n      WHEN ld.id IS NOT NULL THEN\n        json_build_object(\n          'id', ld.id,\n          'name', ld.name,\n          'location_type', json_build_object(\n            'id', ltd.id,\n            'name', ltd.name,\n            'background_color', ltd.background_color,\n            'foreground_color', ltd.foreground_color\n          )\n        )\n      ELSE\n        json_build_object(\n          'id', null,\n          'name', null,\n          'location_type', json_build_object(\n            'id', null,\n            'name', null,\n            'background_color', null,\n            'foreground_color', null\n          )\n        )\n    END\n  ) AS airport\n\nFROM bookings b\n\nLEFT JOIN booking_statuses bs\n  ON b.booking_status_id = bs.id\n\nLEFT JOIN booking_types bt\n  ON b.booking_type_id = bt.id\n\nLEFT JOIN journey_types jt\n  ON b.journey_type_id = jt.id\n\nLEFT JOIN subsidiaries s\n  ON b.subsidiary_id = s.id\n\nLEFT JOIN vehicle_types vt\n  ON b.vehicle_type_id = vt.id\n\nLEFT JOIN payment_types pt\n  ON b.payment_type_id = pt.id\n\nLEFT JOIN accounts a\n  ON b.account_id = a.id\n\nLEFT JOIN drivers d\n  ON b.driver_id = d.id\n\nLEFT JOIN vehicles v\n  ON d.vehicle_id = v.id\n\nLEFT JOIN customers c\n  ON b.customer_id = c.id\n\nLEFT JOIN employees e\n  ON b.employee_id = e.id\n\n\n-- PICKUP LOCATION\n-- Select only the most specific matching location\nLEFT JOIN LATERAL (\n  SELECT l.*\n  FROM locations l\n  WHERE l.location_type_id = 2\n    AND b.pickup ILIKE '%' || l.name || '%'\n  ORDER BY LENGTH(l.name) DESC, l.id ASC\n  LIMIT 1\n) lp ON true\n\n\n-- DROPOFF LOCATION\n-- Select only the most specific matching location\nLEFT JOIN LATERAL (\n  SELECT l.*\n  FROM locations l\n  WHERE l.location_type_id = 2\n    AND b.dropoff ILIKE '%' || l.name || '%'\n  ORDER BY LENGTH(l.name) DESC, l.id ASC\n  LIMIT 1\n) ld ON true\n\n\nLEFT JOIN location_types ltp\n  ON lp.location_type_id = ltp.id\n\nLEFT JOIN location_types ltd\n  ON ld.location_type_id = ltd.id\n\n\n    WHERE b.id = $1\n  ","timestamp":"2026-09-25T16:06:51.100Z"}
{"duration":14,"level":"info","message":"db-query","rows":1,"text":"\n    \nSELECT\n  b.id,\n  b.reference_number,\n  b.subsidiary_id,\n  b.booking_type_id,\n  b.booking_status_id,\n  b.journey_type_id,\n  b.account_id,\n  b.customer_id,\n  b.employee_id,\n  b.pickup,\n  b.dropoff,\n  b.pickup_date,\n  b.pickup_time,\n  b.dropoff_date,\n  b.dropoff_time,\n  b.pickup_door_number,\n  b.dropoff_door_number,\n  b.pickup_plot,\n  b.dropoff_plot,\n  b.pickup_location_type_id,\n  b.dropoff_location_type_id,\n  b.pickup_latitude,\n  b.pickup_longitude,\n  b.dropoff_latitude,\n  b.dropoff_longitude,\n  b.viapoints,\n  b.restricted_drivers,\n  b.flight_number,\n  b.arriving_from,\n  b.vehicle_type_id,\n  b.vehicle_id,\n  b.driver_id,\n  b.passengers,\n  b.luggages,\n  b.hand_luggages,\n  b.child_seat,\n  b.name,\n  b.email,\n  b.mobile,\n  b.telephone,\n  b.lead_time,\n  b.notes,\n  b.special_instructions,\n  b.payment_type_id,\n  b.company_price,\n  b.fares,\n  b.total_charges,\n  b.parking_charges,\n  b.waiting_charges,\n  b.extra_drop_charges,\n  b.credit_card_charges,\n  b.congestion_charges,\n  b.miles,\n  b.meet_and_greet,\n  b.department,\n  b.escort_id,\n  b.order_number,\n  b.booked_by,\n  b.add_return_fare,\n  b.fare_meter_status,\n  b.fare_meter,\n  b.quotation,\n  b.quoted,\n  b.dispatch,\n  b.dispatch_as,\n  b.sms,\n  b.emailflag,\n  b.trash,\n  b.hidden,\n  b.multi_booking_id,\n  b.associated_booking,\n  b.invoice_status,\n  b.commission_status,\n  b.commission,\n  b.skipped_bookings,\n  b.permanent,\n  b.toggle_driver_text,\n  b.toggle_passenger_text,\n  b.cancelled_reason,\n  b.booking_source,\n  b.on_route,\n  b.arrived,\n  b.passenger_on_board,\n  b.completed,\n  b.controller_completed,\n  b.driver_waiting_time,\n  b.dispatched_at,\n  b.booked_at,\n  b.stripe_customer_id,\n  b.stripe_payment_id,\n  b.invoice_number,\n  b.initial_subsidiary_id,\n  b.created_at,\n  b.updated_at,\n  b.eta,\n  b.fob,\n  b.future,\n\n  json_build_object(\n    'booking_status', bs.booking_status\n  ) AS booking_status,\n\n  json_build_object(\n    'booking_type', bt.booking_type\n  ) AS booking_type,\n\n  json_build_object(\n    'journey_type', jt.journey_type\n  ) AS journey_type,\n\n  json_build_object(\n    'id', s.id,\n    'name', s.name,\n    'telephone_number', s.telephone_number\n  ) AS subsidiary,\n\n  json_build_object(\n    'name', vt.name,\n    'background_color', vt.background_color,\n    'foreground_color', vt.foreground_color\n  ) AS vehicle_type,\n\n  json_build_object(\n    'id', pt.id,\n    'name', pt.name,\n    'background_color', pt.background_color,\n    'foreground_color', pt.foreground_color\n  ) AS payment_type,\n\n  json_build_object(\n    'id', a.id,\n    'name', a.name,\n    'background_color', a.background_color,\n    'foreground_color', a.foreground_color,\n    'has_vat', a.has_vat,\n    'bank_information', a.bank_information,\n    'fare_controller', a.fare_controller,\n    'account_fees_type', a.account_fees_type,\n    'account_fees', a.account_fees,\n    'account_fees_vat', a.account_fees_vat\n  ) AS account,\n\n  json_build_object(\n    'id', d.id,\n    'username', d.username,\n    'name', d.name,\n    'mobile_device_id', d.mobile_device_id,\n    'phc_vehicle_number', d.phc_vehicle_number,\n    'phc_driver_number', d.phc_driver_number,\n    'vehicle_id', d.vehicle_id,\n    'driver_commission', d.driver_commission,\n    'session_status', d.session_status,\n\n    'vehicle', json_build_object(\n      'make', v.make,\n      'model', v.model,\n      'color', v.color,\n      'vehicle_number', v.vehicle_number\n    )\n  ) AS driver,\n\n  json_build_object(\n    'door_number', c.door_number,\n    'address1', c.address1,\n    'address2', c.address2,\n    'blacklist', c.blacklist\n  ) AS customer,\n\n  json_build_object(\n    'username', e.username,\n    'role_id', e.role_id\n  ) AS employee,\n\n  json_build_object(\n    'pickup',\n    CASE\n      WHEN lp.id IS NOT NULL THEN\n        json_build_object(\n          'id', lp.id,\n          'name', lp.name,\n          'location_type', json_build_object(\n            'id', ltp.id,\n            'name', ltp.name,\n            'background_color', ltp.background_color,\n            'foreground_color', ltp.foreground_color\n          )\n        )\n      ELSE\n        json_build_object(\n          'id', null,\n          'name', null,\n          'location_type', json_build_object(\n            'id', null,\n            'name', null,\n            'background_color', null,\n            'foreground_color', null\n          )\n        )\n    END,\n\n    'dropoff',\n    CASE\n      WHEN ld.id IS NOT NULL THEN\n        json_build_object(\n          'id', ld.id,\n          'name', ld.name,\n          'location_type', json_build_object(\n            'id', ltd.id,\n            'name', ltd.name,\n            'background_color', ltd.background_color,\n            'foreground_color', ltd.foreground_color\n          )\n        )\n      ELSE\n        json_build_object(\n          'id', null,\n          'name', null,\n          'location_type', json_build_object(\n            'id', null,\n            'name', null,\n            'background_color', null,\n            'foreground_color', null\n          )\n        )\n    END\n  ) AS airport\n\nFROM bookings b\n\nLEFT JOIN booking_statuses bs\n  ON b.booking_status_id = bs.id\n\nLEFT JOIN booking_types bt\n  ON b.booking_type_id = bt.id\n\nLEFT JOIN journey_types jt\n  ON b.journey_type_id = jt.id\n\nLEFT JOIN subsidiaries s\n  ON b.subsidiary_id = s.id\n\nLEFT JOIN vehicle_types vt\n  ON b.vehicle_type_id = vt.id\n\nLEFT JOIN payment_types pt\n  ON b.payment_type_id = pt.id\n\nLEFT JOIN accounts a\n  ON b.account_id = a.id\n\nLEFT JOIN drivers d\n  ON b.driver_id = d.id\n\nLEFT JOIN vehicles v\n  ON d.vehicle_id = v.id\n\nLEFT JOIN customers c\n  ON b.customer_id = c.id\n\nLEFT JOIN employees e\n  ON b.employee_id = e.id\n\n\n-- PICKUP LOCATION\n-- Select only the most specific matching location\nLEFT JOIN LATERAL (\n  SELECT l.*\n  FROM locations l\n  WHERE l.location_type_id = 2\n    AND b.pickup ILIKE '%' || l.name || '%'\n  ORDER BY LENGTH(l.name) DESC, l.id ASC\n  LIMIT 1\n) lp ON true\n\n\n-- DROPOFF LOCATION\n-- Select only the most specific matching location\nLEFT JOIN LATERAL (\n  SELECT l.*\n  FROM locations l\n  WHERE l.location_type_id = 2\n    AND b.dropoff ILIKE '%' || l.name || '%'\n  ORDER BY LENGTH(l.name) DESC, l.id ASC\n  LIMIT 1\n) ld ON true\n\n\nLEFT JOIN location_types ltp\n  ON lp.location_type_id = ltp.id\n\nLEFT JOIN location_types ltd\n  ON ld.location_type_id = ltd.id\n\n\n    WHERE b.id = $1\n  ","timestamp":"2026-09-25T16:06:51.114Z"}
{"duration":12,"level":"info","message":"db-query","rows":1,"text":"\n    \nSELECT\n  b.id,\n  b.reference_number,\n  b.subsidiary_id,\n  b.booking_type_id,\n  b.booking_status_id,\n  b.journey_type_id,\n  b.account_id,\n  b.customer_id,\n  b.employee_id,\n  b.pickup,\n  b.dropoff,\n  b.pickup_date,\n  b.pickup_time,\n  b.dropoff_date,\n  b.dropoff_time,\n  b.pickup_door_number,\n  b.dropoff_door_number,\n  b.pickup_plot,\n  b.dropoff_plot,\n  b.pickup_location_type_id,\n  b.dropoff_location_type_id,\n  b.pickup_latitude,\n  b.pickup_longitude,\n  b.dropoff_latitude,\n  b.dropoff_longitude,\n  b.viapoints,\n  b.restricted_drivers,\n  b.flight_number,\n  b.arriving_from,\n  b.vehicle_type_id,\n  b.vehicle_id,\n  b.driver_id,\n  b.passengers,\n  b.luggages,\n  b.hand_luggages,\n  b.child_seat,\n  b.name,\n  b.email,\n  b.mobile,\n  b.telephone,\n  b.lead_time,\n  b.notes,\n  b.special_instructions,\n  b.payment_type_id,\n  b.company_price,\n  b.fares,\n  b.total_charges,\n  b.parking_charges,\n  b.waiting_charges,\n  b.extra_drop_charges,\n  b.credit_card_charges,\n  b.congestion_charges,\n  b.miles,\n  b.meet_and_greet,\n  b.department,\n  b.escort_id,\n  b.order_number,\n  b.booked_by,\n  b.add_return_fare,\n  b.fare_meter_status,\n  b.fare_meter,\n  b.quotation,\n  b.quoted,\n  b.dispatch,\n  b.dispatch_as,\n  b.sms,\n  b.emailflag,\n  b.trash,\n  b.hidden,\n  b.multi_booking_id,\n  b.associated_booking,\n  b.invoice_status,\n  b.commission_status,\n  b.commission,\n  b.skipped_bookings,\n  b.permanent,\n  b.toggle_driver_text,\n  b.toggle_passenger_text,\n  b.cancelled_reason,\n  b.booking_source,\n  b.on_route,\n  b.arrived,\n  b.passenger_on_board,\n  b.completed,\n  b.controller_completed,\n  b.driver_waiting_time,\n  b.dispatched_at,\n  b.booked_at,\n  b.stripe_customer_id,\n  b.stripe_payment_id,\n  b.invoice_number,\n  b.initial_subsidiary_id,\n  b.created_at,\n  b.updated_at,\n  b.eta,\n  b.fob,\n  b.future,\n\n  json_build_object(\n    'booking_status', bs.booking_status\n  ) AS booking_status,\n\n  json_build_object(\n    'booking_type', bt.booking_type\n  ) AS booking_type,\n\n  json_build_object(\n    'journey_type', jt.journey_type\n  ) AS journey_type,\n\n  json_build_object(\n    'id', s.id,\n    'name', s.name,\n    'telephone_number', s.telephone_number\n  ) AS subsidiary,\n\n  json_build_object(\n    'name', vt.name,\n    'background_color', vt.background_color,\n    'foreground_color', vt.foreground_color\n  ) AS vehicle_type,\n\n  json_build_object(\n    'id', pt.id,\n    'name', pt.name,\n    'background_color', pt.background_color,\n    'foreground_color', pt.foreground_color\n  ) AS payment_type,\n\n  json_build_object(\n    'id', a.id,\n    'name', a.name,\n    'background_color', a.background_color,\n    'foreground_color', a.foreground_color,\n    'has_vat', a.has_vat,\n    'bank_information', a.bank_information,\n    'fare_controller', a.fare_controller,\n    'account_fees_type', a.account_fees_type,\n    'account_fees', a.account_fees,\n    'account_fees_vat', a.account_fees_vat\n  ) AS account,\n\n  json_build_object(\n    'id', d.id,\n    'username', d.username,\n    'name', d.name,\n    'mobile_device_id', d.mobile_device_id,\n    'phc_vehicle_number', d.phc_vehicle_number,\n    'phc_driver_number', d.phc_driver_number,\n    'vehicle_id', d.vehicle_id,\n    'driver_commission', d.driver_commission,\n    'session_status', d.session_status,\n\n    'vehicle', json_build_object(\n      'make', v.make,\n      'model', v.model,\n      'color', v.color,\n      'vehicle_number', v.vehicle_number\n    )\n  ) AS driver,\n\n  json_build_object(\n    'door_number', c.door_number,\n    'address1', c.address1,\n    'address2', c.address2,\n    'blacklist', c.blacklist\n  ) AS customer,\n\n  json_build_object(\n    'username', e.username,\n    'role_id', e.role_id\n  ) AS employee,\n\n  json_build_object(\n    'pickup',\n    CASE\n      WHEN lp.id IS NOT NULL THEN\n        json_build_object(\n          'id', lp.id,\n          'name', lp.name,\n          'location_type', json_build_object(\n            'id', ltp.id,\n            'name', ltp.name,\n            'background_color', ltp.background_color,\n            'foreground_color', ltp.foreground_color\n          )\n        )\n      ELSE\n        json_build_object(\n          'id', null,\n          'name', null,\n          'location_type', json_build_object(\n            'id', null,\n            'name', null,\n            'background_color', null,\n            'foreground_color', null\n          )\n        )\n    END,\n\n    'dropoff',\n    CASE\n      WHEN ld.id IS NOT NULL THEN\n        json_build_object(\n          'id', ld.id,\n          'name', ld.name,\n          'location_type', json_build_object(\n            'id', ltd.id,\n            'name', ltd.name,\n            'background_color', ltd.background_color,\n            'foreground_color', ltd.foreground_color\n          )\n        )\n      ELSE\n        json_build_object(\n          'id', null,\n          'name', null,\n          'location_type', json_build_object(\n            'id', null,\n            'name', null,\n            'background_color', null,\n            'foreground_color', null\n          )\n        )\n    END\n  ) AS airport\n\nFROM bookings b\n\nLEFT JOIN booking_statuses bs\n  ON b.booking_status_id = bs.id\n\nLEFT JOIN booking_types bt\n  ON b.booking_type_id = bt.id\n\nLEFT JOIN journey_types jt\n  ON b.journey_type_id = jt.id\n\nLEFT JOIN subsidiaries s\n  ON b.subsidiary_id = s.id\n\nLEFT JOIN vehicle_types vt\n  ON b.vehicle_type_id = vt.id\n\nLEFT JOIN payment_types pt\n  ON b.payment_type_id = pt.id\n\nLEFT JOIN accounts a\n  ON b.account_id = a.id\n\nLEFT JOIN drivers d\n  ON b.driver_id = d.id\n\nLEFT JOIN vehicles v\n  ON d.vehicle_id = v.id\n\nLEFT JOIN customers c\n  ON b.customer_id = c.id\n\nLEFT JOIN employees e\n  ON b.employee_id = e.id\n\n\n-- PICKUP LOCATION\n-- Select only the most specific matching location\nLEFT JOIN LATERAL (\n  SELECT l.*\n  FROM locations l\n  WHERE l.location_type_id = 2\n    AND b.pickup ILIKE '%' || l.name || '%'\n  ORDER BY LENGTH(l.name) DESC, l.id ASC\n  LIMIT 1\n) lp ON true\n\n\n-- DROPOFF LOCATION\n-- Select only the most specific matching location\nLEFT JOIN LATERAL (\n  SELECT l.*\n  FROM locations l\n  WHERE l.location_type_id = 2\n    AND b.dropoff ILIKE '%' || l.name || '%'\n  ORDER BY LENGTH(l.name) DESC, l.id ASC\n  LIMIT 1\n) ld ON true\n\n\nLEFT JOIN location_types ltp\n  ON lp.location_type_id = ltp.id\n\nLEFT JOIN location_types ltd\n  ON ld.location_type_id = ltd.id\n\n\n    WHERE b.id = $1\n  ","timestamp":"2026-09-25T16:06:51.126Z"}
{"duration":11,"level":"info","message":"db-query","rows":1,"text":"\n    \nSELECT\n  b.id,\n  b.reference_number,\n  b.subsidiary_id,\n  b.booking_type_id,\n  b.booking_status_id,\n  b.journey_type_id,\n  b.account_id,\n  b.customer_id,\n  b.employee_id,\n  b.pickup,\n  b.dropoff,\n  b.pickup_date,\n  b.pickup_time,\n  b.dropoff_date,\n  b.dropoff_time,\n  b.pickup_door_number,\n  b.dropoff_door_number,\n  b.pickup_plot,\n  b.dropoff_plot,\n  b.pickup_location_type_id,\n  b.dropoff_location_type_id,\n  b.pickup_latitude,\n  b.pickup_longitude,\n  b.dropoff_latitude,\n  b.dropoff_longitude,\n  b.viapoints,\n  b.restricted_drivers,\n  b.flight_number,\n  b.arriving_from,\n  b.vehicle_type_id,\n  b.vehicle_id,\n  b.driver_id,\n  b.passengers,\n  b.luggages,\n  b.hand_luggages,\n  b.child_seat,\n  b.name,\n  b.email,\n  b.mobile,\n  b.telephone,\n  b.lead_time,\n  b.notes,\n  b.special_instructions,\n  b.payment_type_id,\n  b.company_price,\n  b.fares,\n  b.total_charges,\n  b.parking_charges,\n  b.waiting_charges,\n  b.extra_drop_charges,\n  b.credit_card_charges,\n  b.congestion_charges,\n  b.miles,\n  b.meet_and_greet,\n  b.department,\n  b.escort_id,\n  b.order_number,\n  b.booked_by,\n  b.add_return_fare,\n  b.fare_meter_status,\n  b.fare_meter,\n  b.quotation,\n  b.quoted,\n  b.dispatch,\n  b.dispatch_as,\n  b.sms,\n  b.emailflag,\n  b.trash,\n  b.hidden,\n  b.multi_booking_id,\n  b.associated_booking,\n  b.invoice_status,\n  b.commission_status,\n  b.commission,\n  b.skipped_bookings,\n  b.permanent,\n  b.toggle_driver_text,\n  b.toggle_passenger_text,\n  b.cancelled_reason,\n  b.booking_source,\n  b.on_route,\n  b.arrived,\n  b.passenger_on_board,\n  b.completed,\n  b.controller_completed,\n  b.driver_waiting_time,\n  b.dispatched_at,\n  b.booked_at,\n  b.stripe_customer_id,\n  b.stripe_payment_id,\n  b.invoice_number,\n  b.initial_subsidiary_id,\n  b.created_at,\n  b.updated_at,\n  b.eta,\n  b.fob,\n  b.future,\n\n  json_build_object(\n    'booking_status', bs.booking_status\n  ) AS booking_status,\n\n  json_build_object(\n    'booking_type', bt.booking_type\n  ) AS booking_type,\n\n  json_build_object(\n    'journey_type', jt.journey_type\n  ) AS journey_type,\n\n  json_build_object(\n    'id', s.id,\n    'name', s.name,\n    'telephone_number', s.telephone_number\n  ) AS subsidiary,\n\n  json_build_object(\n    'name', vt.name,\n    'background_color', vt.background_color,\n    'foreground_color', vt.foreground_color\n  ) AS vehicle_type,\n\n  json_build_object(\n    'id', pt.id,\n    'name', pt.name,\n    'background_color', pt.background_color,\n    'foreground_color', pt.foreground_color\n  ) AS payment_type,\n\n  json_build_object(\n    'id', a.id,\n    'name', a.name,\n    'background_color', a.background_color,\n    'foreground_color', a.foreground_color,\n    'has_vat', a.has_vat,\n    'bank_information', a.bank_information,\n    'fare_controller', a.fare_controller,\n    'account_fees_type', a.account_fees_type,\n    'account_fees', a.account_fees,\n    'account_fees_vat', a.account_fees_vat\n  ) AS account,\n\n  json_build_object(\n    'id', d.id,\n    'username', d.username,\n    'name', d.name,\n    'mobile_device_id', d.mobile_device_id,\n    'phc_vehicle_number', d.phc_vehicle_number,\n    'phc_driver_number', d.phc_driver_number,\n    'vehicle_id', d.vehicle_id,\n    'driver_commission', d.driver_commission,\n    'session_status', d.session_status,\n\n    'vehicle', json_build_object(\n      'make', v.make,\n      'model', v.model,\n      'color', v.color,\n      'vehicle_number', v.vehicle_number\n    )\n  ) AS driver,\n\n  json_build_object(\n    'door_number', c.door_number,\n    'address1', c.address1,\n    'address2', c.address2,\n    'blacklist', c.blacklist\n  ) AS customer,\n\n  json_build_object(\n    'username', e.username,\n    'role_id', e.role_id\n  ) AS employee,\n\n  json_build_object(\n    'pickup',\n    CASE\n      WHEN lp.id IS NOT NULL THEN\n        json_build_object(\n          'id', lp.id,\n          'name', lp.name,\n          'location_type', json_build_object(\n            'id', ltp.id,\n            'name', ltp.name,\n            'background_color', ltp.background_color,\n            'foreground_color', ltp.foreground_color\n          )\n        )\n      ELSE\n        json_build_object(\n          'id', null,\n          'name', null,\n          'location_type', json_build_object(\n            'id', null,\n            'name', null,\n            'background_color', null,\n            'foreground_color', null\n          )\n        )\n    END,\n\n    'dropoff',\n    CASE\n      WHEN ld.id IS NOT NULL THEN\n        json_build_object(\n          'id', ld.id,\n          'name', ld.name,\n          'location_type', json_build_object(\n            'id', ltd.id,\n            'name', ltd.name,\n            'background_color', ltd.background_color,\n            'foreground_color', ltd.foreground_color\n          )\n        )\n      ELSE\n        json_build_object(\n          'id', null,\n          'name', null,\n          'location_type', json_build_object(\n            'id', null,\n            'name', null,\n            'background_color', null,\n            'foreground_color', null\n          )\n        )\n    END\n  ) AS airport\n\nFROM bookings b\n\nLEFT JOIN booking_statuses bs\n  ON b.booking_status_id = bs.id\n\nLEFT JOIN booking_types bt\n  ON b.booking_type_id = bt.id\n\nLEFT JOIN journey_types jt\n  ON b.journey_type_id = jt.id\n\nLEFT JOIN subsidiaries s\n  ON b.subsidiary_id = s.id\n\nLEFT JOIN vehicle_types vt\n  ON b.vehicle_type_id = vt.id\n\nLEFT JOIN payment_types pt\n  ON b.payment_type_id = pt.id\n\nLEFT JOIN accounts a\n  ON b.account_id = a.id\n\nLEFT JOIN drivers d\n  ON b.driver_id = d.id\n\nLEFT JOIN vehicles v\n  ON d.vehicle_id = v.id\n\nLEFT JOIN customers c\n  ON b.customer_id = c.id\n\nLEFT JOIN employees e\n  ON b.employee_id = e.id\n\n\n-- PICKUP LOCATION\n-- Select only the most specific matching location\nLEFT JOIN LATERAL (\n  SELECT l.*\n  FROM locations l\n  WHERE l.location_type_id = 2\n    AND b.pickup ILIKE '%' || l.name || '%'\n  ORDER BY LENGTH(l.name) DESC, l.id ASC\n  LIMIT 1\n) lp ON true\n\n\n-- DROPOFF LOCATION\n-- Select only the most specific matching location\nLEFT JOIN LATERAL (\n  SELECT l.*\n  FROM locations l\n  WHERE l.location_type_id = 2\n    AND b.dropoff ILIKE '%' || l.name || '%'\n  ORDER BY LENGTH(l.name) DESC, l.id ASC\n  LIMIT 1\n) ld ON true\n\n\nLEFT JOIN location_types ltp\n  ON lp.location_type_id = ltp.id\n\nLEFT JOIN location_types ltd\n  ON ld.location_type_id = ltd.id\n\n\n    WHERE b.id = $1\n  ","timestamp":"2026-09-25T16:06:51.137Z"}
{"duration":9,"level":"info","message":"db-query","rows":1,"text":"\n    \nSELECT\n  b.id,\n  b.reference_number,\n  b.subsidiary_id,\n  b.booking_type_id,\n  b.booking_status_id,\n  b.journey_type_id,\n  b.account_id,\n  b.customer_id,\n  b.employee_id,\n  b.pickup,\n  b.dropoff,\n  b.pickup_date,\n  b.pickup_time,\n  b.dropoff_date,\n  b.dropoff_time,\n  b.pickup_door_number,\n  b.dropoff_door_number,\n  b.pickup_plot,\n  b.dropoff_plot,\n  b.pickup_location_type_id,\n  b.dropoff_location_type_id,\n  b.pickup_latitude,\n  b.pickup_longitude,\n  b.dropoff_latitude,\n  b.dropoff_longitude,\n  b.viapoints,\n  b.restricted_drivers,\n  b.flight_number,\n  b.arriving_from,\n  b.vehicle_type_id,\n  b.vehicle_id,\n  b.driver_id,\n  b.passengers,\n  b.luggages,\n  b.hand_luggages,\n  b.child_seat,\n  b.name,\n  b.email,\n  b.mobile,\n  b.telephone,\n  b.lead_time,\n  b.notes,\n  b.special_instructions,\n  b.payment_type_id,\n  b.company_price,\n  b.fares,\n  b.total_charges,\n  b.parking_charges,\n  b.waiting_charges,\n  b.extra_drop_charges,\n  b.credit_card_charges,\n  b.congestion_charges,\n  b.miles,\n  b.meet_and_greet,\n  b.department,\n  b.escort_id,\n  b.order_number,\n  b.booked_by,\n  b.add_return_fare,\n  b.fare_meter_status,\n  b.fare_meter,\n  b.quotation,\n  b.quoted,\n  b.dispatch,\n  b.dispatch_as,\n  b.sms,\n  b.emailflag,\n  b.trash,\n  b.hidden,\n  b.multi_booking_id,\n  b.associated_booking,\n  b.invoice_status,\n  b.commission_status,\n  b.commission,\n  b.skipped_bookings,\n  b.permanent,\n  b.toggle_driver_text,\n  b.toggle_passenger_text,\n  b.cancelled_reason,\n  b.booking_source,\n  b.on_route,\n  b.arrived,\n  b.passenger_on_board,\n  b.completed,\n  b.controller_completed,\n  b.driver_waiting_time,\n  b.dispatched_at,\n  b.booked_at,\n  b.stripe_customer_id,\n  b.stripe_payment_id,\n  b.invoice_number,\n  b.initial_subsidiary_id,\n  b.created_at,\n  b.updated_at,\n  b.eta,\n  b.fob,\n  b.future,\n\n  json_build_object(\n    'booking_status', bs.booking_status\n  ) AS booking_status,\n\n  json_build_object(\n    'booking_type', bt.booking_type\n  ) AS booking_type,\n\n  json_build_object(\n    'journey_type', jt.journey_type\n  ) AS journey_type,\n\n  json_build_object(\n    'id', s.id,\n    'name', s.name,\n    'telephone_number', s.telephone_number\n  ) AS subsidiary,\n\n  json_build_object(\n    'name', vt.name,\n    'background_color', vt.background_color,\n    'foreground_color', vt.foreground_color\n  ) AS vehicle_type,\n\n  json_build_object(\n    'id', pt.id,\n    'name', pt.name,\n    'background_color', pt.background_color,\n    'foreground_color', pt.foreground_color\n  ) AS payment_type,\n\n  json_build_object(\n    'id', a.id,\n    'name', a.name,\n    'background_color', a.background_color,\n    'foreground_color', a.foreground_color,\n    'has_vat', a.has_vat,\n    'bank_information', a.bank_information,\n    'fare_controller', a.fare_controller,\n    'account_fees_type', a.account_fees_type,\n    'account_fees', a.account_fees,\n    'account_fees_vat', a.account_fees_vat\n  ) AS account,\n\n  json_build_object(\n    'id', d.id,\n    'username', d.username,\n    'name', d.name,\n    'mobile_device_id', d.mobile_device_id,\n    'phc_vehicle_number', d.phc_vehicle_number,\n    'phc_driver_number', d.phc_driver_number,\n    'vehicle_id', d.vehicle_id,\n    'driver_commission', d.driver_commission,\n    'session_status', d.session_status,\n\n    'vehicle', json_build_object(\n      'make', v.make,\n      'model', v.model,\n      'color', v.color,\n      'vehicle_number', v.vehicle_number\n    )\n  ) AS driver,\n\n  json_build_object(\n    'door_number', c.door_number,\n    'address1', c.address1,\n    'address2', c.address2,\n    'blacklist', c.blacklist\n  ) AS customer,\n\n  json_build_object(\n    'username', e.username,\n    'role_id', e.role_id\n  ) AS employee,\n\n  json_build_object(\n    'pickup',\n    CASE\n      WHEN lp.id IS NOT NULL THEN\n        json_build_object(\n          'id', lp.id,\n          'name', lp.name,\n          'location_type', json_build_object(\n            'id', ltp.id,\n            'name', ltp.name,\n            'background_color', ltp.background_color,\n            'foreground_color', ltp.foreground_color\n          )\n        )\n      ELSE\n        json_build_object(\n          'id', null,\n          'name', null,\n          'location_type', json_build_object(\n            'id', null,\n            'name', null,\n            'background_color', null,\n            'foreground_color', null\n          )\n        )\n    END,\n\n    'dropoff',\n    CASE\n      WHEN ld.id IS NOT NULL THEN\n        json_build_object(\n          'id', ld.id,\n          'name', ld.name,\n          'location_type', json_build_object(\n            'id', ltd.id,\n            'name', ltd.name,\n            'background_color', ltd.background_color,\n            'foreground_color', ltd.foreground_color\n          )\n        )\n      ELSE\n        json_build_object(\n          'id', null,\n          'name', null,\n          'location_type', json_build_object(\n            'id', null,\n            'name', null,\n            'background_color', null,\n            'foreground_color', null\n          )\n        )\n    END\n  ) AS airport\n\nFROM bookings b\n\nLEFT JOIN booking_statuses bs\n  ON b.booking_status_id = bs.id\n\nLEFT JOIN booking_types bt\n  ON b.booking_type_id = bt.id\n\nLEFT JOIN journey_types jt\n  ON b.journey_type_id = jt.id\n\nLEFT JOIN subsidiaries s\n  ON b.subsidiary_id = s.id\n\nLEFT JOIN vehicle_types vt\n  ON b.vehicle_type_id = vt.id\n\nLEFT JOIN payment_types pt\n  ON b.payment_type_id = pt.id\n\nLEFT JOIN accounts a\n  ON b.account_id = a.id\n\nLEFT JOIN drivers d\n  ON b.driver_id = d.id\n\nLEFT JOIN vehicles v\n  ON d.vehicle_id = v.id\n\nLEFT JOIN customers c\n  ON b.customer_id = c.id\n\nLEFT JOIN employees e\n  ON b.employee_id = e.id\n\n\n-- PICKUP LOCATION\n-- Select only the most specific matching location\nLEFT JOIN LATERAL (\n  SELECT l.*\n  FROM locations l\n  WHERE l.location_type_id = 2\n    AND b.pickup ILIKE '%' || l.name || '%'\n  ORDER BY LENGTH(l.name) DESC, l.id ASC\n  LIMIT 1\n) lp ON true\n\n\n-- DROPOFF LOCATION\n-- Select only the most specific matching location\nLEFT JOIN LATERAL (\n  SELECT l.*\n  FROM locations l\n  WHERE l.location_type_id = 2\n    AND b.dropoff ILIKE '%' || l.name || '%'\n  ORDER BY LENGTH(l.name) DESC, l.id ASC\n  LIMIT 1\n) ld ON true\n\n\nLEFT JOIN location_types ltp\n  ON lp.location_type_id = ltp.id\n\nLEFT JOIN location_types ltd\n  ON ld.location_type_id = ltd.id\n\n\n    WHERE b.id = $1\n  ","timestamp":"2026-09-25T16:06:51.148Z"}
{"duration":13,"level":"info","message":"db-query","rows":1,"text":"\n    \nSELECT\n  b.id,\n  b.reference_number,\n  b.subsidiary_id,\n  b.booking_type_id,\n  b.booking_status_id,\n  b.journey_type_id,\n  b.account_id,\n  b.customer_id,\n  b.employee_id,\n  b.pickup,\n  b.dropoff,\n  b.pickup_date,\n  b.pickup_time,\n  b.dropoff_date,\n  b.dropoff_time,\n  b.pickup_door_number,\n  b.dropoff_door_number,\n  b.pickup_plot,\n  b.dropoff_plot,\n  b.pickup_location_type_id,\n  b.dropoff_location_type_id,\n  b.pickup_latitude,\n  b.pickup_longitude,\n  b.dropoff_latitude,\n  b.dropoff_longitude,\n  b.viapoints,\n  b.restricted_drivers,\n  b.flight_number,\n  b.arriving_from,\n  b.vehicle_type_id,\n  b.vehicle_id,\n  b.driver_id,\n  b.passengers,\n  b.luggages,\n  b.hand_luggages,\n  b.child_seat,\n  b.name,\n  b.email,\n  b.mobile,\n  b.telephone,\n  b.lead_time,\n  b.notes,\n  b.special_instructions,\n  b.payment_type_id,\n  b.company_price,\n  b.fares,\n  b.total_charges,\n  b.parking_charges,\n  b.waiting_charges,\n  b.extra_drop_charges,\n  b.credit_card_charges,\n  b.congestion_charges,\n  b.miles,\n  b.meet_and_greet,\n  b.department,\n  b.escort_id,\n  b.order_number,\n  b.booked_by,\n  b.add_return_fare,\n  b.fare_meter_status,\n  b.fare_meter,\n  b.quotation,\n  b.quoted,\n  b.dispatch,\n  b.dispatch_as,\n  b.sms,\n  b.emailflag,\n  b.trash,\n  b.hidden,\n  b.multi_booking_id,\n  b.associated_booking,\n  b.invoice_status,\n  b.commission_status,\n  b.commission,\n  b.skipped_bookings,\n  b.permanent,\n  b.toggle_driver_text,\n  b.toggle_passenger_text,\n  b.cancelled_reason,\n  b.booking_source,\n  b.on_route,\n  b.arrived,\n  b.passenger_on_board,\n  b.completed,\n  b.controller_completed,\n  b.driver_waiting_time,\n  b.dispatched_at,\n  b.booked_at,\n  b.stripe_customer_id,\n  b.stripe_payment_id,\n  b.invoice_number,\n  b.initial_subsidiary_id,\n  b.created_at,\n  b.updated_at,\n  b.eta,\n  b.fob,\n  b.future,\n\n  json_build_object(\n    'booking_status', bs.booking_status\n  ) AS booking_status,\n\n  json_build_object(\n    'booking_type', bt.booking_type\n  ) AS booking_type,\n\n  json_build_object(\n    'journey_type', jt.journey_type\n  ) AS journey_type,\n\n  json_build_object(\n    'id', s.id,\n    'name', s.name,\n    'telephone_number', s.telephone_number\n  ) AS subsidiary,\n\n  json_build_object(\n    'name', vt.name,\n    'background_color', vt.background_color,\n    'foreground_color', vt.foreground_color\n  ) AS vehicle_type,\n\n  json_build_object(\n    'id', pt.id,\n    'name', pt.name,\n    'background_color', pt.background_color,\n    'foreground_color', pt.foreground_color\n  ) AS payment_type,\n\n  json_build_object(\n    'id', a.id,\n    'name', a.name,\n    'background_color', a.background_color,\n    'foreground_color', a.foreground_color,\n    'has_vat', a.has_vat,\n    'bank_information', a.bank_information,\n    'fare_controller', a.fare_controller,\n    'account_fees_type', a.account_fees_type,\n    'account_fees', a.account_fees,\n    'account_fees_vat', a.account_fees_vat\n  ) AS account,\n\n  json_build_object(\n    'id', d.id,\n    'username', d.username,\n    'name', d.name,\n    'mobile_device_id', d.mobile_device_id,\n    'phc_vehicle_number', d.phc_vehicle_number,\n    'phc_driver_number', d.phc_driver_number,\n    'vehicle_id', d.vehicle_id,\n    'driver_commission', d.driver_commission,\n    'session_status', d.session_status,\n\n    'vehicle', json_build_object(\n      'make', v.make,\n      'model', v.model,\n      'color', v.color,\n      'vehicle_number', v.vehicle_number\n    )\n  ) AS driver,\n\n  json_build_object(\n    'door_number', c.door_number,\n    'address1', c.address1,\n    'address2', c.address2,\n    'blacklist', c.blacklist\n  ) AS customer,\n\n  json_build_object(\n    'username', e.username,\n    'role_id', e.role_id\n  ) AS employee,\n\n  json_build_object(\n    'pickup',\n    CASE\n      WHEN lp.id IS NOT NULL THEN\n        json_build_object(\n          'id', lp.id,\n          'name', lp.name,\n          'location_type', json_build_object(\n            'id', ltp.id,\n            'name', ltp.name,\n            'background_color', ltp.background_color,\n            'foreground_color', ltp.foreground_color\n          )\n        )\n      ELSE\n        json_build_object(\n          'id', null,\n          'name', null,\n          'location_type', json_build_object(\n            'id', null,\n            'name', null,\n            'background_color', null,\n            'foreground_color', null\n          )\n        )\n    END,\n\n    'dropoff',\n    CASE\n      WHEN ld.id IS NOT NULL THEN\n        json_build_object(\n          'id', ld.id,\n          'name', ld.name,\n          'location_type', json_build_object(\n            'id', ltd.id,\n            'name', ltd.name,\n            'background_color', ltd.background_color,\n            'foreground_color', ltd.foreground_color\n          )\n        )\n      ELSE\n        json_build_object(\n          'id', null,\n          'name', null,\n          'location_type', json_build_object(\n            'id', null,\n            'name', null,\n            'background_color', null,\n            'foreground_color', null\n          )\n        )\n    END\n  ) AS airport\n\nFROM bookings b\n\nLEFT JOIN booking_statuses bs\n  ON b.booking_status_id = bs.id\n\nLEFT JOIN booking_types bt\n  ON b.booking_type_id = bt.id\n\nLEFT JOIN journey_types jt\n  ON b.journey_type_id = jt.id\n\nLEFT JOIN subsidiaries s\n  ON b.subsidiary_id = s.id\n\nLEFT JOIN vehicle_types vt\n  ON b.vehicle_type_id = vt.id\n\nLEFT JOIN payment_types pt\n  ON b.payment_type_id = pt.id\n\nLEFT JOIN accounts a\n  ON b.account_id = a.id\n\nLEFT JOIN drivers d\n  ON b.driver_id = d.id\n\nLEFT JOIN vehicles v\n  ON d.vehicle_id = v.id\n\nLEFT JOIN customers c\n  ON b.customer_id = c.id\n\nLEFT JOIN employees e\n  ON b.employee_id = e.id\n\n\n-- PICKUP LOCATION\n-- Select only the most specific matching location\nLEFT JOIN LATERAL (\n  SELECT l.*\n  FROM locations l\n  WHERE l.location_type_id = 2\n    AND b.pickup ILIKE '%' || l.name || '%'\n  ORDER BY LENGTH(l.name) DESC, l.id ASC\n  LIMIT 1\n) lp ON true\n\n\n-- DROPOFF LOCATION\n-- Select only the most specific matching location\nLEFT JOIN LATERAL (\n  SELECT l.*\n  FROM locations l\n  WHERE l.location_type_id = 2\n    AND b.dropoff ILIKE '%' || l.name || '%'\n  ORDER BY LENGTH(l.name) DESC, l.id ASC\n  LIMIT 1\n) ld ON true\n\n\nLEFT JOIN location_types ltp\n  ON lp.location_type_id = ltp.id\n\nLEFT JOIN location_types ltd\n  ON ld.location_type_id = ltd.id\n\n\n    WHERE b.id = $1\n  ","timestamp":"2026-09-25T16:06:51.162Z"}
{"duration":12,"level":"info","message":"db-query","rows":1,"text":"\n    \nSELECT\n  b.id,\n  b.reference_number,\n  b.subsidiary_id,\n  b.booking_type_id,\n  b.booking_status_id,\n  b.journey_type_id,\n  b.account_id,\n  b.customer_id,\n  b.employee_id,\n  b.pickup,\n  b.dropoff,\n  b.pickup_date,\n  b.pickup_time,\n  b.dropoff_date,\n  b.dropoff_time,\n  b.pickup_door_number,\n  b.dropoff_door_number,\n  b.pickup_plot,\n  b.dropoff_plot,\n  b.pickup_location_type_id,\n  b.dropoff_location_type_id,\n  b.pickup_latitude,\n  b.pickup_longitude,\n  b.dropoff_latitude,\n  b.dropoff_longitude,\n  b.viapoints,\n  b.restricted_drivers,\n  b.flight_number,\n  b.arriving_from,\n  b.vehicle_type_id,\n  b.vehicle_id,\n  b.driver_id,\n  b.passengers,\n  b.luggages,\n  b.hand_luggages,\n  b.child_seat,\n  b.name,\n  b.email,\n  b.mobile,\n  b.telephone,\n  b.lead_time,\n  b.notes,\n  b.special_instructions,\n  b.payment_type_id,\n  b.company_price,\n  b.fares,\n  b.total_charges,\n  b.parking_charges,\n  b.waiting_charges,\n  b.extra_drop_charges,\n  b.credit_card_charges,\n  b.congestion_charges,\n  b.miles,\n  b.meet_and_greet,\n  b.department,\n  b.escort_id,\n  b.order_number,\n  b.booked_by,\n  b.add_return_fare,\n  b.fare_meter_status,\n  b.fare_meter,\n  b.quotation,\n  b.quoted,\n  b.dispatch,\n  b.dispatch_as,\n  b.sms,\n  b.emailflag,\n  b.trash,\n  b.hidden,\n  b.multi_booking_id,\n  b.associated_booking,\n  b.invoice_status,\n  b.commission_status,\n  b.commission,\n  b.skipped_bookings,\n  b.permanent,\n  b.toggle_driver_text,\n  b.toggle_passenger_text,\n  b.cancelled_reason,\n  b.booking_source,\n  b.on_route,\n  b.arrived,\n  b.passenger_on_board,\n  b.completed,\n  b.controller_completed,\n  b.driver_waiting_time,\n  b.dispatched_at,\n  b.booked_at,\n  b.stripe_customer_id,\n  b.stripe_payment_id,\n  b.invoice_number,\n  b.initial_subsidiary_id,\n  b.created_at,\n  b.updated_at,\n  b.eta,\n  b.fob,\n  b.future,\n\n  json_build_object(\n    'booking_status', bs.booking_status\n  ) AS booking_status,\n\n  json_build_object(\n    'booking_type', bt.booking_type\n  ) AS booking_type,\n\n  json_build_object(\n    'journey_type', jt.journey_type\n  ) AS journey_type,\n\n  json_build_object(\n    'id', s.id,\n    'name', s.name,\n    'telephone_number', s.telephone_number\n  ) AS subsidiary,\n\n  json_build_object(\n    'name', vt.name,\n    'background_color', vt.background_color,\n    'foreground_color', vt.foreground_color\n  ) AS vehicle_type,\n\n  json_build_object(\n    'id', pt.id,\n    'name', pt.name,\n    'background_color', pt.background_color,\n    'foreground_color', pt.foreground_color\n  ) AS payment_type,\n\n  json_build_object(\n    'id', a.id,\n    'name', a.name,\n    'background_color', a.background_color,\n    'foreground_color', a.foreground_color,\n    'has_vat', a.has_vat,\n    'bank_information', a.bank_information,\n    'fare_controller', a.fare_controller,\n    'account_fees_type', a.account_fees_type,\n    'account_fees', a.account_fees,\n    'account_fees_vat', a.account_fees_vat\n  ) AS account,\n\n  json_build_object(\n    'id', d.id,\n    'username', d.username,\n    'name', d.name,\n    'mobile_device_id', d.mobile_device_id,\n    'phc_vehicle_number', d.phc_vehicle_number,\n    'phc_driver_number', d.phc_driver_number,\n    'vehicle_id', d.vehicle_id,\n    'driver_commission', d.driver_commission,\n    'session_status', d.session_status,\n\n    'vehicle', json_build_object(\n      'make', v.make,\n      'model', v.model,\n      'color', v.color,\n      'vehicle_number', v.vehicle_number\n    )\n  ) AS driver,\n\n  json_build_object(\n    'door_number', c.door_number,\n    'address1', c.address1,\n    'address2', c.address2,\n    'blacklist', c.blacklist\n  ) AS customer,\n\n  json_build_object(\n    'username', e.username,\n    'role_id', e.role_id\n  ) AS employee,\n\n  json_build_object(\n    'pickup',\n    CASE\n      WHEN lp.id IS NOT NULL THEN\n        json_build_object(\n          'id', lp.id,\n          'name', lp.name,\n          'location_type', json_build_object(\n            'id', ltp.id,\n            'name', ltp.name,\n            'background_color', ltp.background_color,\n            'foreground_color', ltp.foreground_color\n          )\n        )\n      ELSE\n        json_build_object(\n          'id', null,\n          'name', null,\n          'location_type', json_build_object(\n            'id', null,\n            'name', null,\n            'background_color', null,\n            'foreground_color', null\n          )\n        )\n    END,\n\n    'dropoff',\n    CASE\n      WHEN ld.id IS NOT NULL THEN\n        json_build_object(\n          'id', ld.id,\n          'name', ld.name,\n          'location_type', json_build_object(\n            'id', ltd.id,\n            'name', ltd.name,\n            'background_color', ltd.background_color,\n            'foreground_color', ltd.foreground_color\n          )\n        )\n      ELSE\n        json_build_object(\n          'id', null,\n          'name', null,\n          'location_type', json_build_object(\n            'id', null,\n            'name', null,\n            'background_color', null,\n            'foreground_color', null\n          )\n        )\n    END\n  ) AS airport\n\nFROM bookings b\n\nLEFT JOIN booking_statuses bs\n  ON b.booking_status_id = bs.id\n\nLEFT JOIN booking_types bt\n  ON b.booking_type_id = bt.id\n\nLEFT JOIN journey_types jt\n  ON b.journey_type_id = jt.id\n\nLEFT JOIN subsidiaries s\n  ON b.subsidiary_id = s.id\n\nLEFT JOIN vehicle_types vt\n  ON b.vehicle_type_id = vt.id\n\nLEFT JOIN payment_types pt\n  ON b.payment_type_id = pt.id\n\nLEFT JOIN accounts a\n  ON b.account_id = a.id\n\nLEFT JOIN drivers d\n  ON b.driver_id = d.id\n\nLEFT JOIN vehicles v\n  ON d.vehicle_id = v.id\n\nLEFT JOIN customers c\n  ON b.customer_id = c.id\n\nLEFT JOIN employees e\n  ON b.employee_id = e.id\n\n\n-- PICKUP LOCATION\n-- Select only the most specific matching location\nLEFT JOIN LATERAL (\n  SELECT l.*\n  FROM locations l\n  WHERE l.location_type_id = 2\n    AND b.pickup ILIKE '%' || l.name || '%'\n  ORDER BY LENGTH(l.name) DESC, l.id ASC\n  LIMIT 1\n) lp ON true\n\n\n-- DROPOFF LOCATION\n-- Select only the most specific matching location\nLEFT JOIN LATERAL (\n  SELECT l.*\n  FROM locations l\n  WHERE l.location_type_id = 2\n    AND b.dropoff ILIKE '%' || l.name || '%'\n  ORDER BY LENGTH(l.name) DESC, l.id ASC\n  LIMIT 1\n) ld ON true\n\n\nLEFT JOIN location_types ltp\n  ON lp.location_type_id = ltp.id\n\nLEFT JOIN location_types ltd\n  ON ld.location_type_id = ltd.id\n\n\n    WHERE b.id = $1\n  ","timestamp":"2026-09-25T16:06:51.174Z"}
{"duration":10,"level":"info","message":"db-query","rows":1,"text":"\n    \nSELECT\n  b.id,\n  b.reference_number,\n  b.subsidiary_id,\n  b.booking_type_id,\n  b.booking_status_id,\n  b.journey_type_id,\n  b.account_id,\n  b.customer_id,\n  b.employee_id,\n  b.pickup,\n  b.dropoff,\n  b.pickup_date,\n  b.pickup_time,\n  b.dropoff_date,\n  b.dropoff_time,\n  b.pickup_door_number,\n  b.dropoff_door_number,\n  b.pickup_plot,\n  b.dropoff_plot,\n  b.pickup_location_type_id,\n  b.dropoff_location_type_id,\n  b.pickup_latitude,\n  b.pickup_longitude,\n  b.dropoff_latitude,\n  b.dropoff_longitude,\n  b.viapoints,\n  b.restricted_drivers,\n  b.flight_number,\n  b.arriving_from,\n  b.vehicle_type_id,\n  b.vehicle_id,\n  b.driver_id,\n  b.passengers,\n  b.luggages,\n  b.hand_luggages,\n  b.child_seat,\n  b.name,\n  b.email,\n  b.mobile,\n  b.telephone,\n  b.lead_time,\n  b.notes,\n  b.special_instructions,\n  b.payment_type_id,\n  b.company_price,\n  b.fares,\n  b.total_charges,\n  b.parking_charges,\n  b.waiting_charges,\n  b.extra_drop_charges,\n  b.credit_card_charges,\n  b.congestion_charges,\n  b.miles,\n  b.meet_and_greet,\n  b.department,\n  b.escort_id,\n  b.order_number,\n  b.booked_by,\n  b.add_return_fare,\n  b.fare_meter_status,\n  b.fare_meter,\n  b.quotation,\n  b.quoted,\n  b.dispatch,\n  b.dispatch_as,\n  b.sms,\n  b.emailflag,\n  b.trash,\n  b.hidden,\n  b.multi_booking_id,\n  b.associated_booking,\n  b.invoice_status,\n  b.commission_status,\n  b.commission,\n  b.skipped_bookings,\n  b.permanent,\n  b.toggle_driver_text,\n  b.toggle_passenger_text,\n  b.cancelled_reason,\n  b.booking_source,\n  b.on_route,\n  b.arrived,\n  b.passenger_on_board,\n  b.completed,\n  b.controller_completed,\n  b.driver_waiting_time,\n  b.dispatched_at,\n  b.booked_at,\n  b.stripe_customer_id,\n  b.stripe_payment_id,\n  b.invoice_number,\n  b.initial_subsidiary_id,\n  b.created_at,\n  b.updated_at,\n  b.eta,\n  b.fob,\n  b.future,\n\n  json_build_object(\n    'booking_status', bs.booking_status\n  ) AS booking_status,\n\n  json_build_object(\n    'booking_type', bt.booking_type\n  ) AS booking_type,\n\n  json_build_object(\n    'journey_type', jt.journey_type\n  ) AS journey_type,\n\n  json_build_object(\n    'id', s.id,\n    'name', s.name,\n    'telephone_number', s.telephone_number\n  ) AS subsidiary,\n\n  json_build_object(\n    'name', vt.name,\n    'background_color', vt.background_color,\n    'foreground_color', vt.foreground_color\n  ) AS vehicle_type,\n\n  json_build_object(\n    'id', pt.id,\n    'name', pt.name,\n    'background_color', pt.background_color,\n    'foreground_color', pt.foreground_color\n  ) AS payment_type,\n\n  json_build_object(\n    'id', a.id,\n    'name', a.name,\n    'background_color', a.background_color,\n    'foreground_color', a.foreground_color,\n    'has_vat', a.has_vat,\n    'bank_information', a.bank_information,\n    'fare_controller', a.fare_controller,\n    'account_fees_type', a.account_fees_type,\n    'account_fees', a.account_fees,\n    'account_fees_vat', a.account_fees_vat\n  ) AS account,\n\n  json_build_object(\n    'id', d.id,\n    'username', d.username,\n    'name', d.name,\n    'mobile_device_id', d.mobile_device_id,\n    'phc_vehicle_number', d.phc_vehicle_number,\n    'phc_driver_number', d.phc_driver_number,\n    'vehicle_id', d.vehicle_id,\n    'driver_commission', d.driver_commission,\n    'session_status', d.session_status,\n\n    'vehicle', json_build_object(\n      'make', v.make,\n      'model', v.model,\n      'color', v.color,\n      'vehicle_number', v.vehicle_number\n    )\n  ) AS driver,\n\n  json_build_object(\n    'door_number', c.door_number,\n    'address1', c.address1,\n    'address2', c.address2,\n    'blacklist', c.blacklist\n  ) AS customer,\n\n  json_build_object(\n    'username', e.username,\n    'role_id', e.role_id\n  ) AS employee,\n\n  json_build_object(\n    'pickup',\n    CASE\n      WHEN lp.id IS NOT NULL THEN\n        json_build_object(\n          'id', lp.id,\n          'name', lp.name,\n          'location_type', json_build_object(\n            'id', ltp.id,\n            'name', ltp.name,\n            'background_color', ltp.background_color,\n            'foreground_color', ltp.foreground_color\n          )\n        )\n      ELSE\n        json_build_object(\n          'id', null,\n          'name', null,\n          'location_type', json_build_object(\n            'id', null,\n            'name', null,\n            'background_color', null,\n            'foreground_color', null\n          )\n        )\n    END,\n\n    'dropoff',\n    CASE\n      WHEN ld.id IS NOT NULL THEN\n        json_build_object(\n          'id', ld.id,\n          'name', ld.name,\n          'location_type', json_build_object(\n            'id', ltd.id,\n            'name', ltd.name,\n            'background_color', ltd.background_color,\n            'foreground_color', ltd.foreground_color\n          )\n        )\n      ELSE\n        json_build_object(\n          'id', null,\n          'name', null,\n          'location_type', json_build_object(\n            'id', null,\n            'name', null,\n            'background_color', null,\n            'foreground_color', null\n          )\n        )\n    END\n  ) AS airport\n\nFROM bookings b\n\nLEFT JOIN booking_statuses bs\n  ON b.booking_status_id = bs.id\n\nLEFT JOIN booking_types bt\n  ON b.booking_type_id = bt.id\n\nLEFT JOIN journey_types jt\n  ON b.journey_type_id = jt.id\n\nLEFT JOIN subsidiaries s\n  ON b.subsidiary_id = s.id\n\nLEFT JOIN vehicle_types vt\n  ON b.vehicle_type_id = vt.id\n\nLEFT JOIN payment_types pt\n  ON b.payment_type_id = pt.id\n\nLEFT JOIN accounts a\n  ON b.account_id = a.id\n\nLEFT JOIN drivers d\n  ON b.driver_id = d.id\n\nLEFT JOIN vehicles v\n  ON d.vehicle_id = v.id\n\nLEFT JOIN customers c\n  ON b.customer_id = c.id\n\nLEFT JOIN employees e\n  ON b.employee_id = e.id\n\n\n-- PICKUP LOCATION\n-- Select only the most specific matching location\nLEFT JOIN LATERAL (\n  SELECT l.*\n  FROM locations l\n  WHERE l.location_type_id = 2\n    AND b.pickup ILIKE '%' || l.name || '%'\n  ORDER BY LENGTH(l.name) DESC, l.id ASC\n  LIMIT 1\n) lp ON true\n\n\n-- DROPOFF LOCATION\n-- Select only the most specific matching location\nLEFT JOIN LATERAL (\n  SELECT l.*\n  FROM locations l\n  WHERE l.location_type_id = 2\n    AND b.dropoff ILIKE '%' || l.name || '%'\n  ORDER BY LENGTH(l.name) DESC, l.id ASC\n  LIMIT 1\n) ld ON true\n\n\nLEFT JOIN location_types ltp\n  ON lp.location_type_id = ltp.id\n\nLEFT JOIN location_types ltd\n  ON ld.location_type_id = ltd.id\n\n\n    WHERE b.id = $1\n  ","timestamp":"2026-09-25T16:06:51.185Z"}
{"duration":3,"level":"info","message":"db-query","rows":null,"text":"COMMIT","timestamp":"2026-09-25T16:06:51.191Z"}
{"level":"info","message":"POST /api/bookings/add 200 699.970 ms","timestamp":"2026-09-25T16:06:51.193Z"}
{"duration":3,"level":"info","message":"db-query","rows":0,"text":"\n      SELECT company_id, driver_id \n      FROM driver_sinbins \n      WHERE is_active = TRUE \n      AND (updated_at + (sinbin_time || ' minutes')::INTERVAL) <= CURRENT_TIMESTAMP;\n    ","timestamp":"2026-09-25T16:07:00.020Z"}
{"duration":45,"level":"info","message":"db-query","rows":null,"text":"BEGIN","timestamp":"2026-09-25T16:07:48.850Z"}
{"duration":3,"level":"info","message":"db-query","rows":1,"text":"\n    INSERT INTO public.customers (name, email, mobile, telephone, blacklist, company_id)\n    VALUES ($1, $2, $3, $4, false, $5)\n    ON CONFLICT (mobile) DO UPDATE SET\n      name = COALESCE(EXCLUDED.name, customers.name),\n      email = COALESCE(EXCLUDED.email, customers.email),\n      telephone = COALESCE(EXCLUDED.telephone, customers.telephone),\n      company_id = COALESCE(EXCLUDED.company_id, customers.company_id)\n    RETURNING id;\n  ","timestamp":"2026-09-25T16:07:48.853Z"}
{"duration":3,"level":"info","message":"db-query","rows":0,"text":"SELECT * FROM fixed_fares WHERE vehicle_type_id=$1 AND company_id = $2","timestamp":"2026-09-25T16:07:48.857Z"}
{"duration":2,"level":"info","message":"db-query","rows":0,"text":"SELECT * FROM fare_configurations\n       WHERE vehicle_type_id=$1 AND company_id = $2\n       ORDER BY id ASC","timestamp":"2026-09-25T16:07:48.860Z"}
{"duration":3,"level":"info","message":"db-query","rows":0,"text":"\n      SELECT *\n      FROM fare_increments\n      WHERE company_id=$1\n      ORDER BY id DESC\n    ","timestamp":"2026-09-25T16:07:48.863Z"}
{"duration":2,"level":"info","message":"db-query","rows":1,"text":"\n      SELECT *\n      FROM surcharges\n      WHERE company_id=$1\n      AND active=true\n    ","timestamp":"2026-09-25T16:07:48.865Z"}
{"duration":3,"level":"info","message":"db-query","rows":0,"text":"SELECT * FROM locations WHERE location_type_id=2 AND company_id =$1","timestamp":"2026-09-25T16:07:48.869Z"}
{"duration":4,"level":"info","message":"db-query","rows":0,"text":"SELECT reference_number FROM bookings WHERE reference_number = $1 LIMIT 1","timestamp":"2026-09-25T16:07:48.878Z"}
{"duration":1,"level":"info","message":"db-query","rows":0,"text":"SELECT reference_number FROM bookings WHERE reference_number = $1 LIMIT 1","timestamp":"2026-09-25T16:07:48.880Z"}
{"duration":16,"level":"info","message":"db-query","rows":1,"text":"INSERT INTO bookings (reference_number,subsidiary_id,booking_type_id,booking_status_id,journey_type_id,customer_id,employee_id,pickup,dropoff,pickup_date,pickup_time,pickup_door_number,dropoff_door_number,pickup_latitude,pickup_longitude,dropoff_latitude,dropoff_longitude,viapoints,restricted_drivers,vehicle_type_id,passengers,luggages,hand_luggages,child_seat,name,email,mobile,telephone,lead_time,notes,special_instructions,payment_type_id,company_price,fares,total_charges,parking_charges,waiting_charges,extra_drop_charges,credit_card_charges,congestion_charges,miles,meet_and_greet,quotation,quoted,sms,emailflag,commission,skipped_bookings,booking_source,on_route,eta,company_id,booked_at,multi_booking_id)\n               VALUES ($1,$2,$3,$4,$5,$6,$7,$8,$9,$10,$11,$12,$13,$14,$15,$16,$17,$18,$19,$20,$21,$22,$23,$24,$25,$26,$27,$28,$29,$30,$31,$32,$33,$34,$35,$36,$37,$38,$39,$40,$41,$42,$43,$44,$45,$46,$47,$48,$49,$50,$51,$52,$53,$54)\n               RETURNING *;","timestamp":"2026-09-25T16:07:48.896Z"}
{"duration":1,"level":"info","message":"db-query","rows":1,"text":"UPDATE bookings\n     SET multi_booking_id = $1\n     WHERE id = $1","timestamp":"2026-09-25T16:07:48.898Z"}
{"duration":1,"level":"info","message":"db-query","rows":0,"text":"SELECT * FROM fixed_fares WHERE vehicle_type_id=$1 AND company_id = $2","timestamp":"2026-09-25T16:07:48.900Z"}
{"duration":0,"level":"info","message":"db-query","rows":0,"text":"SELECT * FROM fare_configurations\n       WHERE vehicle_type_id=$1 AND company_id = $2\n       ORDER BY id ASC","timestamp":"2026-09-25T16:07:48.901Z"}
{"duration":2,"level":"info","message":"db-query","rows":0,"text":"\n      SELECT *\n      FROM fare_increments\n      WHERE company_id=$1\n      ORDER BY id DESC\n    ","timestamp":"2026-09-25T16:07:48.903Z"}
{"duration":0,"level":"info","message":"db-query","rows":1,"text":"\n      SELECT *\n      FROM surcharges\n      WHERE company_id=$1\n      AND active=true\n    ","timestamp":"2026-09-25T16:07:48.906Z"}
{"duration":1,"level":"info","message":"db-query","rows":0,"text":"SELECT * FROM locations WHERE location_type_id=2 AND company_id =$1","timestamp":"2026-09-25T16:07:48.908Z"}
{"duration":1,"level":"info","message":"db-query","rows":0,"text":"SELECT reference_number FROM bookings WHERE reference_number = $1 LIMIT 1","timestamp":"2026-09-25T16:07:48.911Z"}
{"duration":1,"level":"info","message":"db-query","rows":0,"text":"SELECT reference_number FROM bookings WHERE reference_number = $1 LIMIT 1","timestamp":"2026-09-25T16:07:48.913Z"}
{"duration":2,"level":"info","message":"db-query","rows":1,"text":"INSERT INTO bookings (reference_number,subsidiary_id,booking_type_id,booking_status_id,journey_type_id,customer_id,employee_id,pickup,dropoff,pickup_date,pickup_time,pickup_door_number,dropoff_door_number,pickup_latitude,pickup_longitude,dropoff_latitude,dropoff_longitude,viapoints,restricted_drivers,vehicle_type_id,passengers,luggages,hand_luggages,child_seat,name,email,mobile,telephone,lead_time,notes,special_instructions,payment_type_id,company_price,fares,total_charges,parking_charges,waiting_charges,extra_drop_charges,credit_card_charges,congestion_charges,miles,meet_and_greet,quotation,quoted,sms,emailflag,multi_booking_id,associated_booking,commission,skipped_bookings,booking_source,on_route,eta,company_id,booked_at)\n               VALUES ($1,$2,$3,$4,$5,$6,$7,$8,$9,$10,$11,$12,$13,$14,$15,$16,$17,$18,$19,$20,$21,$22,$23,$24,$25,$26,$27,$28,$29,$30,$31,$32,$33,$34,$35,$36,$37,$38,$39,$40,$41,$42,$43,$44,$45,$46,$47,$48,$49,$50,$51,$52,$53,$54,$55)\n               RETURNING *;","timestamp":"2026-09-25T16:07:48.916Z"}
{"duration":0,"level":"info","message":"db-query","rows":0,"text":"SELECT * FROM fixed_fares WHERE vehicle_type_id=$1 AND company_id = $2","timestamp":"2026-09-25T16:07:48.917Z"}
{"duration":1,"level":"info","message":"db-query","rows":0,"text":"SELECT * FROM fare_configurations\n       WHERE vehicle_type_id=$1 AND company_id = $2\n       ORDER BY id ASC","timestamp":"2026-09-25T16:07:48.922Z"}
{"duration":1,"level":"info","message":"db-query","rows":0,"text":"\n      SELECT *\n      FROM fare_increments\n      WHERE company_id=$1\n      ORDER BY id DESC\n    ","timestamp":"2026-09-25T16:07:48.923Z"}
{"duration":1,"level":"info","message":"db-query","rows":1,"text":"\n      SELECT *\n      FROM surcharges\n      WHERE company_id=$1\n      AND active=true\n    ","timestamp":"2026-09-25T16:07:48.924Z"}
{"duration":1,"level":"info","message":"db-query","rows":0,"text":"SELECT * FROM locations WHERE location_type_id=2 AND company_id =$1","timestamp":"2026-09-25T16:07:48.925Z"}
{"duration":1,"level":"info","message":"db-query","rows":0,"text":"SELECT reference_number FROM bookings WHERE reference_number = $1 LIMIT 1","timestamp":"2026-09-25T16:07:48.928Z"}
{"duration":1,"level":"info","message":"db-query","rows":0,"text":"SELECT reference_number FROM bookings WHERE reference_number = $1 LIMIT 1","timestamp":"2026-09-25T16:07:48.929Z"}
{"duration":2,"level":"info","message":"db-query","rows":1,"text":"INSERT INTO bookings (reference_number,subsidiary_id,booking_type_id,booking_status_id,journey_type_id,customer_id,employee_id,pickup,dropoff,pickup_date,pickup_time,pickup_door_number,dropoff_door_number,pickup_latitude,pickup_longitude,dropoff_latitude,dropoff_longitude,viapoints,restricted_drivers,vehicle_type_id,passengers,luggages,hand_luggages,child_seat,name,email,mobile,telephone,lead_time,notes,special_instructions,payment_type_id,company_price,fares,total_charges,parking_charges,waiting_charges,extra_drop_charges,credit_card_charges,congestion_charges,miles,meet_and_greet,quotation,quoted,sms,emailflag,commission,skipped_bookings,booking_source,on_route,eta,company_id,booked_at,multi_booking_id)\n               VALUES ($1,$2,$3,$4,$5,$6,$7,$8,$9,$10,$11,$12,$13,$14,$15,$16,$17,$18,$19,$20,$21,$22,$23,$24,$25,$26,$27,$28,$29,$30,$31,$32,$33,$34,$35,$36,$37,$38,$39,$40,$41,$42,$43,$44,$45,$46,$47,$48,$49,$50,$51,$52,$53,$54)\n               RETURNING *;","timestamp":"2026-09-25T16:07:48.931Z"}
{"duration":1,"level":"info","message":"db-query","rows":1,"text":"UPDATE bookings\n     SET multi_booking_id = $1\n     WHERE id = $2","timestamp":"2026-09-25T16:07:48.932Z"}
{"duration":1,"level":"info","message":"db-query","rows":0,"text":"SELECT * FROM fixed_fares WHERE vehicle_type_id=$1 AND company_id = $2","timestamp":"2026-09-25T16:07:48.934Z"}
{"duration":1,"level":"info","message":"db-query","rows":0,"text":"SELECT * FROM fare_configurations\n       WHERE vehicle_type_id=$1 AND company_id = $2\n       ORDER BY id ASC","timestamp":"2026-09-25T16:07:48.935Z"}
{"duration":1,"level":"info","message":"db-query","rows":0,"text":"\n      SELECT *\n      FROM fare_increments\n      WHERE company_id=$1\n      ORDER BY id DESC\n    ","timestamp":"2026-09-25T16:07:48.938Z"}
{"duration":0,"level":"info","message":"db-query","rows":1,"text":"\n      SELECT *\n      FROM surcharges\n      WHERE company_id=$1\n      AND active=true\n    ","timestamp":"2026-09-25T16:07:48.939Z"}
{"duration":0,"level":"info","message":"db-query","rows":0,"text":"SELECT * FROM locations WHERE location_type_id=2 AND company_id =$1","timestamp":"2026-09-25T16:07:48.940Z"}
{"duration":1,"level":"info","message":"db-query","rows":0,"text":"SELECT reference_number FROM bookings WHERE reference_number = $1 LIMIT 1","timestamp":"2026-09-25T16:07:48.943Z"}
{"duration":0,"level":"info","message":"db-query","rows":0,"text":"SELECT reference_number FROM bookings WHERE reference_number = $1 LIMIT 1","timestamp":"2026-09-25T16:07:48.944Z"}
{"duration":2,"level":"info","message":"db-query","rows":1,"text":"INSERT INTO bookings (reference_number,subsidiary_id,booking_type_id,booking_status_id,journey_type_id,customer_id,employee_id,pickup,dropoff,pickup_date,pickup_time,pickup_door_number,dropoff_door_number,pickup_latitude,pickup_longitude,dropoff_latitude,dropoff_longitude,viapoints,restricted_drivers,vehicle_type_id,passengers,luggages,hand_luggages,child_seat,name,email,mobile,telephone,lead_time,notes,special_instructions,payment_type_id,company_price,fares,total_charges,parking_charges,waiting_charges,extra_drop_charges,credit_card_charges,congestion_charges,miles,meet_and_greet,quotation,quoted,sms,emailflag,multi_booking_id,associated_booking,commission,skipped_bookings,booking_source,on_route,eta,company_id,booked_at)\n               VALUES ($1,$2,$3,$4,$5,$6,$7,$8,$9,$10,$11,$12,$13,$14,$15,$16,$17,$18,$19,$20,$21,$22,$23,$24,$25,$26,$27,$28,$29,$30,$31,$32,$33,$34,$35,$36,$37,$38,$39,$40,$41,$42,$43,$44,$45,$46,$47,$48,$49,$50,$51,$52,$53,$54,$55)\n               RETURNING *;","timestamp":"2026-09-25T16:07:48.947Z"}
{"duration":0,"level":"info","message":"db-query","rows":0,"text":"SELECT * FROM fixed_fares WHERE vehicle_type_id=$1 AND company_id = $2","timestamp":"2026-09-25T16:07:48.948Z"}
{"duration":0,"level":"info","message":"db-query","rows":0,"text":"SELECT * FROM fare_configurations\n       WHERE vehicle_type_id=$1 AND company_id = $2\n       ORDER BY id ASC","timestamp":"2026-09-25T16:07:48.949Z"}
{"duration":1,"level":"info","message":"db-query","rows":0,"text":"\n      SELECT *\n      FROM fare_increments\n      WHERE company_id=$1\n      ORDER BY id DESC\n    ","timestamp":"2026-09-25T16:07:48.950Z"}
{"duration":1,"level":"info","message":"db-query","rows":1,"text":"\n      SELECT *\n      FROM surcharges\n      WHERE company_id=$1\n      AND active=true\n    ","timestamp":"2026-09-25T16:07:48.951Z"}
{"duration":1,"level":"info","message":"db-query","rows":0,"text":"SELECT * FROM locations WHERE location_type_id=2 AND company_id =$1","timestamp":"2026-09-25T16:07:48.956Z"}
{"duration":0,"level":"info","message":"db-query","rows":0,"text":"SELECT reference_number FROM bookings WHERE reference_number = $1 LIMIT 1","timestamp":"2026-09-25T16:07:48.958Z"}
{"duration":1,"level":"info","message":"db-query","rows":0,"text":"SELECT reference_number FROM bookings WHERE reference_number = $1 LIMIT 1","timestamp":"2026-09-25T16:07:48.959Z"}
{"duration":2,"level":"info","message":"db-query","rows":1,"text":"INSERT INTO bookings (reference_number,subsidiary_id,booking_type_id,booking_status_id,journey_type_id,customer_id,employee_id,pickup,dropoff,pickup_date,pickup_time,pickup_door_number,dropoff_door_number,pickup_latitude,pickup_longitude,dropoff_latitude,dropoff_longitude,viapoints,restricted_drivers,vehicle_type_id,passengers,luggages,hand_luggages,child_seat,name,email,mobile,telephone,lead_time,notes,special_instructions,payment_type_id,company_price,fares,total_charges,parking_charges,waiting_charges,extra_drop_charges,credit_card_charges,congestion_charges,miles,meet_and_greet,quotation,quoted,sms,emailflag,commission,skipped_bookings,booking_source,on_route,eta,company_id,booked_at,multi_booking_id)\n               VALUES ($1,$2,$3,$4,$5,$6,$7,$8,$9,$10,$11,$12,$13,$14,$15,$16,$17,$18,$19,$20,$21,$22,$23,$24,$25,$26,$27,$28,$29,$30,$31,$32,$33,$34,$35,$36,$37,$38,$39,$40,$41,$42,$43,$44,$45,$46,$47,$48,$49,$50,$51,$52,$53,$54)\n               RETURNING *;","timestamp":"2026-09-25T16:07:48.961Z"}
{"duration":1,"level":"info","message":"db-query","rows":1,"text":"UPDATE bookings\n     SET multi_booking_id = $1\n     WHERE id = $2","timestamp":"2026-09-25T16:07:48.962Z"}
{"duration":0,"level":"info","message":"db-query","rows":0,"text":"SELECT * FROM fixed_fares WHERE vehicle_type_id=$1 AND company_id = $2","timestamp":"2026-09-25T16:07:48.963Z"}
{"duration":0,"level":"info","message":"db-query","rows":0,"text":"SELECT * FROM fare_configurations\n       WHERE vehicle_type_id=$1 AND company_id = $2\n       ORDER BY id ASC","timestamp":"2026-09-25T16:07:48.964Z"}
{"duration":0,"level":"info","message":"db-query","rows":0,"text":"\n      SELECT *\n      FROM fare_increments\n      WHERE company_id=$1\n      ORDER BY id DESC\n    ","timestamp":"2026-09-25T16:07:48.964Z"}
{"duration":0,"level":"info","message":"db-query","rows":1,"text":"\n      SELECT *\n      FROM surcharges\n      WHERE company_id=$1\n      AND active=true\n    ","timestamp":"2026-09-25T16:07:48.965Z"}
{"duration":0,"level":"info","message":"db-query","rows":0,"text":"SELECT * FROM locations WHERE location_type_id=2 AND company_id =$1","timestamp":"2026-09-25T16:07:48.966Z"}
{"duration":1,"level":"info","message":"db-query","rows":0,"text":"SELECT reference_number FROM bookings WHERE reference_number = $1 LIMIT 1","timestamp":"2026-09-25T16:07:48.972Z"}
{"duration":1,"level":"info","message":"db-query","rows":0,"text":"SELECT reference_number FROM bookings WHERE reference_number = $1 LIMIT 1","timestamp":"2026-09-25T16:07:48.973Z"}
{"duration":2,"level":"info","message":"db-query","rows":1,"text":"INSERT INTO bookings (reference_number,subsidiary_id,booking_type_id,booking_status_id,journey_type_id,customer_id,employee_id,pickup,dropoff,pickup_date,pickup_time,pickup_door_number,dropoff_door_number,pickup_latitude,pickup_longitude,dropoff_latitude,dropoff_longitude,viapoints,restricted_drivers,vehicle_type_id,passengers,luggages,hand_luggages,child_seat,name,email,mobile,telephone,lead_time,notes,special_instructions,payment_type_id,company_price,fares,total_charges,parking_charges,waiting_charges,extra_drop_charges,credit_card_charges,congestion_charges,miles,meet_and_greet,quotation,quoted,sms,emailflag,multi_booking_id,associated_booking,commission,skipped_bookings,booking_source,on_route,eta,company_id,booked_at)\n               VALUES ($1,$2,$3,$4,$5,$6,$7,$8,$9,$10,$11,$12,$13,$14,$15,$16,$17,$18,$19,$20,$21,$22,$23,$24,$25,$26,$27,$28,$29,$30,$31,$32,$33,$34,$35,$36,$37,$38,$39,$40,$41,$42,$43,$44,$45,$46,$47,$48,$49,$50,$51,$52,$53,$54,$55)\n               RETURNING *;","timestamp":"2026-09-25T16:07:48.975Z"}
{"duration":0,"level":"info","message":"db-query","rows":0,"text":"SELECT * FROM fixed_fares WHERE vehicle_type_id=$1 AND company_id = $2","timestamp":"2026-09-25T16:07:48.976Z"}
{"duration":0,"level":"info","message":"db-query","rows":0,"text":"SELECT * FROM fare_configurations\n       WHERE vehicle_type_id=$1 AND company_id = $2\n       ORDER BY id ASC","timestamp":"2026-09-25T16:07:48.978Z"}
{"duration":0,"level":"info","message":"db-query","rows":0,"text":"\n      SELECT *\n      FROM fare_increments\n      WHERE company_id=$1\n      ORDER BY id DESC\n    ","timestamp":"2026-09-25T16:07:48.979Z"}
{"duration":1,"level":"info","message":"db-query","rows":1,"text":"\n      SELECT *\n      FROM surcharges\n      WHERE company_id=$1\n      AND active=true\n    ","timestamp":"2026-09-25T16:07:48.980Z"}
{"duration":0,"level":"info","message":"db-query","rows":0,"text":"SELECT * FROM locations WHERE location_type_id=2 AND company_id =$1","timestamp":"2026-09-25T16:07:48.981Z"}
{"duration":1,"level":"info","message":"db-query","rows":0,"text":"SELECT reference_number FROM bookings WHERE reference_number = $1 LIMIT 1","timestamp":"2026-09-25T16:07:48.984Z"}
{"duration":2,"level":"info","message":"db-query","rows":0,"text":"SELECT reference_number FROM bookings WHERE reference_number = $1 LIMIT 1","timestamp":"2026-09-25T16:07:48.986Z"}
{"duration":2,"level":"info","message":"db-query","rows":1,"text":"INSERT INTO bookings (reference_number,subsidiary_id,booking_type_id,booking_status_id,journey_type_id,customer_id,employee_id,pickup,dropoff,pickup_date,pickup_time,pickup_door_number,dropoff_door_number,pickup_latitude,pickup_longitude,dropoff_latitude,dropoff_longitude,viapoints,restricted_drivers,vehicle_type_id,passengers,luggages,hand_luggages,child_seat,name,email,mobile,telephone,lead_time,notes,special_instructions,payment_type_id,company_price,fares,total_charges,parking_charges,waiting_charges,extra_drop_charges,credit_card_charges,congestion_charges,miles,meet_and_greet,quotation,quoted,sms,emailflag,commission,skipped_bookings,booking_source,on_route,eta,company_id,booked_at,multi_booking_id)\n               VALUES ($1,$2,$3,$4,$5,$6,$7,$8,$9,$10,$11,$12,$13,$14,$15,$16,$17,$18,$19,$20,$21,$22,$23,$24,$25,$26,$27,$28,$29,$30,$31,$32,$33,$34,$35,$36,$37,$38,$39,$40,$41,$42,$43,$44,$45,$46,$47,$48,$49,$50,$51,$52,$53,$54)\n               RETURNING *;","timestamp":"2026-09-25T16:07:48.989Z"}
{"duration":1,"level":"info","message":"db-query","rows":1,"text":"UPDATE bookings\n     SET multi_booking_id = $1\n     WHERE id = $2","timestamp":"2026-09-25T16:07:48.990Z"}
{"duration":1,"level":"info","message":"db-query","rows":0,"text":"SELECT * FROM fixed_fares WHERE vehicle_type_id=$1 AND company_id = $2","timestamp":"2026-09-25T16:07:48.992Z"}
{"duration":0,"level":"info","message":"db-query","rows":0,"text":"SELECT * FROM fare_configurations\n       WHERE vehicle_type_id=$1 AND company_id = $2\n       ORDER BY id ASC","timestamp":"2026-09-25T16:07:48.992Z"}
{"duration":0,"level":"info","message":"db-query","rows":0,"text":"\n      SELECT *\n      FROM fare_increments\n      WHERE company_id=$1\n      ORDER BY id DESC\n    ","timestamp":"2026-09-25T16:07:48.993Z"}
{"duration":1,"level":"info","message":"db-query","rows":1,"text":"\n      SELECT *\n      FROM surcharges\n      WHERE company_id=$1\n      AND active=true\n    ","timestamp":"2026-09-25T16:07:48.994Z"}
{"duration":1,"level":"info","message":"db-query","rows":0,"text":"SELECT * FROM locations WHERE location_type_id=2 AND company_id =$1","timestamp":"2026-09-25T16:07:48.995Z"}
{"duration":1,"level":"info","message":"db-query","rows":0,"text":"SELECT reference_number FROM bookings WHERE reference_number = $1 LIMIT 1","timestamp":"2026-09-25T16:07:48.998Z"}
{"duration":0,"level":"info","message":"db-query","rows":0,"text":"SELECT reference_number FROM bookings WHERE reference_number = $1 LIMIT 1","timestamp":"2026-09-25T16:07:48.998Z"}
{"duration":1,"level":"info","message":"db-query","rows":1,"text":"INSERT INTO bookings (reference_number,subsidiary_id,booking_type_id,booking_status_id,journey_type_id,customer_id,employee_id,pickup,dropoff,pickup_date,pickup_time,pickup_door_number,dropoff_door_number,pickup_latitude,pickup_longitude,dropoff_latitude,dropoff_longitude,viapoints,restricted_drivers,vehicle_type_id,passengers,luggages,hand_luggages,child_seat,name,email,mobile,telephone,lead_time,notes,special_instructions,payment_type_id,company_price,fares,total_charges,parking_charges,waiting_charges,extra_drop_charges,credit_card_charges,congestion_charges,miles,meet_and_greet,quotation,quoted,sms,emailflag,multi_booking_id,associated_booking,commission,skipped_bookings,booking_source,on_route,eta,company_id,booked_at)\n               VALUES ($1,$2,$3,$4,$5,$6,$7,$8,$9,$10,$11,$12,$13,$14,$15,$16,$17,$18,$19,$20,$21,$22,$23,$24,$25,$26,$27,$28,$29,$30,$31,$32,$33,$34,$35,$36,$37,$38,$39,$40,$41,$42,$43,$44,$45,$46,$47,$48,$49,$50,$51,$52,$53,$54,$55)\n               RETURNING *;","timestamp":"2026-09-25T16:07:49.000Z"}
{"duration":1,"level":"info","message":"db-query","rows":0,"text":"SELECT * FROM fixed_fares WHERE vehicle_type_id=$1 AND company_id = $2","timestamp":"2026-09-25T16:07:49.006Z"}
{"duration":0,"level":"info","message":"db-query","rows":0,"text":"SELECT * FROM fare_configurations\n       WHERE vehicle_type_id=$1 AND company_id = $2\n       ORDER BY id ASC","timestamp":"2026-09-25T16:07:49.007Z"}
{"duration":0,"level":"info","message":"db-query","rows":0,"text":"\n      SELECT *\n      FROM fare_increments\n      WHERE company_id=$1\n      ORDER BY id DESC\n    ","timestamp":"2026-09-25T16:07:49.008Z"}
{"duration":0,"level":"info","message":"db-query","rows":1,"text":"\n      SELECT *\n      FROM surcharges\n      WHERE company_id=$1\n      AND active=true\n    ","timestamp":"2026-09-25T16:07:49.009Z"}
{"duration":1,"level":"info","message":"db-query","rows":0,"text":"SELECT * FROM locations WHERE location_type_id=2 AND company_id =$1","timestamp":"2026-09-25T16:07:49.012Z"}
{"duration":1,"level":"info","message":"db-query","rows":0,"text":"SELECT reference_number FROM bookings WHERE reference_number = $1 LIMIT 1","timestamp":"2026-09-25T16:07:49.014Z"}
{"duration":1,"level":"info","message":"db-query","rows":0,"text":"SELECT reference_number FROM bookings WHERE reference_number = $1 LIMIT 1","timestamp":"2026-09-25T16:07:49.015Z"}
{"duration":2,"level":"info","message":"db-query","rows":1,"text":"INSERT INTO bookings (reference_number,subsidiary_id,booking_type_id,booking_status_id,journey_type_id,customer_id,employee_id,pickup,dropoff,pickup_date,pickup_time,pickup_door_number,dropoff_door_number,pickup_latitude,pickup_longitude,dropoff_latitude,dropoff_longitude,viapoints,restricted_drivers,vehicle_type_id,passengers,luggages,hand_luggages,child_seat,name,email,mobile,telephone,lead_time,notes,special_instructions,payment_type_id,company_price,fares,total_charges,parking_charges,waiting_charges,extra_drop_charges,credit_card_charges,congestion_charges,miles,meet_and_greet,quotation,quoted,sms,emailflag,commission,skipped_bookings,booking_source,on_route,eta,company_id,booked_at,multi_booking_id)\n               VALUES ($1,$2,$3,$4,$5,$6,$7,$8,$9,$10,$11,$12,$13,$14,$15,$16,$17,$18,$19,$20,$21,$22,$23,$24,$25,$26,$27,$28,$29,$30,$31,$32,$33,$34,$35,$36,$37,$38,$39,$40,$41,$42,$43,$44,$45,$46,$47,$48,$49,$50,$51,$52,$53,$54)\n               RETURNING *;","timestamp":"2026-09-25T16:07:49.017Z"}
{"duration":2,"level":"info","message":"db-query","rows":1,"text":"UPDATE bookings\n     SET multi_booking_id = $1\n     WHERE id = $2","timestamp":"2026-09-25T16:07:49.019Z"}
{"duration":1,"level":"info","message":"db-query","rows":0,"text":"SELECT * FROM fixed_fares WHERE vehicle_type_id=$1 AND company_id = $2","timestamp":"2026-09-25T16:07:49.064Z"}
{"duration":0,"level":"info","message":"db-query","rows":0,"text":"SELECT * FROM fare_configurations\n       WHERE vehicle_type_id=$1 AND company_id = $2\n       ORDER BY id ASC","timestamp":"2026-09-25T16:07:49.065Z"}
{"duration":0,"level":"info","message":"db-query","rows":0,"text":"\n      SELECT *\n      FROM fare_increments\n      WHERE company_id=$1\n      ORDER BY id DESC\n    ","timestamp":"2026-09-25T16:07:49.067Z"}
{"duration":1,"level":"info","message":"db-query","rows":1,"text":"\n      SELECT *\n      FROM surcharges\n      WHERE company_id=$1\n      AND active=true\n    ","timestamp":"2026-09-25T16:07:49.068Z"}
{"duration":0,"level":"info","message":"db-query","rows":0,"text":"SELECT * FROM locations WHERE location_type_id=2 AND company_id =$1","timestamp":"2026-09-25T16:07:49.079Z"}
{"duration":0,"level":"info","message":"db-query","rows":0,"text":"SELECT reference_number FROM bookings WHERE reference_number = $1 LIMIT 1","timestamp":"2026-09-25T16:07:49.116Z"}
{"duration":1,"level":"info","message":"db-query","rows":0,"text":"SELECT reference_number FROM bookings WHERE reference_number = $1 LIMIT 1","timestamp":"2026-09-25T16:07:49.120Z"}
{"duration":2,"level":"info","message":"db-query","rows":1,"text":"INSERT INTO bookings (reference_number,subsidiary_id,booking_type_id,booking_status_id,journey_type_id,customer_id,employee_id,pickup,dropoff,pickup_date,pickup_time,pickup_door_number,dropoff_door_number,pickup_latitude,pickup_longitude,dropoff_latitude,dropoff_longitude,viapoints,restricted_drivers,vehicle_type_id,passengers,luggages,hand_luggages,child_seat,name,email,mobile,telephone,lead_time,notes,special_instructions,payment_type_id,company_price,fares,total_charges,parking_charges,waiting_charges,extra_drop_charges,credit_card_charges,congestion_charges,miles,meet_and_greet,quotation,quoted,sms,emailflag,multi_booking_id,associated_booking,commission,skipped_bookings,booking_source,on_route,eta,company_id,booked_at)\n               VALUES ($1,$2,$3,$4,$5,$6,$7,$8,$9,$10,$11,$12,$13,$14,$15,$16,$17,$18,$19,$20,$21,$22,$23,$24,$25,$26,$27,$28,$29,$30,$31,$32,$33,$34,$35,$36,$37,$38,$39,$40,$41,$42,$43,$44,$45,$46,$47,$48,$49,$50,$51,$52,$53,$54,$55)\n               RETURNING *;","timestamp":"2026-09-25T16:07:49.122Z"}
{"duration":24,"level":"info","message":"db-query","rows":1,"text":"\n    \nSELECT\n  b.id,\n  b.reference_number,\n  b.subsidiary_id,\n  b.booking_type_id,\n  b.booking_status_id,\n  b.journey_type_id,\n  b.account_id,\n  b.customer_id,\n  b.employee_id,\n  b.pickup,\n  b.dropoff,\n  b.pickup_date,\n  b.pickup_time,\n  b.dropoff_date,\n  b.dropoff_time,\n  b.pickup_door_number,\n  b.dropoff_door_number,\n  b.pickup_plot,\n  b.dropoff_plot,\n  b.pickup_location_type_id,\n  b.dropoff_location_type_id,\n  b.pickup_latitude,\n  b.pickup_longitude,\n  b.dropoff_latitude,\n  b.dropoff_longitude,\n  b.viapoints,\n  b.restricted_drivers,\n  b.flight_number,\n  b.arriving_from,\n  b.vehicle_type_id,\n  b.vehicle_id,\n  b.driver_id,\n  b.passengers,\n  b.luggages,\n  b.hand_luggages,\n  b.child_seat,\n  b.name,\n  b.email,\n  b.mobile,\n  b.telephone,\n  b.lead_time,\n  b.notes,\n  b.special_instructions,\n  b.payment_type_id,\n  b.company_price,\n  b.fares,\n  b.total_charges,\n  b.parking_charges,\n  b.waiting_charges,\n  b.extra_drop_charges,\n  b.credit_card_charges,\n  b.congestion_charges,\n  b.miles,\n  b.meet_and_greet,\n  b.department,\n  b.escort_id,\n  b.order_number,\n  b.booked_by,\n  b.add_return_fare,\n  b.fare_meter_status,\n  b.fare_meter,\n  b.quotation,\n  b.quoted,\n  b.dispatch,\n  b.dispatch_as,\n  b.sms,\n  b.emailflag,\n  b.trash,\n  b.hidden,\n  b.multi_booking_id,\n  b.associated_booking,\n  b.invoice_status,\n  b.commission_status,\n  b.commission,\n  b.skipped_bookings,\n  b.permanent,\n  b.toggle_driver_text,\n  b.toggle_passenger_text,\n  b.cancelled_reason,\n  b.booking_source,\n  b.on_route,\n  b.arrived,\n  b.passenger_on_board,\n  b.completed,\n  b.controller_completed,\n  b.driver_waiting_time,\n  b.dispatched_at,\n  b.booked_at,\n  b.stripe_customer_id,\n  b.stripe_payment_id,\n  b.invoice_number,\n  b.initial_subsidiary_id,\n  b.created_at,\n  b.updated_at,\n  b.eta,\n  b.fob,\n  b.future,\n\n  json_build_object(\n    'booking_status', bs.booking_status\n  ) AS booking_status,\n\n  json_build_object(\n    'booking_type', bt.booking_type\n  ) AS booking_type,\n\n  json_build_object(\n    'journey_type', jt.journey_type\n  ) AS journey_type,\n\n  json_build_object(\n    'id', s.id,\n    'name', s.name,\n    'telephone_number', s.telephone_number\n  ) AS subsidiary,\n\n  json_build_object(\n    'name', vt.name,\n    'background_color', vt.background_color,\n    'foreground_color', vt.foreground_color\n  ) AS vehicle_type,\n\n  json_build_object(\n    'id', pt.id,\n    'name', pt.name,\n    'background_color', pt.background_color,\n    'foreground_color', pt.foreground_color\n  ) AS payment_type,\n\n  json_build_object(\n    'id', a.id,\n    'name', a.name,\n    'background_color', a.background_color,\n    'foreground_color', a.foreground_color,\n    'has_vat', a.has_vat,\n    'bank_information', a.bank_information,\n    'fare_controller', a.fare_controller,\n    'account_fees_type', a.account_fees_type,\n    'account_fees', a.account_fees,\n    'account_fees_vat', a.account_fees_vat\n  ) AS account,\n\n  json_build_object(\n    'id', d.id,\n    'username', d.username,\n    'name', d.name,\n    'mobile_device_id', d.mobile_device_id,\n    'phc_vehicle_number', d.phc_vehicle_number,\n    'phc_driver_number', d.phc_driver_number,\n    'vehicle_id', d.vehicle_id,\n    'driver_commission', d.driver_commission,\n    'session_status', d.session_status,\n\n    'vehicle', json_build_object(\n      'make', v.make,\n      'model', v.model,\n      'color', v.color,\n      'vehicle_number', v.vehicle_number\n    )\n  ) AS driver,\n\n  json_build_object(\n    'door_number', c.door_number,\n    'address1', c.address1,\n    'address2', c.address2,\n    'blacklist', c.blacklist\n  ) AS customer,\n\n  json_build_object(\n    'username', e.username,\n    'role_id', e.role_id\n  ) AS employee,\n\n  json_build_object(\n    'pickup',\n    CASE\n      WHEN lp.id IS NOT NULL THEN\n        json_build_object(\n          'id', lp.id,\n          'name', lp.name,\n          'location_type', json_build_object(\n            'id', ltp.id,\n            'name', ltp.name,\n            'background_color', ltp.background_color,\n            'foreground_color', ltp.foreground_color\n          )\n        )\n      ELSE\n        json_build_object(\n          'id', null,\n          'name', null,\n          'location_type', json_build_object(\n            'id', null,\n            'name', null,\n            'background_color', null,\n            'foreground_color', null\n          )\n        )\n    END,\n\n    'dropoff',\n    CASE\n      WHEN ld.id IS NOT NULL THEN\n        json_build_object(\n          'id', ld.id,\n          'name', ld.name,\n          'location_type', json_build_object(\n            'id', ltd.id,\n            'name', ltd.name,\n            'background_color', ltd.background_color,\n            'foreground_color', ltd.foreground_color\n          )\n        )\n      ELSE\n        json_build_object(\n          'id', null,\n          'name', null,\n          'location_type', json_build_object(\n            'id', null,\n            'name', null,\n            'background_color', null,\n            'foreground_color', null\n          )\n        )\n    END\n  ) AS airport\n\nFROM bookings b\n\nLEFT JOIN booking_statuses bs\n  ON b.booking_status_id = bs.id\n\nLEFT JOIN booking_types bt\n  ON b.booking_type_id = bt.id\n\nLEFT JOIN journey_types jt\n  ON b.journey_type_id = jt.id\n\nLEFT JOIN subsidiaries s\n  ON b.subsidiary_id = s.id\n\nLEFT JOIN vehicle_types vt\n  ON b.vehicle_type_id = vt.id\n\nLEFT JOIN payment_types pt\n  ON b.payment_type_id = pt.id\n\nLEFT JOIN accounts a\n  ON b.account_id = a.id\n\nLEFT JOIN drivers d\n  ON b.driver_id = d.id\n\nLEFT JOIN vehicles v\n  ON d.vehicle_id = v.id\n\nLEFT JOIN customers c\n  ON b.customer_id = c.id\n\nLEFT JOIN employees e\n  ON b.employee_id = e.id\n\n\n-- PICKUP LOCATION\n-- Select only the most specific matching location\nLEFT JOIN LATERAL (\n  SELECT l.*\n  FROM locations l\n  WHERE l.location_type_id = 2\n    AND b.pickup ILIKE '%' || l.name || '%'\n  ORDER BY LENGTH(l.name) DESC, l.id ASC\n  LIMIT 1\n) lp ON true\n\n\n-- DROPOFF LOCATION\n-- Select only the most specific matching location\nLEFT JOIN LATERAL (\n  SELECT l.*\n  FROM locations l\n  WHERE l.location_type_id = 2\n    AND b.dropoff ILIKE '%' || l.name || '%'\n  ORDER BY LENGTH(l.name) DESC, l.id ASC\n  LIMIT 1\n) ld ON true\n\n\nLEFT JOIN location_types ltp\n  ON lp.location_type_id = ltp.id\n\nLEFT JOIN location_types ltd\n  ON ld.location_type_id = ltd.id\n\n\n    WHERE b.id = $1\n  ","timestamp":"2026-09-25T16:07:49.146Z"}
{"duration":10,"level":"info","message":"db-query","rows":1,"text":"\n    \nSELECT\n  b.id,\n  b.reference_number,\n  b.subsidiary_id,\n  b.booking_type_id,\n  b.booking_status_id,\n  b.journey_type_id,\n  b.account_id,\n  b.customer_id,\n  b.employee_id,\n  b.pickup,\n  b.dropoff,\n  b.pickup_date,\n  b.pickup_time,\n  b.dropoff_date,\n  b.dropoff_time,\n  b.pickup_door_number,\n  b.dropoff_door_number,\n  b.pickup_plot,\n  b.dropoff_plot,\n  b.pickup_location_type_id,\n  b.dropoff_location_type_id,\n  b.pickup_latitude,\n  b.pickup_longitude,\n  b.dropoff_latitude,\n  b.dropoff_longitude,\n  b.viapoints,\n  b.restricted_drivers,\n  b.flight_number,\n  b.arriving_from,\n  b.vehicle_type_id,\n  b.vehicle_id,\n  b.driver_id,\n  b.passengers,\n  b.luggages,\n  b.hand_luggages,\n  b.child_seat,\n  b.name,\n  b.email,\n  b.mobile,\n  b.telephone,\n  b.lead_time,\n  b.notes,\n  b.special_instructions,\n  b.payment_type_id,\n  b.company_price,\n  b.fares,\n  b.total_charges,\n  b.parking_charges,\n  b.waiting_charges,\n  b.extra_drop_charges,\n  b.credit_card_charges,\n  b.congestion_charges,\n  b.miles,\n  b.meet_and_greet,\n  b.department,\n  b.escort_id,\n  b.order_number,\n  b.booked_by,\n  b.add_return_fare,\n  b.fare_meter_status,\n  b.fare_meter,\n  b.quotation,\n  b.quoted,\n  b.dispatch,\n  b.dispatch_as,\n  b.sms,\n  b.emailflag,\n  b.trash,\n  b.hidden,\n  b.multi_booking_id,\n  b.associated_booking,\n  b.invoice_status,\n  b.commission_status,\n  b.commission,\n  b.skipped_bookings,\n  b.permanent,\n  b.toggle_driver_text,\n  b.toggle_passenger_text,\n  b.cancelled_reason,\n  b.booking_source,\n  b.on_route,\n  b.arrived,\n  b.passenger_on_board,\n  b.completed,\n  b.controller_completed,\n  b.driver_waiting_time,\n  b.dispatched_at,\n  b.booked_at,\n  b.stripe_customer_id,\n  b.stripe_payment_id,\n  b.invoice_number,\n  b.initial_subsidiary_id,\n  b.created_at,\n  b.updated_at,\n  b.eta,\n  b.fob,\n  b.future,\n\n  json_build_object(\n    'booking_status', bs.booking_status\n  ) AS booking_status,\n\n  json_build_object(\n    'booking_type', bt.booking_type\n  ) AS booking_type,\n\n  json_build_object(\n    'journey_type', jt.journey_type\n  ) AS journey_type,\n\n  json_build_object(\n    'id', s.id,\n    'name', s.name,\n    'telephone_number', s.telephone_number\n  ) AS subsidiary,\n\n  json_build_object(\n    'name', vt.name,\n    'background_color', vt.background_color,\n    'foreground_color', vt.foreground_color\n  ) AS vehicle_type,\n\n  json_build_object(\n    'id', pt.id,\n    'name', pt.name,\n    'background_color', pt.background_color,\n    'foreground_color', pt.foreground_color\n  ) AS payment_type,\n\n  json_build_object(\n    'id', a.id,\n    'name', a.name,\n    'background_color', a.background_color,\n    'foreground_color', a.foreground_color,\n    'has_vat', a.has_vat,\n    'bank_information', a.bank_information,\n    'fare_controller', a.fare_controller,\n    'account_fees_type', a.account_fees_type,\n    'account_fees', a.account_fees,\n    'account_fees_vat', a.account_fees_vat\n  ) AS account,\n\n  json_build_object(\n    'id', d.id,\n    'username', d.username,\n    'name', d.name,\n    'mobile_device_id', d.mobile_device_id,\n    'phc_vehicle_number', d.phc_vehicle_number,\n    'phc_driver_number', d.phc_driver_number,\n    'vehicle_id', d.vehicle_id,\n    'driver_commission', d.driver_commission,\n    'session_status', d.session_status,\n\n    'vehicle', json_build_object(\n      'make', v.make,\n      'model', v.model,\n      'color', v.color,\n      'vehicle_number', v.vehicle_number\n    )\n  ) AS driver,\n\n  json_build_object(\n    'door_number', c.door_number,\n    'address1', c.address1,\n    'address2', c.address2,\n    'blacklist', c.blacklist\n  ) AS customer,\n\n  json_build_object(\n    'username', e.username,\n    'role_id', e.role_id\n  ) AS employee,\n\n  json_build_object(\n    'pickup',\n    CASE\n      WHEN lp.id IS NOT NULL THEN\n        json_build_object(\n          'id', lp.id,\n          'name', lp.name,\n          'location_type', json_build_object(\n            'id', ltp.id,\n            'name', ltp.name,\n            'background_color', ltp.background_color,\n            'foreground_color', ltp.foreground_color\n          )\n        )\n      ELSE\n        json_build_object(\n          'id', null,\n          'name', null,\n          'location_type', json_build_object(\n            'id', null,\n            'name', null,\n            'background_color', null,\n            'foreground_color', null\n          )\n        )\n    END,\n\n    'dropoff',\n    CASE\n      WHEN ld.id IS NOT NULL THEN\n        json_build_object(\n          'id', ld.id,\n          'name', ld.name,\n          'location_type', json_build_object(\n            'id', ltd.id,\n            'name', ltd.name,\n            'background_color', ltd.background_color,\n            'foreground_color', ltd.foreground_color\n          )\n        )\n      ELSE\n        json_build_object(\n          'id', null,\n          'name', null,\n          'location_type', json_build_object(\n            'id', null,\n            'name', null,\n            'background_color', null,\n            'foreground_color', null\n          )\n        )\n    END\n  ) AS airport\n\nFROM bookings b\n\nLEFT JOIN booking_statuses bs\n  ON b.booking_status_id = bs.id\n\nLEFT JOIN booking_types bt\n  ON b.booking_type_id = bt.id\n\nLEFT JOIN journey_types jt\n  ON b.journey_type_id = jt.id\n\nLEFT JOIN subsidiaries s\n  ON b.subsidiary_id = s.id\n\nLEFT JOIN vehicle_types vt\n  ON b.vehicle_type_id = vt.id\n\nLEFT JOIN payment_types pt\n  ON b.payment_type_id = pt.id\n\nLEFT JOIN accounts a\n  ON b.account_id = a.id\n\nLEFT JOIN drivers d\n  ON b.driver_id = d.id\n\nLEFT JOIN vehicles v\n  ON d.vehicle_id = v.id\n\nLEFT JOIN customers c\n  ON b.customer_id = c.id\n\nLEFT JOIN employees e\n  ON b.employee_id = e.id\n\n\n-- PICKUP LOCATION\n-- Select only the most specific matching location\nLEFT JOIN LATERAL (\n  SELECT l.*\n  FROM locations l\n  WHERE l.location_type_id = 2\n    AND b.pickup ILIKE '%' || l.name || '%'\n  ORDER BY LENGTH(l.name) DESC, l.id ASC\n  LIMIT 1\n) lp ON true\n\n\n-- DROPOFF LOCATION\n-- Select only the most specific matching location\nLEFT JOIN LATERAL (\n  SELECT l.*\n  FROM locations l\n  WHERE l.location_type_id = 2\n    AND b.dropoff ILIKE '%' || l.name || '%'\n  ORDER BY LENGTH(l.name) DESC, l.id ASC\n  LIMIT 1\n) ld ON true\n\n\nLEFT JOIN location_types ltp\n  ON lp.location_type_id = ltp.id\n\nLEFT JOIN location_types ltd\n  ON ld.location_type_id = ltd.id\n\n\n    WHERE b.id = $1\n  ","timestamp":"2026-09-25T16:07:49.163Z"}
{"duration":12,"level":"info","message":"db-query","rows":1,"text":"\n    \nSELECT\n  b.id,\n  b.reference_number,\n  b.subsidiary_id,\n  b.booking_type_id,\n  b.booking_status_id,\n  b.journey_type_id,\n  b.account_id,\n  b.customer_id,\n  b.employee_id,\n  b.pickup,\n  b.dropoff,\n  b.pickup_date,\n  b.pickup_time,\n  b.dropoff_date,\n  b.dropoff_time,\n  b.pickup_door_number,\n  b.dropoff_door_number,\n  b.pickup_plot,\n  b.dropoff_plot,\n  b.pickup_location_type_id,\n  b.dropoff_location_type_id,\n  b.pickup_latitude,\n  b.pickup_longitude,\n  b.dropoff_latitude,\n  b.dropoff_longitude,\n  b.viapoints,\n  b.restricted_drivers,\n  b.flight_number,\n  b.arriving_from,\n  b.vehicle_type_id,\n  b.vehicle_id,\n  b.driver_id,\n  b.passengers,\n  b.luggages,\n  b.hand_luggages,\n  b.child_seat,\n  b.name,\n  b.email,\n  b.mobile,\n  b.telephone,\n  b.lead_time,\n  b.notes,\n  b.special_instructions,\n  b.payment_type_id,\n  b.company_price,\n  b.fares,\n  b.total_charges,\n  b.parking_charges,\n  b.waiting_charges,\n  b.extra_drop_charges,\n  b.credit_card_charges,\n  b.congestion_charges,\n  b.miles,\n  b.meet_and_greet,\n  b.department,\n  b.escort_id,\n  b.order_number,\n  b.booked_by,\n  b.add_return_fare,\n  b.fare_meter_status,\n  b.fare_meter,\n  b.quotation,\n  b.quoted,\n  b.dispatch,\n  b.dispatch_as,\n  b.sms,\n  b.emailflag,\n  b.trash,\n  b.hidden,\n  b.multi_booking_id,\n  b.associated_booking,\n  b.invoice_status,\n  b.commission_status,\n  b.commission,\n  b.skipped_bookings,\n  b.permanent,\n  b.toggle_driver_text,\n  b.toggle_passenger_text,\n  b.cancelled_reason,\n  b.booking_source,\n  b.on_route,\n  b.arrived,\n  b.passenger_on_board,\n  b.completed,\n  b.controller_completed,\n  b.driver_waiting_time,\n  b.dispatched_at,\n  b.booked_at,\n  b.stripe_customer_id,\n  b.stripe_payment_id,\n  b.invoice_number,\n  b.initial_subsidiary_id,\n  b.created_at,\n  b.updated_at,\n  b.eta,\n  b.fob,\n  b.future,\n\n  json_build_object(\n    'booking_status', bs.booking_status\n  ) AS booking_status,\n\n  json_build_object(\n    'booking_type', bt.booking_type\n  ) AS booking_type,\n\n  json_build_object(\n    'journey_type', jt.journey_type\n  ) AS journey_type,\n\n  json_build_object(\n    'id', s.id,\n    'name', s.name,\n    'telephone_number', s.telephone_number\n  ) AS subsidiary,\n\n  json_build_object(\n    'name', vt.name,\n    'background_color', vt.background_color,\n    'foreground_color', vt.foreground_color\n  ) AS vehicle_type,\n\n  json_build_object(\n    'id', pt.id,\n    'name', pt.name,\n    'background_color', pt.background_color,\n    'foreground_color', pt.foreground_color\n  ) AS payment_type,\n\n  json_build_object(\n    'id', a.id,\n    'name', a.name,\n    'background_color', a.background_color,\n    'foreground_color', a.foreground_color,\n    'has_vat', a.has_vat,\n    'bank_information', a.bank_information,\n    'fare_controller', a.fare_controller,\n    'account_fees_type', a.account_fees_type,\n    'account_fees', a.account_fees,\n    'account_fees_vat', a.account_fees_vat\n  ) AS account,\n\n  json_build_object(\n    'id', d.id,\n    'username', d.username,\n    'name', d.name,\n    'mobile_device_id', d.mobile_device_id,\n    'phc_vehicle_number', d.phc_vehicle_number,\n    'phc_driver_number', d.phc_driver_number,\n    'vehicle_id', d.vehicle_id,\n    'driver_commission', d.driver_commission,\n    'session_status', d.session_status,\n\n    'vehicle', json_build_object(\n      'make', v.make,\n      'model', v.model,\n      'color', v.color,\n      'vehicle_number', v.vehicle_number\n    )\n  ) AS driver,\n\n  json_build_object(\n    'door_number', c.door_number,\n    'address1', c.address1,\n    'address2', c.address2,\n    'blacklist', c.blacklist\n  ) AS customer,\n\n  json_build_object(\n    'username', e.username,\n    'role_id', e.role_id\n  ) AS employee,\n\n  json_build_object(\n    'pickup',\n    CASE\n      WHEN lp.id IS NOT NULL THEN\n        json_build_object(\n          'id', lp.id,\n          'name', lp.name,\n          'location_type', json_build_object(\n            'id', ltp.id,\n            'name', ltp.name,\n            'background_color', ltp.background_color,\n            'foreground_color', ltp.foreground_color\n          )\n        )\n      ELSE\n        json_build_object(\n          'id', null,\n          'name', null,\n          'location_type', json_build_object(\n            'id', null,\n            'name', null,\n            'background_color', null,\n            'foreground_color', null\n          )\n        )\n    END,\n\n    'dropoff',\n    CASE\n      WHEN ld.id IS NOT NULL THEN\n        json_build_object(\n          'id', ld.id,\n          'name', ld.name,\n          'location_type', json_build_object(\n            'id', ltd.id,\n            'name', ltd.name,\n            'background_color', ltd.background_color,\n            'foreground_color', ltd.foreground_color\n          )\n        )\n      ELSE\n        json_build_object(\n          'id', null,\n          'name', null,\n          'location_type', json_build_object(\n            'id', null,\n            'name', null,\n            'background_color', null,\n            'foreground_color', null\n          )\n        )\n    END\n  ) AS airport\n\nFROM bookings b\n\nLEFT JOIN booking_statuses bs\n  ON b.booking_status_id = bs.id\n\nLEFT JOIN booking_types bt\n  ON b.booking_type_id = bt.id\n\nLEFT JOIN journey_types jt\n  ON b.journey_type_id = jt.id\n\nLEFT JOIN subsidiaries s\n  ON b.subsidiary_id = s.id\n\nLEFT JOIN vehicle_types vt\n  ON b.vehicle_type_id = vt.id\n\nLEFT JOIN payment_types pt\n  ON b.payment_type_id = pt.id\n\nLEFT JOIN accounts a\n  ON b.account_id = a.id\n\nLEFT JOIN drivers d\n  ON b.driver_id = d.id\n\nLEFT JOIN vehicles v\n  ON d.vehicle_id = v.id\n\nLEFT JOIN customers c\n  ON b.customer_id = c.id\n\nLEFT JOIN employees e\n  ON b.employee_id = e.id\n\n\n-- PICKUP LOCATION\n-- Select only the most specific matching location\nLEFT JOIN LATERAL (\n  SELECT l.*\n  FROM locations l\n  WHERE l.location_type_id = 2\n    AND b.pickup ILIKE '%' || l.name || '%'\n  ORDER BY LENGTH(l.name) DESC, l.id ASC\n  LIMIT 1\n) lp ON true\n\n\n-- DROPOFF LOCATION\n-- Select only the most specific matching location\nLEFT JOIN LATERAL (\n  SELECT l.*\n  FROM locations l\n  WHERE l.location_type_id = 2\n    AND b.dropoff ILIKE '%' || l.name || '%'\n  ORDER BY LENGTH(l.name) DESC, l.id ASC\n  LIMIT 1\n) ld ON true\n\n\nLEFT JOIN location_types ltp\n  ON lp.location_type_id = ltp.id\n\nLEFT JOIN location_types ltd\n  ON ld.location_type_id = ltd.id\n\n\n    WHERE b.id = $1\n  ","timestamp":"2026-09-25T16:07:49.175Z"}
{"duration":9,"level":"info","message":"db-query","rows":1,"text":"\n    \nSELECT\n  b.id,\n  b.reference_number,\n  b.subsidiary_id,\n  b.booking_type_id,\n  b.booking_status_id,\n  b.journey_type_id,\n  b.account_id,\n  b.customer_id,\n  b.employee_id,\n  b.pickup,\n  b.dropoff,\n  b.pickup_date,\n  b.pickup_time,\n  b.dropoff_date,\n  b.dropoff_time,\n  b.pickup_door_number,\n  b.dropoff_door_number,\n  b.pickup_plot,\n  b.dropoff_plot,\n  b.pickup_location_type_id,\n  b.dropoff_location_type_id,\n  b.pickup_latitude,\n  b.pickup_longitude,\n  b.dropoff_latitude,\n  b.dropoff_longitude,\n  b.viapoints,\n  b.restricted_drivers,\n  b.flight_number,\n  b.arriving_from,\n  b.vehicle_type_id,\n  b.vehicle_id,\n  b.driver_id,\n  b.passengers,\n  b.luggages,\n  b.hand_luggages,\n  b.child_seat,\n  b.name,\n  b.email,\n  b.mobile,\n  b.telephone,\n  b.lead_time,\n  b.notes,\n  b.special_instructions,\n  b.payment_type_id,\n  b.company_price,\n  b.fares,\n  b.total_charges,\n  b.parking_charges,\n  b.waiting_charges,\n  b.extra_drop_charges,\n  b.credit_card_charges,\n  b.congestion_charges,\n  b.miles,\n  b.meet_and_greet,\n  b.department,\n  b.escort_id,\n  b.order_number,\n  b.booked_by,\n  b.add_return_fare,\n  b.fare_meter_status,\n  b.fare_meter,\n  b.quotation,\n  b.quoted,\n  b.dispatch,\n  b.dispatch_as,\n  b.sms,\n  b.emailflag,\n  b.trash,\n  b.hidden,\n  b.multi_booking_id,\n  b.associated_booking,\n  b.invoice_status,\n  b.commission_status,\n  b.commission,\n  b.skipped_bookings,\n  b.permanent,\n  b.toggle_driver_text,\n  b.toggle_passenger_text,\n  b.cancelled_reason,\n  b.booking_source,\n  b.on_route,\n  b.arrived,\n  b.passenger_on_board,\n  b.completed,\n  b.controller_completed,\n  b.driver_waiting_time,\n  b.dispatched_at,\n  b.booked_at,\n  b.stripe_customer_id,\n  b.stripe_payment_id,\n  b.invoice_number,\n  b.initial_subsidiary_id,\n  b.created_at,\n  b.updated_at,\n  b.eta,\n  b.fob,\n  b.future,\n\n  json_build_object(\n    'booking_status', bs.booking_status\n  ) AS booking_status,\n\n  json_build_object(\n    'booking_type', bt.booking_type\n  ) AS booking_type,\n\n  json_build_object(\n    'journey_type', jt.journey_type\n  ) AS journey_type,\n\n  json_build_object(\n    'id', s.id,\n    'name', s.name,\n    'telephone_number', s.telephone_number\n  ) AS subsidiary,\n\n  json_build_object(\n    'name', vt.name,\n    'background_color', vt.background_color,\n    'foreground_color', vt.foreground_color\n  ) AS vehicle_type,\n\n  json_build_object(\n    'id', pt.id,\n    'name', pt.name,\n    'background_color', pt.background_color,\n    'foreground_color', pt.foreground_color\n  ) AS payment_type,\n\n  json_build_object(\n    'id', a.id,\n    'name', a.name,\n    'background_color', a.background_color,\n    'foreground_color', a.foreground_color,\n    'has_vat', a.has_vat,\n    'bank_information', a.bank_information,\n    'fare_controller', a.fare_controller,\n    'account_fees_type', a.account_fees_type,\n    'account_fees', a.account_fees,\n    'account_fees_vat', a.account_fees_vat\n  ) AS account,\n\n  json_build_object(\n    'id', d.id,\n    'username', d.username,\n    'name', d.name,\n    'mobile_device_id', d.mobile_device_id,\n    'phc_vehicle_number', d.phc_vehicle_number,\n    'phc_driver_number', d.phc_driver_number,\n    'vehicle_id', d.vehicle_id,\n    'driver_commission', d.driver_commission,\n    'session_status', d.session_status,\n\n    'vehicle', json_build_object(\n      'make', v.make,\n      'model', v.model,\n      'color', v.color,\n      'vehicle_number', v.vehicle_number\n    )\n  ) AS driver,\n\n  json_build_object(\n    'door_number', c.door_number,\n    'address1', c.address1,\n    'address2', c.address2,\n    'blacklist', c.blacklist\n  ) AS customer,\n\n  json_build_object(\n    'username', e.username,\n    'role_id', e.role_id\n  ) AS employee,\n\n  json_build_object(\n    'pickup',\n    CASE\n      WHEN lp.id IS NOT NULL THEN\n        json_build_object(\n          'id', lp.id,\n          'name', lp.name,\n          'location_type', json_build_object(\n            'id', ltp.id,\n            'name', ltp.name,\n            'background_color', ltp.background_color,\n            'foreground_color', ltp.foreground_color\n          )\n        )\n      ELSE\n        json_build_object(\n          'id', null,\n          'name', null,\n          'location_type', json_build_object(\n            'id', null,\n            'name', null,\n            'background_color', null,\n            'foreground_color', null\n          )\n        )\n    END,\n\n    'dropoff',\n    CASE\n      WHEN ld.id IS NOT NULL THEN\n        json_build_object(\n          'id', ld.id,\n          'name', ld.name,\n          'location_type', json_build_object(\n            'id', ltd.id,\n            'name', ltd.name,\n            'background_color', ltd.background_color,\n            'foreground_color', ltd.foreground_color\n          )\n        )\n      ELSE\n        json_build_object(\n          'id', null,\n          'name', null,\n          'location_type', json_build_object(\n            'id', null,\n            'name', null,\n            'background_color', null,\n            'foreground_color', null\n          )\n        )\n    END\n  ) AS airport\n\nFROM bookings b\n\nLEFT JOIN booking_statuses bs\n  ON b.booking_status_id = bs.id\n\nLEFT JOIN booking_types bt\n  ON b.booking_type_id = bt.id\n\nLEFT JOIN journey_types jt\n  ON b.journey_type_id = jt.id\n\nLEFT JOIN subsidiaries s\n  ON b.subsidiary_id = s.id\n\nLEFT JOIN vehicle_types vt\n  ON b.vehicle_type_id = vt.id\n\nLEFT JOIN payment_types pt\n  ON b.payment_type_id = pt.id\n\nLEFT JOIN accounts a\n  ON b.account_id = a.id\n\nLEFT JOIN drivers d\n  ON b.driver_id = d.id\n\nLEFT JOIN vehicles v\n  ON d.vehicle_id = v.id\n\nLEFT JOIN customers c\n  ON b.customer_id = c.id\n\nLEFT JOIN employees e\n  ON b.employee_id = e.id\n\n\n-- PICKUP LOCATION\n-- Select only the most specific matching location\nLEFT JOIN LATERAL (\n  SELECT l.*\n  FROM locations l\n  WHERE l.location_type_id = 2\n    AND b.pickup ILIKE '%' || l.name || '%'\n  ORDER BY LENGTH(l.name) DESC, l.id ASC\n  LIMIT 1\n) lp ON true\n\n\n-- DROPOFF LOCATION\n-- Select only the most specific matching location\nLEFT JOIN LATERAL (\n  SELECT l.*\n  FROM locations l\n  WHERE l.location_type_id = 2\n    AND b.dropoff ILIKE '%' || l.name || '%'\n  ORDER BY LENGTH(l.name) DESC, l.id ASC\n  LIMIT 1\n) ld ON true\n\n\nLEFT JOIN location_types ltp\n  ON lp.location_type_id = ltp.id\n\nLEFT JOIN location_types ltd\n  ON ld.location_type_id = ltd.id\n\n\n    WHERE b.id = $1\n  ","timestamp":"2026-09-25T16:07:49.184Z"}
{"duration":10,"level":"info","message":"db-query","rows":1,"text":"\n    \nSELECT\n  b.id,\n  b.reference_number,\n  b.subsidiary_id,\n  b.booking_type_id,\n  b.booking_status_id,\n  b.journey_type_id,\n  b.account_id,\n  b.customer_id,\n  b.employee_id,\n  b.pickup,\n  b.dropoff,\n  b.pickup_date,\n  b.pickup_time,\n  b.dropoff_date,\n  b.dropoff_time,\n  b.pickup_door_number,\n  b.dropoff_door_number,\n  b.pickup_plot,\n  b.dropoff_plot,\n  b.pickup_location_type_id,\n  b.dropoff_location_type_id,\n  b.pickup_latitude,\n  b.pickup_longitude,\n  b.dropoff_latitude,\n  b.dropoff_longitude,\n  b.viapoints,\n  b.restricted_drivers,\n  b.flight_number,\n  b.arriving_from,\n  b.vehicle_type_id,\n  b.vehicle_id,\n  b.driver_id,\n  b.passengers,\n  b.luggages,\n  b.hand_luggages,\n  b.child_seat,\n  b.name,\n  b.email,\n  b.mobile,\n  b.telephone,\n  b.lead_time,\n  b.notes,\n  b.special_instructions,\n  b.payment_type_id,\n  b.company_price,\n  b.fares,\n  b.total_charges,\n  b.parking_charges,\n  b.waiting_charges,\n  b.extra_drop_charges,\n  b.credit_card_charges,\n  b.congestion_charges,\n  b.miles,\n  b.meet_and_greet,\n  b.department,\n  b.escort_id,\n  b.order_number,\n  b.booked_by,\n  b.add_return_fare,\n  b.fare_meter_status,\n  b.fare_meter,\n  b.quotation,\n  b.quoted,\n  b.dispatch,\n  b.dispatch_as,\n  b.sms,\n  b.emailflag,\n  b.trash,\n  b.hidden,\n  b.multi_booking_id,\n  b.associated_booking,\n  b.invoice_status,\n  b.commission_status,\n  b.commission,\n  b.skipped_bookings,\n  b.permanent,\n  b.toggle_driver_text,\n  b.toggle_passenger_text,\n  b.cancelled_reason,\n  b.booking_source,\n  b.on_route,\n  b.arrived,\n  b.passenger_on_board,\n  b.completed,\n  b.controller_completed,\n  b.driver_waiting_time,\n  b.dispatched_at,\n  b.booked_at,\n  b.stripe_customer_id,\n  b.stripe_payment_id,\n  b.invoice_number,\n  b.initial_subsidiary_id,\n  b.created_at,\n  b.updated_at,\n  b.eta,\n  b.fob,\n  b.future,\n\n  json_build_object(\n    'booking_status', bs.booking_status\n  ) AS booking_status,\n\n  json_build_object(\n    'booking_type', bt.booking_type\n  ) AS booking_type,\n\n  json_build_object(\n    'journey_type', jt.journey_type\n  ) AS journey_type,\n\n  json_build_object(\n    'id', s.id,\n    'name', s.name,\n    'telephone_number', s.telephone_number\n  ) AS subsidiary,\n\n  json_build_object(\n    'name', vt.name,\n    'background_color', vt.background_color,\n    'foreground_color', vt.foreground_color\n  ) AS vehicle_type,\n\n  json_build_object(\n    'id', pt.id,\n    'name', pt.name,\n    'background_color', pt.background_color,\n    'foreground_color', pt.foreground_color\n  ) AS payment_type,\n\n  json_build_object(\n    'id', a.id,\n    'name', a.name,\n    'background_color', a.background_color,\n    'foreground_color', a.foreground_color,\n    'has_vat', a.has_vat,\n    'bank_information', a.bank_information,\n    'fare_controller', a.fare_controller,\n    'account_fees_type', a.account_fees_type,\n    'account_fees', a.account_fees,\n    'account_fees_vat', a.account_fees_vat\n  ) AS account,\n\n  json_build_object(\n    'id', d.id,\n    'username', d.username,\n    'name', d.name,\n    'mobile_device_id', d.mobile_device_id,\n    'phc_vehicle_number', d.phc_vehicle_number,\n    'phc_driver_number', d.phc_driver_number,\n    'vehicle_id', d.vehicle_id,\n    'driver_commission', d.driver_commission,\n    'session_status', d.session_status,\n\n    'vehicle', json_build_object(\n      'make', v.make,\n      'model', v.model,\n      'color', v.color,\n      'vehicle_number', v.vehicle_number\n    )\n  ) AS driver,\n\n  json_build_object(\n    'door_number', c.door_number,\n    'address1', c.address1,\n    'address2', c.address2,\n    'blacklist', c.blacklist\n  ) AS customer,\n\n  json_build_object(\n    'username', e.username,\n    'role_id', e.role_id\n  ) AS employee,\n\n  json_build_object(\n    'pickup',\n    CASE\n      WHEN lp.id IS NOT NULL THEN\n        json_build_object(\n          'id', lp.id,\n          'name', lp.name,\n          'location_type', json_build_object(\n            'id', ltp.id,\n            'name', ltp.name,\n            'background_color', ltp.background_color,\n            'foreground_color', ltp.foreground_color\n          )\n        )\n      ELSE\n        json_build_object(\n          'id', null,\n          'name', null,\n          'location_type', json_build_object(\n            'id', null,\n            'name', null,\n            'background_color', null,\n            'foreground_color', null\n          )\n        )\n    END,\n\n    'dropoff',\n    CASE\n      WHEN ld.id IS NOT NULL THEN\n        json_build_object(\n          'id', ld.id,\n          'name', ld.name,\n          'location_type', json_build_object(\n            'id', ltd.id,\n            'name', ltd.name,\n            'background_color', ltd.background_color,\n            'foreground_color', ltd.foreground_color\n          )\n        )\n      ELSE\n        json_build_object(\n          'id', null,\n          'name', null,\n          'location_type', json_build_object(\n            'id', null,\n            'name', null,\n            'background_color', null,\n            'foreground_color', null\n          )\n        )\n    END\n  ) AS airport\n\nFROM bookings b\n\nLEFT JOIN booking_statuses bs\n  ON b.booking_status_id = bs.id\n\nLEFT JOIN booking_types bt\n  ON b.booking_type_id = bt.id\n\nLEFT JOIN journey_types jt\n  ON b.journey_type_id = jt.id\n\nLEFT JOIN subsidiaries s\n  ON b.subsidiary_id = s.id\n\nLEFT JOIN vehicle_types vt\n  ON b.vehicle_type_id = vt.id\n\nLEFT JOIN payment_types pt\n  ON b.payment_type_id = pt.id\n\nLEFT JOIN accounts a\n  ON b.account_id = a.id\n\nLEFT JOIN drivers d\n  ON b.driver_id = d.id\n\nLEFT JOIN vehicles v\n  ON d.vehicle_id = v.id\n\nLEFT JOIN customers c\n  ON b.customer_id = c.id\n\nLEFT JOIN employees e\n  ON b.employee_id = e.id\n\n\n-- PICKUP LOCATION\n-- Select only the most specific matching location\nLEFT JOIN LATERAL (\n  SELECT l.*\n  FROM locations l\n  WHERE l.location_type_id = 2\n    AND b.pickup ILIKE '%' || l.name || '%'\n  ORDER BY LENGTH(l.name) DESC, l.id ASC\n  LIMIT 1\n) lp ON true\n\n\n-- DROPOFF LOCATION\n-- Select only the most specific matching location\nLEFT JOIN LATERAL (\n  SELECT l.*\n  FROM locations l\n  WHERE l.location_type_id = 2\n    AND b.dropoff ILIKE '%' || l.name || '%'\n  ORDER BY LENGTH(l.name) DESC, l.id ASC\n  LIMIT 1\n) ld ON true\n\n\nLEFT JOIN location_types ltp\n  ON lp.location_type_id = ltp.id\n\nLEFT JOIN location_types ltd\n  ON ld.location_type_id = ltd.id\n\n\n    WHERE b.id = $1\n  ","timestamp":"2026-09-25T16:07:49.196Z"}
{"duration":10,"level":"info","message":"db-query","rows":1,"text":"\n    \nSELECT\n  b.id,\n  b.reference_number,\n  b.subsidiary_id,\n  b.booking_type_id,\n  b.booking_status_id,\n  b.journey_type_id,\n  b.account_id,\n  b.customer_id,\n  b.employee_id,\n  b.pickup,\n  b.dropoff,\n  b.pickup_date,\n  b.pickup_time,\n  b.dropoff_date,\n  b.dropoff_time,\n  b.pickup_door_number,\n  b.dropoff_door_number,\n  b.pickup_plot,\n  b.dropoff_plot,\n  b.pickup_location_type_id,\n  b.dropoff_location_type_id,\n  b.pickup_latitude,\n  b.pickup_longitude,\n  b.dropoff_latitude,\n  b.dropoff_longitude,\n  b.viapoints,\n  b.restricted_drivers,\n  b.flight_number,\n  b.arriving_from,\n  b.vehicle_type_id,\n  b.vehicle_id,\n  b.driver_id,\n  b.passengers,\n  b.luggages,\n  b.hand_luggages,\n  b.child_seat,\n  b.name,\n  b.email,\n  b.mobile,\n  b.telephone,\n  b.lead_time,\n  b.notes,\n  b.special_instructions,\n  b.payment_type_id,\n  b.company_price,\n  b.fares,\n  b.total_charges,\n  b.parking_charges,\n  b.waiting_charges,\n  b.extra_drop_charges,\n  b.credit_card_charges,\n  b.congestion_charges,\n  b.miles,\n  b.meet_and_greet,\n  b.department,\n  b.escort_id,\n  b.order_number,\n  b.booked_by,\n  b.add_return_fare,\n  b.fare_meter_status,\n  b.fare_meter,\n  b.quotation,\n  b.quoted,\n  b.dispatch,\n  b.dispatch_as,\n  b.sms,\n  b.emailflag,\n  b.trash,\n  b.hidden,\n  b.multi_booking_id,\n  b.associated_booking,\n  b.invoice_status,\n  b.commission_status,\n  b.commission,\n  b.skipped_bookings,\n  b.permanent,\n  b.toggle_driver_text,\n  b.toggle_passenger_text,\n  b.cancelled_reason,\n  b.booking_source,\n  b.on_route,\n  b.arrived,\n  b.passenger_on_board,\n  b.completed,\n  b.controller_completed,\n  b.driver_waiting_time,\n  b.dispatched_at,\n  b.booked_at,\n  b.stripe_customer_id,\n  b.stripe_payment_id,\n  b.invoice_number,\n  b.initial_subsidiary_id,\n  b.created_at,\n  b.updated_at,\n  b.eta,\n  b.fob,\n  b.future,\n\n  json_build_object(\n    'booking_status', bs.booking_status\n  ) AS booking_status,\n\n  json_build_object(\n    'booking_type', bt.booking_type\n  ) AS booking_type,\n\n  json_build_object(\n    'journey_type', jt.journey_type\n  ) AS journey_type,\n\n  json_build_object(\n    'id', s.id,\n    'name', s.name,\n    'telephone_number', s.telephone_number\n  ) AS subsidiary,\n\n  json_build_object(\n    'name', vt.name,\n    'background_color', vt.background_color,\n    'foreground_color', vt.foreground_color\n  ) AS vehicle_type,\n\n  json_build_object(\n    'id', pt.id,\n    'name', pt.name,\n    'background_color', pt.background_color,\n    'foreground_color', pt.foreground_color\n  ) AS payment_type,\n\n  json_build_object(\n    'id', a.id,\n    'name', a.name,\n    'background_color', a.background_color,\n    'foreground_color', a.foreground_color,\n    'has_vat', a.has_vat,\n    'bank_information', a.bank_information,\n    'fare_controller', a.fare_controller,\n    'account_fees_type', a.account_fees_type,\n    'account_fees', a.account_fees,\n    'account_fees_vat', a.account_fees_vat\n  ) AS account,\n\n  json_build_object(\n    'id', d.id,\n    'username', d.username,\n    'name', d.name,\n    'mobile_device_id', d.mobile_device_id,\n    'phc_vehicle_number', d.phc_vehicle_number,\n    'phc_driver_number', d.phc_driver_number,\n    'vehicle_id', d.vehicle_id,\n    'driver_commission', d.driver_commission,\n    'session_status', d.session_status,\n\n    'vehicle', json_build_object(\n      'make', v.make,\n      'model', v.model,\n      'color', v.color,\n      'vehicle_number', v.vehicle_number\n    )\n  ) AS driver,\n\n  json_build_object(\n    'door_number', c.door_number,\n    'address1', c.address1,\n    'address2', c.address2,\n    'blacklist', c.blacklist\n  ) AS customer,\n\n  json_build_object(\n    'username', e.username,\n    'role_id', e.role_id\n  ) AS employee,\n\n  json_build_object(\n    'pickup',\n    CASE\n      WHEN lp.id IS NOT NULL THEN\n        json_build_object(\n          'id', lp.id,\n          'name', lp.name,\n          'location_type', json_build_object(\n            'id', ltp.id,\n            'name', ltp.name,\n            'background_color', ltp.background_color,\n            'foreground_color', ltp.foreground_color\n          )\n        )\n      ELSE\n        json_build_object(\n          'id', null,\n          'name', null,\n          'location_type', json_build_object(\n            'id', null,\n            'name', null,\n            'background_color', null,\n            'foreground_color', null\n          )\n        )\n    END,\n\n    'dropoff',\n    CASE\n      WHEN ld.id IS NOT NULL THEN\n        json_build_object(\n          'id', ld.id,\n          'name', ld.name,\n          'location_type', json_build_object(\n            'id', ltd.id,\n            'name', ltd.name,\n            'background_color', ltd.background_color,\n            'foreground_color', ltd.foreground_color\n          )\n        )\n      ELSE\n        json_build_object(\n          'id', null,\n          'name', null,\n          'location_type', json_build_object(\n            'id', null,\n            'name', null,\n            'background_color', null,\n            'foreground_color', null\n          )\n        )\n    END\n  ) AS airport\n\nFROM bookings b\n\nLEFT JOIN booking_statuses bs\n  ON b.booking_status_id = bs.id\n\nLEFT JOIN booking_types bt\n  ON b.booking_type_id = bt.id\n\nLEFT JOIN journey_types jt\n  ON b.journey_type_id = jt.id\n\nLEFT JOIN subsidiaries s\n  ON b.subsidiary_id = s.id\n\nLEFT JOIN vehicle_types vt\n  ON b.vehicle_type_id = vt.id\n\nLEFT JOIN payment_types pt\n  ON b.payment_type_id = pt.id\n\nLEFT JOIN accounts a\n  ON b.account_id = a.id\n\nLEFT JOIN drivers d\n  ON b.driver_id = d.id\n\nLEFT JOIN vehicles v\n  ON d.vehicle_id = v.id\n\nLEFT JOIN customers c\n  ON b.customer_id = c.id\n\nLEFT JOIN employees e\n  ON b.employee_id = e.id\n\n\n-- PICKUP LOCATION\n-- Select only the most specific matching location\nLEFT JOIN LATERAL (\n  SELECT l.*\n  FROM locations l\n  WHERE l.location_type_id = 2\n    AND b.pickup ILIKE '%' || l.name || '%'\n  ORDER BY LENGTH(l.name) DESC, l.id ASC\n  LIMIT 1\n) lp ON true\n\n\n-- DROPOFF LOCATION\n-- Select only the most specific matching location\nLEFT JOIN LATERAL (\n  SELECT l.*\n  FROM locations l\n  WHERE l.location_type_id = 2\n    AND b.dropoff ILIKE '%' || l.name || '%'\n  ORDER BY LENGTH(l.name) DESC, l.id ASC\n  LIMIT 1\n) ld ON true\n\n\nLEFT JOIN location_types ltp\n  ON lp.location_type_id = ltp.id\n\nLEFT JOIN location_types ltd\n  ON ld.location_type_id = ltd.id\n\n\n    WHERE b.id = $1\n  ","timestamp":"2026-09-25T16:07:49.207Z"}
{"duration":9,"level":"info","message":"db-query","rows":1,"text":"\n    \nSELECT\n  b.id,\n  b.reference_number,\n  b.subsidiary_id,\n  b.booking_type_id,\n  b.booking_status_id,\n  b.journey_type_id,\n  b.account_id,\n  b.customer_id,\n  b.employee_id,\n  b.pickup,\n  b.dropoff,\n  b.pickup_date,\n  b.pickup_time,\n  b.dropoff_date,\n  b.dropoff_time,\n  b.pickup_door_number,\n  b.dropoff_door_number,\n  b.pickup_plot,\n  b.dropoff_plot,\n  b.pickup_location_type_id,\n  b.dropoff_location_type_id,\n  b.pickup_latitude,\n  b.pickup_longitude,\n  b.dropoff_latitude,\n  b.dropoff_longitude,\n  b.viapoints,\n  b.restricted_drivers,\n  b.flight_number,\n  b.arriving_from,\n  b.vehicle_type_id,\n  b.vehicle_id,\n  b.driver_id,\n  b.passengers,\n  b.luggages,\n  b.hand_luggages,\n  b.child_seat,\n  b.name,\n  b.email,\n  b.mobile,\n  b.telephone,\n  b.lead_time,\n  b.notes,\n  b.special_instructions,\n  b.payment_type_id,\n  b.company_price,\n  b.fares,\n  b.total_charges,\n  b.parking_charges,\n  b.waiting_charges,\n  b.extra_drop_charges,\n  b.credit_card_charges,\n  b.congestion_charges,\n  b.miles,\n  b.meet_and_greet,\n  b.department,\n  b.escort_id,\n  b.order_number,\n  b.booked_by,\n  b.add_return_fare,\n  b.fare_meter_status,\n  b.fare_meter,\n  b.quotation,\n  b.quoted,\n  b.dispatch,\n  b.dispatch_as,\n  b.sms,\n  b.emailflag,\n  b.trash,\n  b.hidden,\n  b.multi_booking_id,\n  b.associated_booking,\n  b.invoice_status,\n  b.commission_status,\n  b.commission,\n  b.skipped_bookings,\n  b.permanent,\n  b.toggle_driver_text,\n  b.toggle_passenger_text,\n  b.cancelled_reason,\n  b.booking_source,\n  b.on_route,\n  b.arrived,\n  b.passenger_on_board,\n  b.completed,\n  b.controller_completed,\n  b.driver_waiting_time,\n  b.dispatched_at,\n  b.booked_at,\n  b.stripe_customer_id,\n  b.stripe_payment_id,\n  b.invoice_number,\n  b.initial_subsidiary_id,\n  b.created_at,\n  b.updated_at,\n  b.eta,\n  b.fob,\n  b.future,\n\n  json_build_object(\n    'booking_status', bs.booking_status\n  ) AS booking_status,\n\n  json_build_object(\n    'booking_type', bt.booking_type\n  ) AS booking_type,\n\n  json_build_object(\n    'journey_type', jt.journey_type\n  ) AS journey_type,\n\n  json_build_object(\n    'id', s.id,\n    'name', s.name,\n    'telephone_number', s.telephone_number\n  ) AS subsidiary,\n\n  json_build_object(\n    'name', vt.name,\n    'background_color', vt.background_color,\n    'foreground_color', vt.foreground_color\n  ) AS vehicle_type,\n\n  json_build_object(\n    'id', pt.id,\n    'name', pt.name,\n    'background_color', pt.background_color,\n    'foreground_color', pt.foreground_color\n  ) AS payment_type,\n\n  json_build_object(\n    'id', a.id,\n    'name', a.name,\n    'background_color', a.background_color,\n    'foreground_color', a.foreground_color,\n    'has_vat', a.has_vat,\n    'bank_information', a.bank_information,\n    'fare_controller', a.fare_controller,\n    'account_fees_type', a.account_fees_type,\n    'account_fees', a.account_fees,\n    'account_fees_vat', a.account_fees_vat\n  ) AS account,\n\n  json_build_object(\n    'id', d.id,\n    'username', d.username,\n    'name', d.name,\n    'mobile_device_id', d.mobile_device_id,\n    'phc_vehicle_number', d.phc_vehicle_number,\n    'phc_driver_number', d.phc_driver_number,\n    'vehicle_id', d.vehicle_id,\n    'driver_commission', d.driver_commission,\n    'session_status', d.session_status,\n\n    'vehicle', json_build_object(\n      'make', v.make,\n      'model', v.model,\n      'color', v.color,\n      'vehicle_number', v.vehicle_number\n    )\n  ) AS driver,\n\n  json_build_object(\n    'door_number', c.door_number,\n    'address1', c.address1,\n    'address2', c.address2,\n    'blacklist', c.blacklist\n  ) AS customer,\n\n  json_build_object(\n    'username', e.username,\n    'role_id', e.role_id\n  ) AS employee,\n\n  json_build_object(\n    'pickup',\n    CASE\n      WHEN lp.id IS NOT NULL THEN\n        json_build_object(\n          'id', lp.id,\n          'name', lp.name,\n          'location_type', json_build_object(\n            'id', ltp.id,\n            'name', ltp.name,\n            'background_color', ltp.background_color,\n            'foreground_color', ltp.foreground_color\n          )\n        )\n      ELSE\n        json_build_object(\n          'id', null,\n          'name', null,\n          'location_type', json_build_object(\n            'id', null,\n            'name', null,\n            'background_color', null,\n            'foreground_color', null\n          )\n        )\n    END,\n\n    'dropoff',\n    CASE\n      WHEN ld.id IS NOT NULL THEN\n        json_build_object(\n          'id', ld.id,\n          'name', ld.name,\n          'location_type', json_build_object(\n            'id', ltd.id,\n            'name', ltd.name,\n            'background_color', ltd.background_color,\n            'foreground_color', ltd.foreground_color\n          )\n        )\n      ELSE\n        json_build_object(\n          'id', null,\n          'name', null,\n          'location_type', json_build_object(\n            'id', null,\n            'name', null,\n            'background_color', null,\n            'foreground_color', null\n          )\n        )\n    END\n  ) AS airport\n\nFROM bookings b\n\nLEFT JOIN booking_statuses bs\n  ON b.booking_status_id = bs.id\n\nLEFT JOIN booking_types bt\n  ON b.booking_type_id = bt.id\n\nLEFT JOIN journey_types jt\n  ON b.journey_type_id = jt.id\n\nLEFT JOIN subsidiaries s\n  ON b.subsidiary_id = s.id\n\nLEFT JOIN vehicle_types vt\n  ON b.vehicle_type_id = vt.id\n\nLEFT JOIN payment_types pt\n  ON b.payment_type_id = pt.id\n\nLEFT JOIN accounts a\n  ON b.account_id = a.id\n\nLEFT JOIN drivers d\n  ON b.driver_id = d.id\n\nLEFT JOIN vehicles v\n  ON d.vehicle_id = v.id\n\nLEFT JOIN customers c\n  ON b.customer_id = c.id\n\nLEFT JOIN employees e\n  ON b.employee_id = e.id\n\n\n-- PICKUP LOCATION\n-- Select only the most specific matching location\nLEFT JOIN LATERAL (\n  SELECT l.*\n  FROM locations l\n  WHERE l.location_type_id = 2\n    AND b.pickup ILIKE '%' || l.name || '%'\n  ORDER BY LENGTH(l.name) DESC, l.id ASC\n  LIMIT 1\n) lp ON true\n\n\n-- DROPOFF LOCATION\n-- Select only the most specific matching location\nLEFT JOIN LATERAL (\n  SELECT l.*\n  FROM locations l\n  WHERE l.location_type_id = 2\n    AND b.dropoff ILIKE '%' || l.name || '%'\n  ORDER BY LENGTH(l.name) DESC, l.id ASC\n  LIMIT 1\n) ld ON true\n\n\nLEFT JOIN location_types ltp\n  ON lp.location_type_id = ltp.id\n\nLEFT JOIN location_types ltd\n  ON ld.location_type_id = ltd.id\n\n\n    WHERE b.id = $1\n  ","timestamp":"2026-09-25T16:07:49.216Z"}
{"duration":10,"level":"info","message":"db-query","rows":1,"text":"\n    \nSELECT\n  b.id,\n  b.reference_number,\n  b.subsidiary_id,\n  b.booking_type_id,\n  b.booking_status_id,\n  b.journey_type_id,\n  b.account_id,\n  b.customer_id,\n  b.employee_id,\n  b.pickup,\n  b.dropoff,\n  b.pickup_date,\n  b.pickup_time,\n  b.dropoff_date,\n  b.dropoff_time,\n  b.pickup_door_number,\n  b.dropoff_door_number,\n  b.pickup_plot,\n  b.dropoff_plot,\n  b.pickup_location_type_id,\n  b.dropoff_location_type_id,\n  b.pickup_latitude,\n  b.pickup_longitude,\n  b.dropoff_latitude,\n  b.dropoff_longitude,\n  b.viapoints,\n  b.restricted_drivers,\n  b.flight_number,\n  b.arriving_from,\n  b.vehicle_type_id,\n  b.vehicle_id,\n  b.driver_id,\n  b.passengers,\n  b.luggages,\n  b.hand_luggages,\n  b.child_seat,\n  b.name,\n  b.email,\n  b.mobile,\n  b.telephone,\n  b.lead_time,\n  b.notes,\n  b.special_instructions,\n  b.payment_type_id,\n  b.company_price,\n  b.fares,\n  b.total_charges,\n  b.parking_charges,\n  b.waiting_charges,\n  b.extra_drop_charges,\n  b.credit_card_charges,\n  b.congestion_charges,\n  b.miles,\n  b.meet_and_greet,\n  b.department,\n  b.escort_id,\n  b.order_number,\n  b.booked_by,\n  b.add_return_fare,\n  b.fare_meter_status,\n  b.fare_meter,\n  b.quotation,\n  b.quoted,\n  b.dispatch,\n  b.dispatch_as,\n  b.sms,\n  b.emailflag,\n  b.trash,\n  b.hidden,\n  b.multi_booking_id,\n  b.associated_booking,\n  b.invoice_status,\n  b.commission_status,\n  b.commission,\n  b.skipped_bookings,\n  b.permanent,\n  b.toggle_driver_text,\n  b.toggle_passenger_text,\n  b.cancelled_reason,\n  b.booking_source,\n  b.on_route,\n  b.arrived,\n  b.passenger_on_board,\n  b.completed,\n  b.controller_completed,\n  b.driver_waiting_time,\n  b.dispatched_at,\n  b.booked_at,\n  b.stripe_customer_id,\n  b.stripe_payment_id,\n  b.invoice_number,\n  b.initial_subsidiary_id,\n  b.created_at,\n  b.updated_at,\n  b.eta,\n  b.fob,\n  b.future,\n\n  json_build_object(\n    'booking_status', bs.booking_status\n  ) AS booking_status,\n\n  json_build_object(\n    'booking_type', bt.booking_type\n  ) AS booking_type,\n\n  json_build_object(\n    'journey_type', jt.journey_type\n  ) AS journey_type,\n\n  json_build_object(\n    'id', s.id,\n    'name', s.name,\n    'telephone_number', s.telephone_number\n  ) AS subsidiary,\n\n  json_build_object(\n    'name', vt.name,\n    'background_color', vt.background_color,\n    'foreground_color', vt.foreground_color\n  ) AS vehicle_type,\n\n  json_build_object(\n    'id', pt.id,\n    'name', pt.name,\n    'background_color', pt.background_color,\n    'foreground_color', pt.foreground_color\n  ) AS payment_type,\n\n  json_build_object(\n    'id', a.id,\n    'name', a.name,\n    'background_color', a.background_color,\n    'foreground_color', a.foreground_color,\n    'has_vat', a.has_vat,\n    'bank_information', a.bank_information,\n    'fare_controller', a.fare_controller,\n    'account_fees_type', a.account_fees_type,\n    'account_fees', a.account_fees,\n    'account_fees_vat', a.account_fees_vat\n  ) AS account,\n\n  json_build_object(\n    'id', d.id,\n    'username', d.username,\n    'name', d.name,\n    'mobile_device_id', d.mobile_device_id,\n    'phc_vehicle_number', d.phc_vehicle_number,\n    'phc_driver_number', d.phc_driver_number,\n    'vehicle_id', d.vehicle_id,\n    'driver_commission', d.driver_commission,\n    'session_status', d.session_status,\n\n    'vehicle', json_build_object(\n      'make', v.make,\n      'model', v.model,\n      'color', v.color,\n      'vehicle_number', v.vehicle_number\n    )\n  ) AS driver,\n\n  json_build_object(\n    'door_number', c.door_number,\n    'address1', c.address1,\n    'address2', c.address2,\n    'blacklist', c.blacklist\n  ) AS customer,\n\n  json_build_object(\n    'username', e.username,\n    'role_id', e.role_id\n  ) AS employee,\n\n  json_build_object(\n    'pickup',\n    CASE\n      WHEN lp.id IS NOT NULL THEN\n        json_build_object(\n          'id', lp.id,\n          'name', lp.name,\n          'location_type', json_build_object(\n            'id', ltp.id,\n            'name', ltp.name,\n            'background_color', ltp.background_color,\n            'foreground_color', ltp.foreground_color\n          )\n        )\n      ELSE\n        json_build_object(\n          'id', null,\n          'name', null,\n          'location_type', json_build_object(\n            'id', null,\n            'name', null,\n            'background_color', null,\n            'foreground_color', null\n          )\n        )\n    END,\n\n    'dropoff',\n    CASE\n      WHEN ld.id IS NOT NULL THEN\n        json_build_object(\n          'id', ld.id,\n          'name', ld.name,\n          'location_type', json_build_object(\n            'id', ltd.id,\n            'name', ltd.name,\n            'background_color', ltd.background_color,\n            'foreground_color', ltd.foreground_color\n          )\n        )\n      ELSE\n        json_build_object(\n          'id', null,\n          'name', null,\n          'location_type', json_build_object(\n            'id', null,\n            'name', null,\n            'background_color', null,\n            'foreground_color', null\n          )\n        )\n    END\n  ) AS airport\n\nFROM bookings b\n\nLEFT JOIN booking_statuses bs\n  ON b.booking_status_id = bs.id\n\nLEFT JOIN booking_types bt\n  ON b.booking_type_id = bt.id\n\nLEFT JOIN journey_types jt\n  ON b.journey_type_id = jt.id\n\nLEFT JOIN subsidiaries s\n  ON b.subsidiary_id = s.id\n\nLEFT JOIN vehicle_types vt\n  ON b.vehicle_type_id = vt.id\n\nLEFT JOIN payment_types pt\n  ON b.payment_type_id = pt.id\n\nLEFT JOIN accounts a\n  ON b.account_id = a.id\n\nLEFT JOIN drivers d\n  ON b.driver_id = d.id\n\nLEFT JOIN vehicles v\n  ON d.vehicle_id = v.id\n\nLEFT JOIN customers c\n  ON b.customer_id = c.id\n\nLEFT JOIN employees e\n  ON b.employee_id = e.id\n\n\n-- PICKUP LOCATION\n-- Select only the most specific matching location\nLEFT JOIN LATERAL (\n  SELECT l.*\n  FROM locations l\n  WHERE l.location_type_id = 2\n    AND b.pickup ILIKE '%' || l.name || '%'\n  ORDER BY LENGTH(l.name) DESC, l.id ASC\n  LIMIT 1\n) lp ON true\n\n\n-- DROPOFF LOCATION\n-- Select only the most specific matching location\nLEFT JOIN LATERAL (\n  SELECT l.*\n  FROM locations l\n  WHERE l.location_type_id = 2\n    AND b.dropoff ILIKE '%' || l.name || '%'\n  ORDER BY LENGTH(l.name) DESC, l.id ASC\n  LIMIT 1\n) ld ON true\n\n\nLEFT JOIN location_types ltp\n  ON lp.location_type_id = ltp.id\n\nLEFT JOIN location_types ltd\n  ON ld.location_type_id = ltd.id\n\n\n    WHERE b.id = $1\n  ","timestamp":"2026-09-25T16:07:49.227Z"}
{"duration":10,"level":"info","message":"db-query","rows":1,"text":"\n    \nSELECT\n  b.id,\n  b.reference_number,\n  b.subsidiary_id,\n  b.booking_type_id,\n  b.booking_status_id,\n  b.journey_type_id,\n  b.account_id,\n  b.customer_id,\n  b.employee_id,\n  b.pickup,\n  b.dropoff,\n  b.pickup_date,\n  b.pickup_time,\n  b.dropoff_date,\n  b.dropoff_time,\n  b.pickup_door_number,\n  b.dropoff_door_number,\n  b.pickup_plot,\n  b.dropoff_plot,\n  b.pickup_location_type_id,\n  b.dropoff_location_type_id,\n  b.pickup_latitude,\n  b.pickup_longitude,\n  b.dropoff_latitude,\n  b.dropoff_longitude,\n  b.viapoints,\n  b.restricted_drivers,\n  b.flight_number,\n  b.arriving_from,\n  b.vehicle_type_id,\n  b.vehicle_id,\n  b.driver_id,\n  b.passengers,\n  b.luggages,\n  b.hand_luggages,\n  b.child_seat,\n  b.name,\n  b.email,\n  b.mobile,\n  b.telephone,\n  b.lead_time,\n  b.notes,\n  b.special_instructions,\n  b.payment_type_id,\n  b.company_price,\n  b.fares,\n  b.total_charges,\n  b.parking_charges,\n  b.waiting_charges,\n  b.extra_drop_charges,\n  b.credit_card_charges,\n  b.congestion_charges,\n  b.miles,\n  b.meet_and_greet,\n  b.department,\n  b.escort_id,\n  b.order_number,\n  b.booked_by,\n  b.add_return_fare,\n  b.fare_meter_status,\n  b.fare_meter,\n  b.quotation,\n  b.quoted,\n  b.dispatch,\n  b.dispatch_as,\n  b.sms,\n  b.emailflag,\n  b.trash,\n  b.hidden,\n  b.multi_booking_id,\n  b.associated_booking,\n  b.invoice_status,\n  b.commission_status,\n  b.commission,\n  b.skipped_bookings,\n  b.permanent,\n  b.toggle_driver_text,\n  b.toggle_passenger_text,\n  b.cancelled_reason,\n  b.booking_source,\n  b.on_route,\n  b.arrived,\n  b.passenger_on_board,\n  b.completed,\n  b.controller_completed,\n  b.driver_waiting_time,\n  b.dispatched_at,\n  b.booked_at,\n  b.stripe_customer_id,\n  b.stripe_payment_id,\n  b.invoice_number,\n  b.initial_subsidiary_id,\n  b.created_at,\n  b.updated_at,\n  b.eta,\n  b.fob,\n  b.future,\n\n  json_build_object(\n    'booking_status', bs.booking_status\n  ) AS booking_status,\n\n  json_build_object(\n    'booking_type', bt.booking_type\n  ) AS booking_type,\n\n  json_build_object(\n    'journey_type', jt.journey_type\n  ) AS journey_type,\n\n  json_build_object(\n    'id', s.id,\n    'name', s.name,\n    'telephone_number', s.telephone_number\n  ) AS subsidiary,\n\n  json_build_object(\n    'name', vt.name,\n    'background_color', vt.background_color,\n    'foreground_color', vt.foreground_color\n  ) AS vehicle_type,\n\n  json_build_object(\n    'id', pt.id,\n    'name', pt.name,\n    'background_color', pt.background_color,\n    'foreground_color', pt.foreground_color\n  ) AS payment_type,\n\n  json_build_object(\n    'id', a.id,\n    'name', a.name,\n    'background_color', a.background_color,\n    'foreground_color', a.foreground_color,\n    'has_vat', a.has_vat,\n    'bank_information', a.bank_information,\n    'fare_controller', a.fare_controller,\n    'account_fees_type', a.account_fees_type,\n    'account_fees', a.account_fees,\n    'account_fees_vat', a.account_fees_vat\n  ) AS account,\n\n  json_build_object(\n    'id', d.id,\n    'username', d.username,\n    'name', d.name,\n    'mobile_device_id', d.mobile_device_id,\n    'phc_vehicle_number', d.phc_vehicle_number,\n    'phc_driver_number', d.phc_driver_number,\n    'vehicle_id', d.vehicle_id,\n    'driver_commission', d.driver_commission,\n    'session_status', d.session_status,\n\n    'vehicle', json_build_object(\n      'make', v.make,\n      'model', v.model,\n      'color', v.color,\n      'vehicle_number', v.vehicle_number\n    )\n  ) AS driver,\n\n  json_build_object(\n    'door_number', c.door_number,\n    'address1', c.address1,\n    'address2', c.address2,\n    'blacklist', c.blacklist\n  ) AS customer,\n\n  json_build_object(\n    'username', e.username,\n    'role_id', e.role_id\n  ) AS employee,\n\n  json_build_object(\n    'pickup',\n    CASE\n      WHEN lp.id IS NOT NULL THEN\n        json_build_object(\n          'id', lp.id,\n          'name', lp.name,\n          'location_type', json_build_object(\n            'id', ltp.id,\n            'name', ltp.name,\n            'background_color', ltp.background_color,\n            'foreground_color', ltp.foreground_color\n          )\n        )\n      ELSE\n        json_build_object(\n          'id', null,\n          'name', null,\n          'location_type', json_build_object(\n            'id', null,\n            'name', null,\n            'background_color', null,\n            'foreground_color', null\n          )\n        )\n    END,\n\n    'dropoff',\n    CASE\n      WHEN ld.id IS NOT NULL THEN\n        json_build_object(\n          'id', ld.id,\n          'name', ld.name,\n          'location_type', json_build_object(\n            'id', ltd.id,\n            'name', ltd.name,\n            'background_color', ltd.background_color,\n            'foreground_color', ltd.foreground_color\n          )\n        )\n      ELSE\n        json_build_object(\n          'id', null,\n          'name', null,\n          'location_type', json_build_object(\n            'id', null,\n            'name', null,\n            'background_color', null,\n            'foreground_color', null\n          )\n        )\n    END\n  ) AS airport\n\nFROM bookings b\n\nLEFT JOIN booking_statuses bs\n  ON b.booking_status_id = bs.id\n\nLEFT JOIN booking_types bt\n  ON b.booking_type_id = bt.id\n\nLEFT JOIN journey_types jt\n  ON b.journey_type_id = jt.id\n\nLEFT JOIN subsidiaries s\n  ON b.subsidiary_id = s.id\n\nLEFT JOIN vehicle_types vt\n  ON b.vehicle_type_id = vt.id\n\nLEFT JOIN payment_types pt\n  ON b.payment_type_id = pt.id\n\nLEFT JOIN accounts a\n  ON b.account_id = a.id\n\nLEFT JOIN drivers d\n  ON b.driver_id = d.id\n\nLEFT JOIN vehicles v\n  ON d.vehicle_id = v.id\n\nLEFT JOIN customers c\n  ON b.customer_id = c.id\n\nLEFT JOIN employees e\n  ON b.employee_id = e.id\n\n\n-- PICKUP LOCATION\n-- Select only the most specific matching location\nLEFT JOIN LATERAL (\n  SELECT l.*\n  FROM locations l\n  WHERE l.location_type_id = 2\n    AND b.pickup ILIKE '%' || l.name || '%'\n  ORDER BY LENGTH(l.name) DESC, l.id ASC\n  LIMIT 1\n) lp ON true\n\n\n-- DROPOFF LOCATION\n-- Select only the most specific matching location\nLEFT JOIN LATERAL (\n  SELECT l.*\n  FROM locations l\n  WHERE l.location_type_id = 2\n    AND b.dropoff ILIKE '%' || l.name || '%'\n  ORDER BY LENGTH(l.name) DESC, l.id ASC\n  LIMIT 1\n) ld ON true\n\n\nLEFT JOIN location_types ltp\n  ON lp.location_type_id = ltp.id\n\nLEFT JOIN location_types ltd\n  ON ld.location_type_id = ltd.id\n\n\n    WHERE b.id = $1\n  ","timestamp":"2026-09-25T16:07:49.238Z"}
{"duration":9,"level":"info","message":"db-query","rows":1,"text":"\n    \nSELECT\n  b.id,\n  b.reference_number,\n  b.subsidiary_id,\n  b.booking_type_id,\n  b.booking_status_id,\n  b.journey_type_id,\n  b.account_id,\n  b.customer_id,\n  b.employee_id,\n  b.pickup,\n  b.dropoff,\n  b.pickup_date,\n  b.pickup_time,\n  b.dropoff_date,\n  b.dropoff_time,\n  b.pickup_door_number,\n  b.dropoff_door_number,\n  b.pickup_plot,\n  b.dropoff_plot,\n  b.pickup_location_type_id,\n  b.dropoff_location_type_id,\n  b.pickup_latitude,\n  b.pickup_longitude,\n  b.dropoff_latitude,\n  b.dropoff_longitude,\n  b.viapoints,\n  b.restricted_drivers,\n  b.flight_number,\n  b.arriving_from,\n  b.vehicle_type_id,\n  b.vehicle_id,\n  b.driver_id,\n  b.passengers,\n  b.luggages,\n  b.hand_luggages,\n  b.child_seat,\n  b.name,\n  b.email,\n  b.mobile,\n  b.telephone,\n  b.lead_time,\n  b.notes,\n  b.special_instructions,\n  b.payment_type_id,\n  b.company_price,\n  b.fares,\n  b.total_charges,\n  b.parking_charges,\n  b.waiting_charges,\n  b.extra_drop_charges,\n  b.credit_card_charges,\n  b.congestion_charges,\n  b.miles,\n  b.meet_and_greet,\n  b.department,\n  b.escort_id,\n  b.order_number,\n  b.booked_by,\n  b.add_return_fare,\n  b.fare_meter_status,\n  b.fare_meter,\n  b.quotation,\n  b.quoted,\n  b.dispatch,\n  b.dispatch_as,\n  b.sms,\n  b.emailflag,\n  b.trash,\n  b.hidden,\n  b.multi_booking_id,\n  b.associated_booking,\n  b.invoice_status,\n  b.commission_status,\n  b.commission,\n  b.skipped_bookings,\n  b.permanent,\n  b.toggle_driver_text,\n  b.toggle_passenger_text,\n  b.cancelled_reason,\n  b.booking_source,\n  b.on_route,\n  b.arrived,\n  b.passenger_on_board,\n  b.completed,\n  b.controller_completed,\n  b.driver_waiting_time,\n  b.dispatched_at,\n  b.booked_at,\n  b.stripe_customer_id,\n  b.stripe_payment_id,\n  b.invoice_number,\n  b.initial_subsidiary_id,\n  b.created_at,\n  b.updated_at,\n  b.eta,\n  b.fob,\n  b.future,\n\n  json_build_object(\n    'booking_status', bs.booking_status\n  ) AS booking_status,\n\n  json_build_object(\n    'booking_type', bt.booking_type\n  ) AS booking_type,\n\n  json_build_object(\n    'journey_type', jt.journey_type\n  ) AS journey_type,\n\n  json_build_object(\n    'id', s.id,\n    'name', s.name,\n    'telephone_number', s.telephone_number\n  ) AS subsidiary,\n\n  json_build_object(\n    'name', vt.name,\n    'background_color', vt.background_color,\n    'foreground_color', vt.foreground_color\n  ) AS vehicle_type,\n\n  json_build_object(\n    'id', pt.id,\n    'name', pt.name,\n    'background_color', pt.background_color,\n    'foreground_color', pt.foreground_color\n  ) AS payment_type,\n\n  json_build_object(\n    'id', a.id,\n    'name', a.name,\n    'background_color', a.background_color,\n    'foreground_color', a.foreground_color,\n    'has_vat', a.has_vat,\n    'bank_information', a.bank_information,\n    'fare_controller', a.fare_controller,\n    'account_fees_type', a.account_fees_type,\n    'account_fees', a.account_fees,\n    'account_fees_vat', a.account_fees_vat\n  ) AS account,\n\n  json_build_object(\n    'id', d.id,\n    'username', d.username,\n    'name', d.name,\n    'mobile_device_id', d.mobile_device_id,\n    'phc_vehicle_number', d.phc_vehicle_number,\n    'phc_driver_number', d.phc_driver_number,\n    'vehicle_id', d.vehicle_id,\n    'driver_commission', d.driver_commission,\n    'session_status', d.session_status,\n\n    'vehicle', json_build_object(\n      'make', v.make,\n      'model', v.model,\n      'color', v.color,\n      'vehicle_number', v.vehicle_number\n    )\n  ) AS driver,\n\n  json_build_object(\n    'door_number', c.door_number,\n    'address1', c.address1,\n    'address2', c.address2,\n    'blacklist', c.blacklist\n  ) AS customer,\n\n  json_build_object(\n    'username', e.username,\n    'role_id', e.role_id\n  ) AS employee,\n\n  json_build_object(\n    'pickup',\n    CASE\n      WHEN lp.id IS NOT NULL THEN\n        json_build_object(\n          'id', lp.id,\n          'name', lp.name,\n          'location_type', json_build_object(\n            'id', ltp.id,\n            'name', ltp.name,\n            'background_color', ltp.background_color,\n            'foreground_color', ltp.foreground_color\n          )\n        )\n      ELSE\n        json_build_object(\n          'id', null,\n          'name', null,\n          'location_type', json_build_object(\n            'id', null,\n            'name', null,\n            'background_color', null,\n            'foreground_color', null\n          )\n        )\n    END,\n\n    'dropoff',\n    CASE\n      WHEN ld.id IS NOT NULL THEN\n        json_build_object(\n          'id', ld.id,\n          'name', ld.name,\n          'location_type', json_build_object(\n            'id', ltd.id,\n            'name', ltd.name,\n            'background_color', ltd.background_color,\n            'foreground_color', ltd.foreground_color\n          )\n        )\n      ELSE\n        json_build_object(\n          'id', null,\n          'name', null,\n          'location_type', json_build_object(\n            'id', null,\n            'name', null,\n            'background_color', null,\n            'foreground_color', null\n          )\n        )\n    END\n  ) AS airport\n\nFROM bookings b\n\nLEFT JOIN booking_statuses bs\n  ON b.booking_status_id = bs.id\n\nLEFT JOIN booking_types bt\n  ON b.booking_type_id = bt.id\n\nLEFT JOIN journey_types jt\n  ON b.journey_type_id = jt.id\n\nLEFT JOIN subsidiaries s\n  ON b.subsidiary_id = s.id\n\nLEFT JOIN vehicle_types vt\n  ON b.vehicle_type_id = vt.id\n\nLEFT JOIN payment_types pt\n  ON b.payment_type_id = pt.id\n\nLEFT JOIN accounts a\n  ON b.account_id = a.id\n\nLEFT JOIN drivers d\n  ON b.driver_id = d.id\n\nLEFT JOIN vehicles v\n  ON d.vehicle_id = v.id\n\nLEFT JOIN customers c\n  ON b.customer_id = c.id\n\nLEFT JOIN employees e\n  ON b.employee_id = e.id\n\n\n-- PICKUP LOCATION\n-- Select only the most specific matching location\nLEFT JOIN LATERAL (\n  SELECT l.*\n  FROM locations l\n  WHERE l.location_type_id = 2\n    AND b.pickup ILIKE '%' || l.name || '%'\n  ORDER BY LENGTH(l.name) DESC, l.id ASC\n  LIMIT 1\n) lp ON true\n\n\n-- DROPOFF LOCATION\n-- Select only the most specific matching location\nLEFT JOIN LATERAL (\n  SELECT l.*\n  FROM locations l\n  WHERE l.location_type_id = 2\n    AND b.dropoff ILIKE '%' || l.name || '%'\n  ORDER BY LENGTH(l.name) DESC, l.id ASC\n  LIMIT 1\n) ld ON true\n\n\nLEFT JOIN location_types ltp\n  ON lp.location_type_id = ltp.id\n\nLEFT JOIN location_types ltd\n  ON ld.location_type_id = ltd.id\n\n\n    WHERE b.id = $1\n  ","timestamp":"2026-09-25T16:07:49.249Z"}
{"duration":7,"level":"info","message":"db-query","rows":null,"text":"COMMIT","timestamp":"2026-09-25T16:07:49.257Z"}
{"level":"info","message":"POST /api/bookings/add 200 456.880 ms","timestamp":"2026-09-25T16:07:49.259Z"}
{"duration":73,"level":"info","message":"db-query","rows":0,"text":"\n      SELECT company_id, driver_id \n      FROM driver_sinbins \n      WHERE is_active = TRUE \n      AND (updated_at + (sinbin_time || ' minutes')::INTERVAL) <= CURRENT_TIMESTAMP;\n    ","timestamp":"2026-09-25T16:08:00.081Z"}
{"duration":54,"level":"info","message":"db-query","rows":26,"text":"SELECT * FROM location_types","timestamp":"2026-09-25T16:08:52.896Z"}
{"level":"info","message":"GET /api/location-types 200 55.290 ms","timestamp":"2026-09-25T16:08:52.897Z"}
{"duration":8,"level":"info","message":"db-query","rows":0,"text":"\n      SELECT company_id, driver_id \n      FROM driver_sinbins \n      WHERE is_active = TRUE \n      AND (updated_at + (sinbin_time || ' minutes')::INTERVAL) <= CURRENT_TIMESTAMP;\n    ","timestamp":"2026-09-25T16:09:00.025Z"}
{"duration":47,"level":"info","message":"db-query","rows":0,"text":"\n      SELECT company_id, driver_id \n      FROM driver_sinbins \n      WHERE is_active = TRUE \n      AND (updated_at + (sinbin_time || ' minutes')::INTERVAL) <= CURRENT_TIMESTAMP;\n    ","timestamp":"2026-09-25T16:10:00.063Z"}
{"duration":92,"level":"info","message":"db-query","rows":0,"text":"\n      SELECT company_id, driver_id \n      FROM driver_sinbins \n      WHERE is_active = TRUE \n      AND (updated_at + (sinbin_time || ' minutes')::INTERVAL) <= CURRENT_TIMESTAMP;\n    ","timestamp":"2026-09-25T16:11:00.100Z"}
{"duration":84,"level":"info","message":"db-query","rows":0,"text":"\n      SELECT company_id, driver_id \n      FROM driver_sinbins \n      WHERE is_active = TRUE \n      AND (updated_at + (sinbin_time || ' minutes')::INTERVAL) <= CURRENT_TIMESTAMP;\n    ","timestamp":"2026-09-25T16:12:00.101Z"}
{"duration":108,"level":"info","message":"db-query","rows":0,"text":"\n      SELECT company_id, driver_id \n      FROM driver_sinbins \n      WHERE is_active = TRUE \n      AND (updated_at + (sinbin_time || ' minutes')::INTERVAL) <= CURRENT_TIMESTAMP;\n    ","timestamp":"2026-09-25T16:13:00.154Z"}
{"duration":92,"level":"info","message":"db-query","rows":0,"text":"\n      SELECT company_id, driver_id \n      FROM driver_sinbins \n      WHERE is_active = TRUE \n      AND (updated_at + (sinbin_time || ' minutes')::INTERVAL) <= CURRENT_TIMESTAMP;\n    ","timestamp":"2026-09-25T16:14:00.097Z"}
{"duration":94,"level":"info","message":"db-query","rows":0,"text":"\n      SELECT company_id, driver_id \n      FROM driver_sinbins \n      WHERE is_active = TRUE \n      AND (updated_at + (sinbin_time || ' minutes')::INTERVAL) <= CURRENT_TIMESTAMP;\n    ","timestamp":"2026-09-25T16:15:00.105Z"}
{"duration":117,"level":"info","message":"db-query","rows":0,"text":"\n      SELECT company_id, driver_id \n      FROM driver_sinbins \n      WHERE is_active = TRUE \n      AND (updated_at + (sinbin_time || ' minutes')::INTERVAL) <= CURRENT_TIMESTAMP;\n    ","timestamp":"2026-09-25T16:16:00.131Z"}
{"duration":51,"level":"info","message":"db-query","rows":null,"text":"BEGIN","timestamp":"2026-09-25T16:16:45.247Z"}
{"duration":48,"level":"info","message":"db-query","rows":null,"text":"ROLLBACK","timestamp":"2026-09-25T16:16:45.304Z"}
{"level":"info","message":"POST /api/bookings/add 500 112.608 ms","timestamp":"2026-09-25T16:16:45.306Z"}
{"duration":118,"level":"info","message":"db-query","rows":0,"text":"\n      SELECT company_id, driver_id \n      FROM driver_sinbins \n      WHERE is_active = TRUE \n      AND (updated_at + (sinbin_time || ' minutes')::INTERVAL) <= CURRENT_TIMESTAMP;\n    ","timestamp":"2026-09-25T16:17:00.131Z"}
{"duration":11,"level":"info","message":"db-query","rows":26,"text":"SELECT * FROM location_types","timestamp":"2026-09-25T16:18:35.091Z"}
{"level":"info","message":"GET /api/location-types 200 18.652 ms","timestamp":"2026-09-25T16:18:35.099Z"}
{"duration":155,"level":"info","message":"db-query","rows":26,"text":"SELECT * FROM location_types","timestamp":"2026-09-25T16:18:35.237Z"}
{"level":"info","message":"GET /api/location-types 200 156.108 ms","timestamp":"2026-09-25T16:18:35.238Z"}
{"duration":7,"level":"info","message":"db-query","rows":26,"text":"SELECT * FROM location_types","timestamp":"2026-09-25T16:18:44.908Z"}
{"level":"info","message":"GET /api/location-types 200 13.575 ms","timestamp":"2026-09-25T16:18:44.914Z"}
{"duration":54,"level":"info","message":"db-query","rows":26,"text":"SELECT * FROM location_types","timestamp":"2026-09-25T16:18:44.957Z"}
{"level":"info","message":"GET /api/location-types 200 55.558 ms","timestamp":"2026-09-25T16:18:44.959Z"}
{"duration":1,"level":"info","message":"db-query","rows":null,"text":"BEGIN","timestamp":"2026-09-25T16:18:53.553Z"}
{"duration":2,"level":"info","message":"db-query","rows":null,"text":"ROLLBACK","timestamp":"2026-09-25T16:18:53.589Z"}
{"level":"info","message":"POST /api/bookings/add 500 42.734 ms","timestamp":"2026-09-25T16:18:53.592Z"}
{"duration":11,"level":"info","message":"db-query","rows":0,"text":"\n      SELECT company_id, driver_id \n      FROM driver_sinbins \n      WHERE is_active = TRUE \n      AND (updated_at + (sinbin_time || ' minutes')::INTERVAL) <= CURRENT_TIMESTAMP;\n    ","timestamp":"2026-09-25T16:19:00.023Z"}
{"duration":100,"level":"info","message":"db-query","rows":0,"text":"\n      SELECT company_id, driver_id \n      FROM driver_sinbins \n      WHERE is_active = TRUE \n      AND (updated_at + (sinbin_time || ' minutes')::INTERVAL) <= CURRENT_TIMESTAMP;\n    ","timestamp":"2026-09-25T16:20:00.113Z"}
{"duration":10,"level":"info","message":"db-query","rows":26,"text":"SELECT * FROM location_types","timestamp":"2026-09-25T16:20:25.793Z"}
{"level":"info","message":"GET /api/location-types 200 21.642 ms","timestamp":"2026-09-25T16:20:25.805Z"}
{"duration":72,"level":"info","message":"db-query","rows":26,"text":"SELECT * FROM location_types","timestamp":"2026-09-25T16:20:25.858Z"}
{"level":"info","message":"GET /api/location-types 200 73.600 ms","timestamp":"2026-09-25T16:20:25.859Z"}
{"duration":1,"level":"info","message":"db-query","rows":null,"text":"BEGIN","timestamp":"2026-09-25T16:20:29.094Z"}
{"duration":8,"level":"info","message":"db-query","rows":0,"text":"\n    SELECT id FROM public.customers \n    WHERE company_id = $1 AND (\n      (mobile IS NOT NULL AND mobile = $2) OR \n      (email IS NOT NULL AND email = $3)\n    )\n    LIMIT 1;\n  ","timestamp":"2026-09-25T16:20:29.103Z"}
{"duration":3,"level":"info","message":"db-query","rows":1,"text":"\n      INSERT INTO public.customers (name, email, mobile, telephone, blacklist, company_id)\n      VALUES ($1, $2, $3, $4, false, $5)\n      RETURNING id;\n    ","timestamp":"2026-09-25T16:20:29.107Z"}
{"duration":3,"level":"info","message":"db-query","rows":2,"text":"SELECT * FROM fixed_fares WHERE vehicle_type_id=$1 AND company_id = $2","timestamp":"2026-09-25T16:20:29.115Z"}
{"duration":2,"level":"info","message":"db-query","rows":3,"text":"SELECT * FROM fare_configurations\n       WHERE vehicle_type_id=$1 AND company_id = $2\n       ORDER BY id ASC","timestamp":"2026-09-25T16:20:29.123Z"}
{"duration":4,"level":"info","message":"db-query","rows":1,"text":"SELECT * FROM fare_by_vehicles WHERE vehicle_type_id=$1 AND company_id=$2","timestamp":"2026-09-25T16:20:29.129Z"}
{"duration":7,"level":"info","message":"db-query","rows":3,"text":"\n      SELECT *\n      FROM fare_increments\n      WHERE company_id=$1\n      ORDER BY id DESC\n    ","timestamp":"2026-09-25T16:20:29.137Z"}
{"duration":3,"level":"info","message":"db-query","rows":1,"text":"\n      SELECT *\n      FROM surcharges\n      WHERE company_id=$1\n      AND active=true\n    ","timestamp":"2026-09-25T16:20:29.141Z"}
{"duration":4,"level":"info","message":"db-query","rows":22,"text":"SELECT * FROM locations WHERE location_type_id=2 AND company_id =$1","timestamp":"2026-09-25T16:20:29.146Z"}
{"duration":7,"level":"info","message":"db-query","rows":0,"text":"SELECT reference_number FROM bookings WHERE reference_number = $1 LIMIT 1","timestamp":"2026-09-25T16:20:29.162Z"}
{"duration":1,"level":"info","message":"db-query","rows":0,"text":"SELECT reference_number FROM bookings WHERE reference_number = $1 LIMIT 1","timestamp":"2026-09-25T16:20:29.163Z"}
{"duration":30,"level":"info","message":"db-query","rows":1,"text":"INSERT INTO bookings (reference_number,subsidiary_id,booking_type_id,booking_status_id,journey_type_id,customer_id,employee_id,pickup,dropoff,pickup_date,pickup_time,pickup_door_number,dropoff_door_number,pickup_latitude,pickup_longitude,dropoff_latitude,dropoff_longitude,viapoints,restricted_drivers,vehicle_type_id,passengers,luggages,hand_luggages,child_seat,name,email,mobile,telephone,lead_time,notes,special_instructions,payment_type_id,company_price,fares,total_charges,parking_charges,waiting_charges,extra_drop_charges,credit_card_charges,congestion_charges,miles,meet_and_greet,quotation,quoted,sms,emailflag,commission,skipped_bookings,booking_source,on_route,eta,company_id,booked_at,multi_booking_id)\n               VALUES ($1,$2,$3,$4,$5,$6,$7,$8,$9,$10,$11,$12,$13,$14,$15,$16,$17,$18,$19,$20,$21,$22,$23,$24,$25,$26,$27,$28,$29,$30,$31,$32,$33,$34,$35,$36,$37,$38,$39,$40,$41,$42,$43,$44,$45,$46,$47,$48,$49,$50,$51,$52,$53,$54)\n               RETURNING *;","timestamp":"2026-09-25T16:20:29.194Z"}
{"duration":2,"level":"info","message":"db-query","rows":1,"text":"UPDATE bookings\n     SET multi_booking_id = $1\n     WHERE id = $1","timestamp":"2026-09-25T16:20:29.196Z"}
{"duration":1,"level":"info","message":"db-query","rows":2,"text":"SELECT * FROM fixed_fares WHERE vehicle_type_id=$1 AND company_id = $2","timestamp":"2026-09-25T16:20:29.198Z"}
{"duration":1,"level":"info","message":"db-query","rows":3,"text":"SELECT * FROM fare_configurations\n       WHERE vehicle_type_id=$1 AND company_id = $2\n       ORDER BY id ASC","timestamp":"2026-09-25T16:20:29.199Z"}
{"duration":0,"level":"info","message":"db-query","rows":1,"text":"SELECT * FROM fare_by_vehicles WHERE vehicle_type_id=$1 AND company_id=$2","timestamp":"2026-09-25T16:20:29.200Z"}
{"duration":1,"level":"info","message":"db-query","rows":3,"text":"\n      SELECT *\n      FROM fare_increments\n      WHERE company_id=$1\n      ORDER BY id DESC\n    ","timestamp":"2026-09-25T16:20:29.203Z"}
{"duration":1,"level":"info","message":"db-query","rows":1,"text":"\n      SELECT *\n      FROM surcharges\n      WHERE company_id=$1\n      AND active=true\n    ","timestamp":"2026-09-25T16:20:29.204Z"}
{"duration":1,"level":"info","message":"db-query","rows":22,"text":"SELECT * FROM locations WHERE location_type_id=2 AND company_id =$1","timestamp":"2026-09-25T16:20:29.206Z"}
{"duration":1,"level":"info","message":"db-query","rows":0,"text":"SELECT reference_number FROM bookings WHERE reference_number = $1 LIMIT 1","timestamp":"2026-09-25T16:20:29.212Z"}
{"duration":0,"level":"info","message":"db-query","rows":0,"text":"SELECT reference_number FROM bookings WHERE reference_number = $1 LIMIT 1","timestamp":"2026-09-25T16:20:29.213Z"}
{"duration":2,"level":"info","message":"db-query","rows":1,"text":"INSERT INTO bookings (reference_number,subsidiary_id,booking_type_id,booking_status_id,journey_type_id,customer_id,employee_id,pickup,dropoff,pickup_date,pickup_time,pickup_door_number,dropoff_door_number,pickup_latitude,pickup_longitude,dropoff_latitude,dropoff_longitude,viapoints,restricted_drivers,vehicle_type_id,passengers,luggages,hand_luggages,child_seat,name,email,mobile,telephone,lead_time,notes,special_instructions,payment_type_id,company_price,fares,total_charges,parking_charges,waiting_charges,extra_drop_charges,credit_card_charges,congestion_charges,miles,meet_and_greet,quotation,quoted,sms,emailflag,multi_booking_id,associated_booking,commission,skipped_bookings,booking_source,on_route,eta,company_id,booked_at)\n               VALUES ($1,$2,$3,$4,$5,$6,$7,$8,$9,$10,$11,$12,$13,$14,$15,$16,$17,$18,$19,$20,$21,$22,$23,$24,$25,$26,$27,$28,$29,$30,$31,$32,$33,$34,$35,$36,$37,$38,$39,$40,$41,$42,$43,$44,$45,$46,$47,$48,$49,$50,$51,$52,$53,$54,$55)\n               RETURNING *;","timestamp":"2026-09-25T16:20:29.216Z"}
{"duration":1,"level":"info","message":"db-query","rows":2,"text":"SELECT * FROM fixed_fares WHERE vehicle_type_id=$1 AND company_id = $2","timestamp":"2026-09-25T16:20:29.218Z"}
{"duration":1,"level":"info","message":"db-query","rows":3,"text":"SELECT * FROM fare_configurations\n       WHERE vehicle_type_id=$1 AND company_id = $2\n       ORDER BY id ASC","timestamp":"2026-09-25T16:20:29.220Z"}
{"duration":0,"level":"info","message":"db-query","rows":3,"text":"\n      SELECT *\n      FROM fare_increments\n      WHERE company_id=$1\n      ORDER BY id DESC\n    ","timestamp":"2026-09-25T16:20:29.221Z"}
{"duration":0,"level":"info","message":"db-query","rows":1,"text":"\n      SELECT *\n      FROM surcharges\n      WHERE company_id=$1\n      AND active=true\n    ","timestamp":"2026-09-25T16:20:29.222Z"}
{"duration":1,"level":"info","message":"db-query","rows":22,"text":"SELECT * FROM locations WHERE location_type_id=2 AND company_id =$1","timestamp":"2026-09-25T16:20:29.224Z"}
{"duration":2,"level":"info","message":"db-query","rows":0,"text":"SELECT reference_number FROM bookings WHERE reference_number = $1 LIMIT 1","timestamp":"2026-09-25T16:20:29.230Z"}
{"duration":1,"level":"info","message":"db-query","rows":0,"text":"SELECT reference_number FROM bookings WHERE reference_number = $1 LIMIT 1","timestamp":"2026-09-25T16:20:29.231Z"}
{"duration":3,"level":"info","message":"db-query","rows":1,"text":"INSERT INTO bookings (reference_number,subsidiary_id,booking_type_id,booking_status_id,journey_type_id,customer_id,employee_id,pickup,dropoff,pickup_date,pickup_time,pickup_door_number,dropoff_door_number,pickup_latitude,pickup_longitude,dropoff_latitude,dropoff_longitude,viapoints,restricted_drivers,vehicle_type_id,passengers,luggages,hand_luggages,child_seat,name,email,mobile,telephone,lead_time,notes,special_instructions,payment_type_id,company_price,fares,total_charges,parking_charges,waiting_charges,extra_drop_charges,credit_card_charges,congestion_charges,miles,meet_and_greet,quotation,quoted,sms,emailflag,commission,skipped_bookings,booking_source,on_route,eta,company_id,booked_at,multi_booking_id)\n               VALUES ($1,$2,$3,$4,$5,$6,$7,$8,$9,$10,$11,$12,$13,$14,$15,$16,$17,$18,$19,$20,$21,$22,$23,$24,$25,$26,$27,$28,$29,$30,$31,$32,$33,$34,$35,$36,$37,$38,$39,$40,$41,$42,$43,$44,$45,$46,$47,$48,$49,$50,$51,$52,$53,$54)\n               RETURNING *;","timestamp":"2026-09-25T16:20:29.234Z"}
{"duration":9,"level":"info","message":"db-query","rows":1,"text":"UPDATE bookings\n     SET multi_booking_id = $1\n     WHERE id = $2","timestamp":"2026-09-25T16:20:29.243Z"}
{"duration":0,"level":"info","message":"db-query","rows":2,"text":"SELECT * FROM fixed_fares WHERE vehicle_type_id=$1 AND company_id = $2","timestamp":"2026-09-25T16:20:29.247Z"}
{"duration":0,"level":"info","message":"db-query","rows":3,"text":"SELECT * FROM fare_configurations\n       WHERE vehicle_type_id=$1 AND company_id = $2\n       ORDER BY id ASC","timestamp":"2026-09-25T16:20:29.247Z"}
{"duration":1,"level":"info","message":"db-query","rows":3,"text":"\n      SELECT *\n      FROM fare_increments\n      WHERE company_id=$1\n      ORDER BY id DESC\n    ","timestamp":"2026-09-25T16:20:29.249Z"}
{"duration":1,"level":"info","message":"db-query","rows":1,"text":"\n      SELECT *\n      FROM surcharges\n      WHERE company_id=$1\n      AND active=true\n    ","timestamp":"2026-09-25T16:20:29.250Z"}
{"duration":2,"level":"info","message":"db-query","rows":22,"text":"SELECT * FROM locations WHERE location_type_id=2 AND company_id =$1","timestamp":"2026-09-25T16:20:29.252Z"}
{"duration":1,"level":"info","message":"db-query","rows":0,"text":"SELECT reference_number FROM bookings WHERE reference_number = $1 LIMIT 1","timestamp":"2026-09-25T16:20:29.257Z"}
{"duration":0,"level":"info","message":"db-query","rows":0,"text":"SELECT reference_number FROM bookings WHERE reference_number = $1 LIMIT 1","timestamp":"2026-09-25T16:20:29.259Z"}
{"duration":3,"level":"info","message":"db-query","rows":1,"text":"INSERT INTO bookings (reference_number,subsidiary_id,booking_type_id,booking_status_id,journey_type_id,customer_id,employee_id,pickup,dropoff,pickup_date,pickup_time,pickup_door_number,dropoff_door_number,pickup_latitude,pickup_longitude,dropoff_latitude,dropoff_longitude,viapoints,restricted_drivers,vehicle_type_id,passengers,luggages,hand_luggages,child_seat,name,email,mobile,telephone,lead_time,notes,special_instructions,payment_type_id,company_price,fares,total_charges,parking_charges,waiting_charges,extra_drop_charges,credit_card_charges,congestion_charges,miles,meet_and_greet,quotation,quoted,sms,emailflag,multi_booking_id,associated_booking,commission,skipped_bookings,booking_source,on_route,eta,company_id,booked_at)\n               VALUES ($1,$2,$3,$4,$5,$6,$7,$8,$9,$10,$11,$12,$13,$14,$15,$16,$17,$18,$19,$20,$21,$22,$23,$24,$25,$26,$27,$28,$29,$30,$31,$32,$33,$34,$35,$36,$37,$38,$39,$40,$41,$42,$43,$44,$45,$46,$47,$48,$49,$50,$51,$52,$53,$54,$55)\n               RETURNING *;","timestamp":"2026-09-25T16:20:29.263Z"}
{"duration":1,"level":"info","message":"db-query","rows":2,"text":"SELECT * FROM fixed_fares WHERE vehicle_type_id=$1 AND company_id = $2","timestamp":"2026-09-25T16:20:29.265Z"}
{"duration":1,"level":"info","message":"db-query","rows":3,"text":"SELECT * FROM fare_configurations\n       WHERE vehicle_type_id=$1 AND company_id = $2\n       ORDER BY id ASC","timestamp":"2026-09-25T16:20:29.266Z"}
{"duration":0,"level":"info","message":"db-query","rows":3,"text":"\n      SELECT *\n      FROM fare_increments\n      WHERE company_id=$1\n      ORDER BY id DESC\n    ","timestamp":"2026-09-25T16:20:29.267Z"}
{"duration":1,"level":"info","message":"db-query","rows":1,"text":"\n      SELECT *\n      FROM surcharges\n      WHERE company_id=$1\n      AND active=true\n    ","timestamp":"2026-09-25T16:20:29.273Z"}
{"duration":1,"level":"info","message":"db-query","rows":22,"text":"SELECT * FROM locations WHERE location_type_id=2 AND company_id =$1","timestamp":"2026-09-25T16:20:29.275Z"}
{"duration":1,"level":"info","message":"db-query","rows":0,"text":"SELECT reference_number FROM bookings WHERE reference_number = $1 LIMIT 1","timestamp":"2026-09-25T16:20:29.283Z"}
{"duration":2,"level":"info","message":"db-query","rows":0,"text":"SELECT reference_number FROM bookings WHERE reference_number = $1 LIMIT 1","timestamp":"2026-09-25T16:20:29.285Z"}
{"duration":1,"level":"info","message":"db-query","rows":1,"text":"INSERT INTO bookings (reference_number,subsidiary_id,booking_type_id,booking_status_id,journey_type_id,customer_id,employee_id,pickup,dropoff,pickup_date,pickup_time,pickup_door_number,dropoff_door_number,pickup_latitude,pickup_longitude,dropoff_latitude,dropoff_longitude,viapoints,restricted_drivers,vehicle_type_id,passengers,luggages,hand_luggages,child_seat,name,email,mobile,telephone,lead_time,notes,special_instructions,payment_type_id,company_price,fares,total_charges,parking_charges,waiting_charges,extra_drop_charges,credit_card_charges,congestion_charges,miles,meet_and_greet,quotation,quoted,sms,emailflag,commission,skipped_bookings,booking_source,on_route,eta,company_id,booked_at,multi_booking_id)\n               VALUES ($1,$2,$3,$4,$5,$6,$7,$8,$9,$10,$11,$12,$13,$14,$15,$16,$17,$18,$19,$20,$21,$22,$23,$24,$25,$26,$27,$28,$29,$30,$31,$32,$33,$34,$35,$36,$37,$38,$39,$40,$41,$42,$43,$44,$45,$46,$47,$48,$49,$50,$51,$52,$53,$54)\n               RETURNING *;","timestamp":"2026-09-25T16:20:29.287Z"}
{"duration":0,"level":"info","message":"db-query","rows":1,"text":"UPDATE bookings\n     SET multi_booking_id = $1\n     WHERE id = $2","timestamp":"2026-09-25T16:20:29.288Z"}
{"duration":1,"level":"info","message":"db-query","rows":2,"text":"SELECT * FROM fixed_fares WHERE vehicle_type_id=$1 AND company_id = $2","timestamp":"2026-09-25T16:20:29.290Z"}
{"duration":1,"level":"info","message":"db-query","rows":3,"text":"SELECT * FROM fare_configurations\n       WHERE vehicle_type_id=$1 AND company_id = $2\n       ORDER BY id ASC","timestamp":"2026-09-25T16:20:29.292Z"}
{"duration":1,"level":"info","message":"db-query","rows":3,"text":"\n      SELECT *\n      FROM fare_increments\n      WHERE company_id=$1\n      ORDER BY id DESC\n    ","timestamp":"2026-09-25T16:20:29.294Z"}
{"duration":1,"level":"info","message":"db-query","rows":1,"text":"\n      SELECT *\n      FROM surcharges\n      WHERE company_id=$1\n      AND active=true\n    ","timestamp":"2026-09-25T16:20:29.296Z"}
{"duration":1,"level":"info","message":"db-query","rows":22,"text":"SELECT * FROM locations WHERE location_type_id=2 AND company_id =$1","timestamp":"2026-09-25T16:20:29.298Z"}
{"duration":0,"level":"info","message":"db-query","rows":0,"text":"SELECT reference_number FROM bookings WHERE reference_number = $1 LIMIT 1","timestamp":"2026-09-25T16:20:29.304Z"}
{"duration":0,"level":"info","message":"db-query","rows":0,"text":"SELECT reference_number FROM bookings WHERE reference_number = $1 LIMIT 1","timestamp":"2026-09-25T16:20:29.305Z"}
{"duration":2,"level":"info","message":"db-query","rows":1,"text":"INSERT INTO bookings (reference_number,subsidiary_id,booking_type_id,booking_status_id,journey_type_id,customer_id,employee_id,pickup,dropoff,pickup_date,pickup_time,pickup_door_number,dropoff_door_number,pickup_latitude,pickup_longitude,dropoff_latitude,dropoff_longitude,viapoints,restricted_drivers,vehicle_type_id,passengers,luggages,hand_luggages,child_seat,name,email,mobile,telephone,lead_time,notes,special_instructions,payment_type_id,company_price,fares,total_charges,parking_charges,waiting_charges,extra_drop_charges,credit_card_charges,congestion_charges,miles,meet_and_greet,quotation,quoted,sms,emailflag,multi_booking_id,associated_booking,commission,skipped_bookings,booking_source,on_route,eta,company_id,booked_at)\n               VALUES ($1,$2,$3,$4,$5,$6,$7,$8,$9,$10,$11,$12,$13,$14,$15,$16,$17,$18,$19,$20,$21,$22,$23,$24,$25,$26,$27,$28,$29,$30,$31,$32,$33,$34,$35,$36,$37,$38,$39,$40,$41,$42,$43,$44,$45,$46,$47,$48,$49,$50,$51,$52,$53,$54,$55)\n               RETURNING *;","timestamp":"2026-09-25T16:20:29.308Z"}
{"duration":1,"level":"info","message":"db-query","rows":2,"text":"SELECT * FROM fixed_fares WHERE vehicle_type_id=$1 AND company_id = $2","timestamp":"2026-09-25T16:20:29.311Z"}
{"duration":1,"level":"info","message":"db-query","rows":3,"text":"SELECT * FROM fare_configurations\n       WHERE vehicle_type_id=$1 AND company_id = $2\n       ORDER BY id ASC","timestamp":"2026-09-25T16:20:29.313Z"}
{"duration":1,"level":"info","message":"db-query","rows":3,"text":"\n      SELECT *\n      FROM fare_increments\n      WHERE company_id=$1\n      ORDER BY id DESC\n    ","timestamp":"2026-09-25T16:20:29.314Z"}
{"duration":1,"level":"info","message":"db-query","rows":1,"text":"\n      SELECT *\n      FROM surcharges\n      WHERE company_id=$1\n      AND active=true\n    ","timestamp":"2026-09-25T16:20:29.315Z"}
{"duration":0,"level":"info","message":"db-query","rows":22,"text":"SELECT * FROM locations WHERE location_type_id=2 AND company_id =$1","timestamp":"2026-09-25T16:20:29.316Z"}
{"duration":0,"level":"info","message":"db-query","rows":0,"text":"SELECT reference_number FROM bookings WHERE reference_number = $1 LIMIT 1","timestamp":"2026-09-25T16:20:29.320Z"}
{"duration":0,"level":"info","message":"db-query","rows":0,"text":"SELECT reference_number FROM bookings WHERE reference_number = $1 LIMIT 1","timestamp":"2026-09-25T16:20:29.321Z"}
{"duration":1,"level":"info","message":"db-query","rows":1,"text":"INSERT INTO bookings (reference_number,subsidiary_id,booking_type_id,booking_status_id,journey_type_id,customer_id,employee_id,pickup,dropoff,pickup_date,pickup_time,pickup_door_number,dropoff_door_number,pickup_latitude,pickup_longitude,dropoff_latitude,dropoff_longitude,viapoints,restricted_drivers,vehicle_type_id,passengers,luggages,hand_luggages,child_seat,name,email,mobile,telephone,lead_time,notes,special_instructions,payment_type_id,company_price,fares,total_charges,parking_charges,waiting_charges,extra_drop_charges,credit_card_charges,congestion_charges,miles,meet_and_greet,quotation,quoted,sms,emailflag,commission,skipped_bookings,booking_source,on_route,eta,company_id,booked_at,multi_booking_id)\n               VALUES ($1,$2,$3,$4,$5,$6,$7,$8,$9,$10,$11,$12,$13,$14,$15,$16,$17,$18,$19,$20,$21,$22,$23,$24,$25,$26,$27,$28,$29,$30,$31,$32,$33,$34,$35,$36,$37,$38,$39,$40,$41,$42,$43,$44,$45,$46,$47,$48,$49,$50,$51,$52,$53,$54)\n               RETURNING *;","timestamp":"2026-09-25T16:20:29.323Z"}
{"duration":2,"level":"info","message":"db-query","rows":1,"text":"UPDATE bookings\n     SET multi_booking_id = $1\n     WHERE id = $2","timestamp":"2026-09-25T16:20:29.327Z"}
{"duration":0,"level":"info","message":"db-query","rows":2,"text":"SELECT * FROM fixed_fares WHERE vehicle_type_id=$1 AND company_id = $2","timestamp":"2026-09-25T16:20:29.329Z"}
{"duration":0,"level":"info","message":"db-query","rows":3,"text":"SELECT * FROM fare_configurations\n       WHERE vehicle_type_id=$1 AND company_id = $2\n       ORDER BY id ASC","timestamp":"2026-09-25T16:20:29.330Z"}
{"duration":0,"level":"info","message":"db-query","rows":3,"text":"\n      SELECT *\n      FROM fare_increments\n      WHERE company_id=$1\n      ORDER BY id DESC\n    ","timestamp":"2026-09-25T16:20:29.331Z"}
{"duration":0,"level":"info","message":"db-query","rows":1,"text":"\n      SELECT *\n      FROM surcharges\n      WHERE company_id=$1\n      AND active=true\n    ","timestamp":"2026-09-25T16:20:29.332Z"}
{"duration":1,"level":"info","message":"db-query","rows":22,"text":"SELECT * FROM locations WHERE location_type_id=2 AND company_id =$1","timestamp":"2026-09-25T16:20:29.334Z"}
{"duration":0,"level":"info","message":"db-query","rows":0,"text":"SELECT reference_number FROM bookings WHERE reference_number = $1 LIMIT 1","timestamp":"2026-09-25T16:20:29.338Z"}
{"duration":0,"level":"info","message":"db-query","rows":0,"text":"SELECT reference_number FROM bookings WHERE reference_number = $1 LIMIT 1","timestamp":"2026-09-25T16:20:29.339Z"}
{"duration":2,"level":"info","message":"db-query","rows":1,"text":"INSERT INTO bookings (reference_number,subsidiary_id,booking_type_id,booking_status_id,journey_type_id,customer_id,employee_id,pickup,dropoff,pickup_date,pickup_time,pickup_door_number,dropoff_door_number,pickup_latitude,pickup_longitude,dropoff_latitude,dropoff_longitude,viapoints,restricted_drivers,vehicle_type_id,passengers,luggages,hand_luggages,child_seat,name,email,mobile,telephone,lead_time,notes,special_instructions,payment_type_id,company_price,fares,total_charges,parking_charges,waiting_charges,extra_drop_charges,credit_card_charges,congestion_charges,miles,meet_and_greet,quotation,quoted,sms,emailflag,multi_booking_id,associated_booking,commission,skipped_bookings,booking_source,on_route,eta,company_id,booked_at)\n               VALUES ($1,$2,$3,$4,$5,$6,$7,$8,$9,$10,$11,$12,$13,$14,$15,$16,$17,$18,$19,$20,$21,$22,$23,$24,$25,$26,$27,$28,$29,$30,$31,$32,$33,$34,$35,$36,$37,$38,$39,$40,$41,$42,$43,$44,$45,$46,$47,$48,$49,$50,$51,$52,$53,$54,$55)\n               RETURNING *;","timestamp":"2026-09-25T16:20:29.342Z"}
{"duration":1,"level":"info","message":"db-query","rows":2,"text":"SELECT * FROM fixed_fares WHERE vehicle_type_id=$1 AND company_id = $2","timestamp":"2026-09-25T16:20:29.346Z"}
{"duration":1,"level":"info","message":"db-query","rows":3,"text":"SELECT * FROM fare_configurations\n       WHERE vehicle_type_id=$1 AND company_id = $2\n       ORDER BY id ASC","timestamp":"2026-09-25T16:20:29.347Z"}
{"duration":1,"level":"info","message":"db-query","rows":3,"text":"\n      SELECT *\n      FROM fare_increments\n      WHERE company_id=$1\n      ORDER BY id DESC\n    ","timestamp":"2026-09-25T16:20:29.348Z"}
{"duration":1,"level":"info","message":"db-query","rows":1,"text":"\n      SELECT *\n      FROM surcharges\n      WHERE company_id=$1\n      AND active=true\n    ","timestamp":"2026-09-25T16:20:29.349Z"}
{"duration":1,"level":"info","message":"db-query","rows":22,"text":"SELECT * FROM locations WHERE location_type_id=2 AND company_id =$1","timestamp":"2026-09-25T16:20:29.350Z"}
{"duration":1,"level":"info","message":"db-query","rows":0,"text":"SELECT reference_number FROM bookings WHERE reference_number = $1 LIMIT 1","timestamp":"2026-09-25T16:20:29.355Z"}
{"duration":1,"level":"info","message":"db-query","rows":0,"text":"SELECT reference_number FROM bookings WHERE reference_number = $1 LIMIT 1","timestamp":"2026-09-25T16:20:29.356Z"}
{"duration":1,"level":"info","message":"db-query","rows":1,"text":"INSERT INTO bookings (reference_number,subsidiary_id,booking_type_id,booking_status_id,journey_type_id,customer_id,employee_id,pickup,dropoff,pickup_date,pickup_time,pickup_door_number,dropoff_door_number,pickup_latitude,pickup_longitude,dropoff_latitude,dropoff_longitude,viapoints,restricted_drivers,vehicle_type_id,passengers,luggages,hand_luggages,child_seat,name,email,mobile,telephone,lead_time,notes,special_instructions,payment_type_id,company_price,fares,total_charges,parking_charges,waiting_charges,extra_drop_charges,credit_card_charges,congestion_charges,miles,meet_and_greet,quotation,quoted,sms,emailflag,commission,skipped_bookings,booking_source,on_route,eta,company_id,booked_at,multi_booking_id)\n               VALUES ($1,$2,$3,$4,$5,$6,$7,$8,$9,$10,$11,$12,$13,$14,$15,$16,$17,$18,$19,$20,$21,$22,$23,$24,$25,$26,$27,$28,$29,$30,$31,$32,$33,$34,$35,$36,$37,$38,$39,$40,$41,$42,$43,$44,$45,$46,$47,$48,$49,$50,$51,$52,$53,$54)\n               RETURNING *;","timestamp":"2026-09-25T16:20:29.359Z"}
{"duration":2,"level":"info","message":"db-query","rows":1,"text":"UPDATE bookings\n     SET multi_booking_id = $1\n     WHERE id = $2","timestamp":"2026-09-25T16:20:29.362Z"}
{"duration":1,"level":"info","message":"db-query","rows":2,"text":"SELECT * FROM fixed_fares WHERE vehicle_type_id=$1 AND company_id = $2","timestamp":"2026-09-25T16:20:29.363Z"}
{"duration":0,"level":"info","message":"db-query","rows":3,"text":"SELECT * FROM fare_configurations\n       WHERE vehicle_type_id=$1 AND company_id = $2\n       ORDER BY id ASC","timestamp":"2026-09-25T16:20:29.364Z"}
{"duration":0,"level":"info","message":"db-query","rows":3,"text":"\n      SELECT *\n      FROM fare_increments\n      WHERE company_id=$1\n      ORDER BY id DESC\n    ","timestamp":"2026-09-25T16:20:29.365Z"}
{"duration":0,"level":"info","message":"db-query","rows":1,"text":"\n      SELECT *\n      FROM surcharges\n      WHERE company_id=$1\n      AND active=true\n    ","timestamp":"2026-09-25T16:20:29.366Z"}
{"duration":1,"level":"info","message":"db-query","rows":22,"text":"SELECT * FROM locations WHERE location_type_id=2 AND company_id =$1","timestamp":"2026-09-25T16:20:29.368Z"}
{"duration":1,"level":"info","message":"db-query","rows":0,"text":"SELECT reference_number FROM bookings WHERE reference_number = $1 LIMIT 1","timestamp":"2026-09-25T16:20:29.376Z"}
{"duration":2,"level":"info","message":"db-query","rows":0,"text":"SELECT reference_number FROM bookings WHERE reference_number = $1 LIMIT 1","timestamp":"2026-09-25T16:20:29.378Z"}
{"duration":1,"level":"info","message":"db-query","rows":1,"text":"INSERT INTO bookings (reference_number,subsidiary_id,booking_type_id,booking_status_id,journey_type_id,customer_id,employee_id,pickup,dropoff,pickup_date,pickup_time,pickup_door_number,dropoff_door_number,pickup_latitude,pickup_longitude,dropoff_latitude,dropoff_longitude,viapoints,restricted_drivers,vehicle_type_id,passengers,luggages,hand_luggages,child_seat,name,email,mobile,telephone,lead_time,notes,special_instructions,payment_type_id,company_price,fares,total_charges,parking_charges,waiting_charges,extra_drop_charges,credit_card_charges,congestion_charges,miles,meet_and_greet,quotation,quoted,sms,emailflag,multi_booking_id,associated_booking,commission,skipped_bookings,booking_source,on_route,eta,company_id,booked_at)\n               VALUES ($1,$2,$3,$4,$5,$6,$7,$8,$9,$10,$11,$12,$13,$14,$15,$16,$17,$18,$19,$20,$21,$22,$23,$24,$25,$26,$27,$28,$29,$30,$31,$32,$33,$34,$35,$36,$37,$38,$39,$40,$41,$42,$43,$44,$45,$46,$47,$48,$49,$50,$51,$52,$53,$54,$55)\n               RETURNING *;","timestamp":"2026-09-25T16:20:29.380Z"}
{"duration":25,"level":"info","message":"db-query","rows":1,"text":"\n    \nSELECT\n  b.id,\n  b.reference_number,\n  b.subsidiary_id,\n  b.booking_type_id,\n  b.booking_status_id,\n  b.journey_type_id,\n  b.account_id,\n  b.customer_id,\n  b.employee_id,\n  b.pickup,\n  b.dropoff,\n  b.pickup_date,\n  b.pickup_time,\n  b.dropoff_date,\n  b.dropoff_time,\n  b.pickup_door_number,\n  b.dropoff_door_number,\n  b.pickup_plot,\n  b.dropoff_plot,\n  b.pickup_location_type_id,\n  b.dropoff_location_type_id,\n  b.pickup_latitude,\n  b.pickup_longitude,\n  b.dropoff_latitude,\n  b.dropoff_longitude,\n  b.viapoints,\n  b.restricted_drivers,\n  b.flight_number,\n  b.arriving_from,\n  b.vehicle_type_id,\n  b.vehicle_id,\n  b.driver_id,\n  b.passengers,\n  b.luggages,\n  b.hand_luggages,\n  b.child_seat,\n  b.name,\n  b.email,\n  b.mobile,\n  b.telephone,\n  b.lead_time,\n  b.notes,\n  b.special_instructions,\n  b.payment_type_id,\n  b.company_price,\n  b.fares,\n  b.total_charges,\n  b.parking_charges,\n  b.waiting_charges,\n  b.extra_drop_charges,\n  b.credit_card_charges,\n  b.congestion_charges,\n  b.miles,\n  b.meet_and_greet,\n  b.department,\n  b.escort_id,\n  b.order_number,\n  b.booked_by,\n  b.add_return_fare,\n  b.fare_meter_status,\n  b.fare_meter,\n  b.quotation,\n  b.quoted,\n  b.dispatch,\n  b.dispatch_as,\n  b.sms,\n  b.emailflag,\n  b.trash,\n  b.hidden,\n  b.multi_booking_id,\n  b.associated_booking,\n  b.invoice_status,\n  b.commission_status,\n  b.commission,\n  b.skipped_bookings,\n  b.permanent,\n  b.toggle_driver_text,\n  b.toggle_passenger_text,\n  b.cancelled_reason,\n  b.booking_source,\n  b.on_route,\n  b.arrived,\n  b.passenger_on_board,\n  b.completed,\n  b.controller_completed,\n  b.driver_waiting_time,\n  b.dispatched_at,\n  b.booked_at,\n  b.stripe_customer_id,\n  b.stripe_payment_id,\n  b.invoice_number,\n  b.initial_subsidiary_id,\n  b.created_at,\n  b.updated_at,\n  b.eta,\n  b.fob,\n  b.future,\n\n  json_build_object(\n    'booking_status', bs.booking_status\n  ) AS booking_status,\n\n  json_build_object(\n    'booking_type', bt.booking_type\n  ) AS booking_type,\n\n  json_build_object(\n    'journey_type', jt.journey_type\n  ) AS journey_type,\n\n  json_build_object(\n    'id', s.id,\n    'name', s.name,\n    'telephone_number', s.telephone_number\n  ) AS subsidiary,\n\n  json_build_object(\n    'name', vt.name,\n    'background_color', vt.background_color,\n    'foreground_color', vt.foreground_color\n  ) AS vehicle_type,\n\n  json_build_object(\n    'id', pt.id,\n    'name', pt.name,\n    'background_color', pt.background_color,\n    'foreground_color', pt.foreground_color\n  ) AS payment_type,\n\n  json_build_object(\n    'id', a.id,\n    'name', a.name,\n    'background_color', a.background_color,\n    'foreground_color', a.foreground_color,\n    'has_vat', a.has_vat,\n    'bank_information', a.bank_information,\n    'fare_controller', a.fare_controller,\n    'account_fees_type', a.account_fees_type,\n    'account_fees', a.account_fees,\n    'account_fees_vat', a.account_fees_vat\n  ) AS account,\n\n  json_build_object(\n    'id', d.id,\n    'username', d.username,\n    'name', d.name,\n    'mobile_device_id', d.mobile_device_id,\n    'phc_vehicle_number', d.phc_vehicle_number,\n    'phc_driver_number', d.phc_driver_number,\n    'vehicle_id', d.vehicle_id,\n    'driver_commission', d.driver_commission,\n    'session_status', d.session_status,\n\n    'vehicle', json_build_object(\n      'make', v.make,\n      'model', v.model,\n      'color', v.color,\n      'vehicle_number', v.vehicle_number\n    )\n  ) AS driver,\n\n  json_build_object(\n    'door_number', c.door_number,\n    'address1', c.address1,\n    'address2', c.address2,\n    'blacklist', c.blacklist\n  ) AS customer,\n\n  json_build_object(\n    'username', e.username,\n    'role_id', e.role_id\n  ) AS employee,\n\n  json_build_object(\n    'pickup',\n    CASE\n      WHEN lp.id IS NOT NULL THEN\n        json_build_object(\n          'id', lp.id,\n          'name', lp.name,\n          'location_type', json_build_object(\n            'id', ltp.id,\n            'name', ltp.name,\n            'background_color', ltp.background_color,\n            'foreground_color', ltp.foreground_color\n          )\n        )\n      ELSE\n        json_build_object(\n          'id', null,\n          'name', null,\n          'location_type', json_build_object(\n            'id', null,\n            'name', null,\n            'background_color', null,\n            'foreground_color', null\n          )\n        )\n    END,\n\n    'dropoff',\n    CASE\n      WHEN ld.id IS NOT NULL THEN\n        json_build_object(\n          'id', ld.id,\n          'name', ld.name,\n          'location_type', json_build_object(\n            'id', ltd.id,\n            'name', ltd.name,\n            'background_color', ltd.background_color,\n            'foreground_color', ltd.foreground_color\n          )\n        )\n      ELSE\n        json_build_object(\n          'id', null,\n          'name', null,\n          'location_type', json_build_object(\n            'id', null,\n            'name', null,\n            'background_color', null,\n            'foreground_color', null\n          )\n        )\n    END\n  ) AS airport\n\nFROM bookings b\n\nLEFT JOIN booking_statuses bs\n  ON b.booking_status_id = bs.id\n\nLEFT JOIN booking_types bt\n  ON b.booking_type_id = bt.id\n\nLEFT JOIN journey_types jt\n  ON b.journey_type_id = jt.id\n\nLEFT JOIN subsidiaries s\n  ON b.subsidiary_id = s.id\n\nLEFT JOIN vehicle_types vt\n  ON b.vehicle_type_id = vt.id\n\nLEFT JOIN payment_types pt\n  ON b.payment_type_id = pt.id\n\nLEFT JOIN accounts a\n  ON b.account_id = a.id\n\nLEFT JOIN drivers d\n  ON b.driver_id = d.id\n\nLEFT JOIN vehicles v\n  ON d.vehicle_id = v.id\n\nLEFT JOIN customers c\n  ON b.customer_id = c.id\n\nLEFT JOIN employees e\n  ON b.employee_id = e.id\n\n\n-- PICKUP LOCATION\n-- Select only the most specific matching location\nLEFT JOIN LATERAL (\n  SELECT l.*\n  FROM locations l\n  WHERE l.location_type_id = 2\n    AND b.pickup ILIKE '%' || l.name || '%'\n  ORDER BY LENGTH(l.name) DESC, l.id ASC\n  LIMIT 1\n) lp ON true\n\n\n-- DROPOFF LOCATION\n-- Select only the most specific matching location\nLEFT JOIN LATERAL (\n  SELECT l.*\n  FROM locations l\n  WHERE l.location_type_id = 2\n    AND b.dropoff ILIKE '%' || l.name || '%'\n  ORDER BY LENGTH(l.name) DESC, l.id ASC\n  LIMIT 1\n) ld ON true\n\n\nLEFT JOIN location_types ltp\n  ON lp.location_type_id = ltp.id\n\nLEFT JOIN location_types ltd\n  ON ld.location_type_id = ltd.id\n\n\n    WHERE b.id = $1\n  ","timestamp":"2026-09-25T16:20:29.406Z"}
{"duration":11,"level":"info","message":"db-query","rows":1,"text":"\n    \nSELECT\n  b.id,\n  b.reference_number,\n  b.subsidiary_id,\n  b.booking_type_id,\n  b.booking_status_id,\n  b.journey_type_id,\n  b.account_id,\n  b.customer_id,\n  b.employee_id,\n  b.pickup,\n  b.dropoff,\n  b.pickup_date,\n  b.pickup_time,\n  b.dropoff_date,\n  b.dropoff_time,\n  b.pickup_door_number,\n  b.dropoff_door_number,\n  b.pickup_plot,\n  b.dropoff_plot,\n  b.pickup_location_type_id,\n  b.dropoff_location_type_id,\n  b.pickup_latitude,\n  b.pickup_longitude,\n  b.dropoff_latitude,\n  b.dropoff_longitude,\n  b.viapoints,\n  b.restricted_drivers,\n  b.flight_number,\n  b.arriving_from,\n  b.vehicle_type_id,\n  b.vehicle_id,\n  b.driver_id,\n  b.passengers,\n  b.luggages,\n  b.hand_luggages,\n  b.child_seat,\n  b.name,\n  b.email,\n  b.mobile,\n  b.telephone,\n  b.lead_time,\n  b.notes,\n  b.special_instructions,\n  b.payment_type_id,\n  b.company_price,\n  b.fares,\n  b.total_charges,\n  b.parking_charges,\n  b.waiting_charges,\n  b.extra_drop_charges,\n  b.credit_card_charges,\n  b.congestion_charges,\n  b.miles,\n  b.meet_and_greet,\n  b.department,\n  b.escort_id,\n  b.order_number,\n  b.booked_by,\n  b.add_return_fare,\n  b.fare_meter_status,\n  b.fare_meter,\n  b.quotation,\n  b.quoted,\n  b.dispatch,\n  b.dispatch_as,\n  b.sms,\n  b.emailflag,\n  b.trash,\n  b.hidden,\n  b.multi_booking_id,\n  b.associated_booking,\n  b.invoice_status,\n  b.commission_status,\n  b.commission,\n  b.skipped_bookings,\n  b.permanent,\n  b.toggle_driver_text,\n  b.toggle_passenger_text,\n  b.cancelled_reason,\n  b.booking_source,\n  b.on_route,\n  b.arrived,\n  b.passenger_on_board,\n  b.completed,\n  b.controller_completed,\n  b.driver_waiting_time,\n  b.dispatched_at,\n  b.booked_at,\n  b.stripe_customer_id,\n  b.stripe_payment_id,\n  b.invoice_number,\n  b.initial_subsidiary_id,\n  b.created_at,\n  b.updated_at,\n  b.eta,\n  b.fob,\n  b.future,\n\n  json_build_object(\n    'booking_status', bs.booking_status\n  ) AS booking_status,\n\n  json_build_object(\n    'booking_type', bt.booking_type\n  ) AS booking_type,\n\n  json_build_object(\n    'journey_type', jt.journey_type\n  ) AS journey_type,\n\n  json_build_object(\n    'id', s.id,\n    'name', s.name,\n    'telephone_number', s.telephone_number\n  ) AS subsidiary,\n\n  json_build_object(\n    'name', vt.name,\n    'background_color', vt.background_color,\n    'foreground_color', vt.foreground_color\n  ) AS vehicle_type,\n\n  json_build_object(\n    'id', pt.id,\n    'name', pt.name,\n    'background_color', pt.background_color,\n    'foreground_color', pt.foreground_color\n  ) AS payment_type,\n\n  json_build_object(\n    'id', a.id,\n    'name', a.name,\n    'background_color', a.background_color,\n    'foreground_color', a.foreground_color,\n    'has_vat', a.has_vat,\n    'bank_information', a.bank_information,\n    'fare_controller', a.fare_controller,\n    'account_fees_type', a.account_fees_type,\n    'account_fees', a.account_fees,\n    'account_fees_vat', a.account_fees_vat\n  ) AS account,\n\n  json_build_object(\n    'id', d.id,\n    'username', d.username,\n    'name', d.name,\n    'mobile_device_id', d.mobile_device_id,\n    'phc_vehicle_number', d.phc_vehicle_number,\n    'phc_driver_number', d.phc_driver_number,\n    'vehicle_id', d.vehicle_id,\n    'driver_commission', d.driver_commission,\n    'session_status', d.session_status,\n\n    'vehicle', json_build_object(\n      'make', v.make,\n      'model', v.model,\n      'color', v.color,\n      'vehicle_number', v.vehicle_number\n    )\n  ) AS driver,\n\n  json_build_object(\n    'door_number', c.door_number,\n    'address1', c.address1,\n    'address2', c.address2,\n    'blacklist', c.blacklist\n  ) AS customer,\n\n  json_build_object(\n    'username', e.username,\n    'role_id', e.role_id\n  ) AS employee,\n\n  json_build_object(\n    'pickup',\n    CASE\n      WHEN lp.id IS NOT NULL THEN\n        json_build_object(\n          'id', lp.id,\n          'name', lp.name,\n          'location_type', json_build_object(\n            'id', ltp.id,\n            'name', ltp.name,\n            'background_color', ltp.background_color,\n            'foreground_color', ltp.foreground_color\n          )\n        )\n      ELSE\n        json_build_object(\n          'id', null,\n          'name', null,\n          'location_type', json_build_object(\n            'id', null,\n            'name', null,\n            'background_color', null,\n            'foreground_color', null\n          )\n        )\n    END,\n\n    'dropoff',\n    CASE\n      WHEN ld.id IS NOT NULL THEN\n        json_build_object(\n          'id', ld.id,\n          'name', ld.name,\n          'location_type', json_build_object(\n            'id', ltd.id,\n            'name', ltd.name,\n            'background_color', ltd.background_color,\n            'foreground_color', ltd.foreground_color\n          )\n        )\n      ELSE\n        json_build_object(\n          'id', null,\n          'name', null,\n          'location_type', json_build_object(\n            'id', null,\n            'name', null,\n            'background_color', null,\n            'foreground_color', null\n          )\n        )\n    END\n  ) AS airport\n\nFROM bookings b\n\nLEFT JOIN booking_statuses bs\n  ON b.booking_status_id = bs.id\n\nLEFT JOIN booking_types bt\n  ON b.booking_type_id = bt.id\n\nLEFT JOIN journey_types jt\n  ON b.journey_type_id = jt.id\n\nLEFT JOIN subsidiaries s\n  ON b.subsidiary_id = s.id\n\nLEFT JOIN vehicle_types vt\n  ON b.vehicle_type_id = vt.id\n\nLEFT JOIN payment_types pt\n  ON b.payment_type_id = pt.id\n\nLEFT JOIN accounts a\n  ON b.account_id = a.id\n\nLEFT JOIN drivers d\n  ON b.driver_id = d.id\n\nLEFT JOIN vehicles v\n  ON d.vehicle_id = v.id\n\nLEFT JOIN customers c\n  ON b.customer_id = c.id\n\nLEFT JOIN employees e\n  ON b.employee_id = e.id\n\n\n-- PICKUP LOCATION\n-- Select only the most specific matching location\nLEFT JOIN LATERAL (\n  SELECT l.*\n  FROM locations l\n  WHERE l.location_type_id = 2\n    AND b.pickup ILIKE '%' || l.name || '%'\n  ORDER BY LENGTH(l.name) DESC, l.id ASC\n  LIMIT 1\n) lp ON true\n\n\n-- DROPOFF LOCATION\n-- Select only the most specific matching location\nLEFT JOIN LATERAL (\n  SELECT l.*\n  FROM locations l\n  WHERE l.location_type_id = 2\n    AND b.dropoff ILIKE '%' || l.name || '%'\n  ORDER BY LENGTH(l.name) DESC, l.id ASC\n  LIMIT 1\n) ld ON true\n\n\nLEFT JOIN location_types ltp\n  ON lp.location_type_id = ltp.id\n\nLEFT JOIN location_types ltd\n  ON ld.location_type_id = ltd.id\n\n\n    WHERE b.id = $1\n  ","timestamp":"2026-09-25T16:20:29.417Z"}
{"duration":12,"level":"info","message":"db-query","rows":1,"text":"\n    \nSELECT\n  b.id,\n  b.reference_number,\n  b.subsidiary_id,\n  b.booking_type_id,\n  b.booking_status_id,\n  b.journey_type_id,\n  b.account_id,\n  b.customer_id,\n  b.employee_id,\n  b.pickup,\n  b.dropoff,\n  b.pickup_date,\n  b.pickup_time,\n  b.dropoff_date,\n  b.dropoff_time,\n  b.pickup_door_number,\n  b.dropoff_door_number,\n  b.pickup_plot,\n  b.dropoff_plot,\n  b.pickup_location_type_id,\n  b.dropoff_location_type_id,\n  b.pickup_latitude,\n  b.pickup_longitude,\n  b.dropoff_latitude,\n  b.dropoff_longitude,\n  b.viapoints,\n  b.restricted_drivers,\n  b.flight_number,\n  b.arriving_from,\n  b.vehicle_type_id,\n  b.vehicle_id,\n  b.driver_id,\n  b.passengers,\n  b.luggages,\n  b.hand_luggages,\n  b.child_seat,\n  b.name,\n  b.email,\n  b.mobile,\n  b.telephone,\n  b.lead_time,\n  b.notes,\n  b.special_instructions,\n  b.payment_type_id,\n  b.company_price,\n  b.fares,\n  b.total_charges,\n  b.parking_charges,\n  b.waiting_charges,\n  b.extra_drop_charges,\n  b.credit_card_charges,\n  b.congestion_charges,\n  b.miles,\n  b.meet_and_greet,\n  b.department,\n  b.escort_id,\n  b.order_number,\n  b.booked_by,\n  b.add_return_fare,\n  b.fare_meter_status,\n  b.fare_meter,\n  b.quotation,\n  b.quoted,\n  b.dispatch,\n  b.dispatch_as,\n  b.sms,\n  b.emailflag,\n  b.trash,\n  b.hidden,\n  b.multi_booking_id,\n  b.associated_booking,\n  b.invoice_status,\n  b.commission_status,\n  b.commission,\n  b.skipped_bookings,\n  b.permanent,\n  b.toggle_driver_text,\n  b.toggle_passenger_text,\n  b.cancelled_reason,\n  b.booking_source,\n  b.on_route,\n  b.arrived,\n  b.passenger_on_board,\n  b.completed,\n  b.controller_completed,\n  b.driver_waiting_time,\n  b.dispatched_at,\n  b.booked_at,\n  b.stripe_customer_id,\n  b.stripe_payment_id,\n  b.invoice_number,\n  b.initial_subsidiary_id,\n  b.created_at,\n  b.updated_at,\n  b.eta,\n  b.fob,\n  b.future,\n\n  json_build_object(\n    'booking_status', bs.booking_status\n  ) AS booking_status,\n\n  json_build_object(\n    'booking_type', bt.booking_type\n  ) AS booking_type,\n\n  json_build_object(\n    'journey_type', jt.journey_type\n  ) AS journey_type,\n\n  json_build_object(\n    'id', s.id,\n    'name', s.name,\n    'telephone_number', s.telephone_number\n  ) AS subsidiary,\n\n  json_build_object(\n    'name', vt.name,\n    'background_color', vt.background_color,\n    'foreground_color', vt.foreground_color\n  ) AS vehicle_type,\n\n  json_build_object(\n    'id', pt.id,\n    'name', pt.name,\n    'background_color', pt.background_color,\n    'foreground_color', pt.foreground_color\n  ) AS payment_type,\n\n  json_build_object(\n    'id', a.id,\n    'name', a.name,\n    'background_color', a.background_color,\n    'foreground_color', a.foreground_color,\n    'has_vat', a.has_vat,\n    'bank_information', a.bank_information,\n    'fare_controller', a.fare_controller,\n    'account_fees_type', a.account_fees_type,\n    'account_fees', a.account_fees,\n    'account_fees_vat', a.account_fees_vat\n  ) AS account,\n\n  json_build_object(\n    'id', d.id,\n    'username', d.username,\n    'name', d.name,\n    'mobile_device_id', d.mobile_device_id,\n    'phc_vehicle_number', d.phc_vehicle_number,\n    'phc_driver_number', d.phc_driver_number,\n    'vehicle_id', d.vehicle_id,\n    'driver_commission', d.driver_commission,\n    'session_status', d.session_status,\n\n    'vehicle', json_build_object(\n      'make', v.make,\n      'model', v.model,\n      'color', v.color,\n      'vehicle_number', v.vehicle_number\n    )\n  ) AS driver,\n\n  json_build_object(\n    'door_number', c.door_number,\n    'address1', c.address1,\n    'address2', c.address2,\n    'blacklist', c.blacklist\n  ) AS customer,\n\n  json_build_object(\n    'username', e.username,\n    'role_id', e.role_id\n  ) AS employee,\n\n  json_build_object(\n    'pickup',\n    CASE\n      WHEN lp.id IS NOT NULL THEN\n        json_build_object(\n          'id', lp.id,\n          'name', lp.name,\n          'location_type', json_build_object(\n            'id', ltp.id,\n            'name', ltp.name,\n            'background_color', ltp.background_color,\n            'foreground_color', ltp.foreground_color\n          )\n        )\n      ELSE\n        json_build_object(\n          'id', null,\n          'name', null,\n          'location_type', json_build_object(\n            'id', null,\n            'name', null,\n            'background_color', null,\n            'foreground_color', null\n          )\n        )\n    END,\n\n    'dropoff',\n    CASE\n      WHEN ld.id IS NOT NULL THEN\n        json_build_object(\n          'id', ld.id,\n          'name', ld.name,\n          'location_type', json_build_object(\n            'id', ltd.id,\n            'name', ltd.name,\n            'background_color', ltd.background_color,\n            'foreground_color', ltd.foreground_color\n          )\n        )\n      ELSE\n        json_build_object(\n          'id', null,\n          'name', null,\n          'location_type', json_build_object(\n            'id', null,\n            'name', null,\n            'background_color', null,\n            'foreground_color', null\n          )\n        )\n    END\n  ) AS airport\n\nFROM bookings b\n\nLEFT JOIN booking_statuses bs\n  ON b.booking_status_id = bs.id\n\nLEFT JOIN booking_types bt\n  ON b.booking_type_id = bt.id\n\nLEFT JOIN journey_types jt\n  ON b.journey_type_id = jt.id\n\nLEFT JOIN subsidiaries s\n  ON b.subsidiary_id = s.id\n\nLEFT JOIN vehicle_types vt\n  ON b.vehicle_type_id = vt.id\n\nLEFT JOIN payment_types pt\n  ON b.payment_type_id = pt.id\n\nLEFT JOIN accounts a\n  ON b.account_id = a.id\n\nLEFT JOIN drivers d\n  ON b.driver_id = d.id\n\nLEFT JOIN vehicles v\n  ON d.vehicle_id = v.id\n\nLEFT JOIN customers c\n  ON b.customer_id = c.id\n\nLEFT JOIN employees e\n  ON b.employee_id = e.id\n\n\n-- PICKUP LOCATION\n-- Select only the most specific matching location\nLEFT JOIN LATERAL (\n  SELECT l.*\n  FROM locations l\n  WHERE l.location_type_id = 2\n    AND b.pickup ILIKE '%' || l.name || '%'\n  ORDER BY LENGTH(l.name) DESC, l.id ASC\n  LIMIT 1\n) lp ON true\n\n\n-- DROPOFF LOCATION\n-- Select only the most specific matching location\nLEFT JOIN LATERAL (\n  SELECT l.*\n  FROM locations l\n  WHERE l.location_type_id = 2\n    AND b.dropoff ILIKE '%' || l.name || '%'\n  ORDER BY LENGTH(l.name) DESC, l.id ASC\n  LIMIT 1\n) ld ON true\n\n\nLEFT JOIN location_types ltp\n  ON lp.location_type_id = ltp.id\n\nLEFT JOIN location_types ltd\n  ON ld.location_type_id = ltd.id\n\n\n    WHERE b.id = $1\n  ","timestamp":"2026-09-25T16:20:29.431Z"}
{"duration":10,"level":"info","message":"db-query","rows":1,"text":"\n    \nSELECT\n  b.id,\n  b.reference_number,\n  b.subsidiary_id,\n  b.booking_type_id,\n  b.booking_status_id,\n  b.journey_type_id,\n  b.account_id,\n  b.customer_id,\n  b.employee_id,\n  b.pickup,\n  b.dropoff,\n  b.pickup_date,\n  b.pickup_time,\n  b.dropoff_date,\n  b.dropoff_time,\n  b.pickup_door_number,\n  b.dropoff_door_number,\n  b.pickup_plot,\n  b.dropoff_plot,\n  b.pickup_location_type_id,\n  b.dropoff_location_type_id,\n  b.pickup_latitude,\n  b.pickup_longitude,\n  b.dropoff_latitude,\n  b.dropoff_longitude,\n  b.viapoints,\n  b.restricted_drivers,\n  b.flight_number,\n  b.arriving_from,\n  b.vehicle_type_id,\n  b.vehicle_id,\n  b.driver_id,\n  b.passengers,\n  b.luggages,\n  b.hand_luggages,\n  b.child_seat,\n  b.name,\n  b.email,\n  b.mobile,\n  b.telephone,\n  b.lead_time,\n  b.notes,\n  b.special_instructions,\n  b.payment_type_id,\n  b.company_price,\n  b.fares,\n  b.total_charges,\n  b.parking_charges,\n  b.waiting_charges,\n  b.extra_drop_charges,\n  b.credit_card_charges,\n  b.congestion_charges,\n  b.miles,\n  b.meet_and_greet,\n  b.department,\n  b.escort_id,\n  b.order_number,\n  b.booked_by,\n  b.add_return_fare,\n  b.fare_meter_status,\n  b.fare_meter,\n  b.quotation,\n  b.quoted,\n  b.dispatch,\n  b.dispatch_as,\n  b.sms,\n  b.emailflag,\n  b.trash,\n  b.hidden,\n  b.multi_booking_id,\n  b.associated_booking,\n  b.invoice_status,\n  b.commission_status,\n  b.commission,\n  b.skipped_bookings,\n  b.permanent,\n  b.toggle_driver_text,\n  b.toggle_passenger_text,\n  b.cancelled_reason,\n  b.booking_source,\n  b.on_route,\n  b.arrived,\n  b.passenger_on_board,\n  b.completed,\n  b.controller_completed,\n  b.driver_waiting_time,\n  b.dispatched_at,\n  b.booked_at,\n  b.stripe_customer_id,\n  b.stripe_payment_id,\n  b.invoice_number,\n  b.initial_subsidiary_id,\n  b.created_at,\n  b.updated_at,\n  b.eta,\n  b.fob,\n  b.future,\n\n  json_build_object(\n    'booking_status', bs.booking_status\n  ) AS booking_status,\n\n  json_build_object(\n    'booking_type', bt.booking_type\n  ) AS booking_type,\n\n  json_build_object(\n    'journey_type', jt.journey_type\n  ) AS journey_type,\n\n  json_build_object(\n    'id', s.id,\n    'name', s.name,\n    'telephone_number', s.telephone_number\n  ) AS subsidiary,\n\n  json_build_object(\n    'name', vt.name,\n    'background_color', vt.background_color,\n    'foreground_color', vt.foreground_color\n  ) AS vehicle_type,\n\n  json_build_object(\n    'id', pt.id,\n    'name', pt.name,\n    'background_color', pt.background_color,\n    'foreground_color', pt.foreground_color\n  ) AS payment_type,\n\n  json_build_object(\n    'id', a.id,\n    'name', a.name,\n    'background_color', a.background_color,\n    'foreground_color', a.foreground_color,\n    'has_vat', a.has_vat,\n    'bank_information', a.bank_information,\n    'fare_controller', a.fare_controller,\n    'account_fees_type', a.account_fees_type,\n    'account_fees', a.account_fees,\n    'account_fees_vat', a.account_fees_vat\n  ) AS account,\n\n  json_build_object(\n    'id', d.id,\n    'username', d.username,\n    'name', d.name,\n    'mobile_device_id', d.mobile_device_id,\n    'phc_vehicle_number', d.phc_vehicle_number,\n    'phc_driver_number', d.phc_driver_number,\n    'vehicle_id', d.vehicle_id,\n    'driver_commission', d.driver_commission,\n    'session_status', d.session_status,\n\n    'vehicle', json_build_object(\n      'make', v.make,\n      'model', v.model,\n      'color', v.color,\n      'vehicle_number', v.vehicle_number\n    )\n  ) AS driver,\n\n  json_build_object(\n    'door_number', c.door_number,\n    'address1', c.address1,\n    'address2', c.address2,\n    'blacklist', c.blacklist\n  ) AS customer,\n\n  json_build_object(\n    'username', e.username,\n    'role_id', e.role_id\n  ) AS employee,\n\n  json_build_object(\n    'pickup',\n    CASE\n      WHEN lp.id IS NOT NULL THEN\n        json_build_object(\n          'id', lp.id,\n          'name', lp.name,\n          'location_type', json_build_object(\n            'id', ltp.id,\n            'name', ltp.name,\n            'background_color', ltp.background_color,\n            'foreground_color', ltp.foreground_color\n          )\n        )\n      ELSE\n        json_build_object(\n          'id', null,\n          'name', null,\n          'location_type', json_build_object(\n            'id', null,\n            'name', null,\n            'background_color', null,\n            'foreground_color', null\n          )\n        )\n    END,\n\n    'dropoff',\n    CASE\n      WHEN ld.id IS NOT NULL THEN\n        json_build_object(\n          'id', ld.id,\n          'name', ld.name,\n          'location_type', json_build_object(\n            'id', ltd.id,\n            'name', ltd.name,\n            'background_color', ltd.background_color,\n            'foreground_color', ltd.foreground_color\n          )\n        )\n      ELSE\n        json_build_object(\n          'id', null,\n          'name', null,\n          'location_type', json_build_object(\n            'id', null,\n            'name', null,\n            'background_color', null,\n            'foreground_color', null\n          )\n        )\n    END\n  ) AS airport\n\nFROM bookings b\n\nLEFT JOIN booking_statuses bs\n  ON b.booking_status_id = bs.id\n\nLEFT JOIN booking_types bt\n  ON b.booking_type_id = bt.id\n\nLEFT JOIN journey_types jt\n  ON b.journey_type_id = jt.id\n\nLEFT JOIN subsidiaries s\n  ON b.subsidiary_id = s.id\n\nLEFT JOIN vehicle_types vt\n  ON b.vehicle_type_id = vt.id\n\nLEFT JOIN payment_types pt\n  ON b.payment_type_id = pt.id\n\nLEFT JOIN accounts a\n  ON b.account_id = a.id\n\nLEFT JOIN drivers d\n  ON b.driver_id = d.id\n\nLEFT JOIN vehicles v\n  ON d.vehicle_id = v.id\n\nLEFT JOIN customers c\n  ON b.customer_id = c.id\n\nLEFT JOIN employees e\n  ON b.employee_id = e.id\n\n\n-- PICKUP LOCATION\n-- Select only the most specific matching location\nLEFT JOIN LATERAL (\n  SELECT l.*\n  FROM locations l\n  WHERE l.location_type_id = 2\n    AND b.pickup ILIKE '%' || l.name || '%'\n  ORDER BY LENGTH(l.name) DESC, l.id ASC\n  LIMIT 1\n) lp ON true\n\n\n-- DROPOFF LOCATION\n-- Select only the most specific matching location\nLEFT JOIN LATERAL (\n  SELECT l.*\n  FROM locations l\n  WHERE l.location_type_id = 2\n    AND b.dropoff ILIKE '%' || l.name || '%'\n  ORDER BY LENGTH(l.name) DESC, l.id ASC\n  LIMIT 1\n) ld ON true\n\n\nLEFT JOIN location_types ltp\n  ON lp.location_type_id = ltp.id\n\nLEFT JOIN location_types ltd\n  ON ld.location_type_id = ltd.id\n\n\n    WHERE b.id = $1\n  ","timestamp":"2026-09-25T16:20:29.443Z"}
{"duration":11,"level":"info","message":"db-query","rows":1,"text":"\n    \nSELECT\n  b.id,\n  b.reference_number,\n  b.subsidiary_id,\n  b.booking_type_id,\n  b.booking_status_id,\n  b.journey_type_id,\n  b.account_id,\n  b.customer_id,\n  b.employee_id,\n  b.pickup,\n  b.dropoff,\n  b.pickup_date,\n  b.pickup_time,\n  b.dropoff_date,\n  b.dropoff_time,\n  b.pickup_door_number,\n  b.dropoff_door_number,\n  b.pickup_plot,\n  b.dropoff_plot,\n  b.pickup_location_type_id,\n  b.dropoff_location_type_id,\n  b.pickup_latitude,\n  b.pickup_longitude,\n  b.dropoff_latitude,\n  b.dropoff_longitude,\n  b.viapoints,\n  b.restricted_drivers,\n  b.flight_number,\n  b.arriving_from,\n  b.vehicle_type_id,\n  b.vehicle_id,\n  b.driver_id,\n  b.passengers,\n  b.luggages,\n  b.hand_luggages,\n  b.child_seat,\n  b.name,\n  b.email,\n  b.mobile,\n  b.telephone,\n  b.lead_time,\n  b.notes,\n  b.special_instructions,\n  b.payment_type_id,\n  b.company_price,\n  b.fares,\n  b.total_charges,\n  b.parking_charges,\n  b.waiting_charges,\n  b.extra_drop_charges,\n  b.credit_card_charges,\n  b.congestion_charges,\n  b.miles,\n  b.meet_and_greet,\n  b.department,\n  b.escort_id,\n  b.order_number,\n  b.booked_by,\n  b.add_return_fare,\n  b.fare_meter_status,\n  b.fare_meter,\n  b.quotation,\n  b.quoted,\n  b.dispatch,\n  b.dispatch_as,\n  b.sms,\n  b.emailflag,\n  b.trash,\n  b.hidden,\n  b.multi_booking_id,\n  b.associated_booking,\n  b.invoice_status,\n  b.commission_status,\n  b.commission,\n  b.skipped_bookings,\n  b.permanent,\n  b.toggle_driver_text,\n  b.toggle_passenger_text,\n  b.cancelled_reason,\n  b.booking_source,\n  b.on_route,\n  b.arrived,\n  b.passenger_on_board,\n  b.completed,\n  b.controller_completed,\n  b.driver_waiting_time,\n  b.dispatched_at,\n  b.booked_at,\n  b.stripe_customer_id,\n  b.stripe_payment_id,\n  b.invoice_number,\n  b.initial_subsidiary_id,\n  b.created_at,\n  b.updated_at,\n  b.eta,\n  b.fob,\n  b.future,\n\n  json_build_object(\n    'booking_status', bs.booking_status\n  ) AS booking_status,\n\n  json_build_object(\n    'booking_type', bt.booking_type\n  ) AS booking_type,\n\n  json_build_object(\n    'journey_type', jt.journey_type\n  ) AS journey_type,\n\n  json_build_object(\n    'id', s.id,\n    'name', s.name,\n    'telephone_number', s.telephone_number\n  ) AS subsidiary,\n\n  json_build_object(\n    'name', vt.name,\n    'background_color', vt.background_color,\n    'foreground_color', vt.foreground_color\n  ) AS vehicle_type,\n\n  json_build_object(\n    'id', pt.id,\n    'name', pt.name,\n    'background_color', pt.background_color,\n    'foreground_color', pt.foreground_color\n  ) AS payment_type,\n\n  json_build_object(\n    'id', a.id,\n    'name', a.name,\n    'background_color', a.background_color,\n    'foreground_color', a.foreground_color,\n    'has_vat', a.has_vat,\n    'bank_information', a.bank_information,\n    'fare_controller', a.fare_controller,\n    'account_fees_type', a.account_fees_type,\n    'account_fees', a.account_fees,\n    'account_fees_vat', a.account_fees_vat\n  ) AS account,\n\n  json_build_object(\n    'id', d.id,\n    'username', d.username,\n    'name', d.name,\n    'mobile_device_id', d.mobile_device_id,\n    'phc_vehicle_number', d.phc_vehicle_number,\n    'phc_driver_number', d.phc_driver_number,\n    'vehicle_id', d.vehicle_id,\n    'driver_commission', d.driver_commission,\n    'session_status', d.session_status,\n\n    'vehicle', json_build_object(\n      'make', v.make,\n      'model', v.model,\n      'color', v.color,\n      'vehicle_number', v.vehicle_number\n    )\n  ) AS driver,\n\n  json_build_object(\n    'door_number', c.door_number,\n    'address1', c.address1,\n    'address2', c.address2,\n    'blacklist', c.blacklist\n  ) AS customer,\n\n  json_build_object(\n    'username', e.username,\n    'role_id', e.role_id\n  ) AS employee,\n\n  json_build_object(\n    'pickup',\n    CASE\n      WHEN lp.id IS NOT NULL THEN\n        json_build_object(\n          'id', lp.id,\n          'name', lp.name,\n          'location_type', json_build_object(\n            'id', ltp.id,\n            'name', ltp.name,\n            'background_color', ltp.background_color,\n            'foreground_color', ltp.foreground_color\n          )\n        )\n      ELSE\n        json_build_object(\n          'id', null,\n          'name', null,\n          'location_type', json_build_object(\n            'id', null,\n            'name', null,\n            'background_color', null,\n            'foreground_color', null\n          )\n        )\n    END,\n\n    'dropoff',\n    CASE\n      WHEN ld.id IS NOT NULL THEN\n        json_build_object(\n          'id', ld.id,\n          'name', ld.name,\n          'location_type', json_build_object(\n            'id', ltd.id,\n            'name', ltd.name,\n            'background_color', ltd.background_color,\n            'foreground_color', ltd.foreground_color\n          )\n        )\n      ELSE\n        json_build_object(\n          'id', null,\n          'name', null,\n          'location_type', json_build_object(\n            'id', null,\n            'name', null,\n            'background_color', null,\n            'foreground_color', null\n          )\n        )\n    END\n  ) AS airport\n\nFROM bookings b\n\nLEFT JOIN booking_statuses bs\n  ON b.booking_status_id = bs.id\n\nLEFT JOIN booking_types bt\n  ON b.booking_type_id = bt.id\n\nLEFT JOIN journey_types jt\n  ON b.journey_type_id = jt.id\n\nLEFT JOIN subsidiaries s\n  ON b.subsidiary_id = s.id\n\nLEFT JOIN vehicle_types vt\n  ON b.vehicle_type_id = vt.id\n\nLEFT JOIN payment_types pt\n  ON b.payment_type_id = pt.id\n\nLEFT JOIN accounts a\n  ON b.account_id = a.id\n\nLEFT JOIN drivers d\n  ON b.driver_id = d.id\n\nLEFT JOIN vehicles v\n  ON d.vehicle_id = v.id\n\nLEFT JOIN customers c\n  ON b.customer_id = c.id\n\nLEFT JOIN employees e\n  ON b.employee_id = e.id\n\n\n-- PICKUP LOCATION\n-- Select only the most specific matching location\nLEFT JOIN LATERAL (\n  SELECT l.*\n  FROM locations l\n  WHERE l.location_type_id = 2\n    AND b.pickup ILIKE '%' || l.name || '%'\n  ORDER BY LENGTH(l.name) DESC, l.id ASC\n  LIMIT 1\n) lp ON true\n\n\n-- DROPOFF LOCATION\n-- Select only the most specific matching location\nLEFT JOIN LATERAL (\n  SELECT l.*\n  FROM locations l\n  WHERE l.location_type_id = 2\n    AND b.dropoff ILIKE '%' || l.name || '%'\n  ORDER BY LENGTH(l.name) DESC, l.id ASC\n  LIMIT 1\n) ld ON true\n\n\nLEFT JOIN location_types ltp\n  ON lp.location_type_id = ltp.id\n\nLEFT JOIN location_types ltd\n  ON ld.location_type_id = ltd.id\n\n\n    WHERE b.id = $1\n  ","timestamp":"2026-09-25T16:20:29.455Z"}
{"duration":9,"level":"info","message":"db-query","rows":1,"text":"\n    \nSELECT\n  b.id,\n  b.reference_number,\n  b.subsidiary_id,\n  b.booking_type_id,\n  b.booking_status_id,\n  b.journey_type_id,\n  b.account_id,\n  b.customer_id,\n  b.employee_id,\n  b.pickup,\n  b.dropoff,\n  b.pickup_date,\n  b.pickup_time,\n  b.dropoff_date,\n  b.dropoff_time,\n  b.pickup_door_number,\n  b.dropoff_door_number,\n  b.pickup_plot,\n  b.dropoff_plot,\n  b.pickup_location_type_id,\n  b.dropoff_location_type_id,\n  b.pickup_latitude,\n  b.pickup_longitude,\n  b.dropoff_latitude,\n  b.dropoff_longitude,\n  b.viapoints,\n  b.restricted_drivers,\n  b.flight_number,\n  b.arriving_from,\n  b.vehicle_type_id,\n  b.vehicle_id,\n  b.driver_id,\n  b.passengers,\n  b.luggages,\n  b.hand_luggages,\n  b.child_seat,\n  b.name,\n  b.email,\n  b.mobile,\n  b.telephone,\n  b.lead_time,\n  b.notes,\n  b.special_instructions,\n  b.payment_type_id,\n  b.company_price,\n  b.fares,\n  b.total_charges,\n  b.parking_charges,\n  b.waiting_charges,\n  b.extra_drop_charges,\n  b.credit_card_charges,\n  b.congestion_charges,\n  b.miles,\n  b.meet_and_greet,\n  b.department,\n  b.escort_id,\n  b.order_number,\n  b.booked_by,\n  b.add_return_fare,\n  b.fare_meter_status,\n  b.fare_meter,\n  b.quotation,\n  b.quoted,\n  b.dispatch,\n  b.dispatch_as,\n  b.sms,\n  b.emailflag,\n  b.trash,\n  b.hidden,\n  b.multi_booking_id,\n  b.associated_booking,\n  b.invoice_status,\n  b.commission_status,\n  b.commission,\n  b.skipped_bookings,\n  b.permanent,\n  b.toggle_driver_text,\n  b.toggle_passenger_text,\n  b.cancelled_reason,\n  b.booking_source,\n  b.on_route,\n  b.arrived,\n  b.passenger_on_board,\n  b.completed,\n  b.controller_completed,\n  b.driver_waiting_time,\n  b.dispatched_at,\n  b.booked_at,\n  b.stripe_customer_id,\n  b.stripe_payment_id,\n  b.invoice_number,\n  b.initial_subsidiary_id,\n  b.created_at,\n  b.updated_at,\n  b.eta,\n  b.fob,\n  b.future,\n\n  json_build_object(\n    'booking_status', bs.booking_status\n  ) AS booking_status,\n\n  json_build_object(\n    'booking_type', bt.booking_type\n  ) AS booking_type,\n\n  json_build_object(\n    'journey_type', jt.journey_type\n  ) AS journey_type,\n\n  json_build_object(\n    'id', s.id,\n    'name', s.name,\n    'telephone_number', s.telephone_number\n  ) AS subsidiary,\n\n  json_build_object(\n    'name', vt.name,\n    'background_color', vt.background_color,\n    'foreground_color', vt.foreground_color\n  ) AS vehicle_type,\n\n  json_build_object(\n    'id', pt.id,\n    'name', pt.name,\n    'background_color', pt.background_color,\n    'foreground_color', pt.foreground_color\n  ) AS payment_type,\n\n  json_build_object(\n    'id', a.id,\n    'name', a.name,\n    'background_color', a.background_color,\n    'foreground_color', a.foreground_color,\n    'has_vat', a.has_vat,\n    'bank_information', a.bank_information,\n    'fare_controller', a.fare_controller,\n    'account_fees_type', a.account_fees_type,\n    'account_fees', a.account_fees,\n    'account_fees_vat', a.account_fees_vat\n  ) AS account,\n\n  json_build_object(\n    'id', d.id,\n    'username', d.username,\n    'name', d.name,\n    'mobile_device_id', d.mobile_device_id,\n    'phc_vehicle_number', d.phc_vehicle_number,\n    'phc_driver_number', d.phc_driver_number,\n    'vehicle_id', d.vehicle_id,\n    'driver_commission', d.driver_commission,\n    'session_status', d.session_status,\n\n    'vehicle', json_build_object(\n      'make', v.make,\n      'model', v.model,\n      'color', v.color,\n      'vehicle_number', v.vehicle_number\n    )\n  ) AS driver,\n\n  json_build_object(\n    'door_number', c.door_number,\n    'address1', c.address1,\n    'address2', c.address2,\n    'blacklist', c.blacklist\n  ) AS customer,\n\n  json_build_object(\n    'username', e.username,\n    'role_id', e.role_id\n  ) AS employee,\n\n  json_build_object(\n    'pickup',\n    CASE\n      WHEN lp.id IS NOT NULL THEN\n        json_build_object(\n          'id', lp.id,\n          'name', lp.name,\n          'location_type', json_build_object(\n            'id', ltp.id,\n            'name', ltp.name,\n            'background_color', ltp.background_color,\n            'foreground_color', ltp.foreground_color\n          )\n        )\n      ELSE\n        json_build_object(\n          'id', null,\n          'name', null,\n          'location_type', json_build_object(\n            'id', null,\n            'name', null,\n            'background_color', null,\n            'foreground_color', null\n          )\n        )\n    END,\n\n    'dropoff',\n    CASE\n      WHEN ld.id IS NOT NULL THEN\n        json_build_object(\n          'id', ld.id,\n          'name', ld.name,\n          'location_type', json_build_object(\n            'id', ltd.id,\n            'name', ltd.name,\n            'background_color', ltd.background_color,\n            'foreground_color', ltd.foreground_color\n          )\n        )\n      ELSE\n        json_build_object(\n          'id', null,\n          'name', null,\n          'location_type', json_build_object(\n            'id', null,\n            'name', null,\n            'background_color', null,\n            'foreground_color', null\n          )\n        )\n    END\n  ) AS airport\n\nFROM bookings b\n\nLEFT JOIN booking_statuses bs\n  ON b.booking_status_id = bs.id\n\nLEFT JOIN booking_types bt\n  ON b.booking_type_id = bt.id\n\nLEFT JOIN journey_types jt\n  ON b.journey_type_id = jt.id\n\nLEFT JOIN subsidiaries s\n  ON b.subsidiary_id = s.id\n\nLEFT JOIN vehicle_types vt\n  ON b.vehicle_type_id = vt.id\n\nLEFT JOIN payment_types pt\n  ON b.payment_type_id = pt.id\n\nLEFT JOIN accounts a\n  ON b.account_id = a.id\n\nLEFT JOIN drivers d\n  ON b.driver_id = d.id\n\nLEFT JOIN vehicles v\n  ON d.vehicle_id = v.id\n\nLEFT JOIN customers c\n  ON b.customer_id = c.id\n\nLEFT JOIN employees e\n  ON b.employee_id = e.id\n\n\n-- PICKUP LOCATION\n-- Select only the most specific matching location\nLEFT JOIN LATERAL (\n  SELECT l.*\n  FROM locations l\n  WHERE l.location_type_id = 2\n    AND b.pickup ILIKE '%' || l.name || '%'\n  ORDER BY LENGTH(l.name) DESC, l.id ASC\n  LIMIT 1\n) lp ON true\n\n\n-- DROPOFF LOCATION\n-- Select only the most specific matching location\nLEFT JOIN LATERAL (\n  SELECT l.*\n  FROM locations l\n  WHERE l.location_type_id = 2\n    AND b.dropoff ILIKE '%' || l.name || '%'\n  ORDER BY LENGTH(l.name) DESC, l.id ASC\n  LIMIT 1\n) ld ON true\n\n\nLEFT JOIN location_types ltp\n  ON lp.location_type_id = ltp.id\n\nLEFT JOIN location_types ltd\n  ON ld.location_type_id = ltd.id\n\n\n    WHERE b.id = $1\n  ","timestamp":"2026-09-25T16:20:29.467Z"}
{"duration":11,"level":"info","message":"db-query","rows":1,"text":"\n    \nSELECT\n  b.id,\n  b.reference_number,\n  b.subsidiary_id,\n  b.booking_type_id,\n  b.booking_status_id,\n  b.journey_type_id,\n  b.account_id,\n  b.customer_id,\n  b.employee_id,\n  b.pickup,\n  b.dropoff,\n  b.pickup_date,\n  b.pickup_time,\n  b.dropoff_date,\n  b.dropoff_time,\n  b.pickup_door_number,\n  b.dropoff_door_number,\n  b.pickup_plot,\n  b.dropoff_plot,\n  b.pickup_location_type_id,\n  b.dropoff_location_type_id,\n  b.pickup_latitude,\n  b.pickup_longitude,\n  b.dropoff_latitude,\n  b.dropoff_longitude,\n  b.viapoints,\n  b.restricted_drivers,\n  b.flight_number,\n  b.arriving_from,\n  b.vehicle_type_id,\n  b.vehicle_id,\n  b.driver_id,\n  b.passengers,\n  b.luggages,\n  b.hand_luggages,\n  b.child_seat,\n  b.name,\n  b.email,\n  b.mobile,\n  b.telephone,\n  b.lead_time,\n  b.notes,\n  b.special_instructions,\n  b.payment_type_id,\n  b.company_price,\n  b.fares,\n  b.total_charges,\n  b.parking_charges,\n  b.waiting_charges,\n  b.extra_drop_charges,\n  b.credit_card_charges,\n  b.congestion_charges,\n  b.miles,\n  b.meet_and_greet,\n  b.department,\n  b.escort_id,\n  b.order_number,\n  b.booked_by,\n  b.add_return_fare,\n  b.fare_meter_status,\n  b.fare_meter,\n  b.quotation,\n  b.quoted,\n  b.dispatch,\n  b.dispatch_as,\n  b.sms,\n  b.emailflag,\n  b.trash,\n  b.hidden,\n  b.multi_booking_id,\n  b.associated_booking,\n  b.invoice_status,\n  b.commission_status,\n  b.commission,\n  b.skipped_bookings,\n  b.permanent,\n  b.toggle_driver_text,\n  b.toggle_passenger_text,\n  b.cancelled_reason,\n  b.booking_source,\n  b.on_route,\n  b.arrived,\n  b.passenger_on_board,\n  b.completed,\n  b.controller_completed,\n  b.driver_waiting_time,\n  b.dispatched_at,\n  b.booked_at,\n  b.stripe_customer_id,\n  b.stripe_payment_id,\n  b.invoice_number,\n  b.initial_subsidiary_id,\n  b.created_at,\n  b.updated_at,\n  b.eta,\n  b.fob,\n  b.future,\n\n  json_build_object(\n    'booking_status', bs.booking_status\n  ) AS booking_status,\n\n  json_build_object(\n    'booking_type', bt.booking_type\n  ) AS booking_type,\n\n  json_build_object(\n    'journey_type', jt.journey_type\n  ) AS journey_type,\n\n  json_build_object(\n    'id', s.id,\n    'name', s.name,\n    'telephone_number', s.telephone_number\n  ) AS subsidiary,\n\n  json_build_object(\n    'name', vt.name,\n    'background_color', vt.background_color,\n    'foreground_color', vt.foreground_color\n  ) AS vehicle_type,\n\n  json_build_object(\n    'id', pt.id,\n    'name', pt.name,\n    'background_color', pt.background_color,\n    'foreground_color', pt.foreground_color\n  ) AS payment_type,\n\n  json_build_object(\n    'id', a.id,\n    'name', a.name,\n    'background_color', a.background_color,\n    'foreground_color', a.foreground_color,\n    'has_vat', a.has_vat,\n    'bank_information', a.bank_information,\n    'fare_controller', a.fare_controller,\n    'account_fees_type', a.account_fees_type,\n    'account_fees', a.account_fees,\n    'account_fees_vat', a.account_fees_vat\n  ) AS account,\n\n  json_build_object(\n    'id', d.id,\n    'username', d.username,\n    'name', d.name,\n    'mobile_device_id', d.mobile_device_id,\n    'phc_vehicle_number', d.phc_vehicle_number,\n    'phc_driver_number', d.phc_driver_number,\n    'vehicle_id', d.vehicle_id,\n    'driver_commission', d.driver_commission,\n    'session_status', d.session_status,\n\n    'vehicle', json_build_object(\n      'make', v.make,\n      'model', v.model,\n      'color', v.color,\n      'vehicle_number', v.vehicle_number\n    )\n  ) AS driver,\n\n  json_build_object(\n    'door_number', c.door_number,\n    'address1', c.address1,\n    'address2', c.address2,\n    'blacklist', c.blacklist\n  ) AS customer,\n\n  json_build_object(\n    'username', e.username,\n    'role_id', e.role_id\n  ) AS employee,\n\n  json_build_object(\n    'pickup',\n    CASE\n      WHEN lp.id IS NOT NULL THEN\n        json_build_object(\n          'id', lp.id,\n          'name', lp.name,\n          'location_type', json_build_object(\n            'id', ltp.id,\n            'name', ltp.name,\n            'background_color', ltp.background_color,\n            'foreground_color', ltp.foreground_color\n          )\n        )\n      ELSE\n        json_build_object(\n          'id', null,\n          'name', null,\n          'location_type', json_build_object(\n            'id', null,\n            'name', null,\n            'background_color', null,\n            'foreground_color', null\n          )\n        )\n    END,\n\n    'dropoff',\n    CASE\n      WHEN ld.id IS NOT NULL THEN\n        json_build_object(\n          'id', ld.id,\n          'name', ld.name,\n          'location_type', json_build_object(\n            'id', ltd.id,\n            'name', ltd.name,\n            'background_color', ltd.background_color,\n            'foreground_color', ltd.foreground_color\n          )\n        )\n      ELSE\n        json_build_object(\n          'id', null,\n          'name', null,\n          'location_type', json_build_object(\n            'id', null,\n            'name', null,\n            'background_color', null,\n            'foreground_color', null\n          )\n        )\n    END\n  ) AS airport\n\nFROM bookings b\n\nLEFT JOIN booking_statuses bs\n  ON b.booking_status_id = bs.id\n\nLEFT JOIN booking_types bt\n  ON b.booking_type_id = bt.id\n\nLEFT JOIN journey_types jt\n  ON b.journey_type_id = jt.id\n\nLEFT JOIN subsidiaries s\n  ON b.subsidiary_id = s.id\n\nLEFT JOIN vehicle_types vt\n  ON b.vehicle_type_id = vt.id\n\nLEFT JOIN payment_types pt\n  ON b.payment_type_id = pt.id\n\nLEFT JOIN accounts a\n  ON b.account_id = a.id\n\nLEFT JOIN drivers d\n  ON b.driver_id = d.id\n\nLEFT JOIN vehicles v\n  ON d.vehicle_id = v.id\n\nLEFT JOIN customers c\n  ON b.customer_id = c.id\n\nLEFT JOIN employees e\n  ON b.employee_id = e.id\n\n\n-- PICKUP LOCATION\n-- Select only the most specific matching location\nLEFT JOIN LATERAL (\n  SELECT l.*\n  FROM locations l\n  WHERE l.location_type_id = 2\n    AND b.pickup ILIKE '%' || l.name || '%'\n  ORDER BY LENGTH(l.name) DESC, l.id ASC\n  LIMIT 1\n) lp ON true\n\n\n-- DROPOFF LOCATION\n-- Select only the most specific matching location\nLEFT JOIN LATERAL (\n  SELECT l.*\n  FROM locations l\n  WHERE l.location_type_id = 2\n    AND b.dropoff ILIKE '%' || l.name || '%'\n  ORDER BY LENGTH(l.name) DESC, l.id ASC\n  LIMIT 1\n) ld ON true\n\n\nLEFT JOIN location_types ltp\n  ON lp.location_type_id = ltp.id\n\nLEFT JOIN location_types ltd\n  ON ld.location_type_id = ltd.id\n\n\n    WHERE b.id = $1\n  ","timestamp":"2026-09-25T16:20:29.481Z"}
{"duration":12,"level":"info","message":"db-query","rows":1,"text":"\n    \nSELECT\n  b.id,\n  b.reference_number,\n  b.subsidiary_id,\n  b.booking_type_id,\n  b.booking_status_id,\n  b.journey_type_id,\n  b.account_id,\n  b.customer_id,\n  b.employee_id,\n  b.pickup,\n  b.dropoff,\n  b.pickup_date,\n  b.pickup_time,\n  b.dropoff_date,\n  b.dropoff_time,\n  b.pickup_door_number,\n  b.dropoff_door_number,\n  b.pickup_plot,\n  b.dropoff_plot,\n  b.pickup_location_type_id,\n  b.dropoff_location_type_id,\n  b.pickup_latitude,\n  b.pickup_longitude,\n  b.dropoff_latitude,\n  b.dropoff_longitude,\n  b.viapoints,\n  b.restricted_drivers,\n  b.flight_number,\n  b.arriving_from,\n  b.vehicle_type_id,\n  b.vehicle_id,\n  b.driver_id,\n  b.passengers,\n  b.luggages,\n  b.hand_luggages,\n  b.child_seat,\n  b.name,\n  b.email,\n  b.mobile,\n  b.telephone,\n  b.lead_time,\n  b.notes,\n  b.special_instructions,\n  b.payment_type_id,\n  b.company_price,\n  b.fares,\n  b.total_charges,\n  b.parking_charges,\n  b.waiting_charges,\n  b.extra_drop_charges,\n  b.credit_card_charges,\n  b.congestion_charges,\n  b.miles,\n  b.meet_and_greet,\n  b.department,\n  b.escort_id,\n  b.order_number,\n  b.booked_by,\n  b.add_return_fare,\n  b.fare_meter_status,\n  b.fare_meter,\n  b.quotation,\n  b.quoted,\n  b.dispatch,\n  b.dispatch_as,\n  b.sms,\n  b.emailflag,\n  b.trash,\n  b.hidden,\n  b.multi_booking_id,\n  b.associated_booking,\n  b.invoice_status,\n  b.commission_status,\n  b.commission,\n  b.skipped_bookings,\n  b.permanent,\n  b.toggle_driver_text,\n  b.toggle_passenger_text,\n  b.cancelled_reason,\n  b.booking_source,\n  b.on_route,\n  b.arrived,\n  b.passenger_on_board,\n  b.completed,\n  b.controller_completed,\n  b.driver_waiting_time,\n  b.dispatched_at,\n  b.booked_at,\n  b.stripe_customer_id,\n  b.stripe_payment_id,\n  b.invoice_number,\n  b.initial_subsidiary_id,\n  b.created_at,\n  b.updated_at,\n  b.eta,\n  b.fob,\n  b.future,\n\n  json_build_object(\n    'booking_status', bs.booking_status\n  ) AS booking_status,\n\n  json_build_object(\n    'booking_type', bt.booking_type\n  ) AS booking_type,\n\n  json_build_object(\n    'journey_type', jt.journey_type\n  ) AS journey_type,\n\n  json_build_object(\n    'id', s.id,\n    'name', s.name,\n    'telephone_number', s.telephone_number\n  ) AS subsidiary,\n\n  json_build_object(\n    'name', vt.name,\n    'background_color', vt.background_color,\n    'foreground_color', vt.foreground_color\n  ) AS vehicle_type,\n\n  json_build_object(\n    'id', pt.id,\n    'name', pt.name,\n    'background_color', pt.background_color,\n    'foreground_color', pt.foreground_color\n  ) AS payment_type,\n\n  json_build_object(\n    'id', a.id,\n    'name', a.name,\n    'background_color', a.background_color,\n    'foreground_color', a.foreground_color,\n    'has_vat', a.has_vat,\n    'bank_information', a.bank_information,\n    'fare_controller', a.fare_controller,\n    'account_fees_type', a.account_fees_type,\n    'account_fees', a.account_fees,\n    'account_fees_vat', a.account_fees_vat\n  ) AS account,\n\n  json_build_object(\n    'id', d.id,\n    'username', d.username,\n    'name', d.name,\n    'mobile_device_id', d.mobile_device_id,\n    'phc_vehicle_number', d.phc_vehicle_number,\n    'phc_driver_number', d.phc_driver_number,\n    'vehicle_id', d.vehicle_id,\n    'driver_commission', d.driver_commission,\n    'session_status', d.session_status,\n\n    'vehicle', json_build_object(\n      'make', v.make,\n      'model', v.model,\n      'color', v.color,\n      'vehicle_number', v.vehicle_number\n    )\n  ) AS driver,\n\n  json_build_object(\n    'door_number', c.door_number,\n    'address1', c.address1,\n    'address2', c.address2,\n    'blacklist', c.blacklist\n  ) AS customer,\n\n  json_build_object(\n    'username', e.username,\n    'role_id', e.role_id\n  ) AS employee,\n\n  json_build_object(\n    'pickup',\n    CASE\n      WHEN lp.id IS NOT NULL THEN\n        json_build_object(\n          'id', lp.id,\n          'name', lp.name,\n          'location_type', json_build_object(\n            'id', ltp.id,\n            'name', ltp.name,\n            'background_color', ltp.background_color,\n            'foreground_color', ltp.foreground_color\n          )\n        )\n      ELSE\n        json_build_object(\n          'id', null,\n          'name', null,\n          'location_type', json_build_object(\n            'id', null,\n            'name', null,\n            'background_color', null,\n            'foreground_color', null\n          )\n        )\n    END,\n\n    'dropoff',\n    CASE\n      WHEN ld.id IS NOT NULL THEN\n        json_build_object(\n          'id', ld.id,\n          'name', ld.name,\n          'location_type', json_build_object(\n            'id', ltd.id,\n            'name', ltd.name,\n            'background_color', ltd.background_color,\n            'foreground_color', ltd.foreground_color\n          )\n        )\n      ELSE\n        json_build_object(\n          'id', null,\n          'name', null,\n          'location_type', json_build_object(\n            'id', null,\n            'name', null,\n            'background_color', null,\n            'foreground_color', null\n          )\n        )\n    END\n  ) AS airport\n\nFROM bookings b\n\nLEFT JOIN booking_statuses bs\n  ON b.booking_status_id = bs.id\n\nLEFT JOIN booking_types bt\n  ON b.booking_type_id = bt.id\n\nLEFT JOIN journey_types jt\n  ON b.journey_type_id = jt.id\n\nLEFT JOIN subsidiaries s\n  ON b.subsidiary_id = s.id\n\nLEFT JOIN vehicle_types vt\n  ON b.vehicle_type_id = vt.id\n\nLEFT JOIN payment_types pt\n  ON b.payment_type_id = pt.id\n\nLEFT JOIN accounts a\n  ON b.account_id = a.id\n\nLEFT JOIN drivers d\n  ON b.driver_id = d.id\n\nLEFT JOIN vehicles v\n  ON d.vehicle_id = v.id\n\nLEFT JOIN customers c\n  ON b.customer_id = c.id\n\nLEFT JOIN employees e\n  ON b.employee_id = e.id\n\n\n-- PICKUP LOCATION\n-- Select only the most specific matching location\nLEFT JOIN LATERAL (\n  SELECT l.*\n  FROM locations l\n  WHERE l.location_type_id = 2\n    AND b.pickup ILIKE '%' || l.name || '%'\n  ORDER BY LENGTH(l.name) DESC, l.id ASC\n  LIMIT 1\n) lp ON true\n\n\n-- DROPOFF LOCATION\n-- Select only the most specific matching location\nLEFT JOIN LATERAL (\n  SELECT l.*\n  FROM locations l\n  WHERE l.location_type_id = 2\n    AND b.dropoff ILIKE '%' || l.name || '%'\n  ORDER BY LENGTH(l.name) DESC, l.id ASC\n  LIMIT 1\n) ld ON true\n\n\nLEFT JOIN location_types ltp\n  ON lp.location_type_id = ltp.id\n\nLEFT JOIN location_types ltd\n  ON ld.location_type_id = ltd.id\n\n\n    WHERE b.id = $1\n  ","timestamp":"2026-09-25T16:20:29.494Z"}
{"duration":11,"level":"info","message":"db-query","rows":1,"text":"\n    \nSELECT\n  b.id,\n  b.reference_number,\n  b.subsidiary_id,\n  b.booking_type_id,\n  b.booking_status_id,\n  b.journey_type_id,\n  b.account_id,\n  b.customer_id,\n  b.employee_id,\n  b.pickup,\n  b.dropoff,\n  b.pickup_date,\n  b.pickup_time,\n  b.dropoff_date,\n  b.dropoff_time,\n  b.pickup_door_number,\n  b.dropoff_door_number,\n  b.pickup_plot,\n  b.dropoff_plot,\n  b.pickup_location_type_id,\n  b.dropoff_location_type_id,\n  b.pickup_latitude,\n  b.pickup_longitude,\n  b.dropoff_latitude,\n  b.dropoff_longitude,\n  b.viapoints,\n  b.restricted_drivers,\n  b.flight_number,\n  b.arriving_from,\n  b.vehicle_type_id,\n  b.vehicle_id,\n  b.driver_id,\n  b.passengers,\n  b.luggages,\n  b.hand_luggages,\n  b.child_seat,\n  b.name,\n  b.email,\n  b.mobile,\n  b.telephone,\n  b.lead_time,\n  b.notes,\n  b.special_instructions,\n  b.payment_type_id,\n  b.company_price,\n  b.fares,\n  b.total_charges,\n  b.parking_charges,\n  b.waiting_charges,\n  b.extra_drop_charges,\n  b.credit_card_charges,\n  b.congestion_charges,\n  b.miles,\n  b.meet_and_greet,\n  b.department,\n  b.escort_id,\n  b.order_number,\n  b.booked_by,\n  b.add_return_fare,\n  b.fare_meter_status,\n  b.fare_meter,\n  b.quotation,\n  b.quoted,\n  b.dispatch,\n  b.dispatch_as,\n  b.sms,\n  b.emailflag,\n  b.trash,\n  b.hidden,\n  b.multi_booking_id,\n  b.associated_booking,\n  b.invoice_status,\n  b.commission_status,\n  b.commission,\n  b.skipped_bookings,\n  b.permanent,\n  b.toggle_driver_text,\n  b.toggle_passenger_text,\n  b.cancelled_reason,\n  b.booking_source,\n  b.on_route,\n  b.arrived,\n  b.passenger_on_board,\n  b.completed,\n  b.controller_completed,\n  b.driver_waiting_time,\n  b.dispatched_at,\n  b.booked_at,\n  b.stripe_customer_id,\n  b.stripe_payment_id,\n  b.invoice_number,\n  b.initial_subsidiary_id,\n  b.created_at,\n  b.updated_at,\n  b.eta,\n  b.fob,\n  b.future,\n\n  json_build_object(\n    'booking_status', bs.booking_status\n  ) AS booking_status,\n\n  json_build_object(\n    'booking_type', bt.booking_type\n  ) AS booking_type,\n\n  json_build_object(\n    'journey_type', jt.journey_type\n  ) AS journey_type,\n\n  json_build_object(\n    'id', s.id,\n    'name', s.name,\n    'telephone_number', s.telephone_number\n  ) AS subsidiary,\n\n  json_build_object(\n    'name', vt.name,\n    'background_color', vt.background_color,\n    'foreground_color', vt.foreground_color\n  ) AS vehicle_type,\n\n  json_build_object(\n    'id', pt.id,\n    'name', pt.name,\n    'background_color', pt.background_color,\n    'foreground_color', pt.foreground_color\n  ) AS payment_type,\n\n  json_build_object(\n    'id', a.id,\n    'name', a.name,\n    'background_color', a.background_color,\n    'foreground_color', a.foreground_color,\n    'has_vat', a.has_vat,\n    'bank_information', a.bank_information,\n    'fare_controller', a.fare_controller,\n    'account_fees_type', a.account_fees_type,\n    'account_fees', a.account_fees,\n    'account_fees_vat', a.account_fees_vat\n  ) AS account,\n\n  json_build_object(\n    'id', d.id,\n    'username', d.username,\n    'name', d.name,\n    'mobile_device_id', d.mobile_device_id,\n    'phc_vehicle_number', d.phc_vehicle_number,\n    'phc_driver_number', d.phc_driver_number,\n    'vehicle_id', d.vehicle_id,\n    'driver_commission', d.driver_commission,\n    'session_status', d.session_status,\n\n    'vehicle', json_build_object(\n      'make', v.make,\n      'model', v.model,\n      'color', v.color,\n      'vehicle_number', v.vehicle_number\n    )\n  ) AS driver,\n\n  json_build_object(\n    'door_number', c.door_number,\n    'address1', c.address1,\n    'address2', c.address2,\n    'blacklist', c.blacklist\n  ) AS customer,\n\n  json_build_object(\n    'username', e.username,\n    'role_id', e.role_id\n  ) AS employee,\n\n  json_build_object(\n    'pickup',\n    CASE\n      WHEN lp.id IS NOT NULL THEN\n        json_build_object(\n          'id', lp.id,\n          'name', lp.name,\n          'location_type', json_build_object(\n            'id', ltp.id,\n            'name', ltp.name,\n            'background_color', ltp.background_color,\n            'foreground_color', ltp.foreground_color\n          )\n        )\n      ELSE\n        json_build_object(\n          'id', null,\n          'name', null,\n          'location_type', json_build_object(\n            'id', null,\n            'name', null,\n            'background_color', null,\n            'foreground_color', null\n          )\n        )\n    END,\n\n    'dropoff',\n    CASE\n      WHEN ld.id IS NOT NULL THEN\n        json_build_object(\n          'id', ld.id,\n          'name', ld.name,\n          'location_type', json_build_object(\n            'id', ltd.id,\n            'name', ltd.name,\n            'background_color', ltd.background_color,\n            'foreground_color', ltd.foreground_color\n          )\n        )\n      ELSE\n        json_build_object(\n          'id', null,\n          'name', null,\n          'location_type', json_build_object(\n            'id', null,\n            'name', null,\n            'background_color', null,\n            'foreground_color', null\n          )\n        )\n    END\n  ) AS airport\n\nFROM bookings b\n\nLEFT JOIN booking_statuses bs\n  ON b.booking_status_id = bs.id\n\nLEFT JOIN booking_types bt\n  ON b.booking_type_id = bt.id\n\nLEFT JOIN journey_types jt\n  ON b.journey_type_id = jt.id\n\nLEFT JOIN subsidiaries s\n  ON b.subsidiary_id = s.id\n\nLEFT JOIN vehicle_types vt\n  ON b.vehicle_type_id = vt.id\n\nLEFT JOIN payment_types pt\n  ON b.payment_type_id = pt.id\n\nLEFT JOIN accounts a\n  ON b.account_id = a.id\n\nLEFT JOIN drivers d\n  ON b.driver_id = d.id\n\nLEFT JOIN vehicles v\n  ON d.vehicle_id = v.id\n\nLEFT JOIN customers c\n  ON b.customer_id = c.id\n\nLEFT JOIN employees e\n  ON b.employee_id = e.id\n\n\n-- PICKUP LOCATION\n-- Select only the most specific matching location\nLEFT JOIN LATERAL (\n  SELECT l.*\n  FROM locations l\n  WHERE l.location_type_id = 2\n    AND b.pickup ILIKE '%' || l.name || '%'\n  ORDER BY LENGTH(l.name) DESC, l.id ASC\n  LIMIT 1\n) lp ON true\n\n\n-- DROPOFF LOCATION\n-- Select only the most specific matching location\nLEFT JOIN LATERAL (\n  SELECT l.*\n  FROM locations l\n  WHERE l.location_type_id = 2\n    AND b.dropoff ILIKE '%' || l.name || '%'\n  ORDER BY LENGTH(l.name) DESC, l.id ASC\n  LIMIT 1\n) ld ON true\n\n\nLEFT JOIN location_types ltp\n  ON lp.location_type_id = ltp.id\n\nLEFT JOIN location_types ltd\n  ON ld.location_type_id = ltd.id\n\n\n    WHERE b.id = $1\n  ","timestamp":"2026-09-25T16:20:29.505Z"}
{"duration":11,"level":"info","message":"db-query","rows":1,"text":"\n    \nSELECT\n  b.id,\n  b.reference_number,\n  b.subsidiary_id,\n  b.booking_type_id,\n  b.booking_status_id,\n  b.journey_type_id,\n  b.account_id,\n  b.customer_id,\n  b.employee_id,\n  b.pickup,\n  b.dropoff,\n  b.pickup_date,\n  b.pickup_time,\n  b.dropoff_date,\n  b.dropoff_time,\n  b.pickup_door_number,\n  b.dropoff_door_number,\n  b.pickup_plot,\n  b.dropoff_plot,\n  b.pickup_location_type_id,\n  b.dropoff_location_type_id,\n  b.pickup_latitude,\n  b.pickup_longitude,\n  b.dropoff_latitude,\n  b.dropoff_longitude,\n  b.viapoints,\n  b.restricted_drivers,\n  b.flight_number,\n  b.arriving_from,\n  b.vehicle_type_id,\n  b.vehicle_id,\n  b.driver_id,\n  b.passengers,\n  b.luggages,\n  b.hand_luggages,\n  b.child_seat,\n  b.name,\n  b.email,\n  b.mobile,\n  b.telephone,\n  b.lead_time,\n  b.notes,\n  b.special_instructions,\n  b.payment_type_id,\n  b.company_price,\n  b.fares,\n  b.total_charges,\n  b.parking_charges,\n  b.waiting_charges,\n  b.extra_drop_charges,\n  b.credit_card_charges,\n  b.congestion_charges,\n  b.miles,\n  b.meet_and_greet,\n  b.department,\n  b.escort_id,\n  b.order_number,\n  b.booked_by,\n  b.add_return_fare,\n  b.fare_meter_status,\n  b.fare_meter,\n  b.quotation,\n  b.quoted,\n  b.dispatch,\n  b.dispatch_as,\n  b.sms,\n  b.emailflag,\n  b.trash,\n  b.hidden,\n  b.multi_booking_id,\n  b.associated_booking,\n  b.invoice_status,\n  b.commission_status,\n  b.commission,\n  b.skipped_bookings,\n  b.permanent,\n  b.toggle_driver_text,\n  b.toggle_passenger_text,\n  b.cancelled_reason,\n  b.booking_source,\n  b.on_route,\n  b.arrived,\n  b.passenger_on_board,\n  b.completed,\n  b.controller_completed,\n  b.driver_waiting_time,\n  b.dispatched_at,\n  b.booked_at,\n  b.stripe_customer_id,\n  b.stripe_payment_id,\n  b.invoice_number,\n  b.initial_subsidiary_id,\n  b.created_at,\n  b.updated_at,\n  b.eta,\n  b.fob,\n  b.future,\n\n  json_build_object(\n    'booking_status', bs.booking_status\n  ) AS booking_status,\n\n  json_build_object(\n    'booking_type', bt.booking_type\n  ) AS booking_type,\n\n  json_build_object(\n    'journey_type', jt.journey_type\n  ) AS journey_type,\n\n  json_build_object(\n    'id', s.id,\n    'name', s.name,\n    'telephone_number', s.telephone_number\n  ) AS subsidiary,\n\n  json_build_object(\n    'name', vt.name,\n    'background_color', vt.background_color,\n    'foreground_color', vt.foreground_color\n  ) AS vehicle_type,\n\n  json_build_object(\n    'id', pt.id,\n    'name', pt.name,\n    'background_color', pt.background_color,\n    'foreground_color', pt.foreground_color\n  ) AS payment_type,\n\n  json_build_object(\n    'id', a.id,\n    'name', a.name,\n    'background_color', a.background_color,\n    'foreground_color', a.foreground_color,\n    'has_vat', a.has_vat,\n    'bank_information', a.bank_information,\n    'fare_controller', a.fare_controller,\n    'account_fees_type', a.account_fees_type,\n    'account_fees', a.account_fees,\n    'account_fees_vat', a.account_fees_vat\n  ) AS account,\n\n  json_build_object(\n    'id', d.id,\n    'username', d.username,\n    'name', d.name,\n    'mobile_device_id', d.mobile_device_id,\n    'phc_vehicle_number', d.phc_vehicle_number,\n    'phc_driver_number', d.phc_driver_number,\n    'vehicle_id', d.vehicle_id,\n    'driver_commission', d.driver_commission,\n    'session_status', d.session_status,\n\n    'vehicle', json_build_object(\n      'make', v.make,\n      'model', v.model,\n      'color', v.color,\n      'vehicle_number', v.vehicle_number\n    )\n  ) AS driver,\n\n  json_build_object(\n    'door_number', c.door_number,\n    'address1', c.address1,\n    'address2', c.address2,\n    'blacklist', c.blacklist\n  ) AS customer,\n\n  json_build_object(\n    'username', e.username,\n    'role_id', e.role_id\n  ) AS employee,\n\n  json_build_object(\n    'pickup',\n    CASE\n      WHEN lp.id IS NOT NULL THEN\n        json_build_object(\n          'id', lp.id,\n          'name', lp.name,\n          'location_type', json_build_object(\n            'id', ltp.id,\n            'name', ltp.name,\n            'background_color', ltp.background_color,\n            'foreground_color', ltp.foreground_color\n          )\n        )\n      ELSE\n        json_build_object(\n          'id', null,\n          'name', null,\n          'location_type', json_build_object(\n            'id', null,\n            'name', null,\n            'background_color', null,\n            'foreground_color', null\n          )\n        )\n    END,\n\n    'dropoff',\n    CASE\n      WHEN ld.id IS NOT NULL THEN\n        json_build_object(\n          'id', ld.id,\n          'name', ld.name,\n          'location_type', json_build_object(\n            'id', ltd.id,\n            'name', ltd.name,\n            'background_color', ltd.background_color,\n            'foreground_color', ltd.foreground_color\n          )\n        )\n      ELSE\n        json_build_object(\n          'id', null,\n          'name', null,\n          'location_type', json_build_object(\n            'id', null,\n            'name', null,\n            'background_color', null,\n            'foreground_color', null\n          )\n        )\n    END\n  ) AS airport\n\nFROM bookings b\n\nLEFT JOIN booking_statuses bs\n  ON b.booking_status_id = bs.id\n\nLEFT JOIN booking_types bt\n  ON b.booking_type_id = bt.id\n\nLEFT JOIN journey_types jt\n  ON b.journey_type_id = jt.id\n\nLEFT JOIN subsidiaries s\n  ON b.subsidiary_id = s.id\n\nLEFT JOIN vehicle_types vt\n  ON b.vehicle_type_id = vt.id\n\nLEFT JOIN payment_types pt\n  ON b.payment_type_id = pt.id\n\nLEFT JOIN accounts a\n  ON b.account_id = a.id\n\nLEFT JOIN drivers d\n  ON b.driver_id = d.id\n\nLEFT JOIN vehicles v\n  ON d.vehicle_id = v.id\n\nLEFT JOIN customers c\n  ON b.customer_id = c.id\n\nLEFT JOIN employees e\n  ON b.employee_id = e.id\n\n\n-- PICKUP LOCATION\n-- Select only the most specific matching location\nLEFT JOIN LATERAL (\n  SELECT l.*\n  FROM locations l\n  WHERE l.location_type_id = 2\n    AND b.pickup ILIKE '%' || l.name || '%'\n  ORDER BY LENGTH(l.name) DESC, l.id ASC\n  LIMIT 1\n) lp ON true\n\n\n-- DROPOFF LOCATION\n-- Select only the most specific matching location\nLEFT JOIN LATERAL (\n  SELECT l.*\n  FROM locations l\n  WHERE l.location_type_id = 2\n    AND b.dropoff ILIKE '%' || l.name || '%'\n  ORDER BY LENGTH(l.name) DESC, l.id ASC\n  LIMIT 1\n) ld ON true\n\n\nLEFT JOIN location_types ltp\n  ON lp.location_type_id = ltp.id\n\nLEFT JOIN location_types ltd\n  ON ld.location_type_id = ltd.id\n\n\n    WHERE b.id = $1\n  ","timestamp":"2026-09-25T16:20:29.516Z"}
{"duration":29,"level":"info","message":"db-query","rows":null,"text":"COMMIT","timestamp":"2026-09-25T16:20:29.554Z"}
{"level":"info","message":"POST /api/bookings/add 200 499.813 ms","timestamp":"2026-09-25T16:20:29.591Z"}
{"duration":49,"level":"info","message":"db-query","rows":null,"text":"BEGIN","timestamp":"2026-09-25T16:20:46.545Z"}
{"duration":6,"level":"info","message":"db-query","rows":1,"text":"\n    SELECT id FROM public.customers \n    WHERE company_id = $1 AND (\n      (mobile IS NOT NULL AND mobile = $2) OR \n      (email IS NOT NULL AND email = $3)\n    )\n    LIMIT 1;\n  ","timestamp":"2026-09-25T16:20:46.551Z"}
{"duration":1,"level":"info","message":"db-query","rows":1,"text":"\n      UPDATE public.customers\n      SET \n        name = COALESCE($1, name),\n        email = COALESCE($2, email),\n        mobile = COALESCE($3, mobile),\n        telephone = COALESCE($4, telephone)\n      WHERE id = $5\n      RETURNING id;\n    ","timestamp":"2026-09-25T16:20:46.557Z"}
{"duration":4,"level":"info","message":"db-query","rows":2,"text":"SELECT * FROM fixed_fares WHERE vehicle_type_id=$1 AND company_id = $2","timestamp":"2026-09-25T16:20:46.562Z"}
{"duration":4,"level":"info","message":"db-query","rows":3,"text":"SELECT * FROM fare_configurations\n       WHERE vehicle_type_id=$1 AND company_id = $2\n       ORDER BY id ASC","timestamp":"2026-09-25T16:20:46.566Z"}
{"duration":3,"level":"info","message":"db-query","rows":3,"text":"\n      SELECT *\n      FROM fare_increments\n      WHERE company_id=$1\n      ORDER BY id DESC\n    ","timestamp":"2026-09-25T16:20:46.570Z"}
{"duration":4,"level":"info","message":"db-query","rows":1,"text":"\n      SELECT *\n      FROM surcharges\n      WHERE company_id=$1\n      AND active=true\n    ","timestamp":"2026-09-25T16:20:46.575Z"}
{"duration":3,"level":"info","message":"db-query","rows":22,"text":"SELECT * FROM locations WHERE location_type_id=2 AND company_id =$1","timestamp":"2026-09-25T16:20:46.579Z"}
{"duration":6,"level":"info","message":"db-query","rows":0,"text":"SELECT reference_number FROM bookings WHERE reference_number = $1 LIMIT 1","timestamp":"2026-09-25T16:20:46.588Z"}
{"duration":2,"level":"info","message":"db-query","rows":0,"text":"SELECT reference_number FROM bookings WHERE reference_number = $1 LIMIT 1","timestamp":"2026-09-25T16:20:46.590Z"}
{"duration":11,"level":"info","message":"db-query","rows":1,"text":"INSERT INTO bookings (reference_number,subsidiary_id,booking_type_id,booking_status_id,journey_type_id,customer_id,employee_id,pickup,dropoff,pickup_date,pickup_time,pickup_door_number,dropoff_door_number,pickup_latitude,pickup_longitude,dropoff_latitude,dropoff_longitude,viapoints,restricted_drivers,vehicle_type_id,passengers,luggages,hand_luggages,child_seat,name,email,mobile,telephone,lead_time,notes,special_instructions,payment_type_id,company_price,fares,total_charges,parking_charges,waiting_charges,extra_drop_charges,credit_card_charges,congestion_charges,miles,meet_and_greet,quotation,quoted,sms,emailflag,commission,skipped_bookings,booking_source,on_route,eta,company_id,booked_at,multi_booking_id)\n               VALUES ($1,$2,$3,$4,$5,$6,$7,$8,$9,$10,$11,$12,$13,$14,$15,$16,$17,$18,$19,$20,$21,$22,$23,$24,$25,$26,$27,$28,$29,$30,$31,$32,$33,$34,$35,$36,$37,$38,$39,$40,$41,$42,$43,$44,$45,$46,$47,$48,$49,$50,$51,$52,$53,$54)\n               RETURNING *;","timestamp":"2026-09-25T16:20:46.602Z"}
{"duration":2,"level":"info","message":"db-query","rows":1,"text":"UPDATE bookings\n     SET multi_booking_id = $1\n     WHERE id = $1","timestamp":"2026-09-25T16:20:46.606Z"}
{"duration":0,"level":"info","message":"db-query","rows":2,"text":"SELECT * FROM fixed_fares WHERE vehicle_type_id=$1 AND company_id = $2","timestamp":"2026-09-25T16:20:46.609Z"}
{"duration":1,"level":"info","message":"db-query","rows":3,"text":"SELECT * FROM fare_configurations\n       WHERE vehicle_type_id=$1 AND company_id = $2\n       ORDER BY id ASC","timestamp":"2026-09-25T16:20:46.610Z"}
{"duration":1,"level":"info","message":"db-query","rows":3,"text":"\n      SELECT *\n      FROM fare_increments\n      WHERE company_id=$1\n      ORDER BY id DESC\n    ","timestamp":"2026-09-25T16:20:46.612Z"}
{"duration":1,"level":"info","message":"db-query","rows":1,"text":"\n      SELECT *\n      FROM surcharges\n      WHERE company_id=$1\n      AND active=true\n    ","timestamp":"2026-09-25T16:20:46.615Z"}
{"duration":1,"level":"info","message":"db-query","rows":22,"text":"SELECT * FROM locations WHERE location_type_id=2 AND company_id =$1","timestamp":"2026-09-25T16:20:46.617Z"}
{"duration":2,"level":"info","message":"db-query","rows":0,"text":"SELECT reference_number FROM bookings WHERE reference_number = $1 LIMIT 1","timestamp":"2026-09-25T16:20:46.624Z"}
{"duration":1,"level":"info","message":"db-query","rows":0,"text":"SELECT reference_number FROM bookings WHERE reference_number = $1 LIMIT 1","timestamp":"2026-09-25T16:20:46.625Z"}
{"duration":2,"level":"info","message":"db-query","rows":1,"text":"INSERT INTO bookings (reference_number,subsidiary_id,booking_type_id,booking_status_id,journey_type_id,customer_id,employee_id,pickup,dropoff,pickup_date,pickup_time,pickup_door_number,dropoff_door_number,pickup_latitude,pickup_longitude,dropoff_latitude,dropoff_longitude,viapoints,restricted_drivers,vehicle_type_id,passengers,luggages,hand_luggages,child_seat,name,email,mobile,telephone,lead_time,notes,special_instructions,payment_type_id,company_price,fares,total_charges,parking_charges,waiting_charges,extra_drop_charges,credit_card_charges,congestion_charges,miles,meet_and_greet,quotation,quoted,sms,emailflag,multi_booking_id,associated_booking,commission,skipped_bookings,booking_source,on_route,eta,company_id,booked_at)\n               VALUES ($1,$2,$3,$4,$5,$6,$7,$8,$9,$10,$11,$12,$13,$14,$15,$16,$17,$18,$19,$20,$21,$22,$23,$24,$25,$26,$27,$28,$29,$30,$31,$32,$33,$34,$35,$36,$37,$38,$39,$40,$41,$42,$43,$44,$45,$46,$47,$48,$49,$50,$51,$52,$53,$54,$55)\n               RETURNING *;","timestamp":"2026-09-25T16:20:46.628Z"}
{"duration":1,"level":"info","message":"db-query","rows":2,"text":"SELECT * FROM fixed_fares WHERE vehicle_type_id=$1 AND company_id = $2","timestamp":"2026-09-25T16:20:46.631Z"}
{"duration":0,"level":"info","message":"db-query","rows":3,"text":"SELECT * FROM fare_configurations\n       WHERE vehicle_type_id=$1 AND company_id = $2\n       ORDER BY id ASC","timestamp":"2026-09-25T16:20:46.632Z"}
{"duration":1,"level":"info","message":"db-query","rows":3,"text":"\n      SELECT *\n      FROM fare_increments\n      WHERE company_id=$1\n      ORDER BY id DESC\n    ","timestamp":"2026-09-25T16:20:46.633Z"}
{"duration":0,"level":"info","message":"db-query","rows":1,"text":"\n      SELECT *\n      FROM surcharges\n      WHERE company_id=$1\n      AND active=true\n    ","timestamp":"2026-09-25T16:20:46.633Z"}
{"duration":1,"level":"info","message":"db-query","rows":22,"text":"SELECT * FROM locations WHERE location_type_id=2 AND company_id =$1","timestamp":"2026-09-25T16:20:46.635Z"}
{"duration":1,"level":"info","message":"db-query","rows":0,"text":"SELECT reference_number FROM bookings WHERE reference_number = $1 LIMIT 1","timestamp":"2026-09-25T16:20:46.641Z"}
{"duration":1,"level":"info","message":"db-query","rows":0,"text":"SELECT reference_number FROM bookings WHERE reference_number = $1 LIMIT 1","timestamp":"2026-09-25T16:20:46.642Z"}
{"duration":2,"level":"info","message":"db-query","rows":1,"text":"INSERT INTO bookings (reference_number,subsidiary_id,booking_type_id,booking_status_id,journey_type_id,customer_id,employee_id,pickup,dropoff,pickup_date,pickup_time,pickup_door_number,dropoff_door_number,pickup_latitude,pickup_longitude,dropoff_latitude,dropoff_longitude,viapoints,restricted_drivers,vehicle_type_id,passengers,luggages,hand_luggages,child_seat,name,email,mobile,telephone,lead_time,notes,special_instructions,payment_type_id,company_price,fares,total_charges,parking_charges,waiting_charges,extra_drop_charges,credit_card_charges,congestion_charges,miles,meet_and_greet,quotation,quoted,sms,emailflag,commission,skipped_bookings,booking_source,on_route,eta,company_id,booked_at,multi_booking_id)\n               VALUES ($1,$2,$3,$4,$5,$6,$7,$8,$9,$10,$11,$12,$13,$14,$15,$16,$17,$18,$19,$20,$21,$22,$23,$24,$25,$26,$27,$28,$29,$30,$31,$32,$33,$34,$35,$36,$37,$38,$39,$40,$41,$42,$43,$44,$45,$46,$47,$48,$49,$50,$51,$52,$53,$54)\n               RETURNING *;","timestamp":"2026-09-25T16:20:46.644Z"}
{"duration":1,"level":"info","message":"db-query","rows":1,"text":"UPDATE bookings\n     SET multi_booking_id = $1\n     WHERE id = $2","timestamp":"2026-09-25T16:20:46.645Z"}
{"duration":0,"level":"info","message":"db-query","rows":2,"text":"SELECT * FROM fixed_fares WHERE vehicle_type_id=$1 AND company_id = $2","timestamp":"2026-09-25T16:20:46.647Z"}
{"duration":0,"level":"info","message":"db-query","rows":3,"text":"SELECT * FROM fare_configurations\n       WHERE vehicle_type_id=$1 AND company_id = $2\n       ORDER BY id ASC","timestamp":"2026-09-25T16:20:46.648Z"}
{"duration":0,"level":"info","message":"db-query","rows":3,"text":"\n      SELECT *\n      FROM fare_increments\n      WHERE company_id=$1\n      ORDER BY id DESC\n    ","timestamp":"2026-09-25T16:20:46.649Z"}
{"duration":0,"level":"info","message":"db-query","rows":1,"text":"\n      SELECT *\n      FROM surcharges\n      WHERE company_id=$1\n      AND active=true\n    ","timestamp":"2026-09-25T16:20:46.650Z"}
{"duration":1,"level":"info","message":"db-query","rows":22,"text":"SELECT * FROM locations WHERE location_type_id=2 AND company_id =$1","timestamp":"2026-09-25T16:20:46.652Z"}
{"duration":1,"level":"info","message":"db-query","rows":0,"text":"SELECT reference_number FROM bookings WHERE reference_number = $1 LIMIT 1","timestamp":"2026-09-25T16:20:46.660Z"}
{"duration":1,"level":"info","message":"db-query","rows":0,"text":"SELECT reference_number FROM bookings WHERE reference_number = $1 LIMIT 1","timestamp":"2026-09-25T16:20:46.661Z"}
{"duration":2,"level":"info","message":"db-query","rows":1,"text":"INSERT INTO bookings (reference_number,subsidiary_id,booking_type_id,booking_status_id,journey_type_id,customer_id,employee_id,pickup,dropoff,pickup_date,pickup_time,pickup_door_number,dropoff_door_number,pickup_latitude,pickup_longitude,dropoff_latitude,dropoff_longitude,viapoints,restricted_drivers,vehicle_type_id,passengers,luggages,hand_luggages,child_seat,name,email,mobile,telephone,lead_time,notes,special_instructions,payment_type_id,company_price,fares,total_charges,parking_charges,waiting_charges,extra_drop_charges,credit_card_charges,congestion_charges,miles,meet_and_greet,quotation,quoted,sms,emailflag,multi_booking_id,associated_booking,commission,skipped_bookings,booking_source,on_route,eta,company_id,booked_at)\n               VALUES ($1,$2,$3,$4,$5,$6,$7,$8,$9,$10,$11,$12,$13,$14,$15,$16,$17,$18,$19,$20,$21,$22,$23,$24,$25,$26,$27,$28,$29,$30,$31,$32,$33,$34,$35,$36,$37,$38,$39,$40,$41,$42,$43,$44,$45,$46,$47,$48,$49,$50,$51,$52,$53,$54,$55)\n               RETURNING *;","timestamp":"2026-09-25T16:20:46.663Z"}
{"duration":1,"level":"info","message":"db-query","rows":2,"text":"SELECT * FROM fixed_fares WHERE vehicle_type_id=$1 AND company_id = $2","timestamp":"2026-09-25T16:20:46.665Z"}
{"duration":1,"level":"info","message":"db-query","rows":3,"text":"SELECT * FROM fare_configurations\n       WHERE vehicle_type_id=$1 AND company_id = $2\n       ORDER BY id ASC","timestamp":"2026-09-25T16:20:46.666Z"}
{"duration":1,"level":"info","message":"db-query","rows":3,"text":"\n      SELECT *\n      FROM fare_increments\n      WHERE company_id=$1\n      ORDER BY id DESC\n    ","timestamp":"2026-09-25T16:20:46.668Z"}
{"duration":1,"level":"info","message":"db-query","rows":1,"text":"\n      SELECT *\n      FROM surcharges\n      WHERE company_id=$1\n      AND active=true\n    ","timestamp":"2026-09-25T16:20:46.670Z"}
{"duration":1,"level":"info","message":"db-query","rows":22,"text":"SELECT * FROM locations WHERE location_type_id=2 AND company_id =$1","timestamp":"2026-09-25T16:20:46.673Z"}
{"duration":1,"level":"info","message":"db-query","rows":0,"text":"SELECT reference_number FROM bookings WHERE reference_number = $1 LIMIT 1","timestamp":"2026-09-25T16:20:46.677Z"}
{"duration":0,"level":"info","message":"db-query","rows":0,"text":"SELECT reference_number FROM bookings WHERE reference_number = $1 LIMIT 1","timestamp":"2026-09-25T16:20:46.678Z"}
{"duration":1,"level":"info","message":"db-query","rows":1,"text":"INSERT INTO bookings (reference_number,subsidiary_id,booking_type_id,booking_status_id,journey_type_id,customer_id,employee_id,pickup,dropoff,pickup_date,pickup_time,pickup_door_number,dropoff_door_number,pickup_latitude,pickup_longitude,dropoff_latitude,dropoff_longitude,viapoints,restricted_drivers,vehicle_type_id,passengers,luggages,hand_luggages,child_seat,name,email,mobile,telephone,lead_time,notes,special_instructions,payment_type_id,company_price,fares,total_charges,parking_charges,waiting_charges,extra_drop_charges,credit_card_charges,congestion_charges,miles,meet_and_greet,quotation,quoted,sms,emailflag,commission,skipped_bookings,booking_source,on_route,eta,company_id,booked_at,multi_booking_id)\n               VALUES ($1,$2,$3,$4,$5,$6,$7,$8,$9,$10,$11,$12,$13,$14,$15,$16,$17,$18,$19,$20,$21,$22,$23,$24,$25,$26,$27,$28,$29,$30,$31,$32,$33,$34,$35,$36,$37,$38,$39,$40,$41,$42,$43,$44,$45,$46,$47,$48,$49,$50,$51,$52,$53,$54)\n               RETURNING *;","timestamp":"2026-09-25T16:20:46.680Z"}
{"duration":1,"level":"info","message":"db-query","rows":1,"text":"UPDATE bookings\n     SET multi_booking_id = $1\n     WHERE id = $2","timestamp":"2026-09-25T16:20:46.681Z"}
{"duration":1,"level":"info","message":"db-query","rows":2,"text":"SELECT * FROM fixed_fares WHERE vehicle_type_id=$1 AND company_id = $2","timestamp":"2026-09-25T16:20:46.683Z"}
{"duration":1,"level":"info","message":"db-query","rows":3,"text":"SELECT * FROM fare_configurations\n       WHERE vehicle_type_id=$1 AND company_id = $2\n       ORDER BY id ASC","timestamp":"2026-09-25T16:20:46.684Z"}
{"duration":1,"level":"info","message":"db-query","rows":3,"text":"\n      SELECT *\n      FROM fare_increments\n      WHERE company_id=$1\n      ORDER BY id DESC\n    ","timestamp":"2026-09-25T16:20:46.686Z"}
{"duration":1,"level":"info","message":"db-query","rows":1,"text":"\n      SELECT *\n      FROM surcharges\n      WHERE company_id=$1\n      AND active=true\n    ","timestamp":"2026-09-25T16:20:46.687Z"}
{"duration":1,"level":"info","message":"db-query","rows":22,"text":"SELECT * FROM locations WHERE location_type_id=2 AND company_id =$1","timestamp":"2026-09-25T16:20:46.690Z"}
{"duration":1,"level":"info","message":"db-query","rows":0,"text":"SELECT reference_number FROM bookings WHERE reference_number = $1 LIMIT 1","timestamp":"2026-09-25T16:20:46.693Z"}
{"duration":0,"level":"info","message":"db-query","rows":0,"text":"SELECT reference_number FROM bookings WHERE reference_number = $1 LIMIT 1","timestamp":"2026-09-25T16:20:46.694Z"}
{"duration":1,"level":"info","message":"db-query","rows":1,"text":"INSERT INTO bookings (reference_number,subsidiary_id,booking_type_id,booking_status_id,journey_type_id,customer_id,employee_id,pickup,dropoff,pickup_date,pickup_time,pickup_door_number,dropoff_door_number,pickup_latitude,pickup_longitude,dropoff_latitude,dropoff_longitude,viapoints,restricted_drivers,vehicle_type_id,passengers,luggages,hand_luggages,child_seat,name,email,mobile,telephone,lead_time,notes,special_instructions,payment_type_id,company_price,fares,total_charges,parking_charges,waiting_charges,extra_drop_charges,credit_card_charges,congestion_charges,miles,meet_and_greet,quotation,quoted,sms,emailflag,multi_booking_id,associated_booking,commission,skipped_bookings,booking_source,on_route,eta,company_id,booked_at)\n               VALUES ($1,$2,$3,$4,$5,$6,$7,$8,$9,$10,$11,$12,$13,$14,$15,$16,$17,$18,$19,$20,$21,$22,$23,$24,$25,$26,$27,$28,$29,$30,$31,$32,$33,$34,$35,$36,$37,$38,$39,$40,$41,$42,$43,$44,$45,$46,$47,$48,$49,$50,$51,$52,$53,$54,$55)\n               RETURNING *;","timestamp":"2026-09-25T16:20:46.696Z"}
{"duration":1,"level":"info","message":"db-query","rows":2,"text":"SELECT * FROM fixed_fares WHERE vehicle_type_id=$1 AND company_id = $2","timestamp":"2026-09-25T16:20:46.698Z"}
{"duration":1,"level":"info","message":"db-query","rows":3,"text":"SELECT * FROM fare_configurations\n       WHERE vehicle_type_id=$1 AND company_id = $2\n       ORDER BY id ASC","timestamp":"2026-09-25T16:20:46.699Z"}
{"duration":1,"level":"info","message":"db-query","rows":3,"text":"\n      SELECT *\n      FROM fare_increments\n      WHERE company_id=$1\n      ORDER BY id DESC\n    ","timestamp":"2026-09-25T16:20:46.700Z"}
{"duration":1,"level":"info","message":"db-query","rows":1,"text":"\n      SELECT *\n      FROM surcharges\n      WHERE company_id=$1\n      AND active=true\n    ","timestamp":"2026-09-25T16:20:46.701Z"}
{"duration":1,"level":"info","message":"db-query","rows":22,"text":"SELECT * FROM locations WHERE location_type_id=2 AND company_id =$1","timestamp":"2026-09-25T16:20:46.703Z"}
{"duration":2,"level":"info","message":"db-query","rows":0,"text":"SELECT reference_number FROM bookings WHERE reference_number = $1 LIMIT 1","timestamp":"2026-09-25T16:20:46.708Z"}
{"duration":1,"level":"info","message":"db-query","rows":0,"text":"SELECT reference_number FROM bookings WHERE reference_number = $1 LIMIT 1","timestamp":"2026-09-25T16:20:46.709Z"}
{"duration":1,"level":"info","message":"db-query","rows":1,"text":"INSERT INTO bookings (reference_number,subsidiary_id,booking_type_id,booking_status_id,journey_type_id,customer_id,employee_id,pickup,dropoff,pickup_date,pickup_time,pickup_door_number,dropoff_door_number,pickup_latitude,pickup_longitude,dropoff_latitude,dropoff_longitude,viapoints,restricted_drivers,vehicle_type_id,passengers,luggages,hand_luggages,child_seat,name,email,mobile,telephone,lead_time,notes,special_instructions,payment_type_id,company_price,fares,total_charges,parking_charges,waiting_charges,extra_drop_charges,credit_card_charges,congestion_charges,miles,meet_and_greet,quotation,quoted,sms,emailflag,commission,skipped_bookings,booking_source,on_route,eta,company_id,booked_at,multi_booking_id)\n               VALUES ($1,$2,$3,$4,$5,$6,$7,$8,$9,$10,$11,$12,$13,$14,$15,$16,$17,$18,$19,$20,$21,$22,$23,$24,$25,$26,$27,$28,$29,$30,$31,$32,$33,$34,$35,$36,$37,$38,$39,$40,$41,$42,$43,$44,$45,$46,$47,$48,$49,$50,$51,$52,$53,$54)\n               RETURNING *;","timestamp":"2026-09-25T16:20:46.710Z"}
{"duration":1,"level":"info","message":"db-query","rows":1,"text":"UPDATE bookings\n     SET multi_booking_id = $1\n     WHERE id = $2","timestamp":"2026-09-25T16:20:46.712Z"}
{"duration":0,"level":"info","message":"db-query","rows":2,"text":"SELECT * FROM fixed_fares WHERE vehicle_type_id=$1 AND company_id = $2","timestamp":"2026-09-25T16:20:46.713Z"}
{"duration":0,"level":"info","message":"db-query","rows":3,"text":"SELECT * FROM fare_configurations\n       WHERE vehicle_type_id=$1 AND company_id = $2\n       ORDER BY id ASC","timestamp":"2026-09-25T16:20:46.714Z"}
{"duration":0,"level":"info","message":"db-query","rows":3,"text":"\n      SELECT *\n      FROM fare_increments\n      WHERE company_id=$1\n      ORDER BY id DESC\n    ","timestamp":"2026-09-25T16:20:46.715Z"}
{"duration":1,"level":"info","message":"db-query","rows":1,"text":"\n      SELECT *\n      FROM surcharges\n      WHERE company_id=$1\n      AND active=true\n    ","timestamp":"2026-09-25T16:20:46.716Z"}
{"duration":0,"level":"info","message":"db-query","rows":22,"text":"SELECT * FROM locations WHERE location_type_id=2 AND company_id =$1","timestamp":"2026-09-25T16:20:46.717Z"}
{"duration":2,"level":"info","message":"db-query","rows":0,"text":"SELECT reference_number FROM bookings WHERE reference_number = $1 LIMIT 1","timestamp":"2026-09-25T16:20:46.724Z"}
{"duration":0,"level":"info","message":"db-query","rows":0,"text":"SELECT reference_number FROM bookings WHERE reference_number = $1 LIMIT 1","timestamp":"2026-09-25T16:20:46.725Z"}
{"duration":2,"level":"info","message":"db-query","rows":1,"text":"INSERT INTO bookings (reference_number,subsidiary_id,booking_type_id,booking_status_id,journey_type_id,customer_id,employee_id,pickup,dropoff,pickup_date,pickup_time,pickup_door_number,dropoff_door_number,pickup_latitude,pickup_longitude,dropoff_latitude,dropoff_longitude,viapoints,restricted_drivers,vehicle_type_id,passengers,luggages,hand_luggages,child_seat,name,email,mobile,telephone,lead_time,notes,special_instructions,payment_type_id,company_price,fares,total_charges,parking_charges,waiting_charges,extra_drop_charges,credit_card_charges,congestion_charges,miles,meet_and_greet,quotation,quoted,sms,emailflag,multi_booking_id,associated_booking,commission,skipped_bookings,booking_source,on_route,eta,company_id,booked_at)\n               VALUES ($1,$2,$3,$4,$5,$6,$7,$8,$9,$10,$11,$12,$13,$14,$15,$16,$17,$18,$19,$20,$21,$22,$23,$24,$25,$26,$27,$28,$29,$30,$31,$32,$33,$34,$35,$36,$37,$38,$39,$40,$41,$42,$43,$44,$45,$46,$47,$48,$49,$50,$51,$52,$53,$54,$55)\n               RETURNING *;","timestamp":"2026-09-25T16:20:46.728Z"}
{"duration":0,"level":"info","message":"db-query","rows":2,"text":"SELECT * FROM fixed_fares WHERE vehicle_type_id=$1 AND company_id = $2","timestamp":"2026-09-25T16:20:46.729Z"}
{"duration":0,"level":"info","message":"db-query","rows":3,"text":"SELECT * FROM fare_configurations\n       WHERE vehicle_type_id=$1 AND company_id = $2\n       ORDER BY id ASC","timestamp":"2026-09-25T16:20:46.730Z"}
{"duration":1,"level":"info","message":"db-query","rows":3,"text":"\n      SELECT *\n      FROM fare_increments\n      WHERE company_id=$1\n      ORDER BY id DESC\n    ","timestamp":"2026-09-25T16:20:46.732Z"}
{"duration":1,"level":"info","message":"db-query","rows":1,"text":"\n      SELECT *\n      FROM surcharges\n      WHERE company_id=$1\n      AND active=true\n    ","timestamp":"2026-09-25T16:20:46.733Z"}
{"duration":1,"level":"info","message":"db-query","rows":22,"text":"SELECT * FROM locations WHERE location_type_id=2 AND company_id =$1","timestamp":"2026-09-25T16:20:46.734Z"}
{"duration":1,"level":"info","message":"db-query","rows":0,"text":"SELECT reference_number FROM bookings WHERE reference_number = $1 LIMIT 1","timestamp":"2026-09-25T16:20:46.739Z"}
{"duration":1,"level":"info","message":"db-query","rows":0,"text":"SELECT reference_number FROM bookings WHERE reference_number = $1 LIMIT 1","timestamp":"2026-09-25T16:20:46.741Z"}
{"duration":2,"level":"info","message":"db-query","rows":1,"text":"INSERT INTO bookings (reference_number,subsidiary_id,booking_type_id,booking_status_id,journey_type_id,customer_id,employee_id,pickup,dropoff,pickup_date,pickup_time,pickup_door_number,dropoff_door_number,pickup_latitude,pickup_longitude,dropoff_latitude,dropoff_longitude,viapoints,restricted_drivers,vehicle_type_id,passengers,luggages,hand_luggages,child_seat,name,email,mobile,telephone,lead_time,notes,special_instructions,payment_type_id,company_price,fares,total_charges,parking_charges,waiting_charges,extra_drop_charges,credit_card_charges,congestion_charges,miles,meet_and_greet,quotation,quoted,sms,emailflag,commission,skipped_bookings,booking_source,on_route,eta,company_id,booked_at,multi_booking_id)\n               VALUES ($1,$2,$3,$4,$5,$6,$7,$8,$9,$10,$11,$12,$13,$14,$15,$16,$17,$18,$19,$20,$21,$22,$23,$24,$25,$26,$27,$28,$29,$30,$31,$32,$33,$34,$35,$36,$37,$38,$39,$40,$41,$42,$43,$44,$45,$46,$47,$48,$49,$50,$51,$52,$53,$54)\n               RETURNING *;","timestamp":"2026-09-25T16:20:46.743Z"}
{"duration":1,"level":"info","message":"db-query","rows":1,"text":"UPDATE bookings\n     SET multi_booking_id = $1\n     WHERE id = $2","timestamp":"2026-09-25T16:20:46.744Z"}
{"duration":0,"level":"info","message":"db-query","rows":2,"text":"SELECT * FROM fixed_fares WHERE vehicle_type_id=$1 AND company_id = $2","timestamp":"2026-09-25T16:20:46.745Z"}
{"duration":0,"level":"info","message":"db-query","rows":3,"text":"SELECT * FROM fare_configurations\n       WHERE vehicle_type_id=$1 AND company_id = $2\n       ORDER BY id ASC","timestamp":"2026-09-25T16:20:46.746Z"}
{"duration":0,"level":"info","message":"db-query","rows":3,"text":"\n      SELECT *\n      FROM fare_increments\n      WHERE company_id=$1\n      ORDER BY id DESC\n    ","timestamp":"2026-09-25T16:20:46.747Z"}
{"duration":1,"level":"info","message":"db-query","rows":1,"text":"\n      SELECT *\n      FROM surcharges\n      WHERE company_id=$1\n      AND active=true\n    ","timestamp":"2026-09-25T16:20:46.748Z"}
{"duration":1,"level":"info","message":"db-query","rows":22,"text":"SELECT * FROM locations WHERE location_type_id=2 AND company_id =$1","timestamp":"2026-09-25T16:20:46.749Z"}
{"duration":1,"level":"info","message":"db-query","rows":0,"text":"SELECT reference_number FROM bookings WHERE reference_number = $1 LIMIT 1","timestamp":"2026-09-25T16:20:46.761Z"}
{"duration":0,"level":"info","message":"db-query","rows":0,"text":"SELECT reference_number FROM bookings WHERE reference_number = $1 LIMIT 1","timestamp":"2026-09-25T16:20:46.761Z"}
{"duration":1,"level":"info","message":"db-query","rows":1,"text":"INSERT INTO bookings (reference_number,subsidiary_id,booking_type_id,booking_status_id,journey_type_id,customer_id,employee_id,pickup,dropoff,pickup_date,pickup_time,pickup_door_number,dropoff_door_number,pickup_latitude,pickup_longitude,dropoff_latitude,dropoff_longitude,viapoints,restricted_drivers,vehicle_type_id,passengers,luggages,hand_luggages,child_seat,name,email,mobile,telephone,lead_time,notes,special_instructions,payment_type_id,company_price,fares,total_charges,parking_charges,waiting_charges,extra_drop_charges,credit_card_charges,congestion_charges,miles,meet_and_greet,quotation,quoted,sms,emailflag,multi_booking_id,associated_booking,commission,skipped_bookings,booking_source,on_route,eta,company_id,booked_at)\n               VALUES ($1,$2,$3,$4,$5,$6,$7,$8,$9,$10,$11,$12,$13,$14,$15,$16,$17,$18,$19,$20,$21,$22,$23,$24,$25,$26,$27,$28,$29,$30,$31,$32,$33,$34,$35,$36,$37,$38,$39,$40,$41,$42,$43,$44,$45,$46,$47,$48,$49,$50,$51,$52,$53,$54,$55)\n               RETURNING *;","timestamp":"2026-09-25T16:20:46.763Z"}
{"duration":24,"level":"info","message":"db-query","rows":1,"text":"\n    \nSELECT\n  b.id,\n  b.reference_number,\n  b.subsidiary_id,\n  b.booking_type_id,\n  b.booking_status_id,\n  b.journey_type_id,\n  b.account_id,\n  b.customer_id,\n  b.employee_id,\n  b.pickup,\n  b.dropoff,\n  b.pickup_date,\n  b.pickup_time,\n  b.dropoff_date,\n  b.dropoff_time,\n  b.pickup_door_number,\n  b.dropoff_door_number,\n  b.pickup_plot,\n  b.dropoff_plot,\n  b.pickup_location_type_id,\n  b.dropoff_location_type_id,\n  b.pickup_latitude,\n  b.pickup_longitude,\n  b.dropoff_latitude,\n  b.dropoff_longitude,\n  b.viapoints,\n  b.restricted_drivers,\n  b.flight_number,\n  b.arriving_from,\n  b.vehicle_type_id,\n  b.vehicle_id,\n  b.driver_id,\n  b.passengers,\n  b.luggages,\n  b.hand_luggages,\n  b.child_seat,\n  b.name,\n  b.email,\n  b.mobile,\n  b.telephone,\n  b.lead_time,\n  b.notes,\n  b.special_instructions,\n  b.payment_type_id,\n  b.company_price,\n  b.fares,\n  b.total_charges,\n  b.parking_charges,\n  b.waiting_charges,\n  b.extra_drop_charges,\n  b.credit_card_charges,\n  b.congestion_charges,\n  b.miles,\n  b.meet_and_greet,\n  b.department,\n  b.escort_id,\n  b.order_number,\n  b.booked_by,\n  b.add_return_fare,\n  b.fare_meter_status,\n  b.fare_meter,\n  b.quotation,\n  b.quoted,\n  b.dispatch,\n  b.dispatch_as,\n  b.sms,\n  b.emailflag,\n  b.trash,\n  b.hidden,\n  b.multi_booking_id,\n  b.associated_booking,\n  b.invoice_status,\n  b.commission_status,\n  b.commission,\n  b.skipped_bookings,\n  b.permanent,\n  b.toggle_driver_text,\n  b.toggle_passenger_text,\n  b.cancelled_reason,\n  b.booking_source,\n  b.on_route,\n  b.arrived,\n  b.passenger_on_board,\n  b.completed,\n  b.controller_completed,\n  b.driver_waiting_time,\n  b.dispatched_at,\n  b.booked_at,\n  b.stripe_customer_id,\n  b.stripe_payment_id,\n  b.invoice_number,\n  b.initial_subsidiary_id,\n  b.created_at,\n  b.updated_at,\n  b.eta,\n  b.fob,\n  b.future,\n\n  json_build_object(\n    'booking_status', bs.booking_status\n  ) AS booking_status,\n\n  json_build_object(\n    'booking_type', bt.booking_type\n  ) AS booking_type,\n\n  json_build_object(\n    'journey_type', jt.journey_type\n  ) AS journey_type,\n\n  json_build_object(\n    'id', s.id,\n    'name', s.name,\n    'telephone_number', s.telephone_number\n  ) AS subsidiary,\n\n  json_build_object(\n    'name', vt.name,\n    'background_color', vt.background_color,\n    'foreground_color', vt.foreground_color\n  ) AS vehicle_type,\n\n  json_build_object(\n    'id', pt.id,\n    'name', pt.name,\n    'background_color', pt.background_color,\n    'foreground_color', pt.foreground_color\n  ) AS payment_type,\n\n  json_build_object(\n    'id', a.id,\n    'name', a.name,\n    'background_color', a.background_color,\n    'foreground_color', a.foreground_color,\n    'has_vat', a.has_vat,\n    'bank_information', a.bank_information,\n    'fare_controller', a.fare_controller,\n    'account_fees_type', a.account_fees_type,\n    'account_fees', a.account_fees,\n    'account_fees_vat', a.account_fees_vat\n  ) AS account,\n\n  json_build_object(\n    'id', d.id,\n    'username', d.username,\n    'name', d.name,\n    'mobile_device_id', d.mobile_device_id,\n    'phc_vehicle_number', d.phc_vehicle_number,\n    'phc_driver_number', d.phc_driver_number,\n    'vehicle_id', d.vehicle_id,\n    'driver_commission', d.driver_commission,\n    'session_status', d.session_status,\n\n    'vehicle', json_build_object(\n      'make', v.make,\n      'model', v.model,\n      'color', v.color,\n      'vehicle_number', v.vehicle_number\n    )\n  ) AS driver,\n\n  json_build_object(\n    'door_number', c.door_number,\n    'address1', c.address1,\n    'address2', c.address2,\n    'blacklist', c.blacklist\n  ) AS customer,\n\n  json_build_object(\n    'username', e.username,\n    'role_id', e.role_id\n  ) AS employee,\n\n  json_build_object(\n    'pickup',\n    CASE\n      WHEN lp.id IS NOT NULL THEN\n        json_build_object(\n          'id', lp.id,\n          'name', lp.name,\n          'location_type', json_build_object(\n            'id', ltp.id,\n            'name', ltp.name,\n            'background_color', ltp.background_color,\n            'foreground_color', ltp.foreground_color\n          )\n        )\n      ELSE\n        json_build_object(\n          'id', null,\n          'name', null,\n          'location_type', json_build_object(\n            'id', null,\n            'name', null,\n            'background_color', null,\n            'foreground_color', null\n          )\n        )\n    END,\n\n    'dropoff',\n    CASE\n      WHEN ld.id IS NOT NULL THEN\n        json_build_object(\n          'id', ld.id,\n          'name', ld.name,\n          'location_type', json_build_object(\n            'id', ltd.id,\n            'name', ltd.name,\n            'background_color', ltd.background_color,\n            'foreground_color', ltd.foreground_color\n          )\n        )\n      ELSE\n        json_build_object(\n          'id', null,\n          'name', null,\n          'location_type', json_build_object(\n            'id', null,\n            'name', null,\n            'background_color', null,\n            'foreground_color', null\n          )\n        )\n    END\n  ) AS airport\n\nFROM bookings b\n\nLEFT JOIN booking_statuses bs\n  ON b.booking_status_id = bs.id\n\nLEFT JOIN booking_types bt\n  ON b.booking_type_id = bt.id\n\nLEFT JOIN journey_types jt\n  ON b.journey_type_id = jt.id\n\nLEFT JOIN subsidiaries s\n  ON b.subsidiary_id = s.id\n\nLEFT JOIN vehicle_types vt\n  ON b.vehicle_type_id = vt.id\n\nLEFT JOIN payment_types pt\n  ON b.payment_type_id = pt.id\n\nLEFT JOIN accounts a\n  ON b.account_id = a.id\n\nLEFT JOIN drivers d\n  ON b.driver_id = d.id\n\nLEFT JOIN vehicles v\n  ON d.vehicle_id = v.id\n\nLEFT JOIN customers c\n  ON b.customer_id = c.id\n\nLEFT JOIN employees e\n  ON b.employee_id = e.id\n\n\n-- PICKUP LOCATION\n-- Select only the most specific matching location\nLEFT JOIN LATERAL (\n  SELECT l.*\n  FROM locations l\n  WHERE l.location_type_id = 2\n    AND b.pickup ILIKE '%' || l.name || '%'\n  ORDER BY LENGTH(l.name) DESC, l.id ASC\n  LIMIT 1\n) lp ON true\n\n\n-- DROPOFF LOCATION\n-- Select only the most specific matching location\nLEFT JOIN LATERAL (\n  SELECT l.*\n  FROM locations l\n  WHERE l.location_type_id = 2\n    AND b.dropoff ILIKE '%' || l.name || '%'\n  ORDER BY LENGTH(l.name) DESC, l.id ASC\n  LIMIT 1\n) ld ON true\n\n\nLEFT JOIN location_types ltp\n  ON lp.location_type_id = ltp.id\n\nLEFT JOIN location_types ltd\n  ON ld.location_type_id = ltd.id\n\n\n    WHERE b.id = $1\n  ","timestamp":"2026-09-25T16:20:46.787Z"}
{"duration":10,"level":"info","message":"db-query","rows":1,"text":"\n    \nSELECT\n  b.id,\n  b.reference_number,\n  b.subsidiary_id,\n  b.booking_type_id,\n  b.booking_status_id,\n  b.journey_type_id,\n  b.account_id,\n  b.customer_id,\n  b.employee_id,\n  b.pickup,\n  b.dropoff,\n  b.pickup_date,\n  b.pickup_time,\n  b.dropoff_date,\n  b.dropoff_time,\n  b.pickup_door_number,\n  b.dropoff_door_number,\n  b.pickup_plot,\n  b.dropoff_plot,\n  b.pickup_location_type_id,\n  b.dropoff_location_type_id,\n  b.pickup_latitude,\n  b.pickup_longitude,\n  b.dropoff_latitude,\n  b.dropoff_longitude,\n  b.viapoints,\n  b.restricted_drivers,\n  b.flight_number,\n  b.arriving_from,\n  b.vehicle_type_id,\n  b.vehicle_id,\n  b.driver_id,\n  b.passengers,\n  b.luggages,\n  b.hand_luggages,\n  b.child_seat,\n  b.name,\n  b.email,\n  b.mobile,\n  b.telephone,\n  b.lead_time,\n  b.notes,\n  b.special_instructions,\n  b.payment_type_id,\n  b.company_price,\n  b.fares,\n  b.total_charges,\n  b.parking_charges,\n  b.waiting_charges,\n  b.extra_drop_charges,\n  b.credit_card_charges,\n  b.congestion_charges,\n  b.miles,\n  b.meet_and_greet,\n  b.department,\n  b.escort_id,\n  b.order_number,\n  b.booked_by,\n  b.add_return_fare,\n  b.fare_meter_status,\n  b.fare_meter,\n  b.quotation,\n  b.quoted,\n  b.dispatch,\n  b.dispatch_as,\n  b.sms,\n  b.emailflag,\n  b.trash,\n  b.hidden,\n  b.multi_booking_id,\n  b.associated_booking,\n  b.invoice_status,\n  b.commission_status,\n  b.commission,\n  b.skipped_bookings,\n  b.permanent,\n  b.toggle_driver_text,\n  b.toggle_passenger_text,\n  b.cancelled_reason,\n  b.booking_source,\n  b.on_route,\n  b.arrived,\n  b.passenger_on_board,\n  b.completed,\n  b.controller_completed,\n  b.driver_waiting_time,\n  b.dispatched_at,\n  b.booked_at,\n  b.stripe_customer_id,\n  b.stripe_payment_id,\n  b.invoice_number,\n  b.initial_subsidiary_id,\n  b.created_at,\n  b.updated_at,\n  b.eta,\n  b.fob,\n  b.future,\n\n  json_build_object(\n    'booking_status', bs.booking_status\n  ) AS booking_status,\n\n  json_build_object(\n    'booking_type', bt.booking_type\n  ) AS booking_type,\n\n  json_build_object(\n    'journey_type', jt.journey_type\n  ) AS journey_type,\n\n  json_build_object(\n    'id', s.id,\n    'name', s.name,\n    'telephone_number', s.telephone_number\n  ) AS subsidiary,\n\n  json_build_object(\n    'name', vt.name,\n    'background_color', vt.background_color,\n    'foreground_color', vt.foreground_color\n  ) AS vehicle_type,\n\n  json_build_object(\n    'id', pt.id,\n    'name', pt.name,\n    'background_color', pt.background_color,\n    'foreground_color', pt.foreground_color\n  ) AS payment_type,\n\n  json_build_object(\n    'id', a.id,\n    'name', a.name,\n    'background_color', a.background_color,\n    'foreground_color', a.foreground_color,\n    'has_vat', a.has_vat,\n    'bank_information', a.bank_information,\n    'fare_controller', a.fare_controller,\n    'account_fees_type', a.account_fees_type,\n    'account_fees', a.account_fees,\n    'account_fees_vat', a.account_fees_vat\n  ) AS account,\n\n  json_build_object(\n    'id', d.id,\n    'username', d.username,\n    'name', d.name,\n    'mobile_device_id', d.mobile_device_id,\n    'phc_vehicle_number', d.phc_vehicle_number,\n    'phc_driver_number', d.phc_driver_number,\n    'vehicle_id', d.vehicle_id,\n    'driver_commission', d.driver_commission,\n    'session_status', d.session_status,\n\n    'vehicle', json_build_object(\n      'make', v.make,\n      'model', v.model,\n      'color', v.color,\n      'vehicle_number', v.vehicle_number\n    )\n  ) AS driver,\n\n  json_build_object(\n    'door_number', c.door_number,\n    'address1', c.address1,\n    'address2', c.address2,\n    'blacklist', c.blacklist\n  ) AS customer,\n\n  json_build_object(\n    'username', e.username,\n    'role_id', e.role_id\n  ) AS employee,\n\n  json_build_object(\n    'pickup',\n    CASE\n      WHEN lp.id IS NOT NULL THEN\n        json_build_object(\n          'id', lp.id,\n          'name', lp.name,\n          'location_type', json_build_object(\n            'id', ltp.id,\n            'name', ltp.name,\n            'background_color', ltp.background_color,\n            'foreground_color', ltp.foreground_color\n          )\n        )\n      ELSE\n        json_build_object(\n          'id', null,\n          'name', null,\n          'location_type', json_build_object(\n            'id', null,\n            'name', null,\n            'background_color', null,\n            'foreground_color', null\n          )\n        )\n    END,\n\n    'dropoff',\n    CASE\n      WHEN ld.id IS NOT NULL THEN\n        json_build_object(\n          'id', ld.id,\n          'name', ld.name,\n          'location_type', json_build_object(\n            'id', ltd.id,\n            'name', ltd.name,\n            'background_color', ltd.background_color,\n            'foreground_color', ltd.foreground_color\n          )\n        )\n      ELSE\n        json_build_object(\n          'id', null,\n          'name', null,\n          'location_type', json_build_object(\n            'id', null,\n            'name', null,\n            'background_color', null,\n            'foreground_color', null\n          )\n        )\n    END\n  ) AS airport\n\nFROM bookings b\n\nLEFT JOIN booking_statuses bs\n  ON b.booking_status_id = bs.id\n\nLEFT JOIN booking_types bt\n  ON b.booking_type_id = bt.id\n\nLEFT JOIN journey_types jt\n  ON b.journey_type_id = jt.id\n\nLEFT JOIN subsidiaries s\n  ON b.subsidiary_id = s.id\n\nLEFT JOIN vehicle_types vt\n  ON b.vehicle_type_id = vt.id\n\nLEFT JOIN payment_types pt\n  ON b.payment_type_id = pt.id\n\nLEFT JOIN accounts a\n  ON b.account_id = a.id\n\nLEFT JOIN drivers d\n  ON b.driver_id = d.id\n\nLEFT JOIN vehicles v\n  ON d.vehicle_id = v.id\n\nLEFT JOIN customers c\n  ON b.customer_id = c.id\n\nLEFT JOIN employees e\n  ON b.employee_id = e.id\n\n\n-- PICKUP LOCATION\n-- Select only the most specific matching location\nLEFT JOIN LATERAL (\n  SELECT l.*\n  FROM locations l\n  WHERE l.location_type_id = 2\n    AND b.pickup ILIKE '%' || l.name || '%'\n  ORDER BY LENGTH(l.name) DESC, l.id ASC\n  LIMIT 1\n) lp ON true\n\n\n-- DROPOFF LOCATION\n-- Select only the most specific matching location\nLEFT JOIN LATERAL (\n  SELECT l.*\n  FROM locations l\n  WHERE l.location_type_id = 2\n    AND b.dropoff ILIKE '%' || l.name || '%'\n  ORDER BY LENGTH(l.name) DESC, l.id ASC\n  LIMIT 1\n) ld ON true\n\n\nLEFT JOIN location_types ltp\n  ON lp.location_type_id = ltp.id\n\nLEFT JOIN location_types ltd\n  ON ld.location_type_id = ltd.id\n\n\n    WHERE b.id = $1\n  ","timestamp":"2026-09-25T16:20:46.798Z"}
{"duration":11,"level":"info","message":"db-query","rows":1,"text":"\n    \nSELECT\n  b.id,\n  b.reference_number,\n  b.subsidiary_id,\n  b.booking_type_id,\n  b.booking_status_id,\n  b.journey_type_id,\n  b.account_id,\n  b.customer_id,\n  b.employee_id,\n  b.pickup,\n  b.dropoff,\n  b.pickup_date,\n  b.pickup_time,\n  b.dropoff_date,\n  b.dropoff_time,\n  b.pickup_door_number,\n  b.dropoff_door_number,\n  b.pickup_plot,\n  b.dropoff_plot,\n  b.pickup_location_type_id,\n  b.dropoff_location_type_id,\n  b.pickup_latitude,\n  b.pickup_longitude,\n  b.dropoff_latitude,\n  b.dropoff_longitude,\n  b.viapoints,\n  b.restricted_drivers,\n  b.flight_number,\n  b.arriving_from,\n  b.vehicle_type_id,\n  b.vehicle_id,\n  b.driver_id,\n  b.passengers,\n  b.luggages,\n  b.hand_luggages,\n  b.child_seat,\n  b.name,\n  b.email,\n  b.mobile,\n  b.telephone,\n  b.lead_time,\n  b.notes,\n  b.special_instructions,\n  b.payment_type_id,\n  b.company_price,\n  b.fares,\n  b.total_charges,\n  b.parking_charges,\n  b.waiting_charges,\n  b.extra_drop_charges,\n  b.credit_card_charges,\n  b.congestion_charges,\n  b.miles,\n  b.meet_and_greet,\n  b.department,\n  b.escort_id,\n  b.order_number,\n  b.booked_by,\n  b.add_return_fare,\n  b.fare_meter_status,\n  b.fare_meter,\n  b.quotation,\n  b.quoted,\n  b.dispatch,\n  b.dispatch_as,\n  b.sms,\n  b.emailflag,\n  b.trash,\n  b.hidden,\n  b.multi_booking_id,\n  b.associated_booking,\n  b.invoice_status,\n  b.commission_status,\n  b.commission,\n  b.skipped_bookings,\n  b.permanent,\n  b.toggle_driver_text,\n  b.toggle_passenger_text,\n  b.cancelled_reason,\n  b.booking_source,\n  b.on_route,\n  b.arrived,\n  b.passenger_on_board,\n  b.completed,\n  b.controller_completed,\n  b.driver_waiting_time,\n  b.dispatched_at,\n  b.booked_at,\n  b.stripe_customer_id,\n  b.stripe_payment_id,\n  b.invoice_number,\n  b.initial_subsidiary_id,\n  b.created_at,\n  b.updated_at,\n  b.eta,\n  b.fob,\n  b.future,\n\n  json_build_object(\n    'booking_status', bs.booking_status\n  ) AS booking_status,\n\n  json_build_object(\n    'booking_type', bt.booking_type\n  ) AS booking_type,\n\n  json_build_object(\n    'journey_type', jt.journey_type\n  ) AS journey_type,\n\n  json_build_object(\n    'id', s.id,\n    'name', s.name,\n    'telephone_number', s.telephone_number\n  ) AS subsidiary,\n\n  json_build_object(\n    'name', vt.name,\n    'background_color', vt.background_color,\n    'foreground_color', vt.foreground_color\n  ) AS vehicle_type,\n\n  json_build_object(\n    'id', pt.id,\n    'name', pt.name,\n    'background_color', pt.background_color,\n    'foreground_color', pt.foreground_color\n  ) AS payment_type,\n\n  json_build_object(\n    'id', a.id,\n    'name', a.name,\n    'background_color', a.background_color,\n    'foreground_color', a.foreground_color,\n    'has_vat', a.has_vat,\n    'bank_information', a.bank_information,\n    'fare_controller', a.fare_controller,\n    'account_fees_type', a.account_fees_type,\n    'account_fees', a.account_fees,\n    'account_fees_vat', a.account_fees_vat\n  ) AS account,\n\n  json_build_object(\n    'id', d.id,\n    'username', d.username,\n    'name', d.name,\n    'mobile_device_id', d.mobile_device_id,\n    'phc_vehicle_number', d.phc_vehicle_number,\n    'phc_driver_number', d.phc_driver_number,\n    'vehicle_id', d.vehicle_id,\n    'driver_commission', d.driver_commission,\n    'session_status', d.session_status,\n\n    'vehicle', json_build_object(\n      'make', v.make,\n      'model', v.model,\n      'color', v.color,\n      'vehicle_number', v.vehicle_number\n    )\n  ) AS driver,\n\n  json_build_object(\n    'door_number', c.door_number,\n    'address1', c.address1,\n    'address2', c.address2,\n    'blacklist', c.blacklist\n  ) AS customer,\n\n  json_build_object(\n    'username', e.username,\n    'role_id', e.role_id\n  ) AS employee,\n\n  json_build_object(\n    'pickup',\n    CASE\n      WHEN lp.id IS NOT NULL THEN\n        json_build_object(\n          'id', lp.id,\n          'name', lp.name,\n          'location_type', json_build_object(\n            'id', ltp.id,\n            'name', ltp.name,\n            'background_color', ltp.background_color,\n            'foreground_color', ltp.foreground_color\n          )\n        )\n      ELSE\n        json_build_object(\n          'id', null,\n          'name', null,\n          'location_type', json_build_object(\n            'id', null,\n            'name', null,\n            'background_color', null,\n            'foreground_color', null\n          )\n        )\n    END,\n\n    'dropoff',\n    CASE\n      WHEN ld.id IS NOT NULL THEN\n        json_build_object(\n          'id', ld.id,\n          'name', ld.name,\n          'location_type', json_build_object(\n            'id', ltd.id,\n            'name', ltd.name,\n            'background_color', ltd.background_color,\n            'foreground_color', ltd.foreground_color\n          )\n        )\n      ELSE\n        json_build_object(\n          'id', null,\n          'name', null,\n          'location_type', json_build_object(\n            'id', null,\n            'name', null,\n            'background_color', null,\n            'foreground_color', null\n          )\n        )\n    END\n  ) AS airport\n\nFROM bookings b\n\nLEFT JOIN booking_statuses bs\n  ON b.booking_status_id = bs.id\n\nLEFT JOIN booking_types bt\n  ON b.booking_type_id = bt.id\n\nLEFT JOIN journey_types jt\n  ON b.journey_type_id = jt.id\n\nLEFT JOIN subsidiaries s\n  ON b.subsidiary_id = s.id\n\nLEFT JOIN vehicle_types vt\n  ON b.vehicle_type_id = vt.id\n\nLEFT JOIN payment_types pt\n  ON b.payment_type_id = pt.id\n\nLEFT JOIN accounts a\n  ON b.account_id = a.id\n\nLEFT JOIN drivers d\n  ON b.driver_id = d.id\n\nLEFT JOIN vehicles v\n  ON d.vehicle_id = v.id\n\nLEFT JOIN customers c\n  ON b.customer_id = c.id\n\nLEFT JOIN employees e\n  ON b.employee_id = e.id\n\n\n-- PICKUP LOCATION\n-- Select only the most specific matching location\nLEFT JOIN LATERAL (\n  SELECT l.*\n  FROM locations l\n  WHERE l.location_type_id = 2\n    AND b.pickup ILIKE '%' || l.name || '%'\n  ORDER BY LENGTH(l.name) DESC, l.id ASC\n  LIMIT 1\n) lp ON true\n\n\n-- DROPOFF LOCATION\n-- Select only the most specific matching location\nLEFT JOIN LATERAL (\n  SELECT l.*\n  FROM locations l\n  WHERE l.location_type_id = 2\n    AND b.dropoff ILIKE '%' || l.name || '%'\n  ORDER BY LENGTH(l.name) DESC, l.id ASC\n  LIMIT 1\n) ld ON true\n\n\nLEFT JOIN location_types ltp\n  ON lp.location_type_id = ltp.id\n\nLEFT JOIN location_types ltd\n  ON ld.location_type_id = ltd.id\n\n\n    WHERE b.id = $1\n  ","timestamp":"2026-09-25T16:20:46.809Z"}
{"duration":12,"level":"info","message":"db-query","rows":1,"text":"\n    \nSELECT\n  b.id,\n  b.reference_number,\n  b.subsidiary_id,\n  b.booking_type_id,\n  b.booking_status_id,\n  b.journey_type_id,\n  b.account_id,\n  b.customer_id,\n  b.employee_id,\n  b.pickup,\n  b.dropoff,\n  b.pickup_date,\n  b.pickup_time,\n  b.dropoff_date,\n  b.dropoff_time,\n  b.pickup_door_number,\n  b.dropoff_door_number,\n  b.pickup_plot,\n  b.dropoff_plot,\n  b.pickup_location_type_id,\n  b.dropoff_location_type_id,\n  b.pickup_latitude,\n  b.pickup_longitude,\n  b.dropoff_latitude,\n  b.dropoff_longitude,\n  b.viapoints,\n  b.restricted_drivers,\n  b.flight_number,\n  b.arriving_from,\n  b.vehicle_type_id,\n  b.vehicle_id,\n  b.driver_id,\n  b.passengers,\n  b.luggages,\n  b.hand_luggages,\n  b.child_seat,\n  b.name,\n  b.email,\n  b.mobile,\n  b.telephone,\n  b.lead_time,\n  b.notes,\n  b.special_instructions,\n  b.payment_type_id,\n  b.company_price,\n  b.fares,\n  b.total_charges,\n  b.parking_charges,\n  b.waiting_charges,\n  b.extra_drop_charges,\n  b.credit_card_charges,\n  b.congestion_charges,\n  b.miles,\n  b.meet_and_greet,\n  b.department,\n  b.escort_id,\n  b.order_number,\n  b.booked_by,\n  b.add_return_fare,\n  b.fare_meter_status,\n  b.fare_meter,\n  b.quotation,\n  b.quoted,\n  b.dispatch,\n  b.dispatch_as,\n  b.sms,\n  b.emailflag,\n  b.trash,\n  b.hidden,\n  b.multi_booking_id,\n  b.associated_booking,\n  b.invoice_status,\n  b.commission_status,\n  b.commission,\n  b.skipped_bookings,\n  b.permanent,\n  b.toggle_driver_text,\n  b.toggle_passenger_text,\n  b.cancelled_reason,\n  b.booking_source,\n  b.on_route,\n  b.arrived,\n  b.passenger_on_board,\n  b.completed,\n  b.controller_completed,\n  b.driver_waiting_time,\n  b.dispatched_at,\n  b.booked_at,\n  b.stripe_customer_id,\n  b.stripe_payment_id,\n  b.invoice_number,\n  b.initial_subsidiary_id,\n  b.created_at,\n  b.updated_at,\n  b.eta,\n  b.fob,\n  b.future,\n\n  json_build_object(\n    'booking_status', bs.booking_status\n  ) AS booking_status,\n\n  json_build_object(\n    'booking_type', bt.booking_type\n  ) AS booking_type,\n\n  json_build_object(\n    'journey_type', jt.journey_type\n  ) AS journey_type,\n\n  json_build_object(\n    'id', s.id,\n    'name', s.name,\n    'telephone_number', s.telephone_number\n  ) AS subsidiary,\n\n  json_build_object(\n    'name', vt.name,\n    'background_color', vt.background_color,\n    'foreground_color', vt.foreground_color\n  ) AS vehicle_type,\n\n  json_build_object(\n    'id', pt.id,\n    'name', pt.name,\n    'background_color', pt.background_color,\n    'foreground_color', pt.foreground_color\n  ) AS payment_type,\n\n  json_build_object(\n    'id', a.id,\n    'name', a.name,\n    'background_color', a.background_color,\n    'foreground_color', a.foreground_color,\n    'has_vat', a.has_vat,\n    'bank_information', a.bank_information,\n    'fare_controller', a.fare_controller,\n    'account_fees_type', a.account_fees_type,\n    'account_fees', a.account_fees,\n    'account_fees_vat', a.account_fees_vat\n  ) AS account,\n\n  json_build_object(\n    'id', d.id,\n    'username', d.username,\n    'name', d.name,\n    'mobile_device_id', d.mobile_device_id,\n    'phc_vehicle_number', d.phc_vehicle_number,\n    'phc_driver_number', d.phc_driver_number,\n    'vehicle_id', d.vehicle_id,\n    'driver_commission', d.driver_commission,\n    'session_status', d.session_status,\n\n    'vehicle', json_build_object(\n      'make', v.make,\n      'model', v.model,\n      'color', v.color,\n      'vehicle_number', v.vehicle_number\n    )\n  ) AS driver,\n\n  json_build_object(\n    'door_number', c.door_number,\n    'address1', c.address1,\n    'address2', c.address2,\n    'blacklist', c.blacklist\n  ) AS customer,\n\n  json_build_object(\n    'username', e.username,\n    'role_id', e.role_id\n  ) AS employee,\n\n  json_build_object(\n    'pickup',\n    CASE\n      WHEN lp.id IS NOT NULL THEN\n        json_build_object(\n          'id', lp.id,\n          'name', lp.name,\n          'location_type', json_build_object(\n            'id', ltp.id,\n            'name', ltp.name,\n            'background_color', ltp.background_color,\n            'foreground_color', ltp.foreground_color\n          )\n        )\n      ELSE\n        json_build_object(\n          'id', null,\n          'name', null,\n          'location_type', json_build_object(\n            'id', null,\n            'name', null,\n            'background_color', null,\n            'foreground_color', null\n          )\n        )\n    END,\n\n    'dropoff',\n    CASE\n      WHEN ld.id IS NOT NULL THEN\n        json_build_object(\n          'id', ld.id,\n          'name', ld.name,\n          'location_type', json_build_object(\n            'id', ltd.id,\n            'name', ltd.name,\n            'background_color', ltd.background_color,\n            'foreground_color', ltd.foreground_color\n          )\n        )\n      ELSE\n        json_build_object(\n          'id', null,\n          'name', null,\n          'location_type', json_build_object(\n            'id', null,\n            'name', null,\n            'background_color', null,\n            'foreground_color', null\n          )\n        )\n    END\n  ) AS airport\n\nFROM bookings b\n\nLEFT JOIN booking_statuses bs\n  ON b.booking_status_id = bs.id\n\nLEFT JOIN booking_types bt\n  ON b.booking_type_id = bt.id\n\nLEFT JOIN journey_types jt\n  ON b.journey_type_id = jt.id\n\nLEFT JOIN subsidiaries s\n  ON b.subsidiary_id = s.id\n\nLEFT JOIN vehicle_types vt\n  ON b.vehicle_type_id = vt.id\n\nLEFT JOIN payment_types pt\n  ON b.payment_type_id = pt.id\n\nLEFT JOIN accounts a\n  ON b.account_id = a.id\n\nLEFT JOIN drivers d\n  ON b.driver_id = d.id\n\nLEFT JOIN vehicles v\n  ON d.vehicle_id = v.id\n\nLEFT JOIN customers c\n  ON b.customer_id = c.id\n\nLEFT JOIN employees e\n  ON b.employee_id = e.id\n\n\n-- PICKUP LOCATION\n-- Select only the most specific matching location\nLEFT JOIN LATERAL (\n  SELECT l.*\n  FROM locations l\n  WHERE l.location_type_id = 2\n    AND b.pickup ILIKE '%' || l.name || '%'\n  ORDER BY LENGTH(l.name) DESC, l.id ASC\n  LIMIT 1\n) lp ON true\n\n\n-- DROPOFF LOCATION\n-- Select only the most specific matching location\nLEFT JOIN LATERAL (\n  SELECT l.*\n  FROM locations l\n  WHERE l.location_type_id = 2\n    AND b.dropoff ILIKE '%' || l.name || '%'\n  ORDER BY LENGTH(l.name) DESC, l.id ASC\n  LIMIT 1\n) ld ON true\n\n\nLEFT JOIN location_types ltp\n  ON lp.location_type_id = ltp.id\n\nLEFT JOIN location_types ltd\n  ON ld.location_type_id = ltd.id\n\n\n    WHERE b.id = $1\n  ","timestamp":"2026-09-25T16:20:46.822Z"}
{"duration":9,"level":"info","message":"db-query","rows":1,"text":"\n    \nSELECT\n  b.id,\n  b.reference_number,\n  b.subsidiary_id,\n  b.booking_type_id,\n  b.booking_status_id,\n  b.journey_type_id,\n  b.account_id,\n  b.customer_id,\n  b.employee_id,\n  b.pickup,\n  b.dropoff,\n  b.pickup_date,\n  b.pickup_time,\n  b.dropoff_date,\n  b.dropoff_time,\n  b.pickup_door_number,\n  b.dropoff_door_number,\n  b.pickup_plot,\n  b.dropoff_plot,\n  b.pickup_location_type_id,\n  b.dropoff_location_type_id,\n  b.pickup_latitude,\n  b.pickup_longitude,\n  b.dropoff_latitude,\n  b.dropoff_longitude,\n  b.viapoints,\n  b.restricted_drivers,\n  b.flight_number,\n  b.arriving_from,\n  b.vehicle_type_id,\n  b.vehicle_id,\n  b.driver_id,\n  b.passengers,\n  b.luggages,\n  b.hand_luggages,\n  b.child_seat,\n  b.name,\n  b.email,\n  b.mobile,\n  b.telephone,\n  b.lead_time,\n  b.notes,\n  b.special_instructions,\n  b.payment_type_id,\n  b.company_price,\n  b.fares,\n  b.total_charges,\n  b.parking_charges,\n  b.waiting_charges,\n  b.extra_drop_charges,\n  b.credit_card_charges,\n  b.congestion_charges,\n  b.miles,\n  b.meet_and_greet,\n  b.department,\n  b.escort_id,\n  b.order_number,\n  b.booked_by,\n  b.add_return_fare,\n  b.fare_meter_status,\n  b.fare_meter,\n  b.quotation,\n  b.quoted,\n  b.dispatch,\n  b.dispatch_as,\n  b.sms,\n  b.emailflag,\n  b.trash,\n  b.hidden,\n  b.multi_booking_id,\n  b.associated_booking,\n  b.invoice_status,\n  b.commission_status,\n  b.commission,\n  b.skipped_bookings,\n  b.permanent,\n  b.toggle_driver_text,\n  b.toggle_passenger_text,\n  b.cancelled_reason,\n  b.booking_source,\n  b.on_route,\n  b.arrived,\n  b.passenger_on_board,\n  b.completed,\n  b.controller_completed,\n  b.driver_waiting_time,\n  b.dispatched_at,\n  b.booked_at,\n  b.stripe_customer_id,\n  b.stripe_payment_id,\n  b.invoice_number,\n  b.initial_subsidiary_id,\n  b.created_at,\n  b.updated_at,\n  b.eta,\n  b.fob,\n  b.future,\n\n  json_build_object(\n    'booking_status', bs.booking_status\n  ) AS booking_status,\n\n  json_build_object(\n    'booking_type', bt.booking_type\n  ) AS booking_type,\n\n  json_build_object(\n    'journey_type', jt.journey_type\n  ) AS journey_type,\n\n  json_build_object(\n    'id', s.id,\n    'name', s.name,\n    'telephone_number', s.telephone_number\n  ) AS subsidiary,\n\n  json_build_object(\n    'name', vt.name,\n    'background_color', vt.background_color,\n    'foreground_color', vt.foreground_color\n  ) AS vehicle_type,\n\n  json_build_object(\n    'id', pt.id,\n    'name', pt.name,\n    'background_color', pt.background_color,\n    'foreground_color', pt.foreground_color\n  ) AS payment_type,\n\n  json_build_object(\n    'id', a.id,\n    'name', a.name,\n    'background_color', a.background_color,\n    'foreground_color', a.foreground_color,\n    'has_vat', a.has_vat,\n    'bank_information', a.bank_information,\n    'fare_controller', a.fare_controller,\n    'account_fees_type', a.account_fees_type,\n    'account_fees', a.account_fees,\n    'account_fees_vat', a.account_fees_vat\n  ) AS account,\n\n  json_build_object(\n    'id', d.id,\n    'username', d.username,\n    'name', d.name,\n    'mobile_device_id', d.mobile_device_id,\n    'phc_vehicle_number', d.phc_vehicle_number,\n    'phc_driver_number', d.phc_driver_number,\n    'vehicle_id', d.vehicle_id,\n    'driver_commission', d.driver_commission,\n    'session_status', d.session_status,\n\n    'vehicle', json_build_object(\n      'make', v.make,\n      'model', v.model,\n      'color', v.color,\n      'vehicle_number', v.vehicle_number\n    )\n  ) AS driver,\n\n  json_build_object(\n    'door_number', c.door_number,\n    'address1', c.address1,\n    'address2', c.address2,\n    'blacklist', c.blacklist\n  ) AS customer,\n\n  json_build_object(\n    'username', e.username,\n    'role_id', e.role_id\n  ) AS employee,\n\n  json_build_object(\n    'pickup',\n    CASE\n      WHEN lp.id IS NOT NULL THEN\n        json_build_object(\n          'id', lp.id,\n          'name', lp.name,\n          'location_type', json_build_object(\n            'id', ltp.id,\n            'name', ltp.name,\n            'background_color', ltp.background_color,\n            'foreground_color', ltp.foreground_color\n          )\n        )\n      ELSE\n        json_build_object(\n          'id', null,\n          'name', null,\n          'location_type', json_build_object(\n            'id', null,\n            'name', null,\n            'background_color', null,\n            'foreground_color', null\n          )\n        )\n    END,\n\n    'dropoff',\n    CASE\n      WHEN ld.id IS NOT NULL THEN\n        json_build_object(\n          'id', ld.id,\n          'name', ld.name,\n          'location_type', json_build_object(\n            'id', ltd.id,\n            'name', ltd.name,\n            'background_color', ltd.background_color,\n            'foreground_color', ltd.foreground_color\n          )\n        )\n      ELSE\n        json_build_object(\n          'id', null,\n          'name', null,\n          'location_type', json_build_object(\n            'id', null,\n            'name', null,\n            'background_color', null,\n            'foreground_color', null\n          )\n        )\n    END\n  ) AS airport\n\nFROM bookings b\n\nLEFT JOIN booking_statuses bs\n  ON b.booking_status_id = bs.id\n\nLEFT JOIN booking_types bt\n  ON b.booking_type_id = bt.id\n\nLEFT JOIN journey_types jt\n  ON b.journey_type_id = jt.id\n\nLEFT JOIN subsidiaries s\n  ON b.subsidiary_id = s.id\n\nLEFT JOIN vehicle_types vt\n  ON b.vehicle_type_id = vt.id\n\nLEFT JOIN payment_types pt\n  ON b.payment_type_id = pt.id\n\nLEFT JOIN accounts a\n  ON b.account_id = a.id\n\nLEFT JOIN drivers d\n  ON b.driver_id = d.id\n\nLEFT JOIN vehicles v\n  ON d.vehicle_id = v.id\n\nLEFT JOIN customers c\n  ON b.customer_id = c.id\n\nLEFT JOIN employees e\n  ON b.employee_id = e.id\n\n\n-- PICKUP LOCATION\n-- Select only the most specific matching location\nLEFT JOIN LATERAL (\n  SELECT l.*\n  FROM locations l\n  WHERE l.location_type_id = 2\n    AND b.pickup ILIKE '%' || l.name || '%'\n  ORDER BY LENGTH(l.name) DESC, l.id ASC\n  LIMIT 1\n) lp ON true\n\n\n-- DROPOFF LOCATION\n-- Select only the most specific matching location\nLEFT JOIN LATERAL (\n  SELECT l.*\n  FROM locations l\n  WHERE l.location_type_id = 2\n    AND b.dropoff ILIKE '%' || l.name || '%'\n  ORDER BY LENGTH(l.name) DESC, l.id ASC\n  LIMIT 1\n) ld ON true\n\n\nLEFT JOIN location_types ltp\n  ON lp.location_type_id = ltp.id\n\nLEFT JOIN location_types ltd\n  ON ld.location_type_id = ltd.id\n\n\n    WHERE b.id = $1\n  ","timestamp":"2026-09-25T16:20:46.832Z"}
{"duration":13,"level":"info","message":"db-query","rows":1,"text":"\n    \nSELECT\n  b.id,\n  b.reference_number,\n  b.subsidiary_id,\n  b.booking_type_id,\n  b.booking_status_id,\n  b.journey_type_id,\n  b.account_id,\n  b.customer_id,\n  b.employee_id,\n  b.pickup,\n  b.dropoff,\n  b.pickup_date,\n  b.pickup_time,\n  b.dropoff_date,\n  b.dropoff_time,\n  b.pickup_door_number,\n  b.dropoff_door_number,\n  b.pickup_plot,\n  b.dropoff_plot,\n  b.pickup_location_type_id,\n  b.dropoff_location_type_id,\n  b.pickup_latitude,\n  b.pickup_longitude,\n  b.dropoff_latitude,\n  b.dropoff_longitude,\n  b.viapoints,\n  b.restricted_drivers,\n  b.flight_number,\n  b.arriving_from,\n  b.vehicle_type_id,\n  b.vehicle_id,\n  b.driver_id,\n  b.passengers,\n  b.luggages,\n  b.hand_luggages,\n  b.child_seat,\n  b.name,\n  b.email,\n  b.mobile,\n  b.telephone,\n  b.lead_time,\n  b.notes,\n  b.special_instructions,\n  b.payment_type_id,\n  b.company_price,\n  b.fares,\n  b.total_charges,\n  b.parking_charges,\n  b.waiting_charges,\n  b.extra_drop_charges,\n  b.credit_card_charges,\n  b.congestion_charges,\n  b.miles,\n  b.meet_and_greet,\n  b.department,\n  b.escort_id,\n  b.order_number,\n  b.booked_by,\n  b.add_return_fare,\n  b.fare_meter_status,\n  b.fare_meter,\n  b.quotation,\n  b.quoted,\n  b.dispatch,\n  b.dispatch_as,\n  b.sms,\n  b.emailflag,\n  b.trash,\n  b.hidden,\n  b.multi_booking_id,\n  b.associated_booking,\n  b.invoice_status,\n  b.commission_status,\n  b.commission,\n  b.skipped_bookings,\n  b.permanent,\n  b.toggle_driver_text,\n  b.toggle_passenger_text,\n  b.cancelled_reason,\n  b.booking_source,\n  b.on_route,\n  b.arrived,\n  b.passenger_on_board,\n  b.completed,\n  b.controller_completed,\n  b.driver_waiting_time,\n  b.dispatched_at,\n  b.booked_at,\n  b.stripe_customer_id,\n  b.stripe_payment_id,\n  b.invoice_number,\n  b.initial_subsidiary_id,\n  b.created_at,\n  b.updated_at,\n  b.eta,\n  b.fob,\n  b.future,\n\n  json_build_object(\n    'booking_status', bs.booking_status\n  ) AS booking_status,\n\n  json_build_object(\n    'booking_type', bt.booking_type\n  ) AS booking_type,\n\n  json_build_object(\n    'journey_type', jt.journey_type\n  ) AS journey_type,\n\n  json_build_object(\n    'id', s.id,\n    'name', s.name,\n    'telephone_number', s.telephone_number\n  ) AS subsidiary,\n\n  json_build_object(\n    'name', vt.name,\n    'background_color', vt.background_color,\n    'foreground_color', vt.foreground_color\n  ) AS vehicle_type,\n\n  json_build_object(\n    'id', pt.id,\n    'name', pt.name,\n    'background_color', pt.background_color,\n    'foreground_color', pt.foreground_color\n  ) AS payment_type,\n\n  json_build_object(\n    'id', a.id,\n    'name', a.name,\n    'background_color', a.background_color,\n    'foreground_color', a.foreground_color,\n    'has_vat', a.has_vat,\n    'bank_information', a.bank_information,\n    'fare_controller', a.fare_controller,\n    'account_fees_type', a.account_fees_type,\n    'account_fees', a.account_fees,\n    'account_fees_vat', a.account_fees_vat\n  ) AS account,\n\n  json_build_object(\n    'id', d.id,\n    'username', d.username,\n    'name', d.name,\n    'mobile_device_id', d.mobile_device_id,\n    'phc_vehicle_number', d.phc_vehicle_number,\n    'phc_driver_number', d.phc_driver_number,\n    'vehicle_id', d.vehicle_id,\n    'driver_commission', d.driver_commission,\n    'session_status', d.session_status,\n\n    'vehicle', json_build_object(\n      'make', v.make,\n      'model', v.model,\n      'color', v.color,\n      'vehicle_number', v.vehicle_number\n    )\n  ) AS driver,\n\n  json_build_object(\n    'door_number', c.door_number,\n    'address1', c.address1,\n    'address2', c.address2,\n    'blacklist', c.blacklist\n  ) AS customer,\n\n  json_build_object(\n    'username', e.username,\n    'role_id', e.role_id\n  ) AS employee,\n\n  json_build_object(\n    'pickup',\n    CASE\n      WHEN lp.id IS NOT NULL THEN\n        json_build_object(\n          'id', lp.id,\n          'name', lp.name,\n          'location_type', json_build_object(\n            'id', ltp.id,\n            'name', ltp.name,\n            'background_color', ltp.background_color,\n            'foreground_color', ltp.foreground_color\n          )\n        )\n      ELSE\n        json_build_object(\n          'id', null,\n          'name', null,\n          'location_type', json_build_object(\n            'id', null,\n            'name', null,\n            'background_color', null,\n            'foreground_color', null\n          )\n        )\n    END,\n\n    'dropoff',\n    CASE\n      WHEN ld.id IS NOT NULL THEN\n        json_build_object(\n          'id', ld.id,\n          'name', ld.name,\n          'location_type', json_build_object(\n            'id', ltd.id,\n            'name', ltd.name,\n            'background_color', ltd.background_color,\n            'foreground_color', ltd.foreground_color\n          )\n        )\n      ELSE\n        json_build_object(\n          'id', null,\n          'name', null,\n          'location_type', json_build_object(\n            'id', null,\n            'name', null,\n            'background_color', null,\n            'foreground_color', null\n          )\n        )\n    END\n  ) AS airport\n\nFROM bookings b\n\nLEFT JOIN booking_statuses bs\n  ON b.booking_status_id = bs.id\n\nLEFT JOIN booking_types bt\n  ON b.booking_type_id = bt.id\n\nLEFT JOIN journey_types jt\n  ON b.journey_type_id = jt.id\n\nLEFT JOIN subsidiaries s\n  ON b.subsidiary_id = s.id\n\nLEFT JOIN vehicle_types vt\n  ON b.vehicle_type_id = vt.id\n\nLEFT JOIN payment_types pt\n  ON b.payment_type_id = pt.id\n\nLEFT JOIN accounts a\n  ON b.account_id = a.id\n\nLEFT JOIN drivers d\n  ON b.driver_id = d.id\n\nLEFT JOIN vehicles v\n  ON d.vehicle_id = v.id\n\nLEFT JOIN customers c\n  ON b.customer_id = c.id\n\nLEFT JOIN employees e\n  ON b.employee_id = e.id\n\n\n-- PICKUP LOCATION\n-- Select only the most specific matching location\nLEFT JOIN LATERAL (\n  SELECT l.*\n  FROM locations l\n  WHERE l.location_type_id = 2\n    AND b.pickup ILIKE '%' || l.name || '%'\n  ORDER BY LENGTH(l.name) DESC, l.id ASC\n  LIMIT 1\n) lp ON true\n\n\n-- DROPOFF LOCATION\n-- Select only the most specific matching location\nLEFT JOIN LATERAL (\n  SELECT l.*\n  FROM locations l\n  WHERE l.location_type_id = 2\n    AND b.dropoff ILIKE '%' || l.name || '%'\n  ORDER BY LENGTH(l.name) DESC, l.id ASC\n  LIMIT 1\n) ld ON true\n\n\nLEFT JOIN location_types ltp\n  ON lp.location_type_id = ltp.id\n\nLEFT JOIN location_types ltd\n  ON ld.location_type_id = ltd.id\n\n\n    WHERE b.id = $1\n  ","timestamp":"2026-09-25T16:20:46.846Z"}
{"duration":12,"level":"info","message":"db-query","rows":1,"text":"\n    \nSELECT\n  b.id,\n  b.reference_number,\n  b.subsidiary_id,\n  b.booking_type_id,\n  b.booking_status_id,\n  b.journey_type_id,\n  b.account_id,\n  b.customer_id,\n  b.employee_id,\n  b.pickup,\n  b.dropoff,\n  b.pickup_date,\n  b.pickup_time,\n  b.dropoff_date,\n  b.dropoff_time,\n  b.pickup_door_number,\n  b.dropoff_door_number,\n  b.pickup_plot,\n  b.dropoff_plot,\n  b.pickup_location_type_id,\n  b.dropoff_location_type_id,\n  b.pickup_latitude,\n  b.pickup_longitude,\n  b.dropoff_latitude,\n  b.dropoff_longitude,\n  b.viapoints,\n  b.restricted_drivers,\n  b.flight_number,\n  b.arriving_from,\n  b.vehicle_type_id,\n  b.vehicle_id,\n  b.driver_id,\n  b.passengers,\n  b.luggages,\n  b.hand_luggages,\n  b.child_seat,\n  b.name,\n  b.email,\n  b.mobile,\n  b.telephone,\n  b.lead_time,\n  b.notes,\n  b.special_instructions,\n  b.payment_type_id,\n  b.company_price,\n  b.fares,\n  b.total_charges,\n  b.parking_charges,\n  b.waiting_charges,\n  b.extra_drop_charges,\n  b.credit_card_charges,\n  b.congestion_charges,\n  b.miles,\n  b.meet_and_greet,\n  b.department,\n  b.escort_id,\n  b.order_number,\n  b.booked_by,\n  b.add_return_fare,\n  b.fare_meter_status,\n  b.fare_meter,\n  b.quotation,\n  b.quoted,\n  b.dispatch,\n  b.dispatch_as,\n  b.sms,\n  b.emailflag,\n  b.trash,\n  b.hidden,\n  b.multi_booking_id,\n  b.associated_booking,\n  b.invoice_status,\n  b.commission_status,\n  b.commission,\n  b.skipped_bookings,\n  b.permanent,\n  b.toggle_driver_text,\n  b.toggle_passenger_text,\n  b.cancelled_reason,\n  b.booking_source,\n  b.on_route,\n  b.arrived,\n  b.passenger_on_board,\n  b.completed,\n  b.controller_completed,\n  b.driver_waiting_time,\n  b.dispatched_at,\n  b.booked_at,\n  b.stripe_customer_id,\n  b.stripe_payment_id,\n  b.invoice_number,\n  b.initial_subsidiary_id,\n  b.created_at,\n  b.updated_at,\n  b.eta,\n  b.fob,\n  b.future,\n\n  json_build_object(\n    'booking_status', bs.booking_status\n  ) AS booking_status,\n\n  json_build_object(\n    'booking_type', bt.booking_type\n  ) AS booking_type,\n\n  json_build_object(\n    'journey_type', jt.journey_type\n  ) AS journey_type,\n\n  json_build_object(\n    'id', s.id,\n    'name', s.name,\n    'telephone_number', s.telephone_number\n  ) AS subsidiary,\n\n  json_build_object(\n    'name', vt.name,\n    'background_color', vt.background_color,\n    'foreground_color', vt.foreground_color\n  ) AS vehicle_type,\n\n  json_build_object(\n    'id', pt.id,\n    'name', pt.name,\n    'background_color', pt.background_color,\n    'foreground_color', pt.foreground_color\n  ) AS payment_type,\n\n  json_build_object(\n    'id', a.id,\n    'name', a.name,\n    'background_color', a.background_color,\n    'foreground_color', a.foreground_color,\n    'has_vat', a.has_vat,\n    'bank_information', a.bank_information,\n    'fare_controller', a.fare_controller,\n    'account_fees_type', a.account_fees_type,\n    'account_fees', a.account_fees,\n    'account_fees_vat', a.account_fees_vat\n  ) AS account,\n\n  json_build_object(\n    'id', d.id,\n    'username', d.username,\n    'name', d.name,\n    'mobile_device_id', d.mobile_device_id,\n    'phc_vehicle_number', d.phc_vehicle_number,\n    'phc_driver_number', d.phc_driver_number,\n    'vehicle_id', d.vehicle_id,\n    'driver_commission', d.driver_commission,\n    'session_status', d.session_status,\n\n    'vehicle', json_build_object(\n      'make', v.make,\n      'model', v.model,\n      'color', v.color,\n      'vehicle_number', v.vehicle_number\n    )\n  ) AS driver,\n\n  json_build_object(\n    'door_number', c.door_number,\n    'address1', c.address1,\n    'address2', c.address2,\n    'blacklist', c.blacklist\n  ) AS customer,\n\n  json_build_object(\n    'username', e.username,\n    'role_id', e.role_id\n  ) AS employee,\n\n  json_build_object(\n    'pickup',\n    CASE\n      WHEN lp.id IS NOT NULL THEN\n        json_build_object(\n          'id', lp.id,\n          'name', lp.name,\n          'location_type', json_build_object(\n            'id', ltp.id,\n            'name', ltp.name,\n            'background_color', ltp.background_color,\n            'foreground_color', ltp.foreground_color\n          )\n        )\n      ELSE\n        json_build_object(\n          'id', null,\n          'name', null,\n          'location_type', json_build_object(\n            'id', null,\n            'name', null,\n            'background_color', null,\n            'foreground_color', null\n          )\n        )\n    END,\n\n    'dropoff',\n    CASE\n      WHEN ld.id IS NOT NULL THEN\n        json_build_object(\n          'id', ld.id,\n          'name', ld.name,\n          'location_type', json_build_object(\n            'id', ltd.id,\n            'name', ltd.name,\n            'background_color', ltd.background_color,\n            'foreground_color', ltd.foreground_color\n          )\n        )\n      ELSE\n        json_build_object(\n          'id', null,\n          'name', null,\n          'location_type', json_build_object(\n            'id', null,\n            'name', null,\n            'background_color', null,\n            'foreground_color', null\n          )\n        )\n    END\n  ) AS airport\n\nFROM bookings b\n\nLEFT JOIN booking_statuses bs\n  ON b.booking_status_id = bs.id\n\nLEFT JOIN booking_types bt\n  ON b.booking_type_id = bt.id\n\nLEFT JOIN journey_types jt\n  ON b.journey_type_id = jt.id\n\nLEFT JOIN subsidiaries s\n  ON b.subsidiary_id = s.id\n\nLEFT JOIN vehicle_types vt\n  ON b.vehicle_type_id = vt.id\n\nLEFT JOIN payment_types pt\n  ON b.payment_type_id = pt.id\n\nLEFT JOIN accounts a\n  ON b.account_id = a.id\n\nLEFT JOIN drivers d\n  ON b.driver_id = d.id\n\nLEFT JOIN vehicles v\n  ON d.vehicle_id = v.id\n\nLEFT JOIN customers c\n  ON b.customer_id = c.id\n\nLEFT JOIN employees e\n  ON b.employee_id = e.id\n\n\n-- PICKUP LOCATION\n-- Select only the most specific matching location\nLEFT JOIN LATERAL (\n  SELECT l.*\n  FROM locations l\n  WHERE l.location_type_id = 2\n    AND b.pickup ILIKE '%' || l.name || '%'\n  ORDER BY LENGTH(l.name) DESC, l.id ASC\n  LIMIT 1\n) lp ON true\n\n\n-- DROPOFF LOCATION\n-- Select only the most specific matching location\nLEFT JOIN LATERAL (\n  SELECT l.*\n  FROM locations l\n  WHERE l.location_type_id = 2\n    AND b.dropoff ILIKE '%' || l.name || '%'\n  ORDER BY LENGTH(l.name) DESC, l.id ASC\n  LIMIT 1\n) ld ON true\n\n\nLEFT JOIN location_types ltp\n  ON lp.location_type_id = ltp.id\n\nLEFT JOIN location_types ltd\n  ON ld.location_type_id = ltd.id\n\n\n    WHERE b.id = $1\n  ","timestamp":"2026-09-25T16:20:46.859Z"}
{"duration":11,"level":"info","message":"db-query","rows":1,"text":"\n    \nSELECT\n  b.id,\n  b.reference_number,\n  b.subsidiary_id,\n  b.booking_type_id,\n  b.booking_status_id,\n  b.journey_type_id,\n  b.account_id,\n  b.customer_id,\n  b.employee_id,\n  b.pickup,\n  b.dropoff,\n  b.pickup_date,\n  b.pickup_time,\n  b.dropoff_date,\n  b.dropoff_time,\n  b.pickup_door_number,\n  b.dropoff_door_number,\n  b.pickup_plot,\n  b.dropoff_plot,\n  b.pickup_location_type_id,\n  b.dropoff_location_type_id,\n  b.pickup_latitude,\n  b.pickup_longitude,\n  b.dropoff_latitude,\n  b.dropoff_longitude,\n  b.viapoints,\n  b.restricted_drivers,\n  b.flight_number,\n  b.arriving_from,\n  b.vehicle_type_id,\n  b.vehicle_id,\n  b.driver_id,\n  b.passengers,\n  b.luggages,\n  b.hand_luggages,\n  b.child_seat,\n  b.name,\n  b.email,\n  b.mobile,\n  b.telephone,\n  b.lead_time,\n  b.notes,\n  b.special_instructions,\n  b.payment_type_id,\n  b.company_price,\n  b.fares,\n  b.total_charges,\n  b.parking_charges,\n  b.waiting_charges,\n  b.extra_drop_charges,\n  b.credit_card_charges,\n  b.congestion_charges,\n  b.miles,\n  b.meet_and_greet,\n  b.department,\n  b.escort_id,\n  b.order_number,\n  b.booked_by,\n  b.add_return_fare,\n  b.fare_meter_status,\n  b.fare_meter,\n  b.quotation,\n  b.quoted,\n  b.dispatch,\n  b.dispatch_as,\n  b.sms,\n  b.emailflag,\n  b.trash,\n  b.hidden,\n  b.multi_booking_id,\n  b.associated_booking,\n  b.invoice_status,\n  b.commission_status,\n  b.commission,\n  b.skipped_bookings,\n  b.permanent,\n  b.toggle_driver_text,\n  b.toggle_passenger_text,\n  b.cancelled_reason,\n  b.booking_source,\n  b.on_route,\n  b.arrived,\n  b.passenger_on_board,\n  b.completed,\n  b.controller_completed,\n  b.driver_waiting_time,\n  b.dispatched_at,\n  b.booked_at,\n  b.stripe_customer_id,\n  b.stripe_payment_id,\n  b.invoice_number,\n  b.initial_subsidiary_id,\n  b.created_at,\n  b.updated_at,\n  b.eta,\n  b.fob,\n  b.future,\n\n  json_build_object(\n    'booking_status', bs.booking_status\n  ) AS booking_status,\n\n  json_build_object(\n    'booking_type', bt.booking_type\n  ) AS booking_type,\n\n  json_build_object(\n    'journey_type', jt.journey_type\n  ) AS journey_type,\n\n  json_build_object(\n    'id', s.id,\n    'name', s.name,\n    'telephone_number', s.telephone_number\n  ) AS subsidiary,\n\n  json_build_object(\n    'name', vt.name,\n    'background_color', vt.background_color,\n    'foreground_color', vt.foreground_color\n  ) AS vehicle_type,\n\n  json_build_object(\n    'id', pt.id,\n    'name', pt.name,\n    'background_color', pt.background_color,\n    'foreground_color', pt.foreground_color\n  ) AS payment_type,\n\n  json_build_object(\n    'id', a.id,\n    'name', a.name,\n    'background_color', a.background_color,\n    'foreground_color', a.foreground_color,\n    'has_vat', a.has_vat,\n    'bank_information', a.bank_information,\n    'fare_controller', a.fare_controller,\n    'account_fees_type', a.account_fees_type,\n    'account_fees', a.account_fees,\n    'account_fees_vat', a.account_fees_vat\n  ) AS account,\n\n  json_build_object(\n    'id', d.id,\n    'username', d.username,\n    'name', d.name,\n    'mobile_device_id', d.mobile_device_id,\n    'phc_vehicle_number', d.phc_vehicle_number,\n    'phc_driver_number', d.phc_driver_number,\n    'vehicle_id', d.vehicle_id,\n    'driver_commission', d.driver_commission,\n    'session_status', d.session_status,\n\n    'vehicle', json_build_object(\n      'make', v.make,\n      'model', v.model,\n      'color', v.color,\n      'vehicle_number', v.vehicle_number\n    )\n  ) AS driver,\n\n  json_build_object(\n    'door_number', c.door_number,\n    'address1', c.address1,\n    'address2', c.address2,\n    'blacklist', c.blacklist\n  ) AS customer,\n\n  json_build_object(\n    'username', e.username,\n    'role_id', e.role_id\n  ) AS employee,\n\n  json_build_object(\n    'pickup',\n    CASE\n      WHEN lp.id IS NOT NULL THEN\n        json_build_object(\n          'id', lp.id,\n          'name', lp.name,\n          'location_type', json_build_object(\n            'id', ltp.id,\n            'name', ltp.name,\n            'background_color', ltp.background_color,\n            'foreground_color', ltp.foreground_color\n          )\n        )\n      ELSE\n        json_build_object(\n          'id', null,\n          'name', null,\n          'location_type', json_build_object(\n            'id', null,\n            'name', null,\n            'background_color', null,\n            'foreground_color', null\n          )\n        )\n    END,\n\n    'dropoff',\n    CASE\n      WHEN ld.id IS NOT NULL THEN\n        json_build_object(\n          'id', ld.id,\n          'name', ld.name,\n          'location_type', json_build_object(\n            'id', ltd.id,\n            'name', ltd.name,\n            'background_color', ltd.background_color,\n            'foreground_color', ltd.foreground_color\n          )\n        )\n      ELSE\n        json_build_object(\n          'id', null,\n          'name', null,\n          'location_type', json_build_object(\n            'id', null,\n            'name', null,\n            'background_color', null,\n            'foreground_color', null\n          )\n        )\n    END\n  ) AS airport\n\nFROM bookings b\n\nLEFT JOIN booking_statuses bs\n  ON b.booking_status_id = bs.id\n\nLEFT JOIN booking_types bt\n  ON b.booking_type_id = bt.id\n\nLEFT JOIN journey_types jt\n  ON b.journey_type_id = jt.id\n\nLEFT JOIN subsidiaries s\n  ON b.subsidiary_id = s.id\n\nLEFT JOIN vehicle_types vt\n  ON b.vehicle_type_id = vt.id\n\nLEFT JOIN payment_types pt\n  ON b.payment_type_id = pt.id\n\nLEFT JOIN accounts a\n  ON b.account_id = a.id\n\nLEFT JOIN drivers d\n  ON b.driver_id = d.id\n\nLEFT JOIN vehicles v\n  ON d.vehicle_id = v.id\n\nLEFT JOIN customers c\n  ON b.customer_id = c.id\n\nLEFT JOIN employees e\n  ON b.employee_id = e.id\n\n\n-- PICKUP LOCATION\n-- Select only the most specific matching location\nLEFT JOIN LATERAL (\n  SELECT l.*\n  FROM locations l\n  WHERE l.location_type_id = 2\n    AND b.pickup ILIKE '%' || l.name || '%'\n  ORDER BY LENGTH(l.name) DESC, l.id ASC\n  LIMIT 1\n) lp ON true\n\n\n-- DROPOFF LOCATION\n-- Select only the most specific matching location\nLEFT JOIN LATERAL (\n  SELECT l.*\n  FROM locations l\n  WHERE l.location_type_id = 2\n    AND b.dropoff ILIKE '%' || l.name || '%'\n  ORDER BY LENGTH(l.name) DESC, l.id ASC\n  LIMIT 1\n) ld ON true\n\n\nLEFT JOIN location_types ltp\n  ON lp.location_type_id = ltp.id\n\nLEFT JOIN location_types ltd\n  ON ld.location_type_id = ltd.id\n\n\n    WHERE b.id = $1\n  ","timestamp":"2026-09-25T16:20:46.870Z"}
{"duration":11,"level":"info","message":"db-query","rows":1,"text":"\n    \nSELECT\n  b.id,\n  b.reference_number,\n  b.subsidiary_id,\n  b.booking_type_id,\n  b.booking_status_id,\n  b.journey_type_id,\n  b.account_id,\n  b.customer_id,\n  b.employee_id,\n  b.pickup,\n  b.dropoff,\n  b.pickup_date,\n  b.pickup_time,\n  b.dropoff_date,\n  b.dropoff_time,\n  b.pickup_door_number,\n  b.dropoff_door_number,\n  b.pickup_plot,\n  b.dropoff_plot,\n  b.pickup_location_type_id,\n  b.dropoff_location_type_id,\n  b.pickup_latitude,\n  b.pickup_longitude,\n  b.dropoff_latitude,\n  b.dropoff_longitude,\n  b.viapoints,\n  b.restricted_drivers,\n  b.flight_number,\n  b.arriving_from,\n  b.vehicle_type_id,\n  b.vehicle_id,\n  b.driver_id,\n  b.passengers,\n  b.luggages,\n  b.hand_luggages,\n  b.child_seat,\n  b.name,\n  b.email,\n  b.mobile,\n  b.telephone,\n  b.lead_time,\n  b.notes,\n  b.special_instructions,\n  b.payment_type_id,\n  b.company_price,\n  b.fares,\n  b.total_charges,\n  b.parking_charges,\n  b.waiting_charges,\n  b.extra_drop_charges,\n  b.credit_card_charges,\n  b.congestion_charges,\n  b.miles,\n  b.meet_and_greet,\n  b.department,\n  b.escort_id,\n  b.order_number,\n  b.booked_by,\n  b.add_return_fare,\n  b.fare_meter_status,\n  b.fare_meter,\n  b.quotation,\n  b.quoted,\n  b.dispatch,\n  b.dispatch_as,\n  b.sms,\n  b.emailflag,\n  b.trash,\n  b.hidden,\n  b.multi_booking_id,\n  b.associated_booking,\n  b.invoice_status,\n  b.commission_status,\n  b.commission,\n  b.skipped_bookings,\n  b.permanent,\n  b.toggle_driver_text,\n  b.toggle_passenger_text,\n  b.cancelled_reason,\n  b.booking_source,\n  b.on_route,\n  b.arrived,\n  b.passenger_on_board,\n  b.completed,\n  b.controller_completed,\n  b.driver_waiting_time,\n  b.dispatched_at,\n  b.booked_at,\n  b.stripe_customer_id,\n  b.stripe_payment_id,\n  b.invoice_number,\n  b.initial_subsidiary_id,\n  b.created_at,\n  b.updated_at,\n  b.eta,\n  b.fob,\n  b.future,\n\n  json_build_object(\n    'booking_status', bs.booking_status\n  ) AS booking_status,\n\n  json_build_object(\n    'booking_type', bt.booking_type\n  ) AS booking_type,\n\n  json_build_object(\n    'journey_type', jt.journey_type\n  ) AS journey_type,\n\n  json_build_object(\n    'id', s.id,\n    'name', s.name,\n    'telephone_number', s.telephone_number\n  ) AS subsidiary,\n\n  json_build_object(\n    'name', vt.name,\n    'background_color', vt.background_color,\n    'foreground_color', vt.foreground_color\n  ) AS vehicle_type,\n\n  json_build_object(\n    'id', pt.id,\n    'name', pt.name,\n    'background_color', pt.background_color,\n    'foreground_color', pt.foreground_color\n  ) AS payment_type,\n\n  json_build_object(\n    'id', a.id,\n    'name', a.name,\n    'background_color', a.background_color,\n    'foreground_color', a.foreground_color,\n    'has_vat', a.has_vat,\n    'bank_information', a.bank_information,\n    'fare_controller', a.fare_controller,\n    'account_fees_type', a.account_fees_type,\n    'account_fees', a.account_fees,\n    'account_fees_vat', a.account_fees_vat\n  ) AS account,\n\n  json_build_object(\n    'id', d.id,\n    'username', d.username,\n    'name', d.name,\n    'mobile_device_id', d.mobile_device_id,\n    'phc_vehicle_number', d.phc_vehicle_number,\n    'phc_driver_number', d.phc_driver_number,\n    'vehicle_id', d.vehicle_id,\n    'driver_commission', d.driver_commission,\n    'session_status', d.session_status,\n\n    'vehicle', json_build_object(\n      'make', v.make,\n      'model', v.model,\n      'color', v.color,\n      'vehicle_number', v.vehicle_number\n    )\n  ) AS driver,\n\n  json_build_object(\n    'door_number', c.door_number,\n    'address1', c.address1,\n    'address2', c.address2,\n    'blacklist', c.blacklist\n  ) AS customer,\n\n  json_build_object(\n    'username', e.username,\n    'role_id', e.role_id\n  ) AS employee,\n\n  json_build_object(\n    'pickup',\n    CASE\n      WHEN lp.id IS NOT NULL THEN\n        json_build_object(\n          'id', lp.id,\n          'name', lp.name,\n          'location_type', json_build_object(\n            'id', ltp.id,\n            'name', ltp.name,\n            'background_color', ltp.background_color,\n            'foreground_color', ltp.foreground_color\n          )\n        )\n      ELSE\n        json_build_object(\n          'id', null,\n          'name', null,\n          'location_type', json_build_object(\n            'id', null,\n            'name', null,\n            'background_color', null,\n            'foreground_color', null\n          )\n        )\n    END,\n\n    'dropoff',\n    CASE\n      WHEN ld.id IS NOT NULL THEN\n        json_build_object(\n          'id', ld.id,\n          'name', ld.name,\n          'location_type', json_build_object(\n            'id', ltd.id,\n            'name', ltd.name,\n            'background_color', ltd.background_color,\n            'foreground_color', ltd.foreground_color\n          )\n        )\n      ELSE\n        json_build_object(\n          'id', null,\n          'name', null,\n          'location_type', json_build_object(\n            'id', null,\n            'name', null,\n            'background_color', null,\n            'foreground_color', null\n          )\n        )\n    END\n  ) AS airport\n\nFROM bookings b\n\nLEFT JOIN booking_statuses bs\n  ON b.booking_status_id = bs.id\n\nLEFT JOIN booking_types bt\n  ON b.booking_type_id = bt.id\n\nLEFT JOIN journey_types jt\n  ON b.journey_type_id = jt.id\n\nLEFT JOIN subsidiaries s\n  ON b.subsidiary_id = s.id\n\nLEFT JOIN vehicle_types vt\n  ON b.vehicle_type_id = vt.id\n\nLEFT JOIN payment_types pt\n  ON b.payment_type_id = pt.id\n\nLEFT JOIN accounts a\n  ON b.account_id = a.id\n\nLEFT JOIN drivers d\n  ON b.driver_id = d.id\n\nLEFT JOIN vehicles v\n  ON d.vehicle_id = v.id\n\nLEFT JOIN customers c\n  ON b.customer_id = c.id\n\nLEFT JOIN employees e\n  ON b.employee_id = e.id\n\n\n-- PICKUP LOCATION\n-- Select only the most specific matching location\nLEFT JOIN LATERAL (\n  SELECT l.*\n  FROM locations l\n  WHERE l.location_type_id = 2\n    AND b.pickup ILIKE '%' || l.name || '%'\n  ORDER BY LENGTH(l.name) DESC, l.id ASC\n  LIMIT 1\n) lp ON true\n\n\n-- DROPOFF LOCATION\n-- Select only the most specific matching location\nLEFT JOIN LATERAL (\n  SELECT l.*\n  FROM locations l\n  WHERE l.location_type_id = 2\n    AND b.dropoff ILIKE '%' || l.name || '%'\n  ORDER BY LENGTH(l.name) DESC, l.id ASC\n  LIMIT 1\n) ld ON true\n\n\nLEFT JOIN location_types ltp\n  ON lp.location_type_id = ltp.id\n\nLEFT JOIN location_types ltd\n  ON ld.location_type_id = ltd.id\n\n\n    WHERE b.id = $1\n  ","timestamp":"2026-09-25T16:20:46.882Z"}
{"duration":12,"level":"info","message":"db-query","rows":1,"text":"\n    \nSELECT\n  b.id,\n  b.reference_number,\n  b.subsidiary_id,\n  b.booking_type_id,\n  b.booking_status_id,\n  b.journey_type_id,\n  b.account_id,\n  b.customer_id,\n  b.employee_id,\n  b.pickup,\n  b.dropoff,\n  b.pickup_date,\n  b.pickup_time,\n  b.dropoff_date,\n  b.dropoff_time,\n  b.pickup_door_number,\n  b.dropoff_door_number,\n  b.pickup_plot,\n  b.dropoff_plot,\n  b.pickup_location_type_id,\n  b.dropoff_location_type_id,\n  b.pickup_latitude,\n  b.pickup_longitude,\n  b.dropoff_latitude,\n  b.dropoff_longitude,\n  b.viapoints,\n  b.restricted_drivers,\n  b.flight_number,\n  b.arriving_from,\n  b.vehicle_type_id,\n  b.vehicle_id,\n  b.driver_id,\n  b.passengers,\n  b.luggages,\n  b.hand_luggages,\n  b.child_seat,\n  b.name,\n  b.email,\n  b.mobile,\n  b.telephone,\n  b.lead_time,\n  b.notes,\n  b.special_instructions,\n  b.payment_type_id,\n  b.company_price,\n  b.fares,\n  b.total_charges,\n  b.parking_charges,\n  b.waiting_charges,\n  b.extra_drop_charges,\n  b.credit_card_charges,\n  b.congestion_charges,\n  b.miles,\n  b.meet_and_greet,\n  b.department,\n  b.escort_id,\n  b.order_number,\n  b.booked_by,\n  b.add_return_fare,\n  b.fare_meter_status,\n  b.fare_meter,\n  b.quotation,\n  b.quoted,\n  b.dispatch,\n  b.dispatch_as,\n  b.sms,\n  b.emailflag,\n  b.trash,\n  b.hidden,\n  b.multi_booking_id,\n  b.associated_booking,\n  b.invoice_status,\n  b.commission_status,\n  b.commission,\n  b.skipped_bookings,\n  b.permanent,\n  b.toggle_driver_text,\n  b.toggle_passenger_text,\n  b.cancelled_reason,\n  b.booking_source,\n  b.on_route,\n  b.arrived,\n  b.passenger_on_board,\n  b.completed,\n  b.controller_completed,\n  b.driver_waiting_time,\n  b.dispatched_at,\n  b.booked_at,\n  b.stripe_customer_id,\n  b.stripe_payment_id,\n  b.invoice_number,\n  b.initial_subsidiary_id,\n  b.created_at,\n  b.updated_at,\n  b.eta,\n  b.fob,\n  b.future,\n\n  json_build_object(\n    'booking_status', bs.booking_status\n  ) AS booking_status,\n\n  json_build_object(\n    'booking_type', bt.booking_type\n  ) AS booking_type,\n\n  json_build_object(\n    'journey_type', jt.journey_type\n  ) AS journey_type,\n\n  json_build_object(\n    'id', s.id,\n    'name', s.name,\n    'telephone_number', s.telephone_number\n  ) AS subsidiary,\n\n  json_build_object(\n    'name', vt.name,\n    'background_color', vt.background_color,\n    'foreground_color', vt.foreground_color\n  ) AS vehicle_type,\n\n  json_build_object(\n    'id', pt.id,\n    'name', pt.name,\n    'background_color', pt.background_color,\n    'foreground_color', pt.foreground_color\n  ) AS payment_type,\n\n  json_build_object(\n    'id', a.id,\n    'name', a.name,\n    'background_color', a.background_color,\n    'foreground_color', a.foreground_color,\n    'has_vat', a.has_vat,\n    'bank_information', a.bank_information,\n    'fare_controller', a.fare_controller,\n    'account_fees_type', a.account_fees_type,\n    'account_fees', a.account_fees,\n    'account_fees_vat', a.account_fees_vat\n  ) AS account,\n\n  json_build_object(\n    'id', d.id,\n    'username', d.username,\n    'name', d.name,\n    'mobile_device_id', d.mobile_device_id,\n    'phc_vehicle_number', d.phc_vehicle_number,\n    'phc_driver_number', d.phc_driver_number,\n    'vehicle_id', d.vehicle_id,\n    'driver_commission', d.driver_commission,\n    'session_status', d.session_status,\n\n    'vehicle', json_build_object(\n      'make', v.make,\n      'model', v.model,\n      'color', v.color,\n      'vehicle_number', v.vehicle_number\n    )\n  ) AS driver,\n\n  json_build_object(\n    'door_number', c.door_number,\n    'address1', c.address1,\n    'address2', c.address2,\n    'blacklist', c.blacklist\n  ) AS customer,\n\n  json_build_object(\n    'username', e.username,\n    'role_id', e.role_id\n  ) AS employee,\n\n  json_build_object(\n    'pickup',\n    CASE\n      WHEN lp.id IS NOT NULL THEN\n        json_build_object(\n          'id', lp.id,\n          'name', lp.name,\n          'location_type', json_build_object(\n            'id', ltp.id,\n            'name', ltp.name,\n            'background_color', ltp.background_color,\n            'foreground_color', ltp.foreground_color\n          )\n        )\n      ELSE\n        json_build_object(\n          'id', null,\n          'name', null,\n          'location_type', json_build_object(\n            'id', null,\n            'name', null,\n            'background_color', null,\n            'foreground_color', null\n          )\n        )\n    END,\n\n    'dropoff',\n    CASE\n      WHEN ld.id IS NOT NULL THEN\n        json_build_object(\n          'id', ld.id,\n          'name', ld.name,\n          'location_type', json_build_object(\n            'id', ltd.id,\n            'name', ltd.name,\n            'background_color', ltd.background_color,\n            'foreground_color', ltd.foreground_color\n          )\n        )\n      ELSE\n        json_build_object(\n          'id', null,\n          'name', null,\n          'location_type', json_build_object(\n            'id', null,\n            'name', null,\n            'background_color', null,\n            'foreground_color', null\n          )\n        )\n    END\n  ) AS airport\n\nFROM bookings b\n\nLEFT JOIN booking_statuses bs\n  ON b.booking_status_id = bs.id\n\nLEFT JOIN booking_types bt\n  ON b.booking_type_id = bt.id\n\nLEFT JOIN journey_types jt\n  ON b.journey_type_id = jt.id\n\nLEFT JOIN subsidiaries s\n  ON b.subsidiary_id = s.id\n\nLEFT JOIN vehicle_types vt\n  ON b.vehicle_type_id = vt.id\n\nLEFT JOIN payment_types pt\n  ON b.payment_type_id = pt.id\n\nLEFT JOIN accounts a\n  ON b.account_id = a.id\n\nLEFT JOIN drivers d\n  ON b.driver_id = d.id\n\nLEFT JOIN vehicles v\n  ON d.vehicle_id = v.id\n\nLEFT JOIN customers c\n  ON b.customer_id = c.id\n\nLEFT JOIN employees e\n  ON b.employee_id = e.id\n\n\n-- PICKUP LOCATION\n-- Select only the most specific matching location\nLEFT JOIN LATERAL (\n  SELECT l.*\n  FROM locations l\n  WHERE l.location_type_id = 2\n    AND b.pickup ILIKE '%' || l.name || '%'\n  ORDER BY LENGTH(l.name) DESC, l.id ASC\n  LIMIT 1\n) lp ON true\n\n\n-- DROPOFF LOCATION\n-- Select only the most specific matching location\nLEFT JOIN LATERAL (\n  SELECT l.*\n  FROM locations l\n  WHERE l.location_type_id = 2\n    AND b.dropoff ILIKE '%' || l.name || '%'\n  ORDER BY LENGTH(l.name) DESC, l.id ASC\n  LIMIT 1\n) ld ON true\n\n\nLEFT JOIN location_types ltp\n  ON lp.location_type_id = ltp.id\n\nLEFT JOIN location_types ltd\n  ON ld.location_type_id = ltd.id\n\n\n    WHERE b.id = $1\n  ","timestamp":"2026-09-25T16:20:46.894Z"}
{"duration":4,"level":"info","message":"db-query","rows":null,"text":"COMMIT","timestamp":"2026-09-25T16:20:46.899Z"}
{"level":"info","message":"POST /api/bookings/add 200 406.254 ms","timestamp":"2026-09-25T16:20:46.903Z"}
{"duration":224,"level":"info","message":"db-query","rows":0,"text":"\n      SELECT company_id, driver_id \n      FROM driver_sinbins \n      WHERE is_active = TRUE \n      AND (updated_at + (sinbin_time || ' minutes')::INTERVAL) <= CURRENT_TIMESTAMP;\n    ","timestamp":"2026-09-25T16:21:00.229Z"}
{"duration":103,"level":"info","message":"db-query","rows":0,"text":"\n      SELECT company_id, driver_id \n      FROM driver_sinbins \n      WHERE is_active = TRUE \n      AND (updated_at + (sinbin_time || ' minutes')::INTERVAL) <= CURRENT_TIMESTAMP;\n    ","timestamp":"2026-09-25T16:22:00.113Z"}
{"duration":69,"level":"info","message":"db-query","rows":0,"text":"\n      SELECT company_id, driver_id \n      FROM driver_sinbins \n      WHERE is_active = TRUE \n      AND (updated_at + (sinbin_time || ' minutes')::INTERVAL) <= CURRENT_TIMESTAMP;\n    ","timestamp":"2026-09-25T16:23:00.087Z"}
{"duration":18,"level":"info","message":"db-query","rows":26,"text":"SELECT * FROM location_types","timestamp":"2026-09-25T16:24:37.669Z"}
{"level":"info","message":"GET /api/location-types 200 38.847 ms","timestamp":"2026-09-25T16:24:37.690Z"}
{"duration":83,"level":"info","message":"db-query","rows":26,"text":"SELECT * FROM location_types","timestamp":"2026-09-25T16:24:37.740Z"}
{"level":"info","message":"GET /api/location-types 200 86.292 ms","timestamp":"2026-09-25T16:24:37.743Z"}
{"duration":84,"level":"info","message":"db-query","rows":0,"text":"\n      SELECT company_id, driver_id \n      FROM driver_sinbins \n      WHERE is_active = TRUE \n      AND (updated_at + (sinbin_time || ' minutes')::INTERVAL) <= CURRENT_TIMESTAMP;\n    ","timestamp":"2026-09-25T16:25:00.093Z"}
{"duration":70,"level":"info","message":"db-query","rows":0,"text":"\n      SELECT company_id, driver_id \n      FROM driver_sinbins \n      WHERE is_active = TRUE \n      AND (updated_at + (sinbin_time || ' minutes')::INTERVAL) <= CURRENT_TIMESTAMP;\n    ","timestamp":"2026-09-25T16:26:00.092Z"}
{"duration":80,"level":"info","message":"db-query","rows":0,"text":"\n      SELECT company_id, driver_id \n      FROM driver_sinbins \n      WHERE is_active = TRUE \n      AND (updated_at + (sinbin_time || ' minutes')::INTERVAL) <= CURRENT_TIMESTAMP;\n    ","timestamp":"2026-09-25T16:27:00.090Z"}
{"duration":94,"level":"info","message":"db-query","rows":0,"text":"\n      SELECT company_id, driver_id \n      FROM driver_sinbins \n      WHERE is_active = TRUE \n      AND (updated_at + (sinbin_time || ' minutes')::INTERVAL) <= CURRENT_TIMESTAMP;\n    ","timestamp":"2026-09-25T16:28:00.103Z"}
{"duration":84,"level":"info","message":"db-query","rows":0,"text":"\n      SELECT company_id, driver_id \n      FROM driver_sinbins \n      WHERE is_active = TRUE \n      AND (updated_at + (sinbin_time || ' minutes')::INTERVAL) <= CURRENT_TIMESTAMP;\n    ","timestamp":"2026-09-25T16:29:00.091Z"}
{"duration":191,"level":"info","message":"db-query","rows":0,"text":"\n      SELECT company_id, driver_id \n      FROM driver_sinbins \n      WHERE is_active = TRUE \n      AND (updated_at + (sinbin_time || ' minutes')::INTERVAL) <= CURRENT_TIMESTAMP;\n    ","timestamp":"2026-09-25T16:30:00.204Z"}
{"duration":117,"level":"info","message":"db-query","rows":0,"text":"\n      SELECT company_id, driver_id \n      FROM driver_sinbins \n      WHERE is_active = TRUE \n      AND (updated_at + (sinbin_time || ' minutes')::INTERVAL) <= CURRENT_TIMESTAMP;\n    ","timestamp":"2026-09-25T16:31:00.129Z"}
{"duration":115,"level":"info","message":"db-query","rows":0,"text":"\n      SELECT company_id, driver_id \n      FROM driver_sinbins \n      WHERE is_active = TRUE \n      AND (updated_at + (sinbin_time || ' minutes')::INTERVAL) <= CURRENT_TIMESTAMP;\n    ","timestamp":"2026-09-25T16:32:00.127Z"}
{"duration":116,"level":"info","message":"db-query","rows":0,"text":"\n      SELECT company_id, driver_id \n      FROM driver_sinbins \n      WHERE is_active = TRUE \n      AND (updated_at + (sinbin_time || ' minutes')::INTERVAL) <= CURRENT_TIMESTAMP;\n    ","timestamp":"2026-09-25T16:33:00.124Z"}
{"duration":103,"level":"info","message":"db-query","rows":0,"text":"\n      SELECT company_id, driver_id \n      FROM driver_sinbins \n      WHERE is_active = TRUE \n      AND (updated_at + (sinbin_time || ' minutes')::INTERVAL) <= CURRENT_TIMESTAMP;\n    ","timestamp":"2026-09-25T16:34:00.113Z"}
{"duration":159,"level":"info","message":"db-query","rows":0,"text":"\n      SELECT company_id, driver_id \n      FROM driver_sinbins \n      WHERE is_active = TRUE \n      AND (updated_at + (sinbin_time || ' minutes')::INTERVAL) <= CURRENT_TIMESTAMP;\n    ","timestamp":"2026-09-25T16:35:00.166Z"}
{"duration":120,"level":"info","message":"db-query","rows":0,"text":"\n      SELECT company_id, driver_id \n      FROM driver_sinbins \n      WHERE is_active = TRUE \n      AND (updated_at + (sinbin_time || ' minutes')::INTERVAL) <= CURRENT_TIMESTAMP;\n    ","timestamp":"2026-09-25T16:36:00.131Z"}
{"duration":102,"level":"info","message":"db-query","rows":0,"text":"\n      SELECT company_id, driver_id \n      FROM driver_sinbins \n      WHERE is_active = TRUE \n      AND (updated_at + (sinbin_time || ' minutes')::INTERVAL) <= CURRENT_TIMESTAMP;\n    ","timestamp":"2026-09-25T16:37:00.148Z"}
{"duration":118,"level":"info","message":"db-query","rows":0,"text":"\n      SELECT company_id, driver_id \n      FROM driver_sinbins \n      WHERE is_active = TRUE \n      AND (updated_at + (sinbin_time || ' minutes')::INTERVAL) <= CURRENT_TIMESTAMP;\n    ","timestamp":"2026-09-25T16:38:00.131Z"}
{"duration":75,"level":"info","message":"db-query","rows":0,"text":"\n      SELECT company_id, driver_id \n      FROM driver_sinbins \n      WHERE is_active = TRUE \n      AND (updated_at + (sinbin_time || ' minutes')::INTERVAL) <= CURRENT_TIMESTAMP;\n    ","timestamp":"2026-09-25T16:39:00.079Z"}
{"duration":68,"level":"info","message":"db-query","rows":0,"text":"\n      SELECT company_id, driver_id \n      FROM driver_sinbins \n      WHERE is_active = TRUE \n      AND (updated_at + (sinbin_time || ' minutes')::INTERVAL) <= CURRENT_TIMESTAMP;\n    ","timestamp":"2026-09-25T16:40:00.088Z"}
{"duration":77,"level":"info","message":"db-query","rows":0,"text":"\n      SELECT company_id, driver_id \n      FROM driver_sinbins \n      WHERE is_active = TRUE \n      AND (updated_at + (sinbin_time || ' minutes')::INTERVAL) <= CURRENT_TIMESTAMP;\n    ","timestamp":"2026-09-25T16:41:00.098Z"}
{"duration":83,"level":"info","message":"db-query","rows":0,"text":"\n      SELECT company_id, driver_id \n      FROM driver_sinbins \n      WHERE is_active = TRUE \n      AND (updated_at + (sinbin_time || ' minutes')::INTERVAL) <= CURRENT_TIMESTAMP;\n    ","timestamp":"2026-09-25T16:42:00.116Z"}
{"duration":62,"level":"info","message":"db-query","rows":0,"text":"\n      SELECT company_id, driver_id \n      FROM driver_sinbins \n      WHERE is_active = TRUE \n      AND (updated_at + (sinbin_time || ' minutes')::INTERVAL) <= CURRENT_TIMESTAMP;\n    ","timestamp":"2026-09-25T16:43:00.082Z"}
{"duration":68,"level":"info","message":"db-query","rows":0,"text":"\n      SELECT company_id, driver_id \n      FROM driver_sinbins \n      WHERE is_active = TRUE \n      AND (updated_at + (sinbin_time || ' minutes')::INTERVAL) <= CURRENT_TIMESTAMP;\n    ","timestamp":"2026-09-25T16:44:00.091Z"}
{"duration":97,"level":"info","message":"db-query","rows":0,"text":"\n      SELECT company_id, driver_id \n      FROM driver_sinbins \n      WHERE is_active = TRUE \n      AND (updated_at + (sinbin_time || ' minutes')::INTERVAL) <= CURRENT_TIMESTAMP;\n    ","timestamp":"2026-09-25T16:45:00.102Z"}
{"duration":69,"level":"info","message":"db-query","rows":0,"text":"\n      SELECT company_id, driver_id \n      FROM driver_sinbins \n      WHERE is_active = TRUE \n      AND (updated_at + (sinbin_time || ' minutes')::INTERVAL) <= CURRENT_TIMESTAMP;\n    ","timestamp":"2026-09-25T16:46:00.080Z"}
{"duration":68,"level":"info","message":"db-query","rows":0,"text":"\n      SELECT company_id, driver_id \n      FROM driver_sinbins \n      WHERE is_active = TRUE \n      AND (updated_at + (sinbin_time || ' minutes')::INTERVAL) <= CURRENT_TIMESTAMP;\n    ","timestamp":"2026-09-25T16:47:00.099Z"}
{"duration":87,"level":"info","message":"db-query","rows":0,"text":"\n      SELECT company_id, driver_id \n      FROM driver_sinbins \n      WHERE is_active = TRUE \n      AND (updated_at + (sinbin_time || ' minutes')::INTERVAL) <= CURRENT_TIMESTAMP;\n    ","timestamp":"2026-09-25T16:48:00.097Z"}
{"duration":69,"level":"info","message":"db-query","rows":0,"text":"\n      SELECT company_id, driver_id \n      FROM driver_sinbins \n      WHERE is_active = TRUE \n      AND (updated_at + (sinbin_time || ' minutes')::INTERVAL) <= CURRENT_TIMESTAMP;\n    ","timestamp":"2026-09-25T16:49:00.093Z"}
{"duration":161,"level":"info","message":"db-query","rows":0,"text":"\n      SELECT company_id, driver_id \n      FROM driver_sinbins \n      WHERE is_active = TRUE \n      AND (updated_at + (sinbin_time || ' minutes')::INTERVAL) <= CURRENT_TIMESTAMP;\n    ","timestamp":"2026-09-25T16:50:00.189Z"}
{"duration":84,"level":"info","message":"db-query","rows":0,"text":"\n      SELECT company_id, driver_id \n      FROM driver_sinbins \n      WHERE is_active = TRUE \n      AND (updated_at + (sinbin_time || ' minutes')::INTERVAL) <= CURRENT_TIMESTAMP;\n    ","timestamp":"2026-09-25T16:51:00.091Z"}
{"duration":79,"level":"info","message":"db-query","rows":0,"text":"\n      SELECT company_id, driver_id \n      FROM driver_sinbins \n      WHERE is_active = TRUE \n      AND (updated_at + (sinbin_time || ' minutes')::INTERVAL) <= CURRENT_TIMESTAMP;\n    ","timestamp":"2026-09-25T16:52:00.094Z"}
{"duration":93,"level":"info","message":"db-query","rows":0,"text":"\n      SELECT company_id, driver_id \n      FROM driver_sinbins \n      WHERE is_active = TRUE \n      AND (updated_at + (sinbin_time || ' minutes')::INTERVAL) <= CURRENT_TIMESTAMP;\n    ","timestamp":"2026-09-25T16:53:00.105Z"}
{"duration":83,"level":"info","message":"db-query","rows":0,"text":"\n      SELECT company_id, driver_id \n      FROM driver_sinbins \n      WHERE is_active = TRUE \n      AND (updated_at + (sinbin_time || ' minutes')::INTERVAL) <= CURRENT_TIMESTAMP;\n    ","timestamp":"2026-09-25T16:54:00.096Z"}
{"duration":115,"level":"info","message":"db-query","rows":0,"text":"\n      SELECT company_id, driver_id \n      FROM driver_sinbins \n      WHERE is_active = TRUE \n      AND (updated_at + (sinbin_time || ' minutes')::INTERVAL) <= CURRENT_TIMESTAMP;\n    ","timestamp":"2026-09-25T16:55:00.135Z"}
{"duration":123,"level":"info","message":"db-query","rows":0,"text":"\n      SELECT company_id, driver_id \n      FROM driver_sinbins \n      WHERE is_active = TRUE \n      AND (updated_at + (sinbin_time || ' minutes')::INTERVAL) <= CURRENT_TIMESTAMP;\n    ","timestamp":"2026-09-25T16:56:00.138Z"}
{"duration":200,"level":"info","message":"db-query","rows":0,"text":"\n      SELECT company_id, driver_id \n      FROM driver_sinbins \n      WHERE is_active = TRUE \n      AND (updated_at + (sinbin_time || ' minutes')::INTERVAL) <= CURRENT_TIMESTAMP;\n    ","timestamp":"2026-09-25T16:57:00.286Z"}
{"duration":94,"level":"info","message":"db-query","rows":0,"text":"\n      SELECT company_id, driver_id \n      FROM driver_sinbins \n      WHERE is_active = TRUE \n      AND (updated_at + (sinbin_time || ' minutes')::INTERVAL) <= CURRENT_TIMESTAMP;\n    ","timestamp":"2026-09-25T16:58:00.104Z"}
{"duration":7,"level":"info","message":"db-query","rows":26,"text":"SELECT * FROM location_types","timestamp":"2026-09-25T16:58:18.220Z"}
{"level":"info","message":"GET /api/location-types 200 15.213 ms","timestamp":"2026-09-25T16:58:18.228Z"}
{"duration":50,"level":"info","message":"db-query","rows":26,"text":"SELECT * FROM location_types","timestamp":"2026-09-25T16:58:18.264Z"}
{"level":"info","message":"GET /api/location-types 200 51.488 ms","timestamp":"2026-09-25T16:58:18.266Z"}
{"duration":7,"level":"info","message":"db-query","rows":26,"text":"SELECT * FROM location_types","timestamp":"2026-09-25T16:58:21.009Z"}
{"level":"info","message":"GET /api/location-types 200 26.673 ms","timestamp":"2026-09-25T16:58:21.028Z"}
{"duration":89,"level":"info","message":"db-query","rows":26,"text":"SELECT * FROM location_types","timestamp":"2026-09-25T16:58:21.093Z"}
{"level":"info","message":"GET /api/location-types 200 90.662 ms","timestamp":"2026-09-25T16:58:21.095Z"}
{"duration":9,"level":"info","message":"db-query","rows":26,"text":"SELECT * FROM location_types","timestamp":"2026-09-25T16:58:26.187Z"}
{"level":"info","message":"GET /api/location-types 200 25.166 ms","timestamp":"2026-09-25T16:58:26.203Z"}
{"duration":87,"level":"info","message":"db-query","rows":26,"text":"SELECT * FROM location_types","timestamp":"2026-09-25T16:58:26.268Z"}
{"level":"info","message":"GET /api/location-types 200 91.633 ms","timestamp":"2026-09-25T16:58:26.272Z"}
{"duration":9,"level":"info","message":"db-query","rows":26,"text":"SELECT * FROM location_types","timestamp":"2026-09-25T16:58:28.700Z"}
{"level":"info","message":"GET /api/location-types 200 17.577 ms","timestamp":"2026-09-25T16:58:28.709Z"}
{"duration":55,"level":"info","message":"db-query","rows":26,"text":"SELECT * FROM location_types","timestamp":"2026-09-25T16:58:28.750Z"}
{"level":"info","message":"GET /api/location-types 200 57.222 ms","timestamp":"2026-09-25T16:58:28.752Z"}
{"duration":5,"level":"info","message":"db-query","rows":26,"text":"SELECT * FROM location_types","timestamp":"2026-09-25T16:58:41.215Z"}
{"level":"info","message":"GET /api/location-types 200 13.243 ms","timestamp":"2026-09-25T16:58:41.223Z"}
{"duration":68,"level":"info","message":"db-query","rows":26,"text":"SELECT * FROM location_types","timestamp":"2026-09-25T16:58:41.279Z"}
{"level":"info","message":"GET /api/location-types 200 70.732 ms","timestamp":"2026-09-25T16:58:41.282Z"}
{"duration":14,"level":"info","message":"db-query","rows":26,"text":"SELECT * FROM location_types","timestamp":"2026-09-25T16:58:45.923Z"}
{"level":"info","message":"GET /api/location-types 200 32.202 ms","timestamp":"2026-09-25T16:58:45.943Z"}
{"duration":75,"level":"info","message":"db-query","rows":26,"text":"SELECT * FROM location_types","timestamp":"2026-09-25T16:58:45.987Z"}
{"level":"info","message":"GET /api/location-types 200 76.023 ms","timestamp":"2026-09-25T16:58:45.988Z"}
{"duration":21,"level":"info","message":"db-query","rows":26,"text":"SELECT * FROM location_types","timestamp":"2026-09-25T16:58:49.574Z"}
{"level":"info","message":"GET /api/location-types 200 37.916 ms","timestamp":"2026-09-25T16:58:49.590Z"}
{"duration":69,"level":"info","message":"db-query","rows":26,"text":"SELECT * FROM location_types","timestamp":"2026-09-25T16:58:49.629Z"}
{"level":"info","message":"GET /api/location-types 200 71.570 ms","timestamp":"2026-09-25T16:58:49.630Z"}
{"duration":76,"level":"info","message":"db-query","rows":0,"text":"\n      SELECT company_id, driver_id \n      FROM driver_sinbins \n      WHERE is_active = TRUE \n      AND (updated_at + (sinbin_time || ' minutes')::INTERVAL) <= CURRENT_TIMESTAMP;\n    ","timestamp":"2026-09-25T16:59:00.085Z"}
{"duration":175,"level":"info","message":"db-query","rows":1,"text":"\n    SELECT \n      b.*,\n      vt.name as vehicle_type_name,\n      d.name as driver_name,\n      v.color,\n      v.make,\n      v.model,\n      v.vehicle_number\n    FROM bookings b\n    LEFT JOIN vehicle_types vt ON b.vehicle_type_id = vt.id\n    LEFT JOIN drivers d ON b.driver_id = d.id\n    LEFT JOIN vehicles v ON d.vehicle_id = v.id\n    WHERE b.id = $1 AND trash = false\n  ","timestamp":"2026-09-25T16:59:45.095Z"}
{"duration":1,"level":"info","message":"db-query","rows":null,"text":"BEGIN","timestamp":"2026-09-25T16:59:45.097Z"}
{"duration":7,"level":"info","message":"db-query","rows":1,"text":"SELECT d.*, s.name AS subsidiary_name\n          FROM drivers d\n          LEFT JOIN subsidiaries s ON s.id = d.subsidiary_id\n          WHERE d.id = $1","timestamp":"2026-09-25T16:59:45.104Z"}
{"duration":3,"level":"info","message":"db-query","rows":1,"text":"SELECT id, note, created_at, created_by\n          FROM driver_notes\n          WHERE driver_id = $1\n          ORDER BY created_at DESC","timestamp":"2026-09-25T16:59:45.109Z"}
{"duration":6,"level":"info","message":"db-query","rows":1,"text":"SELECT id, name, start_time, end_time\n          FROM driver_shifts\n          WHERE driver_id = $1\n          ORDER BY id ASC","timestamp":"2026-09-25T16:59:45.122Z"}
{"duration":2,"level":"info","message":"db-query","rows":1,"text":"SELECT \n            v.*,\n            json_build_object(\n              'id', vt.id,\n              'name', vt.name,\n              'driver_waiting_charges', vt.driver_waiting_charges,\n              'account_waiting_charges', vt.account_waiting_charges,\n              'waiting_time', vt.waiting_time\n            ) AS vehicle_type\n            FROM vehicles v\n            LEFT JOIN vehicle_types vt ON vt.id = v.vehicle_type_id\n            WHERE v.id = $1\n            LIMIT 1","timestamp":"2026-09-25T16:59:45.125Z"}
{"duration":1,"level":"info","message":"db-query","rows":null,"text":"COMMIT","timestamp":"2026-09-25T16:59:45.127Z"}
{"level":"info","message":"POST /api/bookings/assign-driver 400 210.398 ms","timestamp":"2026-09-25T16:59:45.129Z"}
{"duration":102,"level":"info","message":"db-query","rows":0,"text":"\n      SELECT company_id, driver_id \n      FROM driver_sinbins \n      WHERE is_active = TRUE \n      AND (updated_at + (sinbin_time || ' minutes')::INTERVAL) <= CURRENT_TIMESTAMP;\n    ","timestamp":"2026-09-25T17:00:00.147Z"}
{"duration":410,"level":"info","message":"db-query","rows":1,"text":"\n    SELECT \n      b.*,\n      vt.name as vehicle_type_name,\n      d.name as driver_name,\n      v.color,\n      v.make,\n      v.model,\n      v.vehicle_number\n    FROM bookings b\n    LEFT JOIN vehicle_types vt ON b.vehicle_type_id = vt.id\n    LEFT JOIN drivers d ON b.driver_id = d.id\n    LEFT JOIN vehicles v ON d.vehicle_id = v.id\n    WHERE b.id = $1 AND trash = false\n  ","timestamp":"2026-09-25T17:00:30.513Z"}
{"duration":0,"level":"info","message":"db-query","rows":null,"text":"BEGIN","timestamp":"2026-09-25T17:00:30.514Z"}
{"duration":5,"level":"info","message":"db-query","rows":1,"text":"SELECT d.*, s.name AS subsidiary_name\n          FROM drivers d\n          LEFT JOIN subsidiaries s ON s.id = d.subsidiary_id\n          WHERE d.id = $1","timestamp":"2026-09-25T17:00:30.520Z"}
{"duration":3,"level":"info","message":"db-query","rows":1,"text":"SELECT id, note, created_at, created_by\n          FROM driver_notes\n          WHERE driver_id = $1\n          ORDER BY created_at DESC","timestamp":"2026-09-25T17:00:30.523Z"}
{"duration":4,"level":"info","message":"db-query","rows":1,"text":"SELECT id, name, start_time, end_time\n          FROM driver_shifts\n          WHERE driver_id = $1\n          ORDER BY id ASC","timestamp":"2026-09-25T17:00:30.527Z"}
{"duration":2,"level":"info","message":"db-query","rows":1,"text":"SELECT \n            v.*,\n            json_build_object(\n              'id', vt.id,\n              'name', vt.name,\n              'driver_waiting_charges', vt.driver_waiting_charges,\n              'account_waiting_charges', vt.account_waiting_charges,\n              'waiting_time', vt.waiting_time\n            ) AS vehicle_type\n            FROM vehicles v\n            LEFT JOIN vehicle_types vt ON vt.id = v.vehicle_type_id\n            WHERE v.id = $1\n            LIMIT 1","timestamp":"2026-09-25T17:00:30.529Z"}
{"duration":0,"level":"info","message":"db-query","rows":null,"text":"COMMIT","timestamp":"2026-09-25T17:00:30.529Z"}
{"level":"info","message":"POST /api/bookings/assign-driver 400 429.592 ms","timestamp":"2026-09-25T17:00:30.531Z"}
{"duration":96,"level":"info","message":"db-query","rows":1,"text":"\n    SELECT \n      b.*,\n      vt.name as vehicle_type_name,\n      d.name as driver_name,\n      v.color,\n      v.make,\n      v.model,\n      v.vehicle_number\n    FROM bookings b\n    LEFT JOIN vehicle_types vt ON b.vehicle_type_id = vt.id\n    LEFT JOIN drivers d ON b.driver_id = d.id\n    LEFT JOIN vehicles v ON d.vehicle_id = v.id\n    WHERE b.id = $1 AND trash = false\n  ","timestamp":"2026-09-25T17:00:43.046Z"}
{"duration":1,"level":"info","message":"db-query","rows":null,"text":"BEGIN","timestamp":"2026-09-25T17:00:43.069Z"}
{"duration":4,"level":"info","message":"db-query","rows":1,"text":"SELECT d.*, s.name AS subsidiary_name\n          FROM drivers d\n          LEFT JOIN subsidiaries s ON s.id = d.subsidiary_id\n          WHERE d.id = $1","timestamp":"2026-09-25T17:00:43.079Z"}
{"duration":3,"level":"info","message":"db-query","rows":1,"text":"SELECT id, note, created_at, created_by\n          FROM driver_notes\n          WHERE driver_id = $1\n          ORDER BY created_at DESC","timestamp":"2026-09-25T17:00:43.093Z"}
{"duration":2,"level":"info","message":"db-query","rows":1,"text":"SELECT id, name, start_time, end_time\n          FROM driver_shifts\n          WHERE driver_id = $1\n          ORDER BY id ASC","timestamp":"2026-09-25T17:00:43.111Z"}
{"duration":1,"level":"info","message":"db-query","rows":1,"text":"SELECT \n            v.*,\n            json_build_object(\n              'id', vt.id,\n              'name', vt.name,\n              'driver_waiting_charges', vt.driver_waiting_charges,\n              'account_waiting_charges', vt.account_waiting_charges,\n              'waiting_time', vt.waiting_time\n            ) AS vehicle_type\n            FROM vehicles v\n            LEFT JOIN vehicle_types vt ON vt.id = v.vehicle_type_id\n            WHERE v.id = $1\n            LIMIT 1","timestamp":"2026-09-25T17:00:43.128Z"}
{"duration":1,"level":"info","message":"db-query","rows":null,"text":"COMMIT","timestamp":"2026-09-25T17:00:43.141Z"}
{"duration":4,"level":"info","message":"db-query","rows":0,"text":"SELECT * FROM driver_app_features WHERE driver_id = $1 AND company_id = $2","timestamp":"2026-09-25T17:00:43.222Z"}
{"duration":3,"level":"info","message":"db-query","rows":1,"text":"\n    UPDATE bookings\n    SET driver_id = $2, booking_status_id = $3, fare_meter = $4, dispatched_at = $5, updated_at = now()\n    WHERE id = $1\n    RETURNING *\n  ","timestamp":"2026-09-25T17:00:43.227Z"}
{"duration":24,"level":"info","message":"db-query","rows":1,"text":"\n    \nSELECT\n  b.id,\n  b.reference_number,\n  b.subsidiary_id,\n  b.booking_type_id,\n  b.booking_status_id,\n  b.journey_type_id,\n  b.account_id,\n  b.customer_id,\n  b.employee_id,\n  b.pickup,\n  b.dropoff,\n  b.pickup_date,\n  b.pickup_time,\n  b.dropoff_date,\n  b.dropoff_time,\n  b.pickup_door_number,\n  b.dropoff_door_number,\n  b.pickup_plot,\n  b.dropoff_plot,\n  b.pickup_location_type_id,\n  b.dropoff_location_type_id,\n  b.pickup_latitude,\n  b.pickup_longitude,\n  b.dropoff_latitude,\n  b.dropoff_longitude,\n  b.viapoints,\n  b.restricted_drivers,\n  b.flight_number,\n  b.arriving_from,\n  b.vehicle_type_id,\n  b.vehicle_id,\n  b.driver_id,\n  b.passengers,\n  b.luggages,\n  b.hand_luggages,\n  b.child_seat,\n  b.name,\n  b.email,\n  b.mobile,\n  b.telephone,\n  b.lead_time,\n  b.notes,\n  b.special_instructions,\n  b.payment_type_id,\n  b.company_price,\n  b.fares,\n  b.total_charges,\n  b.parking_charges,\n  b.waiting_charges,\n  b.extra_drop_charges,\n  b.credit_card_charges,\n  b.congestion_charges,\n  b.miles,\n  b.meet_and_greet,\n  b.department,\n  b.escort_id,\n  b.order_number,\n  b.booked_by,\n  b.add_return_fare,\n  b.fare_meter_status,\n  b.fare_meter,\n  b.quotation,\n  b.quoted,\n  b.dispatch,\n  b.dispatch_as,\n  b.sms,\n  b.emailflag,\n  b.trash,\n  b.hidden,\n  b.multi_booking_id,\n  b.associated_booking,\n  b.invoice_status,\n  b.commission_status,\n  b.commission,\n  b.skipped_bookings,\n  b.permanent,\n  b.toggle_driver_text,\n  b.toggle_passenger_text,\n  b.cancelled_reason,\n  b.booking_source,\n  b.on_route,\n  b.arrived,\n  b.passenger_on_board,\n  b.completed,\n  b.controller_completed,\n  b.driver_waiting_time,\n  b.dispatched_at,\n  b.booked_at,\n  b.stripe_customer_id,\n  b.stripe_payment_id,\n  b.invoice_number,\n  b.initial_subsidiary_id,\n  b.created_at,\n  b.updated_at,\n  b.eta,\n  b.fob,\n  b.future,\n\n  json_build_object(\n    'booking_status', bs.booking_status\n  ) AS booking_status,\n\n  json_build_object(\n    'booking_type', bt.booking_type\n  ) AS booking_type,\n\n  json_build_object(\n    'journey_type', jt.journey_type\n  ) AS journey_type,\n\n  json_build_object(\n    'id', s.id,\n    'name', s.name,\n    'telephone_number', s.telephone_number\n  ) AS subsidiary,\n\n  json_build_object(\n    'name', vt.name,\n    'background_color', vt.background_color,\n    'foreground_color', vt.foreground_color\n  ) AS vehicle_type,\n\n  json_build_object(\n    'id', pt.id,\n    'name', pt.name,\n    'background_color', pt.background_color,\n    'foreground_color', pt.foreground_color\n  ) AS payment_type,\n\n  json_build_object(\n    'id', a.id,\n    'name', a.name,\n    'background_color', a.background_color,\n    'foreground_color', a.foreground_color,\n    'has_vat', a.has_vat,\n    'bank_information', a.bank_information,\n    'fare_controller', a.fare_controller,\n    'account_fees_type', a.account_fees_type,\n    'account_fees', a.account_fees,\n    'account_fees_vat', a.account_fees_vat\n  ) AS account,\n\n  json_build_object(\n    'id', d.id,\n    'username', d.username,\n    'name', d.name,\n    'mobile_device_id', d.mobile_device_id,\n    'phc_vehicle_number', d.phc_vehicle_number,\n    'phc_driver_number', d.phc_driver_number,\n    'vehicle_id', d.vehicle_id,\n    'driver_commission', d.driver_commission,\n    'session_status', d.session_status,\n\n    'vehicle', json_build_object(\n      'make', v.make,\n      'model', v.model,\n      'color', v.color,\n      'vehicle_number', v.vehicle_number\n    )\n  ) AS driver,\n\n  json_build_object(\n    'door_number', c.door_number,\n    'address1', c.address1,\n    'address2', c.address2,\n    'blacklist', c.blacklist\n  ) AS customer,\n\n  json_build_object(\n    'username', e.username,\n    'role_id', e.role_id\n  ) AS employee,\n\n  json_build_object(\n    'pickup',\n    CASE\n      WHEN lp.id IS NOT NULL THEN\n        json_build_object(\n          'id', lp.id,\n          'name', lp.name,\n          'location_type', json_build_object(\n            'id', ltp.id,\n            'name', ltp.name,\n            'background_color', ltp.background_color,\n            'foreground_color', ltp.foreground_color\n          )\n        )\n      ELSE\n        json_build_object(\n          'id', null,\n          'name', null,\n          'location_type', json_build_object(\n            'id', null,\n            'name', null,\n            'background_color', null,\n            'foreground_color', null\n          )\n        )\n    END,\n\n    'dropoff',\n    CASE\n      WHEN ld.id IS NOT NULL THEN\n        json_build_object(\n          'id', ld.id,\n          'name', ld.name,\n          'location_type', json_build_object(\n            'id', ltd.id,\n            'name', ltd.name,\n            'background_color', ltd.background_color,\n            'foreground_color', ltd.foreground_color\n          )\n        )\n      ELSE\n        json_build_object(\n          'id', null,\n          'name', null,\n          'location_type', json_build_object(\n            'id', null,\n            'name', null,\n            'background_color', null,\n            'foreground_color', null\n          )\n        )\n    END\n  ) AS airport\n\nFROM bookings b\n\nLEFT JOIN booking_statuses bs\n  ON b.booking_status_id = bs.id\n\nLEFT JOIN booking_types bt\n  ON b.booking_type_id = bt.id\n\nLEFT JOIN journey_types jt\n  ON b.journey_type_id = jt.id\n\nLEFT JOIN subsidiaries s\n  ON b.subsidiary_id = s.id\n\nLEFT JOIN vehicle_types vt\n  ON b.vehicle_type_id = vt.id\n\nLEFT JOIN payment_types pt\n  ON b.payment_type_id = pt.id\n\nLEFT JOIN accounts a\n  ON b.account_id = a.id\n\nLEFT JOIN drivers d\n  ON b.driver_id = d.id\n\nLEFT JOIN vehicles v\n  ON d.vehicle_id = v.id\n\nLEFT JOIN customers c\n  ON b.customer_id = c.id\n\nLEFT JOIN employees e\n  ON b.employee_id = e.id\n\n\n-- PICKUP LOCATION\n-- Select only the most specific matching location\nLEFT JOIN LATERAL (\n  SELECT l.*\n  FROM locations l\n  WHERE l.location_type_id = 2\n    AND b.pickup ILIKE '%' || l.name || '%'\n  ORDER BY LENGTH(l.name) DESC, l.id ASC\n  LIMIT 1\n) lp ON true\n\n\n-- DROPOFF LOCATION\n-- Select only the most specific matching location\nLEFT JOIN LATERAL (\n  SELECT l.*\n  FROM locations l\n  WHERE l.location_type_id = 2\n    AND b.dropoff ILIKE '%' || l.name || '%'\n  ORDER BY LENGTH(l.name) DESC, l.id ASC\n  LIMIT 1\n) ld ON true\n\n\nLEFT JOIN location_types ltp\n  ON lp.location_type_id = ltp.id\n\nLEFT JOIN location_types ltd\n  ON ld.location_type_id = ltd.id\n\n\n    WHERE b.id = $1\n  ","timestamp":"2026-09-25T17:00:43.329Z"}
{"duration":1,"level":"info","message":"db-query","rows":1,"text":"SELECT fcm_token FROM drivers WHERE id = $1","timestamp":"2026-09-25T17:00:43.365Z"}
{"duration":5,"level":"info","message":"db-query","rows":1,"text":"SELECT * FROM templates WHERE id = $1","timestamp":"2026-09-25T17:00:43.382Z"}
{"level":"info","message":"POST /api/bookings/assign-driver 200 461.503 ms","timestamp":"2026-09-25T17:00:43.407Z"}
{"duration":106,"level":"info","message":"db-query","rows":0,"text":"\n      SELECT company_id, driver_id \n      FROM driver_sinbins \n      WHERE is_active = TRUE \n      AND (updated_at + (sinbin_time || ' minutes')::INTERVAL) <= CURRENT_TIMESTAMP;\n    ","timestamp":"2026-09-25T17:01:00.114Z"}
{"duration":69,"level":"info","message":"db-query","rows":0,"text":"\n      SELECT company_id, driver_id \n      FROM driver_sinbins \n      WHERE is_active = TRUE \n      AND (updated_at + (sinbin_time || ' minutes')::INTERVAL) <= CURRENT_TIMESTAMP;\n    ","timestamp":"2026-09-25T17:02:00.088Z"}
{"duration":97,"level":"info","message":"db-query","rows":0,"text":"\n      SELECT company_id, driver_id \n      FROM driver_sinbins \n      WHERE is_active = TRUE \n      AND (updated_at + (sinbin_time || ' minutes')::INTERVAL) <= CURRENT_TIMESTAMP;\n    ","timestamp":"2026-09-25T17:03:00.106Z"}
{"duration":49,"level":"info","message":"db-query","rows":null,"text":"BEGIN","timestamp":"2026-09-25T17:03:27.599Z"}
{"duration":8,"level":"info","message":"db-query","rows":1,"text":"SELECT d.*, s.name AS subsidiary_name\n          FROM drivers d\n          LEFT JOIN subsidiaries s ON s.id = d.subsidiary_id\n          WHERE d.id = $1","timestamp":"2026-09-25T17:03:27.608Z"}
{"duration":3,"level":"info","message":"db-query","rows":1,"text":"SELECT id, note, created_at, created_by\n          FROM driver_notes\n          WHERE driver_id = $1\n          ORDER BY created_at DESC","timestamp":"2026-09-25T17:03:27.611Z"}
{"duration":2,"level":"info","message":"db-query","rows":1,"text":"SELECT id, name, start_time, end_time\n          FROM driver_shifts\n          WHERE driver_id = $1\n          ORDER BY id ASC","timestamp":"2026-09-25T17:03:27.614Z"}
{"duration":8,"level":"info","message":"db-query","rows":1,"text":"SELECT \n            v.*,\n            json_build_object(\n              'id', vt.id,\n              'name', vt.name,\n              'driver_waiting_charges', vt.driver_waiting_charges,\n              'account_waiting_charges', vt.account_waiting_charges,\n              'waiting_time', vt.waiting_time\n            ) AS vehicle_type\n            FROM vehicles v\n            LEFT JOIN vehicle_types vt ON vt.id = v.vehicle_type_id\n            WHERE v.id = $1\n            LIMIT 1","timestamp":"2026-09-25T17:03:27.623Z"}
{"duration":1,"level":"info","message":"db-query","rows":null,"text":"COMMIT","timestamp":"2026-09-25T17:03:27.624Z"}
{"level":"info","message":"GET /api/drivers/getbyid/167 200 75.421 ms","timestamp":"2026-09-25T17:03:27.625Z"}
{"duration":58,"level":"info","message":"db-query","rows":0,"text":"\n      SELECT company_id, driver_id \n      FROM driver_sinbins \n      WHERE is_active = TRUE \n      AND (updated_at + (sinbin_time || ' minutes')::INTERVAL) <= CURRENT_TIMESTAMP;\n    ","timestamp":"2026-09-25T17:04:00.069Z"}
{"duration":66,"level":"info","message":"db-query","rows":1,"text":"\n    SELECT \n      b.*,\n      vt.name as vehicle_type_name,\n      d.name as driver_name,\n      v.color,\n      v.make,\n      v.model,\n      v.vehicle_number\n    FROM bookings b\n    LEFT JOIN vehicle_types vt ON b.vehicle_type_id = vt.id\n    LEFT JOIN drivers d ON b.driver_id = d.id\n    LEFT JOIN vehicles v ON d.vehicle_id = v.id\n    WHERE b.id = $1 AND trash = false\n  ","timestamp":"2026-09-25T17:04:27.873Z"}
{"duration":0,"level":"info","message":"db-query","rows":null,"text":"BEGIN","timestamp":"2026-09-25T17:04:27.874Z"}
{"duration":3,"level":"info","message":"db-query","rows":1,"text":"SELECT d.*, s.name AS subsidiary_name\n          FROM drivers d\n          LEFT JOIN subsidiaries s ON s.id = d.subsidiary_id\n          WHERE d.id = $1","timestamp":"2026-09-25T17:04:27.878Z"}
{"duration":3,"level":"info","message":"db-query","rows":1,"text":"SELECT id, note, created_at, created_by\n          FROM driver_notes\n          WHERE driver_id = $1\n          ORDER BY created_at DESC","timestamp":"2026-09-25T17:04:27.882Z"}
{"duration":7,"level":"info","message":"db-query","rows":1,"text":"SELECT id, name, start_time, end_time\n          FROM driver_shifts\n          WHERE driver_id = $1\n          ORDER BY id ASC","timestamp":"2026-09-25T17:04:27.890Z"}
{"duration":3,"level":"info","message":"db-query","rows":1,"text":"SELECT \n            v.*,\n            json_build_object(\n              'id', vt.id,\n              'name', vt.name,\n              'driver_waiting_charges', vt.driver_waiting_charges,\n              'account_waiting_charges', vt.account_waiting_charges,\n              'waiting_time', vt.waiting_time\n            ) AS vehicle_type\n            FROM vehicles v\n            LEFT JOIN vehicle_types vt ON vt.id = v.vehicle_type_id\n            WHERE v.id = $1\n            LIMIT 1","timestamp":"2026-09-25T17:04:27.894Z"}
{"duration":1,"level":"info","message":"db-query","rows":null,"text":"COMMIT","timestamp":"2026-09-25T17:04:27.897Z"}
{"level":"info","message":"POST /api/bookings/assign-driver 400 91.231 ms","timestamp":"2026-09-25T17:04:27.898Z"}
{"duration":96,"level":"info","message":"db-query","rows":0,"text":"\n      SELECT company_id, driver_id \n      FROM driver_sinbins \n      WHERE is_active = TRUE \n      AND (updated_at + (sinbin_time || ' minutes')::INTERVAL) <= CURRENT_TIMESTAMP;\n    ","timestamp":"2026-09-25T17:05:00.107Z"}
{"duration":8,"level":"info","message":"db-query","rows":26,"text":"SELECT * FROM location_types","timestamp":"2026-09-25T17:05:41.665Z"}
{"level":"info","message":"GET /api/location-types 200 19.869 ms","timestamp":"2026-09-25T17:05:41.676Z"}
{"duration":69,"level":"info","message":"db-query","rows":26,"text":"SELECT * FROM location_types","timestamp":"2026-09-25T17:05:41.728Z"}
{"level":"info","message":"GET /api/location-types 200 70.331 ms","timestamp":"2026-09-25T17:05:41.730Z"}
{"duration":79,"level":"info","message":"db-query","rows":0,"text":"\n      SELECT company_id, driver_id \n      FROM driver_sinbins \n      WHERE is_active = TRUE \n      AND (updated_at + (sinbin_time || ' minutes')::INTERVAL) <= CURRENT_TIMESTAMP;\n    ","timestamp":"2026-09-25T17:06:00.105Z"}
{"duration":84,"level":"info","message":"db-query","rows":0,"text":"\n      SELECT company_id, driver_id \n      FROM driver_sinbins \n      WHERE is_active = TRUE \n      AND (updated_at + (sinbin_time || ' minutes')::INTERVAL) <= CURRENT_TIMESTAMP;\n    ","timestamp":"2026-09-25T17:07:00.100Z"}
{"duration":6,"level":"info","message":"db-query","rows":26,"text":"SELECT * FROM location_types","timestamp":"2026-09-25T17:07:26.808Z"}
{"level":"info","message":"GET /api/location-types 200 12.395 ms","timestamp":"2026-09-25T17:07:26.815Z"}
{"duration":150,"level":"info","message":"db-query","rows":26,"text":"SELECT * FROM location_types","timestamp":"2026-09-25T17:07:26.954Z"}
{"level":"info","message":"GET /api/location-types 200 151.180 ms","timestamp":"2026-09-25T17:07:26.955Z"}
{"duration":58,"level":"info","message":"db-query","rows":0,"text":"\n      SELECT company_id, driver_id \n      FROM driver_sinbins \n      WHERE is_active = TRUE \n      AND (updated_at + (sinbin_time || ' minutes')::INTERVAL) <= CURRENT_TIMESTAMP;\n    ","timestamp":"2026-09-25T17:08:00.077Z"}
{"duration":63,"level":"info","message":"db-query","rows":0,"text":"\n      SELECT company_id, driver_id \n      FROM driver_sinbins \n      WHERE is_active = TRUE \n      AND (updated_at + (sinbin_time || ' minutes')::INTERVAL) <= CURRENT_TIMESTAMP;\n    ","timestamp":"2026-09-25T17:09:00.078Z"}
{"duration":179,"level":"info","message":"db-query","rows":1,"text":"\n    SELECT \n      b.*,\n      vt.name as vehicle_type_name,\n      d.name as driver_name,\n      v.color,\n      v.make,\n      v.model,\n      v.vehicle_number\n    FROM bookings b\n    LEFT JOIN vehicle_types vt ON b.vehicle_type_id = vt.id\n    LEFT JOIN drivers d ON b.driver_id = d.id\n    LEFT JOIN vehicles v ON d.vehicle_id = v.id\n    WHERE b.id = $1 AND trash = false\n  ","timestamp":"2026-09-25T17:09:17.243Z"}
{"duration":0,"level":"info","message":"db-query","rows":null,"text":"BEGIN","timestamp":"2026-09-25T17:09:17.244Z"}
{"duration":4,"level":"info","message":"db-query","rows":1,"text":"SELECT d.*, s.name AS subsidiary_name\n          FROM drivers d\n          LEFT JOIN subsidiaries s ON s.id = d.subsidiary_id\n          WHERE d.id = $1","timestamp":"2026-09-25T17:09:17.249Z"}
{"duration":5,"level":"info","message":"db-query","rows":1,"text":"SELECT id, note, created_at, created_by\n          FROM driver_notes\n          WHERE driver_id = $1\n          ORDER BY created_at DESC","timestamp":"2026-09-25T17:09:17.254Z"}
{"duration":4,"level":"info","message":"db-query","rows":1,"text":"SELECT id, name, start_time, end_time\n          FROM driver_shifts\n          WHERE driver_id = $1\n          ORDER BY id ASC","timestamp":"2026-09-25T17:09:17.258Z"}
{"duration":2,"level":"info","message":"db-query","rows":1,"text":"SELECT \n            v.*,\n            json_build_object(\n              'id', vt.id,\n              'name', vt.name,\n              'driver_waiting_charges', vt.driver_waiting_charges,\n              'account_waiting_charges', vt.account_waiting_charges,\n              'waiting_time', vt.waiting_time\n            ) AS vehicle_type\n            FROM vehicles v\n            LEFT JOIN vehicle_types vt ON vt.id = v.vehicle_type_id\n            WHERE v.id = $1\n            LIMIT 1","timestamp":"2026-09-25T17:09:17.260Z"}
{"duration":1,"level":"info","message":"db-query","rows":null,"text":"COMMIT","timestamp":"2026-09-25T17:09:17.261Z"}
{"duration":3,"level":"info","message":"db-query","rows":0,"text":"SELECT * FROM driver_app_features WHERE driver_id = $1 AND company_id = $2","timestamp":"2026-09-25T17:09:17.266Z"}
{"duration":19,"level":"info","message":"db-query","rows":1,"text":"\n    UPDATE bookings\n    SET driver_id = $2, booking_status_id = $3, fare_meter = $4, dispatched_at = $5, updated_at = now()\n    WHERE id = $1\n    RETURNING *\n  ","timestamp":"2026-09-25T17:09:17.290Z"}
{"duration":26,"level":"info","message":"db-query","rows":1,"text":"\n    \nSELECT\n  b.id,\n  b.reference_number,\n  b.subsidiary_id,\n  b.booking_type_id,\n  b.booking_status_id,\n  b.journey_type_id,\n  b.account_id,\n  b.customer_id,\n  b.employee_id,\n  b.pickup,\n  b.dropoff,\n  b.pickup_date,\n  b.pickup_time,\n  b.dropoff_date,\n  b.dropoff_time,\n  b.pickup_door_number,\n  b.dropoff_door_number,\n  b.pickup_plot,\n  b.dropoff_plot,\n  b.pickup_location_type_id,\n  b.dropoff_location_type_id,\n  b.pickup_latitude,\n  b.pickup_longitude,\n  b.dropoff_latitude,\n  b.dropoff_longitude,\n  b.viapoints,\n  b.restricted_drivers,\n  b.flight_number,\n  b.arriving_from,\n  b.vehicle_type_id,\n  b.vehicle_id,\n  b.driver_id,\n  b.passengers,\n  b.luggages,\n  b.hand_luggages,\n  b.child_seat,\n  b.name,\n  b.email,\n  b.mobile,\n  b.telephone,\n  b.lead_time,\n  b.notes,\n  b.special_instructions,\n  b.payment_type_id,\n  b.company_price,\n  b.fares,\n  b.total_charges,\n  b.parking_charges,\n  b.waiting_charges,\n  b.extra_drop_charges,\n  b.credit_card_charges,\n  b.congestion_charges,\n  b.miles,\n  b.meet_and_greet,\n  b.department,\n  b.escort_id,\n  b.order_number,\n  b.booked_by,\n  b.add_return_fare,\n  b.fare_meter_status,\n  b.fare_meter,\n  b.quotation,\n  b.quoted,\n  b.dispatch,\n  b.dispatch_as,\n  b.sms,\n  b.emailflag,\n  b.trash,\n  b.hidden,\n  b.multi_booking_id,\n  b.associated_booking,\n  b.invoice_status,\n  b.commission_status,\n  b.commission,\n  b.skipped_bookings,\n  b.permanent,\n  b.toggle_driver_text,\n  b.toggle_passenger_text,\n  b.cancelled_reason,\n  b.booking_source,\n  b.on_route,\n  b.arrived,\n  b.passenger_on_board,\n  b.completed,\n  b.controller_completed,\n  b.driver_waiting_time,\n  b.dispatched_at,\n  b.booked_at,\n  b.stripe_customer_id,\n  b.stripe_payment_id,\n  b.invoice_number,\n  b.initial_subsidiary_id,\n  b.created_at,\n  b.updated_at,\n  b.eta,\n  b.fob,\n  b.future,\n\n  json_build_object(\n    'booking_status', bs.booking_status\n  ) AS booking_status,\n\n  json_build_object(\n    'booking_type', bt.booking_type\n  ) AS booking_type,\n\n  json_build_object(\n    'journey_type', jt.journey_type\n  ) AS journey_type,\n\n  json_build_object(\n    'id', s.id,\n    'name', s.name,\n    'telephone_number', s.telephone_number\n  ) AS subsidiary,\n\n  json_build_object(\n    'name', vt.name,\n    'background_color', vt.background_color,\n    'foreground_color', vt.foreground_color\n  ) AS vehicle_type,\n\n  json_build_object(\n    'id', pt.id,\n    'name', pt.name,\n    'background_color', pt.background_color,\n    'foreground_color', pt.foreground_color\n  ) AS payment_type,\n\n  json_build_object(\n    'id', a.id,\n    'name', a.name,\n    'background_color', a.background_color,\n    'foreground_color', a.foreground_color,\n    'has_vat', a.has_vat,\n    'bank_information', a.bank_information,\n    'fare_controller', a.fare_controller,\n    'account_fees_type', a.account_fees_type,\n    'account_fees', a.account_fees,\n    'account_fees_vat', a.account_fees_vat\n  ) AS account,\n\n  json_build_object(\n    'id', d.id,\n    'username', d.username,\n    'name', d.name,\n    'mobile_device_id', d.mobile_device_id,\n    'phc_vehicle_number', d.phc_vehicle_number,\n    'phc_driver_number', d.phc_driver_number,\n    'vehicle_id', d.vehicle_id,\n    'driver_commission', d.driver_commission,\n    'session_status', d.session_status,\n\n    'vehicle', json_build_object(\n      'make', v.make,\n      'model', v.model,\n      'color', v.color,\n      'vehicle_number', v.vehicle_number\n    )\n  ) AS driver,\n\n  json_build_object(\n    'door_number', c.door_number,\n    'address1', c.address1,\n    'address2', c.address2,\n    'blacklist', c.blacklist\n  ) AS customer,\n\n  json_build_object(\n    'username', e.username,\n    'role_id', e.role_id\n  ) AS employee,\n\n  json_build_object(\n    'pickup',\n    CASE\n      WHEN lp.id IS NOT NULL THEN\n        json_build_object(\n          'id', lp.id,\n          'name', lp.name,\n          'location_type', json_build_object(\n            'id', ltp.id,\n            'name', ltp.name,\n            'background_color', ltp.background_color,\n            'foreground_color', ltp.foreground_color\n          )\n        )\n      ELSE\n        json_build_object(\n          'id', null,\n          'name', null,\n          'location_type', json_build_object(\n            'id', null,\n            'name', null,\n            'background_color', null,\n            'foreground_color', null\n          )\n        )\n    END,\n\n    'dropoff',\n    CASE\n      WHEN ld.id IS NOT NULL THEN\n        json_build_object(\n          'id', ld.id,\n          'name', ld.name,\n          'location_type', json_build_object(\n            'id', ltd.id,\n            'name', ltd.name,\n            'background_color', ltd.background_color,\n            'foreground_color', ltd.foreground_color\n          )\n        )\n      ELSE\n        json_build_object(\n          'id', null,\n          'name', null,\n          'location_type', json_build_object(\n            'id', null,\n            'name', null,\n            'background_color', null,\n            'foreground_color', null\n          )\n        )\n    END\n  ) AS airport\n\nFROM bookings b\n\nLEFT JOIN booking_statuses bs\n  ON b.booking_status_id = bs.id\n\nLEFT JOIN booking_types bt\n  ON b.booking_type_id = bt.id\n\nLEFT JOIN journey_types jt\n  ON b.journey_type_id = jt.id\n\nLEFT JOIN subsidiaries s\n  ON b.subsidiary_id = s.id\n\nLEFT JOIN vehicle_types vt\n  ON b.vehicle_type_id = vt.id\n\nLEFT JOIN payment_types pt\n  ON b.payment_type_id = pt.id\n\nLEFT JOIN accounts a\n  ON b.account_id = a.id\n\nLEFT JOIN drivers d\n  ON b.driver_id = d.id\n\nLEFT JOIN vehicles v\n  ON d.vehicle_id = v.id\n\nLEFT JOIN customers c\n  ON b.customer_id = c.id\n\nLEFT JOIN employees e\n  ON b.employee_id = e.id\n\n\n-- PICKUP LOCATION\n-- Select only the most specific matching location\nLEFT JOIN LATERAL (\n  SELECT l.*\n  FROM locations l\n  WHERE l.location_type_id = 2\n    AND b.pickup ILIKE '%' || l.name || '%'\n  ORDER BY LENGTH(l.name) DESC, l.id ASC\n  LIMIT 1\n) lp ON true\n\n\n-- DROPOFF LOCATION\n-- Select only the most specific matching location\nLEFT JOIN LATERAL (\n  SELECT l.*\n  FROM locations l\n  WHERE l.location_type_id = 2\n    AND b.dropoff ILIKE '%' || l.name || '%'\n  ORDER BY LENGTH(l.name) DESC, l.id ASC\n  LIMIT 1\n) ld ON true\n\n\nLEFT JOIN location_types ltp\n  ON lp.location_type_id = ltp.id\n\nLEFT JOIN location_types ltd\n  ON ld.location_type_id = ltd.id\n\n\n    WHERE b.id = $1\n  ","timestamp":"2026-09-25T17:09:17.317Z"}
{"duration":2,"level":"info","message":"db-query","rows":1,"text":"SELECT fcm_token FROM drivers WHERE id = $1","timestamp":"2026-09-25T17:09:17.323Z"}
{"duration":2,"level":"info","message":"db-query","rows":1,"text":"SELECT * FROM templates WHERE id = $1","timestamp":"2026-09-25T17:09:17.326Z"}
{"level":"info","message":"POST /api/bookings/assign-driver 200 302.155 ms","timestamp":"2026-09-25T17:09:17.328Z"}
{"duration":2,"level":"info","message":"db-query","rows":1,"text":"\n    SELECT \n      b.*,\n      vt.name as vehicle_type_name,\n      d.name as driver_name,\n      v.color,\n      v.make,\n      v.model,\n      v.vehicle_number\n    FROM bookings b\n    LEFT JOIN vehicle_types vt ON b.vehicle_type_id = vt.id\n    LEFT JOIN drivers d ON b.driver_id = d.id\n    LEFT JOIN vehicles v ON d.vehicle_id = v.id\n    WHERE b.id = $1 AND trash = false\n  ","timestamp":"2026-09-25T17:09:21.040Z"}
{"duration":1,"level":"info","message":"db-query","rows":1,"text":"\n    UPDATE bookings\n    SET on_route = $1, completed = $2, arrived = $3\n    WHERE id = $4\n  ","timestamp":"2026-09-25T17:09:21.086Z"}
{"duration":1,"level":"info","message":"db-query","rows":1,"text":"\n    UPDATE drivers\n    SET \n      booking_status = $1,\n      driver_status = $2\n    WHERE id = $3\n  ","timestamp":"2026-09-25T17:09:21.115Z"}
{"duration":5,"level":"info","message":"db-query","rows":1,"text":"SELECT \n      d.id,\n      d.name,\n      d.username,\n      d.zone,\n      d.latitude,\n      d.longitude,\n      d.booking_status,\n      d.session_status,\n      d.driver_status,\n      d.last_login_at,\n      d.has_pda,\n      \n      -- Vehicle Type (Dynamic)\n      CASE \n        WHEN d.use_company_vehicle = true THEN vt_cv.name\n        ELSE vt_v.name\n      END AS vehicle_type,\n\n      -- Vehicle Number (Dynamic)\n      CASE \n        WHEN d.use_company_vehicle = true THEN cv.vehicle_number\n        ELSE v.vehicle_number\n      END AS vehicle_no,\n\n      -- Vehicle Make (Dynamic)\n      CASE \n        WHEN d.use_company_vehicle = true THEN cv.make\n        ELSE v.make\n      END AS make,\n\n      -- Vehicle Model (Dynamic)\n      CASE \n        WHEN d.use_company_vehicle = true THEN cv.model\n        ELSE v.model\n      END AS model,\n\n      -- Vehicle Color (Dynamic)\n      CASE \n        WHEN d.use_company_vehicle = true THEN cv.color\n        ELSE v.color\n      END AS color\n\n    FROM drivers d\n\n    -- Company vehicle joins\n    LEFT JOIN company_vehicles cv \n      ON cv.id = d.company_vehicle_id\n\n    LEFT JOIN vehicle_types vt_cv \n      ON vt_cv.id = cv.vehicle_type_id\n\n    -- Personal vehicle joins\n    LEFT JOIN vehicles v \n      ON v.id = d.vehicle_id\n\n    LEFT JOIN vehicle_types vt_v \n      ON vt_v.id = v.vehicle_type_id\n      WHERE d.id = $1","timestamp":"2026-09-25T17:09:21.123Z"}
{"driverId":167,"level":"info","message":"ws:booking-status-broadcast","timestamp":"2026-09-25T17:09:21.160Z"}
{"duration":2,"level":"info","message":"db-query","rows":1,"text":"\n      SELECT \n      d.id,\n      d.name,\n      d.username,\n      d.zone,\n      d.latitude,\n      d.longitude,\n      d.booking_status,\n      d.session_status,\n      d.driver_status,\n      d.last_login_at,\n      d.has_pda,\n      d.company_id,\n      \n      -- Vehicle Type (Dynamic)\n      CASE \n        WHEN d.use_company_vehicle = true THEN vt_cv.name\n        ELSE vt_v.name\n      END AS vehicle_type,\n\n      -- Vehicle Number (Dynamic)\n      CASE \n        WHEN d.use_company_vehicle = true THEN cv.vehicle_number\n        ELSE v.vehicle_number\n      END AS vehicle_no,\n\n      -- Vehicle Make (Dynamic)\n      CASE \n        WHEN d.use_company_vehicle = true THEN cv.make\n        ELSE v.make\n      END AS make,\n\n      -- Vehicle Model (Dynamic)\n      CASE \n        WHEN d.use_company_vehicle = true THEN cv.model\n        ELSE v.model\n      END AS model,\n\n      -- Vehicle Color (Dynamic)\n      CASE \n        WHEN d.use_company_vehicle = true THEN cv.color\n        ELSE v.color\n      END AS color\n\n    FROM drivers d\n\n    -- Company vehicle joins\n    LEFT JOIN company_vehicles cv \n      ON cv.id = d.company_vehicle_id\n\n    LEFT JOIN vehicle_types vt_cv \n      ON vt_cv.id = cv.vehicle_type_id\n\n    -- Personal vehicle joins\n    LEFT JOIN vehicles v \n      ON v.id = d.vehicle_id\n\n    LEFT JOIN vehicle_types vt_v \n      ON vt_v.id = v.vehicle_type_id\n      WHERE d.id=$1\n      ","timestamp":"2026-09-25T17:09:21.182Z"}
{"driverId":167,"level":"info","message":"ws:driver-booking-status-web-update","timestamp":"2026-09-25T17:09:21.203Z"}
{"duration":1,"level":"info","message":"db-query","rows":1,"text":"\n    UPDATE bookings\n    SET booking_status_id = $1\n    WHERE id = $2\n  ","timestamp":"2026-09-25T17:09:21.212Z"}
{"duration":2,"level":"info","message":"db-query","rows":1,"text":"\n    SELECT \n      b.*,\n      vt.name as vehicle_type_name,\n      d.name as driver_name,\n      v.color,\n      v.make,\n      v.model,\n      v.vehicle_number\n    FROM bookings b\n    LEFT JOIN vehicle_types vt ON b.vehicle_type_id = vt.id\n    LEFT JOIN drivers d ON b.driver_id = d.id\n    LEFT JOIN vehicles v ON d.vehicle_id = v.id\n    WHERE b.id = $1 AND trash = false\n  ","timestamp":"2026-09-25T17:09:21.291Z"}
{"level":"info","message":"POST /api/bookings/status/1329 200 291.960 ms","timestamp":"2026-09-25T17:09:21.301Z"}
{"duration":96,"level":"info","message":"db-query","rows":0,"text":"\n      SELECT company_id, driver_id \n      FROM driver_sinbins \n      WHERE is_active = TRUE \n      AND (updated_at + (sinbin_time || ' minutes')::INTERVAL) <= CURRENT_TIMESTAMP;\n    ","timestamp":"2026-09-25T17:10:00.107Z"}
{"duration":6,"level":"info","message":"db-query","rows":26,"text":"SELECT * FROM location_types","timestamp":"2026-09-25T17:10:42.051Z"}
{"level":"info","message":"GET /api/location-types 200 15.709 ms","timestamp":"2026-09-25T17:10:42.061Z"}
{"duration":76,"level":"info","message":"db-query","rows":26,"text":"SELECT * FROM location_types","timestamp":"2026-09-25T17:10:42.122Z"}
{"level":"info","message":"GET /api/location-types 200 85.538 ms","timestamp":"2026-09-25T17:10:42.132Z"}
{"duration":16,"level":"info","message":"db-query","rows":1,"text":"\n    SELECT \n      b.*,\n      vt.name as vehicle_type_name,\n      d.name as driver_name,\n      v.color,\n      v.make,\n      v.model,\n      v.vehicle_number\n    FROM bookings b\n    LEFT JOIN vehicle_types vt ON b.vehicle_type_id = vt.id\n    LEFT JOIN drivers d ON b.driver_id = d.id\n    LEFT JOIN vehicles v ON d.vehicle_id = v.id\n    WHERE b.id = $1 AND trash = false\n  ","timestamp":"2026-09-25T17:10:47.118Z"}
{"duration":1,"level":"info","message":"db-query","rows":null,"text":"BEGIN","timestamp":"2026-09-25T17:10:47.120Z"}
{"duration":6,"level":"info","message":"db-query","rows":1,"text":"SELECT d.*, s.name AS subsidiary_name\n          FROM drivers d\n          LEFT JOIN subsidiaries s ON s.id = d.subsidiary_id\n          WHERE d.id = $1","timestamp":"2026-09-25T17:10:47.127Z"}
{"duration":3,"level":"info","message":"db-query","rows":1,"text":"SELECT id, note, created_at, created_by\n          FROM driver_notes\n          WHERE driver_id = $1\n          ORDER BY created_at DESC","timestamp":"2026-09-25T17:10:47.130Z"}
{"duration":4,"level":"info","message":"db-query","rows":1,"text":"SELECT id, name, start_time, end_time\n          FROM driver_shifts\n          WHERE driver_id = $1\n          ORDER BY id ASC","timestamp":"2026-09-25T17:10:47.135Z"}
{"duration":3,"level":"info","message":"db-query","rows":1,"text":"SELECT \n            v.*,\n            json_build_object(\n              'id', vt.id,\n              'name', vt.name,\n              'driver_waiting_charges', vt.driver_waiting_charges,\n              'account_waiting_charges', vt.account_waiting_charges,\n              'waiting_time', vt.waiting_time\n            ) AS vehicle_type\n            FROM vehicles v\n            LEFT JOIN vehicle_types vt ON vt.id = v.vehicle_type_id\n            WHERE v.id = $1\n            LIMIT 1","timestamp":"2026-09-25T17:10:47.140Z"}
{"duration":2,"level":"info","message":"db-query","rows":null,"text":"COMMIT","timestamp":"2026-09-25T17:10:47.142Z"}
{"level":"info","message":"POST /api/bookings/fob-driver 400 44.269 ms","timestamp":"2026-09-25T17:10:47.143Z"}
{"duration":3,"level":"info","message":"db-query","rows":1,"text":"\n    SELECT \n      b.*,\n      vt.name as vehicle_type_name,\n      d.name as driver_name,\n      v.color,\n      v.make,\n      v.model,\n      v.vehicle_number\n    FROM bookings b\n    LEFT JOIN vehicle_types vt ON b.vehicle_type_id = vt.id\n    LEFT JOIN drivers d ON b.driver_id = d.id\n    LEFT JOIN vehicles v ON d.vehicle_id = v.id\n    WHERE b.id = $1 AND trash = false\n  ","timestamp":"2026-09-25T17:10:53.057Z"}
{"duration":1,"level":"info","message":"db-query","rows":null,"text":"BEGIN","timestamp":"2026-09-25T17:10:53.059Z"}
{"duration":2,"level":"info","message":"db-query","rows":1,"text":"SELECT d.*, s.name AS subsidiary_name\n          FROM drivers d\n          LEFT JOIN subsidiaries s ON s.id = d.subsidiary_id\n          WHERE d.id = $1","timestamp":"2026-09-25T17:10:53.061Z"}
{"duration":1,"level":"info","message":"db-query","rows":1,"text":"SELECT id, note, created_at, created_by\n          FROM driver_notes\n          WHERE driver_id = $1\n          ORDER BY created_at DESC","timestamp":"2026-09-25T17:10:53.063Z"}
{"duration":1,"level":"info","message":"db-query","rows":1,"text":"SELECT id, name, start_time, end_time\n          FROM driver_shifts\n          WHERE driver_id = $1\n          ORDER BY id ASC","timestamp":"2026-09-25T17:10:53.065Z"}
{"duration":3,"level":"info","message":"db-query","rows":1,"text":"SELECT \n            v.*,\n            json_build_object(\n              'id', vt.id,\n              'name', vt.name,\n              'driver_waiting_charges', vt.driver_waiting_charges,\n              'account_waiting_charges', vt.account_waiting_charges,\n              'waiting_time', vt.waiting_time\n            ) AS vehicle_type\n            FROM vehicles v\n            LEFT JOIN vehicle_types vt ON vt.id = v.vehicle_type_id\n            WHERE v.id = $1\n            LIMIT 1","timestamp":"2026-09-25T17:10:53.073Z"}
{"duration":1,"level":"info","message":"db-query","rows":null,"text":"COMMIT","timestamp":"2026-09-25T17:10:53.074Z"}
{"duration":3,"level":"info","message":"db-query","rows":0,"text":"SELECT * FROM driver_app_features WHERE driver_id = $1 AND company_id = $2","timestamp":"2026-09-25T17:10:53.078Z"}
{"duration":5,"level":"info","message":"db-query","rows":1,"text":"\n    UPDATE bookings\n    SET driver_id = $2, booking_status_id = $3, fare_meter = $4, fob = $5, dispatched_at = $6, updated_at = now()\n    WHERE id = $1\n    RETURNING *\n  ","timestamp":"2026-09-25T17:10:53.084Z"}
{"duration":25,"level":"info","message":"db-query","rows":1,"text":"\n    \nSELECT\n  b.id,\n  b.reference_number,\n  b.subsidiary_id,\n  b.booking_type_id,\n  b.booking_status_id,\n  b.journey_type_id,\n  b.account_id,\n  b.customer_id,\n  b.employee_id,\n  b.pickup,\n  b.dropoff,\n  b.pickup_date,\n  b.pickup_time,\n  b.dropoff_date,\n  b.dropoff_time,\n  b.pickup_door_number,\n  b.dropoff_door_number,\n  b.pickup_plot,\n  b.dropoff_plot,\n  b.pickup_location_type_id,\n  b.dropoff_location_type_id,\n  b.pickup_latitude,\n  b.pickup_longitude,\n  b.dropoff_latitude,\n  b.dropoff_longitude,\n  b.viapoints,\n  b.restricted_drivers,\n  b.flight_number,\n  b.arriving_from,\n  b.vehicle_type_id,\n  b.vehicle_id,\n  b.driver_id,\n  b.passengers,\n  b.luggages,\n  b.hand_luggages,\n  b.child_seat,\n  b.name,\n  b.email,\n  b.mobile,\n  b.telephone,\n  b.lead_time,\n  b.notes,\n  b.special_instructions,\n  b.payment_type_id,\n  b.company_price,\n  b.fares,\n  b.total_charges,\n  b.parking_charges,\n  b.waiting_charges,\n  b.extra_drop_charges,\n  b.credit_card_charges,\n  b.congestion_charges,\n  b.miles,\n  b.meet_and_greet,\n  b.department,\n  b.escort_id,\n  b.order_number,\n  b.booked_by,\n  b.add_return_fare,\n  b.fare_meter_status,\n  b.fare_meter,\n  b.quotation,\n  b.quoted,\n  b.dispatch,\n  b.dispatch_as,\n  b.sms,\n  b.emailflag,\n  b.trash,\n  b.hidden,\n  b.multi_booking_id,\n  b.associated_booking,\n  b.invoice_status,\n  b.commission_status,\n  b.commission,\n  b.skipped_bookings,\n  b.permanent,\n  b.toggle_driver_text,\n  b.toggle_passenger_text,\n  b.cancelled_reason,\n  b.booking_source,\n  b.on_route,\n  b.arrived,\n  b.passenger_on_board,\n  b.completed,\n  b.controller_completed,\n  b.driver_waiting_time,\n  b.dispatched_at,\n  b.booked_at,\n  b.stripe_customer_id,\n  b.stripe_payment_id,\n  b.invoice_number,\n  b.initial_subsidiary_id,\n  b.created_at,\n  b.updated_at,\n  b.eta,\n  b.fob,\n  b.future,\n\n  json_build_object(\n    'booking_status', bs.booking_status\n  ) AS booking_status,\n\n  json_build_object(\n    'booking_type', bt.booking_type\n  ) AS booking_type,\n\n  json_build_object(\n    'journey_type', jt.journey_type\n  ) AS journey_type,\n\n  json_build_object(\n    'id', s.id,\n    'name', s.name,\n    'telephone_number', s.telephone_number\n  ) AS subsidiary,\n\n  json_build_object(\n    'name', vt.name,\n    'background_color', vt.background_color,\n    'foreground_color', vt.foreground_color\n  ) AS vehicle_type,\n\n  json_build_object(\n    'id', pt.id,\n    'name', pt.name,\n    'background_color', pt.background_color,\n    'foreground_color', pt.foreground_color\n  ) AS payment_type,\n\n  json_build_object(\n    'id', a.id,\n    'name', a.name,\n    'background_color', a.background_color,\n    'foreground_color', a.foreground_color,\n    'has_vat', a.has_vat,\n    'bank_information', a.bank_information,\n    'fare_controller', a.fare_controller,\n    'account_fees_type', a.account_fees_type,\n    'account_fees', a.account_fees,\n    'account_fees_vat', a.account_fees_vat\n  ) AS account,\n\n  json_build_object(\n    'id', d.id,\n    'username', d.username,\n    'name', d.name,\n    'mobile_device_id', d.mobile_device_id,\n    'phc_vehicle_number', d.phc_vehicle_number,\n    'phc_driver_number', d.phc_driver_number,\n    'vehicle_id', d.vehicle_id,\n    'driver_commission', d.driver_commission,\n    'session_status', d.session_status,\n\n    'vehicle', json_build_object(\n      'make', v.make,\n      'model', v.model,\n      'color', v.color,\n      'vehicle_number', v.vehicle_number\n    )\n  ) AS driver,\n\n  json_build_object(\n    'door_number', c.door_number,\n    'address1', c.address1,\n    'address2', c.address2,\n    'blacklist', c.blacklist\n  ) AS customer,\n\n  json_build_object(\n    'username', e.username,\n    'role_id', e.role_id\n  ) AS employee,\n\n  json_build_object(\n    'pickup',\n    CASE\n      WHEN lp.id IS NOT NULL THEN\n        json_build_object(\n          'id', lp.id,\n          'name', lp.name,\n          'location_type', json_build_object(\n            'id', ltp.id,\n            'name', ltp.name,\n            'background_color', ltp.background_color,\n            'foreground_color', ltp.foreground_color\n          )\n        )\n      ELSE\n        json_build_object(\n          'id', null,\n          'name', null,\n          'location_type', json_build_object(\n            'id', null,\n            'name', null,\n            'background_color', null,\n            'foreground_color', null\n          )\n        )\n    END,\n\n    'dropoff',\n    CASE\n      WHEN ld.id IS NOT NULL THEN\n        json_build_object(\n          'id', ld.id,\n          'name', ld.name,\n          'location_type', json_build_object(\n            'id', ltd.id,\n            'name', ltd.name,\n            'background_color', ltd.background_color,\n            'foreground_color', ltd.foreground_color\n          )\n        )\n      ELSE\n        json_build_object(\n          'id', null,\n          'name', null,\n          'location_type', json_build_object(\n            'id', null,\n            'name', null,\n            'background_color', null,\n            'foreground_color', null\n          )\n        )\n    END\n  ) AS airport\n\nFROM bookings b\n\nLEFT JOIN booking_statuses bs\n  ON b.booking_status_id = bs.id\n\nLEFT JOIN booking_types bt\n  ON b.booking_type_id = bt.id\n\nLEFT JOIN journey_types jt\n  ON b.journey_type_id = jt.id\n\nLEFT JOIN subsidiaries s\n  ON b.subsidiary_id = s.id\n\nLEFT JOIN vehicle_types vt\n  ON b.vehicle_type_id = vt.id\n\nLEFT JOIN payment_types pt\n  ON b.payment_type_id = pt.id\n\nLEFT JOIN accounts a\n  ON b.account_id = a.id\n\nLEFT JOIN drivers d\n  ON b.driver_id = d.id\n\nLEFT JOIN vehicles v\n  ON d.vehicle_id = v.id\n\nLEFT JOIN customers c\n  ON b.customer_id = c.id\n\nLEFT JOIN employees e\n  ON b.employee_id = e.id\n\n\n-- PICKUP LOCATION\n-- Select only the most specific matching location\nLEFT JOIN LATERAL (\n  SELECT l.*\n  FROM locations l\n  WHERE l.location_type_id = 2\n    AND b.pickup ILIKE '%' || l.name || '%'\n  ORDER BY LENGTH(l.name) DESC, l.id ASC\n  LIMIT 1\n) lp ON true\n\n\n-- DROPOFF LOCATION\n-- Select only the most specific matching location\nLEFT JOIN LATERAL (\n  SELECT l.*\n  FROM locations l\n  WHERE l.location_type_id = 2\n    AND b.dropoff ILIKE '%' || l.name || '%'\n  ORDER BY LENGTH(l.name) DESC, l.id ASC\n  LIMIT 1\n) ld ON true\n\n\nLEFT JOIN location_types ltp\n  ON lp.location_type_id = ltp.id\n\nLEFT JOIN location_types ltd\n  ON ld.location_type_id = ltd.id\n\n\n    WHERE b.id = $1\n  ","timestamp":"2026-09-25T17:10:53.111Z"}
{"duration":1,"level":"info","message":"db-query","rows":1,"text":"SELECT fcm_token FROM drivers WHERE id = $1","timestamp":"2026-09-25T17:10:53.114Z"}
{"level":"info","message":"POST /api/bookings/fob-driver 200 69.092 ms","timestamp":"2026-09-25T17:10:53.115Z"}
{"duration":3,"level":"info","message":"db-query","rows":0,"text":"\n      SELECT company_id, driver_id \n      FROM driver_sinbins \n      WHERE is_active = TRUE \n      AND (updated_at + (sinbin_time || ' minutes')::INTERVAL) <= CURRENT_TIMESTAMP;\n    ","timestamp":"2026-09-25T17:11:00.123Z"}
{"duration":11,"level":"info","message":"db-query","rows":26,"text":"SELECT * FROM location_types","timestamp":"2026-09-25T17:11:35.924Z"}
{"level":"info","message":"GET /api/location-types 200 20.777 ms","timestamp":"2026-09-25T17:11:35.934Z"}
{"duration":65,"level":"info","message":"db-query","rows":26,"text":"SELECT * FROM location_types","timestamp":"2026-09-25T17:11:35.980Z"}
{"level":"info","message":"GET /api/location-types 200 65.998 ms","timestamp":"2026-09-25T17:11:35.982Z"}
{"duration":58,"level":"info","message":"db-query","rows":0,"text":"\n      SELECT company_id, driver_id \n      FROM driver_sinbins \n      WHERE is_active = TRUE \n      AND (updated_at + (sinbin_time || ' minutes')::INTERVAL) <= CURRENT_TIMESTAMP;\n    ","timestamp":"2026-09-25T17:12:00.063Z"}
{"duration":71,"level":"info","message":"db-query","rows":0,"text":"\n      SELECT company_id, driver_id \n      FROM driver_sinbins \n      WHERE is_active = TRUE \n      AND (updated_at + (sinbin_time || ' minutes')::INTERVAL) <= CURRENT_TIMESTAMP;\n    ","timestamp":"2026-09-25T17:13:00.078Z"}
{"duration":7,"level":"info","message":"db-query","rows":26,"text":"SELECT * FROM location_types","timestamp":"2026-09-25T17:13:42.083Z"}
{"level":"info","message":"GET /api/location-types 200 14.062 ms","timestamp":"2026-09-25T17:13:42.091Z"}
{"duration":63,"level":"info","message":"db-query","rows":26,"text":"SELECT * FROM location_types","timestamp":"2026-09-25T17:13:42.143Z"}
{"level":"info","message":"GET /api/location-types 200 64.992 ms","timestamp":"2026-09-25T17:13:42.144Z"}
{"duration":75,"level":"info","message":"db-query","rows":0,"text":"\n      SELECT company_id, driver_id \n      FROM driver_sinbins \n      WHERE is_active = TRUE \n      AND (updated_at + (sinbin_time || ' minutes')::INTERVAL) <= CURRENT_TIMESTAMP;\n    ","timestamp":"2026-09-25T17:14:00.110Z"}
{"duration":106,"level":"info","message":"db-query","rows":0,"text":"\n      SELECT company_id, driver_id \n      FROM driver_sinbins \n      WHERE is_active = TRUE \n      AND (updated_at + (sinbin_time || ' minutes')::INTERVAL) <= CURRENT_TIMESTAMP;\n    ","timestamp":"2026-09-25T17:15:00.119Z"}
{"duration":7,"level":"info","message":"db-query","rows":26,"text":"SELECT * FROM location_types","timestamp":"2026-09-25T17:15:42.048Z"}
{"level":"info","message":"GET /api/location-types 200 14.102 ms","timestamp":"2026-09-25T17:15:42.056Z"}
{"duration":52,"level":"info","message":"db-query","rows":26,"text":"SELECT * FROM location_types","timestamp":"2026-09-25T17:15:42.095Z"}
{"level":"info","message":"GET /api/location-types 200 53.845 ms","timestamp":"2026-09-25T17:15:42.097Z"}
{"duration":68,"level":"info","message":"db-query","rows":0,"text":"\n      SELECT company_id, driver_id \n      FROM driver_sinbins \n      WHERE is_active = TRUE \n      AND (updated_at + (sinbin_time || ' minutes')::INTERVAL) <= CURRENT_TIMESTAMP;\n    ","timestamp":"2026-09-25T17:16:00.099Z"}
{"duration":68,"level":"info","message":"db-query","rows":0,"text":"\n      SELECT company_id, driver_id \n      FROM driver_sinbins \n      WHERE is_active = TRUE \n      AND (updated_at + (sinbin_time || ' minutes')::INTERVAL) <= CURRENT_TIMESTAMP;\n    ","timestamp":"2026-09-25T17:17:00.102Z"}
{"duration":82,"level":"info","message":"db-query","rows":1,"text":"\n    SELECT \n      b.*,\n      vt.name as vehicle_type_name,\n      d.name as driver_name,\n      v.color,\n      v.make,\n      v.model,\n      v.vehicle_number\n    FROM bookings b\n    LEFT JOIN vehicle_types vt ON b.vehicle_type_id = vt.id\n    LEFT JOIN drivers d ON b.driver_id = d.id\n    LEFT JOIN vehicles v ON d.vehicle_id = v.id\n    WHERE b.id = $1 AND trash = false\n  ","timestamp":"2026-09-25T17:17:58.771Z"}
{"duration":0,"level":"info","message":"db-query","rows":null,"text":"BEGIN","timestamp":"2026-09-25T17:17:58.772Z"}
{"duration":4,"level":"info","message":"db-query","rows":1,"text":"SELECT d.*, s.name AS subsidiary_name\n          FROM drivers d\n          LEFT JOIN subsidiaries s ON s.id = d.subsidiary_id\n          WHERE d.id = $1","timestamp":"2026-09-25T17:17:58.777Z"}
{"duration":3,"level":"info","message":"db-query","rows":1,"text":"SELECT id, note, created_at, created_by\n          FROM driver_notes\n          WHERE driver_id = $1\n          ORDER BY created_at DESC","timestamp":"2026-09-25T17:17:58.781Z"}
{"duration":7,"level":"info","message":"db-query","rows":1,"text":"SELECT id, name, start_time, end_time\n          FROM driver_shifts\n          WHERE driver_id = $1\n          ORDER BY id ASC","timestamp":"2026-09-25T17:17:58.790Z"}
{"duration":3,"level":"info","message":"db-query","rows":1,"text":"SELECT \n            v.*,\n            json_build_object(\n              'id', vt.id,\n              'name', vt.name,\n              'driver_waiting_charges', vt.driver_waiting_charges,\n              'account_waiting_charges', vt.account_waiting_charges,\n              'waiting_time', vt.waiting_time\n            ) AS vehicle_type\n            FROM vehicles v\n            LEFT JOIN vehicle_types vt ON vt.id = v.vehicle_type_id\n            WHERE v.id = $1\n            LIMIT 1","timestamp":"2026-09-25T17:17:58.793Z"}
{"duration":1,"level":"info","message":"db-query","rows":null,"text":"COMMIT","timestamp":"2026-09-25T17:17:58.794Z"}
{"level":"info","message":"POST /api/bookings/assign-future-booking 400 108.531 ms","timestamp":"2026-09-25T17:17:58.795Z"}
{"duration":3,"level":"info","message":"db-query","rows":0,"text":"\n      SELECT company_id, driver_id \n      FROM driver_sinbins \n      WHERE is_active = TRUE \n      AND (updated_at + (sinbin_time || ' minutes')::INTERVAL) <= CURRENT_TIMESTAMP;\n    ","timestamp":"2026-09-25T17:18:00.007Z"}
{"duration":5,"level":"info","message":"db-query","rows":1,"text":"\n    SELECT \n      b.*,\n      vt.name as vehicle_type_name,\n      d.name as driver_name,\n      v.color,\n      v.make,\n      v.model,\n      v.vehicle_number\n    FROM bookings b\n    LEFT JOIN vehicle_types vt ON b.vehicle_type_id = vt.id\n    LEFT JOIN drivers d ON b.driver_id = d.id\n    LEFT JOIN vehicles v ON d.vehicle_id = v.id\n    WHERE b.id = $1 AND trash = false\n  ","timestamp":"2026-09-25T17:18:05.735Z"}
{"duration":0,"level":"info","message":"db-query","rows":null,"text":"BEGIN","timestamp":"2026-09-25T17:18:05.737Z"}
{"duration":2,"level":"info","message":"db-query","rows":1,"text":"SELECT d.*, s.name AS subsidiary_name\n          FROM drivers d\n          LEFT JOIN subsidiaries s ON s.id = d.subsidiary_id\n          WHERE d.id = $1","timestamp":"2026-09-25T17:18:05.739Z"}
{"duration":1,"level":"info","message":"db-query","rows":1,"text":"SELECT id, note, created_at, created_by\n          FROM driver_notes\n          WHERE driver_id = $1\n          ORDER BY created_at DESC","timestamp":"2026-09-25T17:18:05.740Z"}
{"duration":1,"level":"info","message":"db-query","rows":1,"text":"SELECT id, name, start_time, end_time\n          FROM driver_shifts\n          WHERE driver_id = $1\n          ORDER BY id ASC","timestamp":"2026-09-25T17:18:05.741Z"}
{"duration":1,"level":"info","message":"db-query","rows":1,"text":"SELECT \n            v.*,\n            json_build_object(\n              'id', vt.id,\n              'name', vt.name,\n              'driver_waiting_charges', vt.driver_waiting_charges,\n              'account_waiting_charges', vt.account_waiting_charges,\n              'waiting_time', vt.waiting_time\n            ) AS vehicle_type\n            FROM vehicles v\n            LEFT JOIN vehicle_types vt ON vt.id = v.vehicle_type_id\n            WHERE v.id = $1\n            LIMIT 1","timestamp":"2026-09-25T17:18:05.743Z"}
{"duration":0,"level":"info","message":"db-query","rows":null,"text":"COMMIT","timestamp":"2026-09-25T17:18:05.744Z"}
{"duration":10,"level":"info","message":"db-query","rows":0,"text":"SELECT * FROM driver_app_features WHERE driver_id = $1 AND company_id = $2","timestamp":"2026-09-25T17:18:05.755Z"}
{"duration":4,"level":"info","message":"db-query","rows":1,"text":"\n    UPDATE bookings\n    SET driver_id = $2, booking_status_id = $3, fare_meter = $4, dispatched_at = $5, future = $6, updated_at = now()\n    WHERE id = $1\n    RETURNING *\n  ","timestamp":"2026-09-25T17:18:05.764Z"}
{"duration":41,"level":"info","message":"db-query","rows":1,"text":"\n    \nSELECT\n  b.id,\n  b.reference_number,\n  b.subsidiary_id,\n  b.booking_type_id,\n  b.booking_status_id,\n  b.journey_type_id,\n  b.account_id,\n  b.customer_id,\n  b.employee_id,\n  b.pickup,\n  b.dropoff,\n  b.pickup_date,\n  b.pickup_time,\n  b.dropoff_date,\n  b.dropoff_time,\n  b.pickup_door_number,\n  b.dropoff_door_number,\n  b.pickup_plot,\n  b.dropoff_plot,\n  b.pickup_location_type_id,\n  b.dropoff_location_type_id,\n  b.pickup_latitude,\n  b.pickup_longitude,\n  b.dropoff_latitude,\n  b.dropoff_longitude,\n  b.viapoints,\n  b.restricted_drivers,\n  b.flight_number,\n  b.arriving_from,\n  b.vehicle_type_id,\n  b.vehicle_id,\n  b.driver_id,\n  b.passengers,\n  b.luggages,\n  b.hand_luggages,\n  b.child_seat,\n  b.name,\n  b.email,\n  b.mobile,\n  b.telephone,\n  b.lead_time,\n  b.notes,\n  b.special_instructions,\n  b.payment_type_id,\n  b.company_price,\n  b.fares,\n  b.total_charges,\n  b.parking_charges,\n  b.waiting_charges,\n  b.extra_drop_charges,\n  b.credit_card_charges,\n  b.congestion_charges,\n  b.miles,\n  b.meet_and_greet,\n  b.department,\n  b.escort_id,\n  b.order_number,\n  b.booked_by,\n  b.add_return_fare,\n  b.fare_meter_status,\n  b.fare_meter,\n  b.quotation,\n  b.quoted,\n  b.dispatch,\n  b.dispatch_as,\n  b.sms,\n  b.emailflag,\n  b.trash,\n  b.hidden,\n  b.multi_booking_id,\n  b.associated_booking,\n  b.invoice_status,\n  b.commission_status,\n  b.commission,\n  b.skipped_bookings,\n  b.permanent,\n  b.toggle_driver_text,\n  b.toggle_passenger_text,\n  b.cancelled_reason,\n  b.booking_source,\n  b.on_route,\n  b.arrived,\n  b.passenger_on_board,\n  b.completed,\n  b.controller_completed,\n  b.driver_waiting_time,\n  b.dispatched_at,\n  b.booked_at,\n  b.stripe_customer_id,\n  b.stripe_payment_id,\n  b.invoice_number,\n  b.initial_subsidiary_id,\n  b.created_at,\n  b.updated_at,\n  b.eta,\n  b.fob,\n  b.future,\n\n  json_build_object(\n    'booking_status', bs.booking_status\n  ) AS booking_status,\n\n  json_build_object(\n    'booking_type', bt.booking_type\n  ) AS booking_type,\n\n  json_build_object(\n    'journey_type', jt.journey_type\n  ) AS journey_type,\n\n  json_build_object(\n    'id', s.id,\n    'name', s.name,\n    'telephone_number', s.telephone_number\n  ) AS subsidiary,\n\n  json_build_object(\n    'name', vt.name,\n    'background_color', vt.background_color,\n    'foreground_color', vt.foreground_color\n  ) AS vehicle_type,\n\n  json_build_object(\n    'id', pt.id,\n    'name', pt.name,\n    'background_color', pt.background_color,\n    'foreground_color', pt.foreground_color\n  ) AS payment_type,\n\n  json_build_object(\n    'id', a.id,\n    'name', a.name,\n    'background_color', a.background_color,\n    'foreground_color', a.foreground_color,\n    'has_vat', a.has_vat,\n    'bank_information', a.bank_information,\n    'fare_controller', a.fare_controller,\n    'account_fees_type', a.account_fees_type,\n    'account_fees', a.account_fees,\n    'account_fees_vat', a.account_fees_vat\n  ) AS account,\n\n  json_build_object(\n    'id', d.id,\n    'username', d.username,\n    'name', d.name,\n    'mobile_device_id', d.mobile_device_id,\n    'phc_vehicle_number', d.phc_vehicle_number,\n    'phc_driver_number', d.phc_driver_number,\n    'vehicle_id', d.vehicle_id,\n    'driver_commission', d.driver_commission,\n    'session_status', d.session_status,\n\n    'vehicle', json_build_object(\n      'make', v.make,\n      'model', v.model,\n      'color', v.color,\n      'vehicle_number', v.vehicle_number\n    )\n  ) AS driver,\n\n  json_build_object(\n    'door_number', c.door_number,\n    'address1', c.address1,\n    'address2', c.address2,\n    'blacklist', c.blacklist\n  ) AS customer,\n\n  json_build_object(\n    'username', e.username,\n    'role_id', e.role_id\n  ) AS employee,\n\n  json_build_object(\n    'pickup',\n    CASE\n      WHEN lp.id IS NOT NULL THEN\n        json_build_object(\n          'id', lp.id,\n          'name', lp.name,\n          'location_type', json_build_object(\n            'id', ltp.id,\n            'name', ltp.name,\n            'background_color', ltp.background_color,\n            'foreground_color', ltp.foreground_color\n          )\n        )\n      ELSE\n        json_build_object(\n          'id', null,\n          'name', null,\n          'location_type', json_build_object(\n            'id', null,\n            'name', null,\n            'background_color', null,\n            'foreground_color', null\n          )\n        )\n    END,\n\n    'dropoff',\n    CASE\n      WHEN ld.id IS NOT NULL THEN\n        json_build_object(\n          'id', ld.id,\n          'name', ld.name,\n          'location_type', json_build_object(\n            'id', ltd.id,\n            'name', ltd.name,\n            'background_color', ltd.background_color,\n            'foreground_color', ltd.foreground_color\n          )\n        )\n      ELSE\n        json_build_object(\n          'id', null,\n          'name', null,\n          'location_type', json_build_object(\n            'id', null,\n            'name', null,\n            'background_color', null,\n            'foreground_color', null\n          )\n        )\n    END\n  ) AS airport\n\nFROM bookings b\n\nLEFT JOIN booking_statuses bs\n  ON b.booking_status_id = bs.id\n\nLEFT JOIN booking_types bt\n  ON b.booking_type_id = bt.id\n\nLEFT JOIN journey_types jt\n  ON b.journey_type_id = jt.id\n\nLEFT JOIN subsidiaries s\n  ON b.subsidiary_id = s.id\n\nLEFT JOIN vehicle_types vt\n  ON b.vehicle_type_id = vt.id\n\nLEFT JOIN payment_types pt\n  ON b.payment_type_id = pt.id\n\nLEFT JOIN accounts a\n  ON b.account_id = a.id\n\nLEFT JOIN drivers d\n  ON b.driver_id = d.id\n\nLEFT JOIN vehicles v\n  ON d.vehicle_id = v.id\n\nLEFT JOIN customers c\n  ON b.customer_id = c.id\n\nLEFT JOIN employees e\n  ON b.employee_id = e.id\n\n\n-- PICKUP LOCATION\n-- Select only the most specific matching location\nLEFT JOIN LATERAL (\n  SELECT l.*\n  FROM locations l\n  WHERE l.location_type_id = 2\n    AND b.pickup ILIKE '%' || l.name || '%'\n  ORDER BY LENGTH(l.name) DESC, l.id ASC\n  LIMIT 1\n) lp ON true\n\n\n-- DROPOFF LOCATION\n-- Select only the most specific matching location\nLEFT JOIN LATERAL (\n  SELECT l.*\n  FROM locations l\n  WHERE l.location_type_id = 2\n    AND b.dropoff ILIKE '%' || l.name || '%'\n  ORDER BY LENGTH(l.name) DESC, l.id ASC\n  LIMIT 1\n) ld ON true\n\n\nLEFT JOIN location_types ltp\n  ON lp.location_type_id = ltp.id\n\nLEFT JOIN location_types ltd\n  ON ld.location_type_id = ltd.id\n\n\n    WHERE b.id = $1\n  ","timestamp":"2026-09-25T17:18:05.806Z"}
{"duration":1,"level":"info","message":"db-query","rows":1,"text":"SELECT fcm_token FROM drivers WHERE id = $1","timestamp":"2026-09-25T17:18:05.812Z"}
{"level":"info","message":"POST /api/bookings/assign-future-booking 200 84.850 ms","timestamp":"2026-09-25T17:18:05.814Z"}
{"duration":164,"level":"info","message":"db-query","rows":0,"text":"\n      SELECT company_id, driver_id \n      FROM driver_sinbins \n      WHERE is_active = TRUE \n      AND (updated_at + (sinbin_time || ' minutes')::INTERVAL) <= CURRENT_TIMESTAMP;\n    ","timestamp":"2026-09-25T17:19:00.189Z"}
{"duration":125,"level":"info","message":"db-query","rows":0,"text":"\n      SELECT company_id, driver_id \n      FROM driver_sinbins \n      WHERE is_active = TRUE \n      AND (updated_at + (sinbin_time || ' minutes')::INTERVAL) <= CURRENT_TIMESTAMP;\n    ","timestamp":"2026-09-25T17:20:00.138Z"}
{"duration":134,"level":"info","message":"db-query","rows":0,"text":"\n      SELECT company_id, driver_id \n      FROM driver_sinbins \n      WHERE is_active = TRUE \n      AND (updated_at + (sinbin_time || ' minutes')::INTERVAL) <= CURRENT_TIMESTAMP;\n    ","timestamp":"2026-09-25T17:21:00.152Z"}
{"duration":51,"level":"info","message":"db-query","rows":0,"text":"\n      SELECT company_id, driver_id \n      FROM driver_sinbins \n      WHERE is_active = TRUE \n      AND (updated_at + (sinbin_time || ' minutes')::INTERVAL) <= CURRENT_TIMESTAMP;\n    ","timestamp":"2026-09-25T17:22:00.063Z"}
{"duration":246,"level":"info","message":"db-query","rows":0,"text":"\n      SELECT company_id, driver_id \n      FROM driver_sinbins \n      WHERE is_active = TRUE \n      AND (updated_at + (sinbin_time || ' minutes')::INTERVAL) <= CURRENT_TIMESTAMP;\n    ","timestamp":"2026-09-25T17:23:00.256Z"}
{"duration":55,"level":"info","message":"db-query","rows":0,"text":"\n      SELECT company_id, driver_id \n      FROM driver_sinbins \n      WHERE is_active = TRUE \n      AND (updated_at + (sinbin_time || ' minutes')::INTERVAL) <= CURRENT_TIMESTAMP;\n    ","timestamp":"2026-09-25T17:24:00.069Z"}
{"duration":81,"level":"info","message":"db-query","rows":0,"text":"\n      SELECT company_id, driver_id \n      FROM driver_sinbins \n      WHERE is_active = TRUE \n      AND (updated_at + (sinbin_time || ' minutes')::INTERVAL) <= CURRENT_TIMESTAMP;\n    ","timestamp":"2026-09-25T17:25:00.089Z"}
{"duration":79,"level":"info","message":"db-query","rows":0,"text":"\n      SELECT company_id, driver_id \n      FROM driver_sinbins \n      WHERE is_active = TRUE \n      AND (updated_at + (sinbin_time || ' minutes')::INTERVAL) <= CURRENT_TIMESTAMP;\n    ","timestamp":"2026-09-25T17:26:00.094Z"}
{"duration":151,"level":"info","message":"db-query","rows":0,"text":"\n      SELECT company_id, driver_id \n      FROM driver_sinbins \n      WHERE is_active = TRUE \n      AND (updated_at + (sinbin_time || ' minutes')::INTERVAL) <= CURRENT_TIMESTAMP;\n    ","timestamp":"2026-09-25T17:27:00.161Z"}
{"duration":283,"level":"info","message":"db-query","rows":0,"text":"\n      SELECT company_id, driver_id \n      FROM driver_sinbins \n      WHERE is_active = TRUE \n      AND (updated_at + (sinbin_time || ' minutes')::INTERVAL) <= CURRENT_TIMESTAMP;\n    ","timestamp":"2026-09-25T17:28:00.309Z"}
{"duration":74,"level":"info","message":"db-query","rows":0,"text":"\n      SELECT company_id, driver_id \n      FROM driver_sinbins \n      WHERE is_active = TRUE \n      AND (updated_at + (sinbin_time || ' minutes')::INTERVAL) <= CURRENT_TIMESTAMP;\n    ","timestamp":"2026-09-25T17:29:00.079Z"}
{"duration":80,"level":"info","message":"db-query","rows":0,"text":"\n      SELECT company_id, driver_id \n      FROM driver_sinbins \n      WHERE is_active = TRUE \n      AND (updated_at + (sinbin_time || ' minutes')::INTERVAL) <= CURRENT_TIMESTAMP;\n    ","timestamp":"2026-09-25T17:30:00.088Z"}
{"duration":7,"level":"info","message":"db-query","rows":26,"text":"SELECT * FROM location_types","timestamp":"2026-09-25T17:30:14.076Z"}
{"level":"info","message":"GET /api/location-types 200 12.251 ms","timestamp":"2026-09-25T17:30:14.082Z"}
{"duration":57,"level":"info","message":"db-query","rows":26,"text":"SELECT * FROM location_types","timestamp":"2026-09-25T17:30:14.129Z"}
{"level":"info","message":"GET /api/location-types 200 58.789 ms","timestamp":"2026-09-25T17:30:14.131Z"}
{"duration":7,"level":"info","message":"db-query","rows":26,"text":"SELECT * FROM location_types","timestamp":"2026-09-25T17:30:20.667Z"}
{"level":"info","message":"GET /api/location-types 200 15.689 ms","timestamp":"2026-09-25T17:30:20.676Z"}
{"duration":163,"level":"info","message":"db-query","rows":26,"text":"SELECT * FROM location_types","timestamp":"2026-09-25T17:30:20.826Z"}
{"level":"info","message":"GET /api/location-types 200 164.980 ms","timestamp":"2026-09-25T17:30:20.828Z"}
{"duration":6,"level":"info","message":"db-query","rows":26,"text":"SELECT * FROM location_types","timestamp":"2026-09-25T17:30:43.974Z"}
{"level":"info","message":"GET /api/location-types 200 12.286 ms","timestamp":"2026-09-25T17:30:43.981Z"}
{"duration":64,"level":"info","message":"db-query","rows":26,"text":"SELECT * FROM location_types","timestamp":"2026-09-25T17:30:44.035Z"}
{"level":"info","message":"GET /api/location-types 200 65.854 ms","timestamp":"2026-09-25T17:30:44.037Z"}
{"duration":61,"level":"info","message":"db-query","rows":0,"text":"\n      SELECT company_id, driver_id \n      FROM driver_sinbins \n      WHERE is_active = TRUE \n      AND (updated_at + (sinbin_time || ' minutes')::INTERVAL) <= CURRENT_TIMESTAMP;\n    ","timestamp":"2026-09-25T17:31:00.066Z"}
{"duration":51,"level":"info","message":"db-query","rows":0,"text":"\n      SELECT company_id, driver_id \n      FROM driver_sinbins \n      WHERE is_active = TRUE \n      AND (updated_at + (sinbin_time || ' minutes')::INTERVAL) <= CURRENT_TIMESTAMP;\n    ","timestamp":"2026-09-25T17:32:00.063Z"}
{"duration":13,"level":"info","message":"db-query","rows":26,"text":"SELECT * FROM location_types","timestamp":"2026-09-25T17:33:59.376Z"}
{"level":"info","message":"GET /api/location-types 200 25.051 ms","timestamp":"2026-09-25T17:33:59.387Z"}
{"duration":164,"level":"info","message":"db-query","rows":26,"text":"SELECT * FROM location_types","timestamp":"2026-09-25T17:33:59.532Z"}
{"level":"info","message":"GET /api/location-types 200 165.770 ms","timestamp":"2026-09-25T17:33:59.534Z"}
{"duration":4,"level":"info","message":"db-query","rows":0,"text":"\n      SELECT company_id, driver_id \n      FROM driver_sinbins \n      WHERE is_active = TRUE \n      AND (updated_at + (sinbin_time || ' minutes')::INTERVAL) <= CURRENT_TIMESTAMP;\n    ","timestamp":"2026-09-25T17:34:00.023Z"}
{"duration":6,"level":"info","message":"db-query","rows":26,"text":"SELECT * FROM location_types","timestamp":"2026-09-25T17:34:09.829Z"}
{"level":"info","message":"GET /api/location-types 200 13.503 ms","timestamp":"2026-09-25T17:34:09.836Z"}
{"duration":58,"level":"info","message":"db-query","rows":26,"text":"SELECT * FROM location_types","timestamp":"2026-09-25T17:34:09.883Z"}
{"level":"info","message":"GET /api/location-types 200 59.619 ms","timestamp":"2026-09-25T17:34:09.885Z"}
{"duration":11,"level":"info","message":"db-query","rows":0,"text":"\n      SELECT company_id, driver_id \n      FROM driver_sinbins \n      WHERE is_active = TRUE \n      AND (updated_at + (sinbin_time || ' minutes')::INTERVAL) <= CURRENT_TIMESTAMP;\n    ","timestamp":"2026-09-25T17:34:10.018Z"}
{"duration":1,"level":"info","message":"db-query","rows":0,"text":"\n      SELECT company_id, driver_id \n      FROM driver_sinbins \n      WHERE is_active = TRUE \n      AND (updated_at + (sinbin_time || ' minutes')::INTERVAL) <= CURRENT_TIMESTAMP;\n    ","timestamp":"2026-09-25T17:34:15.012Z"}
{"duration":1,"level":"info","message":"db-query","rows":0,"text":"\n      SELECT company_id, driver_id \n      FROM driver_sinbins \n      WHERE is_active = TRUE \n      AND (updated_at + (sinbin_time || ' minutes')::INTERVAL) <= CURRENT_TIMESTAMP;\n    ","timestamp":"2026-09-25T17:34:20.003Z"}
{"duration":2,"level":"info","message":"db-query","rows":0,"text":"\n      SELECT company_id, driver_id \n      FROM driver_sinbins \n      WHERE is_active = TRUE \n      AND (updated_at + (sinbin_time || ' minutes')::INTERVAL) <= CURRENT_TIMESTAMP;\n    ","timestamp":"2026-09-25T17:34:25.010Z"}
{"duration":2,"level":"info","message":"db-query","rows":0,"text":"\n      SELECT company_id, driver_id \n      FROM driver_sinbins \n      WHERE is_active = TRUE \n      AND (updated_at + (sinbin_time || ' minutes')::INTERVAL) <= CURRENT_TIMESTAMP;\n    ","timestamp":"2026-09-25T17:34:30.007Z"}
{"duration":0,"level":"info","message":"db-query","rows":0,"text":"\n      SELECT company_id, driver_id \n      FROM driver_sinbins \n      WHERE is_active = TRUE \n      AND (updated_at + (sinbin_time || ' minutes')::INTERVAL) <= CURRENT_TIMESTAMP;\n    ","timestamp":"2026-09-25T17:34:35.008Z"}
{"duration":2,"level":"info","message":"db-query","rows":0,"text":"\n      SELECT company_id, driver_id \n      FROM driver_sinbins \n      WHERE is_active = TRUE \n      AND (updated_at + (sinbin_time || ' minutes')::INTERVAL) <= CURRENT_TIMESTAMP;\n    ","timestamp":"2026-09-25T17:34:40.008Z"}
{"duration":1,"level":"info","message":"db-query","rows":0,"text":"\n      SELECT company_id, driver_id \n      FROM driver_sinbins \n      WHERE is_active = TRUE \n      AND (updated_at + (sinbin_time || ' minutes')::INTERVAL) <= CURRENT_TIMESTAMP;\n    ","timestamp":"2026-09-25T17:34:45.006Z"}
{"duration":1,"level":"info","message":"db-query","rows":0,"text":"\n      SELECT company_id, driver_id \n      FROM driver_sinbins \n      WHERE is_active = TRUE \n      AND (updated_at + (sinbin_time || ' minutes')::INTERVAL) <= CURRENT_TIMESTAMP;\n    ","timestamp":"2026-09-25T17:34:50.016Z"}
{"duration":1,"level":"info","message":"db-query","rows":0,"text":"\n      SELECT company_id, driver_id \n      FROM driver_sinbins \n      WHERE is_active = TRUE \n      AND (updated_at + (sinbin_time || ' minutes')::INTERVAL) <= CURRENT_TIMESTAMP;\n    ","timestamp":"2026-09-25T17:34:55.008Z"}
{"duration":1,"level":"info","message":"db-query","rows":0,"text":"\n      SELECT company_id, driver_id \n      FROM driver_sinbins \n      WHERE is_active = TRUE \n      AND (updated_at + (sinbin_time || ' minutes')::INTERVAL) <= CURRENT_TIMESTAMP;\n    ","timestamp":"2026-09-25T17:35:00.011Z"}
{"duration":2,"level":"info","message":"db-query","rows":0,"text":"\n      SELECT company_id, driver_id \n      FROM driver_sinbins \n      WHERE is_active = TRUE \n      AND (updated_at + (sinbin_time || ' minutes')::INTERVAL) <= CURRENT_TIMESTAMP;\n    ","timestamp":"2026-09-25T17:35:05.011Z"}
{"duration":1,"level":"info","message":"db-query","rows":0,"text":"\n      SELECT company_id, driver_id \n      FROM driver_sinbins \n      WHERE is_active = TRUE \n      AND (updated_at + (sinbin_time || ' minutes')::INTERVAL) <= CURRENT_TIMESTAMP;\n    ","timestamp":"2026-09-25T17:35:10.010Z"}
{"duration":1,"level":"info","message":"db-query","rows":0,"text":"\n      SELECT company_id, driver_id \n      FROM driver_sinbins \n      WHERE is_active = TRUE \n      AND (updated_at + (sinbin_time || ' minutes')::INTERVAL) <= CURRENT_TIMESTAMP;\n    ","timestamp":"2026-09-25T17:35:15.003Z"}
{"duration":2,"level":"info","message":"db-query","rows":0,"text":"\n      SELECT company_id, driver_id \n      FROM driver_sinbins \n      WHERE is_active = TRUE \n      AND (updated_at + (sinbin_time || ' minutes')::INTERVAL) <= CURRENT_TIMESTAMP;\n    ","timestamp":"2026-09-25T17:35:20.008Z"}
{"duration":2,"level":"info","message":"db-query","rows":0,"text":"\n      SELECT company_id, driver_id \n      FROM driver_sinbins \n      WHERE is_active = TRUE \n      AND (updated_at + (sinbin_time || ' minutes')::INTERVAL) <= CURRENT_TIMESTAMP;\n    ","timestamp":"2026-09-25T17:35:25.006Z"}
{"duration":1,"level":"info","message":"db-query","rows":0,"text":"\n      SELECT company_id, driver_id \n      FROM driver_sinbins \n      WHERE is_active = TRUE \n      AND (updated_at + (sinbin_time || ' minutes')::INTERVAL) <= CURRENT_TIMESTAMP;\n    ","timestamp":"2026-09-25T17:35:30.007Z"}
{"duration":1,"level":"info","message":"db-query","rows":0,"text":"\n      SELECT company_id, driver_id \n      FROM driver_sinbins \n      WHERE is_active = TRUE \n      AND (updated_at + (sinbin_time || ' minutes')::INTERVAL) <= CURRENT_TIMESTAMP;\n    ","timestamp":"2026-09-25T17:35:35.008Z"}
{"duration":2,"level":"info","message":"db-query","rows":0,"text":"\n      SELECT company_id, driver_id \n      FROM driver_sinbins \n      WHERE is_active = TRUE \n      AND (updated_at + (sinbin_time || ' minutes')::INTERVAL) <= CURRENT_TIMESTAMP;\n    ","timestamp":"2026-09-25T17:35:40.017Z"}
{"duration":2,"level":"info","message":"db-query","rows":0,"text":"\n      SELECT company_id, driver_id \n      FROM driver_sinbins \n      WHERE is_active = TRUE \n      AND (updated_at + (sinbin_time || ' minutes')::INTERVAL) <= CURRENT_TIMESTAMP;\n    ","timestamp":"2026-09-25T17:35:45.007Z"}
{"duration":2,"level":"info","message":"db-query","rows":0,"text":"\n      SELECT company_id, driver_id \n      FROM driver_sinbins \n      WHERE is_active = TRUE \n      AND (updated_at + (sinbin_time || ' minutes')::INTERVAL) <= CURRENT_TIMESTAMP;\n    ","timestamp":"2026-09-25T17:35:50.006Z"}
{"duration":1,"level":"info","message":"db-query","rows":0,"text":"\n      SELECT company_id, driver_id \n      FROM driver_sinbins \n      WHERE is_active = TRUE \n      AND (updated_at + (sinbin_time || ' minutes')::INTERVAL) <= CURRENT_TIMESTAMP;\n    ","timestamp":"2026-09-25T17:35:55.007Z"}
{"duration":2,"level":"info","message":"db-query","rows":0,"text":"\n      SELECT company_id, driver_id \n      FROM driver_sinbins \n      WHERE is_active = TRUE \n      AND (updated_at + (sinbin_time || ' minutes')::INTERVAL) <= CURRENT_TIMESTAMP;\n    ","timestamp":"2026-09-25T17:36:00.019Z"}
{"duration":2,"level":"info","message":"db-query","rows":0,"text":"\n      SELECT company_id, driver_id \n      FROM driver_sinbins \n      WHERE is_active = TRUE \n      AND (updated_at + (sinbin_time || ' minutes')::INTERVAL) <= CURRENT_TIMESTAMP;\n    ","timestamp":"2026-09-25T17:36:05.014Z"}
{"duration":0,"level":"info","message":"db-query","rows":0,"text":"\n      SELECT company_id, driver_id \n      FROM driver_sinbins \n      WHERE is_active = TRUE \n      AND (updated_at + (sinbin_time || ' minutes')::INTERVAL) <= CURRENT_TIMESTAMP;\n    ","timestamp":"2026-09-25T17:36:10.004Z"}
{"duration":1,"level":"info","message":"db-query","rows":0,"text":"\n      SELECT company_id, driver_id \n      FROM driver_sinbins \n      WHERE is_active = TRUE \n      AND (updated_at + (sinbin_time || ' minutes')::INTERVAL) <= CURRENT_TIMESTAMP;\n    ","timestamp":"2026-09-25T17:36:15.004Z"}
{"duration":2,"level":"info","message":"db-query","rows":0,"text":"\n      SELECT company_id, driver_id \n      FROM driver_sinbins \n      WHERE is_active = TRUE \n      AND (updated_at + (sinbin_time || ' minutes')::INTERVAL) <= CURRENT_TIMESTAMP;\n    ","timestamp":"2026-09-25T17:36:20.016Z"}
{"duration":1,"level":"info","message":"db-query","rows":0,"text":"\n      SELECT company_id, driver_id \n      FROM driver_sinbins \n      WHERE is_active = TRUE \n      AND (updated_at + (sinbin_time || ' minutes')::INTERVAL) <= CURRENT_TIMESTAMP;\n    ","timestamp":"2026-09-25T17:36:25.013Z"}
{"duration":1,"level":"info","message":"db-query","rows":0,"text":"\n      SELECT company_id, driver_id \n      FROM driver_sinbins \n      WHERE is_active = TRUE \n      AND (updated_at + (sinbin_time || ' minutes')::INTERVAL) <= CURRENT_TIMESTAMP;\n    ","timestamp":"2026-09-25T17:36:30.012Z"}
{"duration":2,"level":"info","message":"db-query","rows":0,"text":"\n      SELECT company_id, driver_id \n      FROM driver_sinbins \n      WHERE is_active = TRUE \n      AND (updated_at + (sinbin_time || ' minutes')::INTERVAL) <= CURRENT_TIMESTAMP;\n    ","timestamp":"2026-09-25T17:36:35.011Z"}
{"duration":2,"level":"info","message":"db-query","rows":0,"text":"\n      SELECT company_id, driver_id \n      FROM driver_sinbins \n      WHERE is_active = TRUE \n      AND (updated_at + (sinbin_time || ' minutes')::INTERVAL) <= CURRENT_TIMESTAMP;\n    ","timestamp":"2026-09-25T17:36:40.012Z"}
{"duration":2,"level":"info","message":"db-query","rows":0,"text":"\n      SELECT company_id, driver_id \n      FROM driver_sinbins \n      WHERE is_active = TRUE \n      AND (updated_at + (sinbin_time || ' minutes')::INTERVAL) <= CURRENT_TIMESTAMP;\n    ","timestamp":"2026-09-25T17:36:45.015Z"}
{"duration":2,"level":"info","message":"db-query","rows":0,"text":"\n      SELECT company_id, driver_id \n      FROM driver_sinbins \n      WHERE is_active = TRUE \n      AND (updated_at + (sinbin_time || ' minutes')::INTERVAL) <= CURRENT_TIMESTAMP;\n    ","timestamp":"2026-09-25T17:36:50.011Z"}
{"duration":2,"level":"info","message":"db-query","rows":0,"text":"\n      SELECT company_id, driver_id \n      FROM driver_sinbins \n      WHERE is_active = TRUE \n      AND (updated_at + (sinbin_time || ' minutes')::INTERVAL) <= CURRENT_TIMESTAMP;\n    ","timestamp":"2026-09-25T17:36:55.016Z"}
{"duration":2,"level":"info","message":"db-query","rows":0,"text":"\n      SELECT company_id, driver_id \n      FROM driver_sinbins \n      WHERE is_active = TRUE \n      AND (updated_at + (sinbin_time || ' minutes')::INTERVAL) <= CURRENT_TIMESTAMP;\n    ","timestamp":"2026-09-25T17:37:00.011Z"}
{"duration":2,"level":"info","message":"db-query","rows":0,"text":"\n      SELECT company_id, driver_id \n      FROM driver_sinbins \n      WHERE is_active = TRUE \n      AND (updated_at + (sinbin_time || ' minutes')::INTERVAL) <= CURRENT_TIMESTAMP;\n    ","timestamp":"2026-09-25T17:37:05.011Z"}
{"duration":2,"level":"info","message":"db-query","rows":0,"text":"\n      SELECT company_id, driver_id \n      FROM driver_sinbins \n      WHERE is_active = TRUE \n      AND (updated_at + (sinbin_time || ' minutes')::INTERVAL) <= CURRENT_TIMESTAMP;\n    ","timestamp":"2026-09-25T17:37:10.006Z"}
{"duration":1,"level":"info","message":"db-query","rows":0,"text":"\n      SELECT company_id, driver_id \n      FROM driver_sinbins \n      WHERE is_active = TRUE \n      AND (updated_at + (sinbin_time || ' minutes')::INTERVAL) <= CURRENT_TIMESTAMP;\n    ","timestamp":"2026-09-25T17:37:15.012Z"}
{"duration":1,"level":"info","message":"db-query","rows":0,"text":"\n      SELECT company_id, driver_id \n      FROM driver_sinbins \n      WHERE is_active = TRUE \n      AND (updated_at + (sinbin_time || ' minutes')::INTERVAL) <= CURRENT_TIMESTAMP;\n    ","timestamp":"2026-09-25T17:37:20.013Z"}
{"duration":2,"level":"info","message":"db-query","rows":0,"text":"\n      SELECT company_id, driver_id \n      FROM driver_sinbins \n      WHERE is_active = TRUE \n      AND (updated_at + (sinbin_time || ' minutes')::INTERVAL) <= CURRENT_TIMESTAMP;\n    ","timestamp":"2026-09-25T17:37:25.009Z"}
{"duration":1,"level":"info","message":"db-query","rows":0,"text":"\n      SELECT company_id, driver_id \n      FROM driver_sinbins \n      WHERE is_active = TRUE \n      AND (updated_at + (sinbin_time || ' minutes')::INTERVAL) <= CURRENT_TIMESTAMP;\n    ","timestamp":"2026-09-25T17:37:30.007Z"}
{"duration":1,"level":"info","message":"db-query","rows":0,"text":"\n      SELECT company_id, driver_id \n      FROM driver_sinbins \n      WHERE is_active = TRUE \n      AND (updated_at + (sinbin_time || ' minutes')::INTERVAL) <= CURRENT_TIMESTAMP;\n    ","timestamp":"2026-09-25T17:37:35.015Z"}
{"duration":1,"level":"info","message":"db-query","rows":0,"text":"\n      SELECT company_id, driver_id \n      FROM driver_sinbins \n      WHERE is_active = TRUE \n      AND (updated_at + (sinbin_time || ' minutes')::INTERVAL) <= CURRENT_TIMESTAMP;\n    ","timestamp":"2026-09-25T17:37:40.013Z"}
{"duration":2,"level":"info","message":"db-query","rows":0,"text":"\n      SELECT company_id, driver_id \n      FROM driver_sinbins \n      WHERE is_active = TRUE \n      AND (updated_at + (sinbin_time || ' minutes')::INTERVAL) <= CURRENT_TIMESTAMP;\n    ","timestamp":"2026-09-25T17:37:45.008Z"}
{"duration":0,"level":"info","message":"db-query","rows":0,"text":"\n      SELECT company_id, driver_id \n      FROM driver_sinbins \n      WHERE is_active = TRUE \n      AND (updated_at + (sinbin_time || ' minutes')::INTERVAL) <= CURRENT_TIMESTAMP;\n    ","timestamp":"2026-09-25T17:37:50.012Z"}
{"duration":2,"level":"info","message":"db-query","rows":0,"text":"\n      SELECT company_id, driver_id \n      FROM driver_sinbins \n      WHERE is_active = TRUE \n      AND (updated_at + (sinbin_time || ' minutes')::INTERVAL) <= CURRENT_TIMESTAMP;\n    ","timestamp":"2026-09-25T17:37:55.018Z"}
{"duration":2,"level":"info","message":"db-query","rows":0,"text":"\n      SELECT company_id, driver_id \n      FROM driver_sinbins \n      WHERE is_active = TRUE \n      AND (updated_at + (sinbin_time || ' minutes')::INTERVAL) <= CURRENT_TIMESTAMP;\n    ","timestamp":"2026-09-25T17:38:00.024Z"}
{"duration":2,"level":"info","message":"db-query","rows":0,"text":"\n      SELECT company_id, driver_id \n      FROM driver_sinbins \n      WHERE is_active = TRUE \n      AND (updated_at + (sinbin_time || ' minutes')::INTERVAL) <= CURRENT_TIMESTAMP;\n    ","timestamp":"2026-09-25T17:38:05.014Z"}
{"duration":1,"level":"info","message":"db-query","rows":0,"text":"\n      SELECT company_id, driver_id \n      FROM driver_sinbins \n      WHERE is_active = TRUE \n      AND (updated_at + (sinbin_time || ' minutes')::INTERVAL) <= CURRENT_TIMESTAMP;\n    ","timestamp":"2026-09-25T17:38:10.008Z"}
{"duration":2,"level":"info","message":"db-query","rows":0,"text":"\n      SELECT company_id, driver_id \n      FROM driver_sinbins \n      WHERE is_active = TRUE \n      AND (updated_at + (sinbin_time || ' minutes')::INTERVAL) <= CURRENT_TIMESTAMP;\n    ","timestamp":"2026-09-25T17:38:15.009Z"}
{"duration":2,"level":"info","message":"db-query","rows":0,"text":"\n      SELECT company_id, driver_id \n      FROM driver_sinbins \n      WHERE is_active = TRUE \n      AND (updated_at + (sinbin_time || ' minutes')::INTERVAL) <= CURRENT_TIMESTAMP;\n    ","timestamp":"2026-09-25T17:38:20.006Z"}
{"duration":1,"level":"info","message":"db-query","rows":0,"text":"\n      SELECT company_id, driver_id \n      FROM driver_sinbins \n      WHERE is_active = TRUE \n      AND (updated_at + (sinbin_time || ' minutes')::INTERVAL) <= CURRENT_TIMESTAMP;\n    ","timestamp":"2026-09-25T17:38:25.016Z"}
{"duration":0,"level":"info","message":"db-query","rows":0,"text":"\n      SELECT company_id, driver_id \n      FROM driver_sinbins \n      WHERE is_active = TRUE \n      AND (updated_at + (sinbin_time || ' minutes')::INTERVAL) <= CURRENT_TIMESTAMP;\n    ","timestamp":"2026-09-25T17:38:30.009Z"}
{"duration":1,"level":"info","message":"db-query","rows":0,"text":"\n      SELECT company_id, driver_id \n      FROM driver_sinbins \n      WHERE is_active = TRUE \n      AND (updated_at + (sinbin_time || ' minutes')::INTERVAL) <= CURRENT_TIMESTAMP;\n    ","timestamp":"2026-09-25T17:38:35.007Z"}
{"duration":2,"level":"info","message":"db-query","rows":0,"text":"\n      SELECT company_id, driver_id \n      FROM driver_sinbins \n      WHERE is_active = TRUE \n      AND (updated_at + (sinbin_time || ' minutes')::INTERVAL) <= CURRENT_TIMESTAMP;\n    ","timestamp":"2026-09-25T17:38:40.014Z"}
{"duration":0,"level":"info","message":"db-query","rows":0,"text":"\n      SELECT company_id, driver_id \n      FROM driver_sinbins \n      WHERE is_active = TRUE \n      AND (updated_at + (sinbin_time || ' minutes')::INTERVAL) <= CURRENT_TIMESTAMP;\n    ","timestamp":"2026-09-25T17:38:45.006Z"}
{"duration":1,"level":"info","message":"db-query","rows":0,"text":"\n      SELECT company_id, driver_id \n      FROM driver_sinbins \n      WHERE is_active = TRUE \n      AND (updated_at + (sinbin_time || ' minutes')::INTERVAL) <= CURRENT_TIMESTAMP;\n    ","timestamp":"2026-09-25T17:38:50.006Z"}
{"duration":1,"level":"info","message":"db-query","rows":0,"text":"\n      SELECT company_id, driver_id \n      FROM driver_sinbins \n      WHERE is_active = TRUE \n      AND (updated_at + (sinbin_time || ' minutes')::INTERVAL) <= CURRENT_TIMESTAMP;\n    ","timestamp":"2026-09-25T17:38:55.004Z"}
{"duration":1,"level":"info","message":"db-query","rows":0,"text":"\n      SELECT company_id, driver_id \n      FROM driver_sinbins \n      WHERE is_active = TRUE \n      AND (updated_at + (sinbin_time || ' minutes')::INTERVAL) <= CURRENT_TIMESTAMP;\n    ","timestamp":"2026-09-25T17:39:00.004Z"}
{"duration":1,"level":"info","message":"db-query","rows":0,"text":"\n      SELECT company_id, driver_id \n      FROM driver_sinbins \n      WHERE is_active = TRUE \n      AND (updated_at + (sinbin_time || ' minutes')::INTERVAL) <= CURRENT_TIMESTAMP;\n    ","timestamp":"2026-09-25T17:39:05.016Z"}
{"duration":2,"level":"info","message":"db-query","rows":0,"text":"\n      SELECT company_id, driver_id \n      FROM driver_sinbins \n      WHERE is_active = TRUE \n      AND (updated_at + (sinbin_time || ' minutes')::INTERVAL) <= CURRENT_TIMESTAMP;\n    ","timestamp":"2026-09-25T17:39:10.019Z"}
{"duration":1,"level":"info","message":"db-query","rows":0,"text":"\n      SELECT company_id, driver_id \n      FROM driver_sinbins \n      WHERE is_active = TRUE \n      AND (updated_at + (sinbin_time || ' minutes')::INTERVAL) <= CURRENT_TIMESTAMP;\n    ","timestamp":"2026-09-25T17:39:15.012Z"}
{"duration":1,"level":"info","message":"db-query","rows":0,"text":"\n      SELECT company_id, driver_id \n      FROM driver_sinbins \n      WHERE is_active = TRUE \n      AND (updated_at + (sinbin_time || ' minutes')::INTERVAL) <= CURRENT_TIMESTAMP;\n    ","timestamp":"2026-09-25T17:39:20.004Z"}
{"duration":0,"level":"info","message":"db-query","rows":0,"text":"\n      SELECT company_id, driver_id \n      FROM driver_sinbins \n      WHERE is_active = TRUE \n      AND (updated_at + (sinbin_time || ' minutes')::INTERVAL) <= CURRENT_TIMESTAMP;\n    ","timestamp":"2026-09-25T17:39:25.014Z"}
{"duration":0,"level":"info","message":"db-query","rows":0,"text":"\n      SELECT company_id, driver_id \n      FROM driver_sinbins \n      WHERE is_active = TRUE \n      AND (updated_at + (sinbin_time || ' minutes')::INTERVAL) <= CURRENT_TIMESTAMP;\n    ","timestamp":"2026-09-25T17:39:30.003Z"}
{"duration":1,"level":"info","message":"db-query","rows":0,"text":"\n      SELECT company_id, driver_id \n      FROM driver_sinbins \n      WHERE is_active = TRUE \n      AND (updated_at + (sinbin_time || ' minutes')::INTERVAL) <= CURRENT_TIMESTAMP;\n    ","timestamp":"2026-09-25T17:39:35.006Z"}
{"duration":0,"level":"info","message":"db-query","rows":0,"text":"\n      SELECT company_id, driver_id \n      FROM driver_sinbins \n      WHERE is_active = TRUE \n      AND (updated_at + (sinbin_time || ' minutes')::INTERVAL) <= CURRENT_TIMESTAMP;\n    ","timestamp":"2026-09-25T17:39:40.016Z"}
{"duration":1,"level":"info","message":"db-query","rows":0,"text":"\n      SELECT company_id, driver_id \n      FROM driver_sinbins \n      WHERE is_active = TRUE \n      AND (updated_at + (sinbin_time || ' minutes')::INTERVAL) <= CURRENT_TIMESTAMP;\n    ","timestamp":"2026-09-25T17:39:45.082Z"}
{"duration":2,"level":"info","message":"db-query","rows":0,"text":"\n      SELECT company_id, driver_id \n      FROM driver_sinbins \n      WHERE is_active = TRUE \n      AND (updated_at + (sinbin_time || ' minutes')::INTERVAL) <= CURRENT_TIMESTAMP;\n    ","timestamp":"2026-09-25T17:39:50.018Z"}
{"duration":1,"level":"info","message":"db-query","rows":0,"text":"\n      SELECT company_id, driver_id \n      FROM driver_sinbins \n      WHERE is_active = TRUE \n      AND (updated_at + (sinbin_time || ' minutes')::INTERVAL) <= CURRENT_TIMESTAMP;\n    ","timestamp":"2026-09-25T17:39:55.014Z"}
{"duration":2,"level":"info","message":"db-query","rows":0,"text":"\n      SELECT company_id, driver_id \n      FROM driver_sinbins \n      WHERE is_active = TRUE \n      AND (updated_at + (sinbin_time || ' minutes')::INTERVAL) <= CURRENT_TIMESTAMP;\n    ","timestamp":"2026-09-25T17:40:00.017Z"}
{"duration":1,"level":"info","message":"db-query","rows":0,"text":"\n      SELECT company_id, driver_id \n      FROM driver_sinbins \n      WHERE is_active = TRUE \n      AND (updated_at + (sinbin_time || ' minutes')::INTERVAL) <= CURRENT_TIMESTAMP;\n    ","timestamp":"2026-09-25T17:40:05.010Z"}
{"duration":1,"level":"info","message":"db-query","rows":0,"text":"\n      SELECT company_id, driver_id \n      FROM driver_sinbins \n      WHERE is_active = TRUE \n      AND (updated_at + (sinbin_time || ' minutes')::INTERVAL) <= CURRENT_TIMESTAMP;\n    ","timestamp":"2026-09-25T17:40:10.016Z"}
{"duration":1,"level":"info","message":"db-query","rows":0,"text":"\n      SELECT company_id, driver_id \n      FROM driver_sinbins \n      WHERE is_active = TRUE \n      AND (updated_at + (sinbin_time || ' minutes')::INTERVAL) <= CURRENT_TIMESTAMP;\n    ","timestamp":"2026-09-25T17:40:15.007Z"}
{"duration":1,"level":"info","message":"db-query","rows":0,"text":"\n      SELECT company_id, driver_id \n      FROM driver_sinbins \n      WHERE is_active = TRUE \n      AND (updated_at + (sinbin_time || ' minutes')::INTERVAL) <= CURRENT_TIMESTAMP;\n    ","timestamp":"2026-09-25T17:40:20.020Z"}
{"duration":1,"level":"info","message":"db-query","rows":0,"text":"\n      SELECT company_id, driver_id \n      FROM driver_sinbins \n      WHERE is_active = TRUE \n      AND (updated_at + (sinbin_time || ' minutes')::INTERVAL) <= CURRENT_TIMESTAMP;\n    ","timestamp":"2026-09-25T17:40:25.005Z"}
{"duration":1,"level":"info","message":"db-query","rows":0,"text":"\n      SELECT company_id, driver_id \n      FROM driver_sinbins \n      WHERE is_active = TRUE \n      AND (updated_at + (sinbin_time || ' minutes')::INTERVAL) <= CURRENT_TIMESTAMP;\n    ","timestamp":"2026-09-25T17:40:30.008Z"}
{"duration":3,"level":"info","message":"db-query","rows":0,"text":"\n      SELECT company_id, driver_id \n      FROM driver_sinbins \n      WHERE is_active = TRUE \n      AND (updated_at + (sinbin_time || ' minutes')::INTERVAL) <= CURRENT_TIMESTAMP;\n    ","timestamp":"2026-09-25T17:40:35.013Z"}
{"duration":2,"level":"info","message":"db-query","rows":0,"text":"\n      SELECT company_id, driver_id \n      FROM driver_sinbins \n      WHERE is_active = TRUE \n      AND (updated_at + (sinbin_time || ' minutes')::INTERVAL) <= CURRENT_TIMESTAMP;\n    ","timestamp":"2026-09-25T17:40:40.008Z"}
{"duration":1,"level":"info","message":"db-query","rows":0,"text":"\n      SELECT company_id, driver_id \n      FROM driver_sinbins \n      WHERE is_active = TRUE \n      AND (updated_at + (sinbin_time || ' minutes')::INTERVAL) <= CURRENT_TIMESTAMP;\n    ","timestamp":"2026-09-25T17:40:45.008Z"}
{"duration":1,"level":"info","message":"db-query","rows":0,"text":"\n      SELECT company_id, driver_id \n      FROM driver_sinbins \n      WHERE is_active = TRUE \n      AND (updated_at + (sinbin_time || ' minutes')::INTERVAL) <= CURRENT_TIMESTAMP;\n    ","timestamp":"2026-09-25T17:40:50.013Z"}
{"duration":1,"level":"info","message":"db-query","rows":0,"text":"\n      SELECT company_id, driver_id \n      FROM driver_sinbins \n      WHERE is_active = TRUE \n      AND (updated_at + (sinbin_time || ' minutes')::INTERVAL) <= CURRENT_TIMESTAMP;\n    ","timestamp":"2026-09-25T17:40:55.014Z"}
{"duration":0,"level":"info","message":"db-query","rows":0,"text":"\n      SELECT company_id, driver_id \n      FROM driver_sinbins \n      WHERE is_active = TRUE \n      AND (updated_at + (sinbin_time || ' minutes')::INTERVAL) <= CURRENT_TIMESTAMP;\n    ","timestamp":"2026-09-25T17:41:00.017Z"}
{"duration":1,"level":"info","message":"db-query","rows":0,"text":"\n      SELECT company_id, driver_id \n      FROM driver_sinbins \n      WHERE is_active = TRUE \n      AND (updated_at + (sinbin_time || ' minutes')::INTERVAL) <= CURRENT_TIMESTAMP;\n    ","timestamp":"2026-09-25T17:41:05.011Z"}
{"duration":0,"level":"info","message":"db-query","rows":0,"text":"\n      SELECT company_id, driver_id \n      FROM driver_sinbins \n      WHERE is_active = TRUE \n      AND (updated_at + (sinbin_time || ' minutes')::INTERVAL) <= CURRENT_TIMESTAMP;\n    ","timestamp":"2026-09-25T17:41:10.006Z"}
{"duration":1,"level":"info","message":"db-query","rows":0,"text":"\n      SELECT company_id, driver_id \n      FROM driver_sinbins \n      WHERE is_active = TRUE \n      AND (updated_at + (sinbin_time || ' minutes')::INTERVAL) <= CURRENT_TIMESTAMP;\n    ","timestamp":"2026-09-25T17:41:15.003Z"}
{"duration":1,"level":"info","message":"db-query","rows":0,"text":"\n      SELECT company_id, driver_id \n      FROM driver_sinbins \n      WHERE is_active = TRUE \n      AND (updated_at + (sinbin_time || ' minutes')::INTERVAL) <= CURRENT_TIMESTAMP;\n    ","timestamp":"2026-09-25T17:41:20.012Z"}
{"duration":1,"level":"info","message":"db-query","rows":0,"text":"\n      SELECT company_id, driver_id \n      FROM driver_sinbins \n      WHERE is_active = TRUE \n      AND (updated_at + (sinbin_time || ' minutes')::INTERVAL) <= CURRENT_TIMESTAMP;\n    ","timestamp":"2026-09-25T17:41:25.011Z"}
{"duration":1,"level":"info","message":"db-query","rows":0,"text":"\n      SELECT company_id, driver_id \n      FROM driver_sinbins \n      WHERE is_active = TRUE \n      AND (updated_at + (sinbin_time || ' minutes')::INTERVAL) <= CURRENT_TIMESTAMP;\n    ","timestamp":"2026-09-25T17:41:30.008Z"}
{"duration":1,"level":"info","message":"db-query","rows":0,"text":"\n      SELECT company_id, driver_id \n      FROM driver_sinbins \n      WHERE is_active = TRUE \n      AND (updated_at + (sinbin_time || ' minutes')::INTERVAL) <= CURRENT_TIMESTAMP;\n    ","timestamp":"2026-09-25T17:41:35.010Z"}
{"duration":1,"level":"info","message":"db-query","rows":0,"text":"\n      SELECT company_id, driver_id \n      FROM driver_sinbins \n      WHERE is_active = TRUE \n      AND (updated_at + (sinbin_time || ' minutes')::INTERVAL) <= CURRENT_TIMESTAMP;\n    ","timestamp":"2026-09-25T17:41:40.014Z"}
{"duration":0,"level":"info","message":"db-query","rows":0,"text":"\n      SELECT company_id, driver_id \n      FROM driver_sinbins \n      WHERE is_active = TRUE \n      AND (updated_at + (sinbin_time || ' minutes')::INTERVAL) <= CURRENT_TIMESTAMP;\n    ","timestamp":"2026-09-25T17:41:45.013Z"}
{"duration":5,"level":"info","message":"db-query","rows":26,"text":"SELECT * FROM location_types","timestamp":"2026-09-25T17:41:53.511Z"}
{"level":"info","message":"GET /api/location-types 200 11.232 ms","timestamp":"2026-09-25T17:41:53.517Z"}
{"duration":49,"level":"info","message":"db-query","rows":26,"text":"SELECT * FROM location_types","timestamp":"2026-09-25T17:41:53.556Z"}
{"level":"info","message":"GET /api/location-types 200 50.578 ms","timestamp":"2026-09-25T17:41:53.558Z"}
{"duration":7,"level":"info","message":"db-query","rows":0,"text":"\n      SELECT company_id, driver_id \n      FROM driver_sinbins \n      WHERE is_active = TRUE \n      AND (updated_at + (sinbin_time || ' minutes')::INTERVAL) <= CURRENT_TIMESTAMP;\n    ","timestamp":"2026-09-25T17:41:55.020Z"}
{"duration":2,"level":"info","message":"db-query","rows":0,"text":"\n      SELECT company_id, driver_id \n      FROM driver_sinbins \n      WHERE is_active = TRUE \n      AND (updated_at + (sinbin_time || ' minutes')::INTERVAL) <= CURRENT_TIMESTAMP;\n    ","timestamp":"2026-09-25T17:42:00.016Z"}
{"duration":1,"level":"info","message":"db-query","rows":0,"text":"\n      SELECT company_id, driver_id \n      FROM driver_sinbins \n      WHERE is_active = TRUE \n      AND (updated_at + (sinbin_time || ' minutes')::INTERVAL) <= CURRENT_TIMESTAMP;\n    ","timestamp":"2026-09-25T17:42:05.015Z"}
{"duration":2,"level":"info","message":"db-query","rows":0,"text":"\n      SELECT company_id, driver_id \n      FROM driver_sinbins \n      WHERE is_active = TRUE \n      AND (updated_at + (sinbin_time || ' minutes')::INTERVAL) <= CURRENT_TIMESTAMP;\n    ","timestamp":"2026-09-25T17:42:10.008Z"}
{"duration":2,"level":"info","message":"db-query","rows":0,"text":"\n      SELECT company_id, driver_id \n      FROM driver_sinbins \n      WHERE is_active = TRUE \n      AND (updated_at + (sinbin_time || ' minutes')::INTERVAL) <= CURRENT_TIMESTAMP;\n    ","timestamp":"2026-09-25T17:42:15.017Z"}
{"duration":1,"level":"info","message":"db-query","rows":0,"text":"\n      SELECT company_id, driver_id \n      FROM driver_sinbins \n      WHERE is_active = TRUE \n      AND (updated_at + (sinbin_time || ' minutes')::INTERVAL) <= CURRENT_TIMESTAMP;\n    ","timestamp":"2026-09-25T17:42:20.006Z"}
{"duration":1,"level":"info","message":"db-query","rows":0,"text":"\n      SELECT company_id, driver_id \n      FROM driver_sinbins \n      WHERE is_active = TRUE \n      AND (updated_at + (sinbin_time || ' minutes')::INTERVAL) <= CURRENT_TIMESTAMP;\n    ","timestamp":"2026-09-25T17:42:25.006Z"}
{"duration":2,"level":"info","message":"db-query","rows":0,"text":"\n      SELECT company_id, driver_id \n      FROM driver_sinbins \n      WHERE is_active = TRUE \n      AND (updated_at + (sinbin_time || ' minutes')::INTERVAL) <= CURRENT_TIMESTAMP;\n    ","timestamp":"2026-09-25T17:42:30.012Z"}
{"duration":1,"level":"info","message":"db-query","rows":0,"text":"\n      SELECT company_id, driver_id \n      FROM driver_sinbins \n      WHERE is_active = TRUE \n      AND (updated_at + (sinbin_time || ' minutes')::INTERVAL) <= CURRENT_TIMESTAMP;\n    ","timestamp":"2026-09-25T17:42:35.016Z"}
{"duration":1,"level":"info","message":"db-query","rows":0,"text":"\n      SELECT company_id, driver_id \n      FROM driver_sinbins \n      WHERE is_active = TRUE \n      AND (updated_at + (sinbin_time || ' minutes')::INTERVAL) <= CURRENT_TIMESTAMP;\n    ","timestamp":"2026-09-25T17:42:40.015Z"}
{"duration":2,"level":"info","message":"db-query","rows":0,"text":"\n      SELECT company_id, driver_id \n      FROM driver_sinbins \n      WHERE is_active = TRUE \n      AND (updated_at + (sinbin_time || ' minutes')::INTERVAL) <= CURRENT_TIMESTAMP;\n    ","timestamp":"2026-09-25T17:42:45.013Z"}
{"duration":1,"level":"info","message":"db-query","rows":0,"text":"\n      SELECT company_id, driver_id \n      FROM driver_sinbins \n      WHERE is_active = TRUE \n      AND (updated_at + (sinbin_time || ' minutes')::INTERVAL) <= CURRENT_TIMESTAMP;\n    ","timestamp":"2026-09-25T17:42:50.011Z"}
{"duration":0,"level":"info","message":"db-query","rows":0,"text":"\n      SELECT company_id, driver_id \n      FROM driver_sinbins \n      WHERE is_active = TRUE \n      AND (updated_at + (sinbin_time || ' minutes')::INTERVAL) <= CURRENT_TIMESTAMP;\n    ","timestamp":"2026-09-25T17:42:55.006Z"}
{"duration":1,"level":"info","message":"db-query","rows":0,"text":"\n      SELECT company_id, driver_id \n      FROM driver_sinbins \n      WHERE is_active = TRUE \n      AND (updated_at + (sinbin_time || ' minutes')::INTERVAL) <= CURRENT_TIMESTAMP;\n    ","timestamp":"2026-09-25T17:43:00.007Z"}
{"duration":3,"level":"info","message":"db-query","rows":0,"text":"\n      SELECT company_id, driver_id \n      FROM driver_sinbins \n      WHERE is_active = TRUE \n      AND (updated_at + (sinbin_time || ' minutes')::INTERVAL) <= CURRENT_TIMESTAMP;\n    ","timestamp":"2026-09-25T17:43:05.017Z"}
{"duration":1,"level":"info","message":"db-query","rows":0,"text":"\n      SELECT company_id, driver_id \n      FROM driver_sinbins \n      WHERE is_active = TRUE \n      AND (updated_at + (sinbin_time || ' minutes')::INTERVAL) <= CURRENT_TIMESTAMP;\n    ","timestamp":"2026-09-25T17:43:10.004Z"}
{"duration":1,"level":"info","message":"db-query","rows":0,"text":"\n      SELECT company_id, driver_id \n      FROM driver_sinbins \n      WHERE is_active = TRUE \n      AND (updated_at + (sinbin_time || ' minutes')::INTERVAL) <= CURRENT_TIMESTAMP;\n    ","timestamp":"2026-09-25T17:43:15.096Z"}
{"duration":0,"level":"info","message":"db-query","rows":0,"text":"\n      SELECT company_id, driver_id \n      FROM driver_sinbins \n      WHERE is_active = TRUE \n      AND (updated_at + (sinbin_time || ' minutes')::INTERVAL) <= CURRENT_TIMESTAMP;\n    ","timestamp":"2026-09-25T17:43:20.006Z"}
{"duration":1,"level":"info","message":"db-query","rows":0,"text":"\n      SELECT company_id, driver_id \n      FROM driver_sinbins \n      WHERE is_active = TRUE \n      AND (updated_at + (sinbin_time || ' minutes')::INTERVAL) <= CURRENT_TIMESTAMP;\n    ","timestamp":"2026-09-25T17:43:25.003Z"}
{"duration":1,"level":"info","message":"db-query","rows":0,"text":"\n      SELECT company_id, driver_id \n      FROM driver_sinbins \n      WHERE is_active = TRUE \n      AND (updated_at + (sinbin_time || ' minutes')::INTERVAL) <= CURRENT_TIMESTAMP;\n    ","timestamp":"2026-09-25T17:43:30.014Z"}
{"duration":1,"level":"info","message":"db-query","rows":0,"text":"\n      SELECT company_id, driver_id \n      FROM driver_sinbins \n      WHERE is_active = TRUE \n      AND (updated_at + (sinbin_time || ' minutes')::INTERVAL) <= CURRENT_TIMESTAMP;\n    ","timestamp":"2026-09-25T17:43:35.017Z"}
{"duration":1,"level":"info","message":"db-query","rows":0,"text":"\n      SELECT company_id, driver_id \n      FROM driver_sinbins \n      WHERE is_active = TRUE \n      AND (updated_at + (sinbin_time || ' minutes')::INTERVAL) <= CURRENT_TIMESTAMP;\n    ","timestamp":"2026-09-25T17:43:40.007Z"}
{"duration":2,"level":"info","message":"db-query","rows":0,"text":"\n      SELECT company_id, driver_id \n      FROM driver_sinbins \n      WHERE is_active = TRUE \n      AND (updated_at + (sinbin_time || ' minutes')::INTERVAL) <= CURRENT_TIMESTAMP;\n    ","timestamp":"2026-09-25T17:43:45.016Z"}
{"duration":1,"level":"info","message":"db-query","rows":0,"text":"\n      SELECT company_id, driver_id \n      FROM driver_sinbins \n      WHERE is_active = TRUE \n      AND (updated_at + (sinbin_time || ' minutes')::INTERVAL) <= CURRENT_TIMESTAMP;\n    ","timestamp":"2026-09-25T17:43:50.011Z"}
{"duration":11,"level":"info","message":"db-query","rows":26,"text":"SELECT * FROM location_types","timestamp":"2026-09-25T17:44:02.499Z"}
{"level":"info","message":"GET /api/location-types 200 25.226 ms","timestamp":"2026-09-25T17:44:02.513Z"}
{"duration":65,"level":"info","message":"db-query","rows":26,"text":"SELECT * FROM location_types","timestamp":"2026-09-25T17:44:02.556Z"}
{"level":"info","message":"GET /api/location-types 200 66.944 ms","timestamp":"2026-09-25T17:44:02.557Z"}
{"duration":4,"level":"info","message":"db-query","rows":0,"text":"\n      SELECT company_id, driver_id \n      FROM driver_sinbins \n      WHERE is_active = TRUE \n      AND (updated_at + (sinbin_time || ' minutes')::INTERVAL) <= CURRENT_TIMESTAMP;\n    ","timestamp":"2026-09-25T17:44:05.010Z"}
{"duration":6,"level":"info","message":"db-query","rows":26,"text":"SELECT * FROM location_types","timestamp":"2026-09-25T17:44:12.123Z"}
{"level":"info","message":"GET /api/location-types 200 18.145 ms","timestamp":"2026-09-25T17:44:12.136Z"}
{"duration":77,"level":"info","message":"db-query","rows":26,"text":"SELECT * FROM location_types","timestamp":"2026-09-25T17:44:12.197Z"}
{"level":"info","message":"GET /api/location-types 200 81.314 ms","timestamp":"2026-09-25T17:44:12.202Z"}
{"duration":3,"level":"info","message":"db-query","rows":0,"text":"\n      SELECT company_id, driver_id \n      FROM driver_sinbins \n      WHERE is_active = TRUE \n      AND (updated_at + (sinbin_time || ' minutes')::INTERVAL) <= CURRENT_TIMESTAMP;\n    ","timestamp":"2026-09-25T17:44:15.010Z"}
{"duration":6,"level":"info","message":"db-query","rows":26,"text":"SELECT * FROM location_types","timestamp":"2026-09-25T17:44:18.437Z"}
{"level":"info","message":"GET /api/location-types 200 11.369 ms","timestamp":"2026-09-25T17:44:18.443Z"}
{"duration":191,"level":"info","message":"db-query","rows":26,"text":"SELECT * FROM location_types","timestamp":"2026-09-25T17:44:18.625Z"}
{"level":"info","message":"GET /api/location-types 200 192.590 ms","timestamp":"2026-09-25T17:44:18.627Z"}
{"duration":6,"level":"info","message":"db-query","rows":0,"text":"\n      SELECT company_id, driver_id \n      FROM driver_sinbins \n      WHERE is_active = TRUE \n      AND (updated_at + (sinbin_time || ' minutes')::INTERVAL) <= CURRENT_TIMESTAMP;\n    ","timestamp":"2026-09-25T17:44:20.024Z"}
{"duration":1,"level":"info","message":"db-query","rows":0,"text":"\n      SELECT company_id, driver_id \n      FROM driver_sinbins \n      WHERE is_active = TRUE \n      AND (updated_at + (sinbin_time || ' minutes')::INTERVAL) <= CURRENT_TIMESTAMP;\n    ","timestamp":"2026-09-25T17:44:25.013Z"}
{"duration":0,"level":"info","message":"db-query","rows":0,"text":"\n      SELECT company_id, driver_id \n      FROM driver_sinbins \n      WHERE is_active = TRUE \n      AND (updated_at + (sinbin_time || ' minutes')::INTERVAL) <= CURRENT_TIMESTAMP;\n    ","timestamp":"2026-09-25T17:44:30.015Z"}
{"duration":8,"level":"info","message":"db-query","rows":26,"text":"SELECT * FROM location_types","timestamp":"2026-09-25T17:44:35.723Z"}
{"level":"info","message":"GET /api/location-types 200 15.940 ms","timestamp":"2026-09-25T17:44:35.730Z"}
{"duration":58,"level":"info","message":"db-query","rows":26,"text":"SELECT * FROM location_types","timestamp":"2026-09-25T17:44:35.777Z"}
{"level":"info","message":"GET /api/location-types 200 59.587 ms","timestamp":"2026-09-25T17:44:35.778Z"}
{"duration":5,"level":"info","message":"db-query","rows":0,"text":"\n      SELECT company_id, driver_id \n      FROM driver_sinbins \n      WHERE is_active = TRUE \n      AND (updated_at + (sinbin_time || ' minutes')::INTERVAL) <= CURRENT_TIMESTAMP;\n    ","timestamp":"2026-09-25T17:44:40.011Z"}
{"duration":1,"level":"info","message":"db-query","rows":0,"text":"\n      SELECT company_id, driver_id \n      FROM driver_sinbins \n      WHERE is_active = TRUE \n      AND (updated_at + (sinbin_time || ' minutes')::INTERVAL) <= CURRENT_TIMESTAMP;\n    ","timestamp":"2026-09-25T17:44:45.014Z"}
{"duration":1,"level":"info","message":"db-query","rows":0,"text":"\n      SELECT company_id, driver_id \n      FROM driver_sinbins \n      WHERE is_active = TRUE \n      AND (updated_at + (sinbin_time || ' minutes')::INTERVAL) <= CURRENT_TIMESTAMP;\n    ","timestamp":"2026-09-25T17:44:50.011Z"}
{"duration":1,"level":"info","message":"db-query","rows":0,"text":"\n      SELECT company_id, driver_id \n      FROM driver_sinbins \n      WHERE is_active = TRUE \n      AND (updated_at + (sinbin_time || ' minutes')::INTERVAL) <= CURRENT_TIMESTAMP;\n    ","timestamp":"2026-09-25T17:44:55.010Z"}
{"duration":3,"level":"info","message":"db-query","rows":0,"text":"\n      SELECT company_id, driver_id \n      FROM driver_sinbins \n      WHERE is_active = TRUE \n      AND (updated_at + (sinbin_time || ' minutes')::INTERVAL) <= CURRENT_TIMESTAMP;\n    ","timestamp":"2026-09-25T17:45:00.014Z"}
{"duration":2,"level":"info","message":"db-query","rows":0,"text":"\n      SELECT company_id, driver_id \n      FROM driver_sinbins \n      WHERE is_active = TRUE \n      AND (updated_at + (sinbin_time || ' minutes')::INTERVAL) <= CURRENT_TIMESTAMP;\n    ","timestamp":"2026-09-25T17:45:05.013Z"}
{"duration":1,"level":"info","message":"db-query","rows":0,"text":"\n      SELECT company_id, driver_id \n      FROM driver_sinbins \n      WHERE is_active = TRUE \n      AND (updated_at + (sinbin_time || ' minutes')::INTERVAL) <= CURRENT_TIMESTAMP;\n    ","timestamp":"2026-09-25T17:45:10.025Z"}
{"duration":2,"level":"info","message":"db-query","rows":0,"text":"\n      SELECT company_id, driver_id \n      FROM driver_sinbins \n      WHERE is_active = TRUE \n      AND (updated_at + (sinbin_time || ' minutes')::INTERVAL) <= CURRENT_TIMESTAMP;\n    ","timestamp":"2026-09-25T17:45:15.015Z"}
{"duration":1,"level":"info","message":"db-query","rows":0,"text":"\n      SELECT company_id, driver_id \n      FROM driver_sinbins \n      WHERE is_active = TRUE \n      AND (updated_at + (sinbin_time || ' minutes')::INTERVAL) <= CURRENT_TIMESTAMP;\n    ","timestamp":"2026-09-25T17:45:20.004Z"}
{"duration":1,"level":"info","message":"db-query","rows":0,"text":"\n      SELECT company_id, driver_id \n      FROM driver_sinbins \n      WHERE is_active = TRUE \n      AND (updated_at + (sinbin_time || ' minutes')::INTERVAL) <= CURRENT_TIMESTAMP;\n    ","timestamp":"2026-09-25T17:45:25.016Z"}
{"duration":1,"level":"info","message":"db-query","rows":0,"text":"\n      SELECT company_id, driver_id \n      FROM driver_sinbins \n      WHERE is_active = TRUE \n      AND (updated_at + (sinbin_time || ' minutes')::INTERVAL) <= CURRENT_TIMESTAMP;\n    ","timestamp":"2026-09-25T17:45:30.017Z"}
{"duration":1,"level":"info","message":"db-query","rows":0,"text":"\n      SELECT company_id, driver_id \n      FROM driver_sinbins \n      WHERE is_active = TRUE \n      AND (updated_at + (sinbin_time || ' minutes')::INTERVAL) <= CURRENT_TIMESTAMP;\n    ","timestamp":"2026-09-25T17:45:35.017Z"}
{"duration":1,"level":"info","message":"db-query","rows":0,"text":"\n      SELECT company_id, driver_id \n      FROM driver_sinbins \n      WHERE is_active = TRUE \n      AND (updated_at + (sinbin_time || ' minutes')::INTERVAL) <= CURRENT_TIMESTAMP;\n    ","timestamp":"2026-09-25T17:45:40.009Z"}
{"duration":1,"level":"info","message":"db-query","rows":0,"text":"\n      SELECT company_id, driver_id \n      FROM driver_sinbins \n      WHERE is_active = TRUE \n      AND (updated_at + (sinbin_time || ' minutes')::INTERVAL) <= CURRENT_TIMESTAMP;\n    ","timestamp":"2026-09-25T17:45:45.012Z"}
{"duration":2,"level":"info","message":"db-query","rows":0,"text":"\n      SELECT company_id, driver_id \n      FROM driver_sinbins \n      WHERE is_active = TRUE \n      AND (updated_at + (sinbin_time || ' minutes')::INTERVAL) <= CURRENT_TIMESTAMP;\n    ","timestamp":"2026-09-25T17:45:50.010Z"}
{"duration":2,"level":"info","message":"db-query","rows":0,"text":"\n      SELECT company_id, driver_id \n      FROM driver_sinbins \n      WHERE is_active = TRUE \n      AND (updated_at + (sinbin_time || ' minutes')::INTERVAL) <= CURRENT_TIMESTAMP;\n    ","timestamp":"2026-09-25T17:45:55.011Z"}
{"duration":1,"level":"info","message":"db-query","rows":0,"text":"\n      SELECT company_id, driver_id \n      FROM driver_sinbins \n      WHERE is_active = TRUE \n      AND (updated_at + (sinbin_time || ' minutes')::INTERVAL) <= CURRENT_TIMESTAMP;\n    ","timestamp":"2026-09-25T17:46:00.013Z"}
{"duration":0,"level":"info","message":"db-query","rows":0,"text":"\n      SELECT company_id, driver_id \n      FROM driver_sinbins \n      WHERE is_active = TRUE \n      AND (updated_at + (sinbin_time || ' minutes')::INTERVAL) <= CURRENT_TIMESTAMP;\n    ","timestamp":"2026-09-25T17:46:05.008Z"}
{"duration":1,"level":"info","message":"db-query","rows":0,"text":"\n      SELECT company_id, driver_id \n      FROM driver_sinbins \n      WHERE is_active = TRUE \n      AND (updated_at + (sinbin_time || ' minutes')::INTERVAL) <= CURRENT_TIMESTAMP;\n    ","timestamp":"2026-09-25T17:46:10.009Z"}
{"duration":1,"level":"info","message":"db-query","rows":0,"text":"\n      SELECT company_id, driver_id \n      FROM driver_sinbins \n      WHERE is_active = TRUE \n      AND (updated_at + (sinbin_time || ' minutes')::INTERVAL) <= CURRENT_TIMESTAMP;\n    ","timestamp":"2026-09-25T17:46:15.026Z"}
{"duration":1,"level":"info","message":"db-query","rows":0,"text":"\n      SELECT company_id, driver_id \n      FROM driver_sinbins \n      WHERE is_active = TRUE \n      AND (updated_at + (sinbin_time || ' minutes')::INTERVAL) <= CURRENT_TIMESTAMP;\n    ","timestamp":"2026-09-25T17:46:20.004Z"}
{"duration":1,"level":"info","message":"db-query","rows":0,"text":"\n      SELECT company_id, driver_id \n      FROM driver_sinbins \n      WHERE is_active = TRUE \n      AND (updated_at + (sinbin_time || ' minutes')::INTERVAL) <= CURRENT_TIMESTAMP;\n    ","timestamp":"2026-09-25T17:46:25.002Z"}
{"duration":1,"level":"info","message":"db-query","rows":0,"text":"\n      SELECT company_id, driver_id \n      FROM driver_sinbins \n      WHERE is_active = TRUE \n      AND (updated_at + (sinbin_time || ' minutes')::INTERVAL) <= CURRENT_TIMESTAMP;\n    ","timestamp":"2026-09-25T17:46:30.008Z"}
{"duration":1,"level":"info","message":"db-query","rows":0,"text":"\n      SELECT company_id, driver_id \n      FROM driver_sinbins \n      WHERE is_active = TRUE \n      AND (updated_at + (sinbin_time || ' minutes')::INTERVAL) <= CURRENT_TIMESTAMP;\n    ","timestamp":"2026-09-25T17:46:35.005Z"}
{"duration":242,"level":"info","message":"db-query","rows":0,"text":"\n      SELECT company_id, driver_id \n      FROM driver_sinbins \n      WHERE is_active = TRUE \n      AND (updated_at + (sinbin_time || ' minutes')::INTERVAL) <= CURRENT_TIMESTAMP;\n    ","timestamp":"2026-09-25T17:46:40.257Z"}
{"duration":4,"level":"info","message":"db-query","rows":26,"text":"SELECT * FROM location_types","timestamp":"2026-09-25T17:46:40.530Z"}
{"level":"info","message":"GET /api/location-types 200 6.889 ms","timestamp":"2026-09-25T17:46:40.534Z"}
{"duration":8,"level":"info","message":"db-query","rows":26,"text":"SELECT * FROM location_types","timestamp":"2026-09-25T17:46:40.536Z"}
{"level":"info","message":"GET /api/location-types 200 9.006 ms","timestamp":"2026-09-25T17:46:40.537Z"}
{"duration":9,"level":"info","message":"db-query","rows":0,"text":"\n      SELECT company_id, driver_id \n      FROM driver_sinbins \n      WHERE is_active = TRUE \n      AND (updated_at + (sinbin_time || ' minutes')::INTERVAL) <= CURRENT_TIMESTAMP;\n    ","timestamp":"2026-09-25T17:46:45.023Z"}
{"duration":2,"level":"info","message":"db-query","rows":0,"text":"\n      SELECT company_id, driver_id \n      FROM driver_sinbins \n      WHERE is_active = TRUE \n      AND (updated_at + (sinbin_time || ' minutes')::INTERVAL) <= CURRENT_TIMESTAMP;\n    ","timestamp":"2026-09-25T17:46:50.006Z"}
{"duration":2,"level":"info","message":"db-query","rows":0,"text":"\n      SELECT company_id, driver_id \n      FROM driver_sinbins \n      WHERE is_active = TRUE \n      AND (updated_at + (sinbin_time || ' minutes')::INTERVAL) <= CURRENT_TIMESTAMP;\n    ","timestamp":"2026-09-25T17:46:55.011Z"}
{"duration":2,"level":"info","message":"db-query","rows":0,"text":"\n      SELECT company_id, driver_id \n      FROM driver_sinbins \n      WHERE is_active = TRUE \n      AND (updated_at + (sinbin_time || ' minutes')::INTERVAL) <= CURRENT_TIMESTAMP;\n    ","timestamp":"2026-09-25T17:47:00.010Z"}
{"duration":1,"level":"info","message":"db-query","rows":0,"text":"\n      SELECT company_id, driver_id \n      FROM driver_sinbins \n      WHERE is_active = TRUE \n      AND (updated_at + (sinbin_time || ' minutes')::INTERVAL) <= CURRENT_TIMESTAMP;\n    ","timestamp":"2026-09-25T17:47:05.002Z"}
{"duration":2,"level":"info","message":"db-query","rows":0,"text":"\n      SELECT company_id, driver_id \n      FROM driver_sinbins \n      WHERE is_active = TRUE \n      AND (updated_at + (sinbin_time || ' minutes')::INTERVAL) <= CURRENT_TIMESTAMP;\n    ","timestamp":"2026-09-25T17:47:10.014Z"}
{"duration":2,"level":"info","message":"db-query","rows":0,"text":"\n      SELECT company_id, driver_id \n      FROM driver_sinbins \n      WHERE is_active = TRUE \n      AND (updated_at + (sinbin_time || ' minutes')::INTERVAL) <= CURRENT_TIMESTAMP;\n    ","timestamp":"2026-09-25T17:47:15.004Z"}
{"duration":1,"level":"info","message":"db-query","rows":0,"text":"\n      SELECT company_id, driver_id \n      FROM driver_sinbins \n      WHERE is_active = TRUE \n      AND (updated_at + (sinbin_time || ' minutes')::INTERVAL) <= CURRENT_TIMESTAMP;\n    ","timestamp":"2026-09-25T17:47:20.010Z"}
{"duration":1,"level":"info","message":"db-query","rows":0,"text":"\n      SELECT company_id, driver_id \n      FROM driver_sinbins \n      WHERE is_active = TRUE \n      AND (updated_at + (sinbin_time || ' minutes')::INTERVAL) <= CURRENT_TIMESTAMP;\n    ","timestamp":"2026-09-25T17:47:25.005Z"}
{"duration":3,"level":"info","message":"db-query","rows":0,"text":"\n      SELECT company_id, driver_id \n      FROM driver_sinbins \n      WHERE is_active = TRUE \n      AND (updated_at + (sinbin_time || ' minutes')::INTERVAL) <= CURRENT_TIMESTAMP;\n    ","timestamp":"2026-09-25T17:47:30.019Z"}
{"duration":2,"level":"info","message":"db-query","rows":0,"text":"\n      SELECT company_id, driver_id \n      FROM driver_sinbins \n      WHERE is_active = TRUE \n      AND (updated_at + (sinbin_time || ' minutes')::INTERVAL) <= CURRENT_TIMESTAMP;\n    ","timestamp":"2026-09-25T17:47:35.007Z"}
{"duration":2,"level":"info","message":"db-query","rows":0,"text":"\n      SELECT company_id, driver_id \n      FROM driver_sinbins \n      WHERE is_active = TRUE \n      AND (updated_at + (sinbin_time || ' minutes')::INTERVAL) <= CURRENT_TIMESTAMP;\n    ","timestamp":"2026-09-25T17:47:40.017Z"}
{"duration":1,"level":"info","message":"db-query","rows":0,"text":"\n      SELECT company_id, driver_id \n      FROM driver_sinbins \n      WHERE is_active = TRUE \n      AND (updated_at + (sinbin_time || ' minutes')::INTERVAL) <= CURRENT_TIMESTAMP;\n    ","timestamp":"2026-09-25T17:47:45.012Z"}
{"duration":2,"level":"info","message":"db-query","rows":0,"text":"\n      SELECT company_id, driver_id \n      FROM driver_sinbins \n      WHERE is_active = TRUE \n      AND (updated_at + (sinbin_time || ' minutes')::INTERVAL) <= CURRENT_TIMESTAMP;\n    ","timestamp":"2026-09-25T17:47:50.009Z"}
{"duration":2,"level":"info","message":"db-query","rows":0,"text":"\n      SELECT company_id, driver_id \n      FROM driver_sinbins \n      WHERE is_active = TRUE \n      AND (updated_at + (sinbin_time || ' minutes')::INTERVAL) <= CURRENT_TIMESTAMP;\n    ","timestamp":"2026-09-25T17:47:55.018Z"}
{"duration":2,"level":"info","message":"db-query","rows":0,"text":"\n      SELECT company_id, driver_id \n      FROM driver_sinbins \n      WHERE is_active = TRUE \n      AND (updated_at + (sinbin_time || ' minutes')::INTERVAL) <= CURRENT_TIMESTAMP;\n    ","timestamp":"2026-09-25T17:48:00.021Z"}
{"duration":1,"level":"info","message":"db-query","rows":0,"text":"\n      SELECT company_id, driver_id \n      FROM driver_sinbins \n      WHERE is_active = TRUE \n      AND (updated_at + (sinbin_time || ' minutes')::INTERVAL) <= CURRENT_TIMESTAMP;\n    ","timestamp":"2026-09-25T17:48:05.003Z"}
{"duration":1,"level":"info","message":"db-query","rows":0,"text":"\n      SELECT company_id, driver_id \n      FROM driver_sinbins \n      WHERE is_active = TRUE \n      AND (updated_at + (sinbin_time || ' minutes')::INTERVAL) <= CURRENT_TIMESTAMP;\n    ","timestamp":"2026-09-25T17:48:10.005Z"}
{"duration":1,"level":"info","message":"db-query","rows":0,"text":"\n      SELECT company_id, driver_id \n      FROM driver_sinbins \n      WHERE is_active = TRUE \n      AND (updated_at + (sinbin_time || ' minutes')::INTERVAL) <= CURRENT_TIMESTAMP;\n    ","timestamp":"2026-09-25T17:48:15.015Z"}
{"duration":2,"level":"info","message":"db-query","rows":0,"text":"\n      SELECT company_id, driver_id \n      FROM driver_sinbins \n      WHERE is_active = TRUE \n      AND (updated_at + (sinbin_time || ' minutes')::INTERVAL) <= CURRENT_TIMESTAMP;\n    ","timestamp":"2026-09-25T17:48:20.014Z"}
{"duration":1,"level":"info","message":"db-query","rows":0,"text":"\n      SELECT company_id, driver_id \n      FROM driver_sinbins \n      WHERE is_active = TRUE \n      AND (updated_at + (sinbin_time || ' minutes')::INTERVAL) <= CURRENT_TIMESTAMP;\n    ","timestamp":"2026-09-25T17:48:25.014Z"}
{"duration":1,"level":"info","message":"db-query","rows":0,"text":"\n      SELECT company_id, driver_id \n      FROM driver_sinbins \n      WHERE is_active = TRUE \n      AND (updated_at + (sinbin_time || ' minutes')::INTERVAL) <= CURRENT_TIMESTAMP;\n    ","timestamp":"2026-09-25T17:48:30.012Z"}
{"duration":1,"level":"info","message":"db-query","rows":0,"text":"\n      SELECT company_id, driver_id \n      FROM driver_sinbins \n      WHERE is_active = TRUE \n      AND (updated_at + (sinbin_time || ' minutes')::INTERVAL) <= CURRENT_TIMESTAMP;\n    ","timestamp":"2026-09-25T17:48:35.012Z"}
{"duration":1,"level":"info","message":"db-query","rows":0,"text":"\n      SELECT company_id, driver_id \n      FROM driver_sinbins \n      WHERE is_active = TRUE \n      AND (updated_at + (sinbin_time || ' minutes')::INTERVAL) <= CURRENT_TIMESTAMP;\n    ","timestamp":"2026-09-25T17:48:40.008Z"}
{"duration":1,"level":"info","message":"db-query","rows":0,"text":"\n      SELECT company_id, driver_id \n      FROM driver_sinbins \n      WHERE is_active = TRUE \n      AND (updated_at + (sinbin_time || ' minutes')::INTERVAL) <= CURRENT_TIMESTAMP;\n    ","timestamp":"2026-09-25T17:48:45.007Z"}
{"duration":2,"level":"info","message":"db-query","rows":0,"text":"\n      SELECT company_id, driver_id \n      FROM driver_sinbins \n      WHERE is_active = TRUE \n      AND (updated_at + (sinbin_time || ' minutes')::INTERVAL) <= CURRENT_TIMESTAMP;\n    ","timestamp":"2026-09-25T17:48:50.010Z"}
{"duration":1,"level":"info","message":"db-query","rows":0,"text":"\n      SELECT company_id, driver_id \n      FROM driver_sinbins \n      WHERE is_active = TRUE \n      AND (updated_at + (sinbin_time || ' minutes')::INTERVAL) <= CURRENT_TIMESTAMP;\n    ","timestamp":"2026-09-25T17:48:55.012Z"}
{"duration":1,"level":"info","message":"db-query","rows":0,"text":"\n      SELECT company_id, driver_id \n      FROM driver_sinbins \n      WHERE is_active = TRUE \n      AND (updated_at + (sinbin_time || ' minutes')::INTERVAL) <= CURRENT_TIMESTAMP;\n    ","timestamp":"2026-09-25T17:49:00.022Z"}
{"duration":1,"level":"info","message":"db-query","rows":0,"text":"\n      SELECT company_id, driver_id \n      FROM driver_sinbins \n      WHERE is_active = TRUE \n      AND (updated_at + (sinbin_time || ' minutes')::INTERVAL) <= CURRENT_TIMESTAMP;\n    ","timestamp":"2026-09-25T17:49:05.010Z"}
{"duration":2,"level":"info","message":"db-query","rows":0,"text":"\n      SELECT company_id, driver_id \n      FROM driver_sinbins \n      WHERE is_active = TRUE \n      AND (updated_at + (sinbin_time || ' minutes')::INTERVAL) <= CURRENT_TIMESTAMP;\n    ","timestamp":"2026-09-25T17:49:10.009Z"}
{"duration":1,"level":"info","message":"db-query","rows":0,"text":"\n      SELECT company_id, driver_id \n      FROM driver_sinbins \n      WHERE is_active = TRUE \n      AND (updated_at + (sinbin_time || ' minutes')::INTERVAL) <= CURRENT_TIMESTAMP;\n    ","timestamp":"2026-09-25T17:49:15.013Z"}
{"duration":1,"level":"info","message":"db-query","rows":0,"text":"\n      SELECT company_id, driver_id \n      FROM driver_sinbins \n      WHERE is_active = TRUE \n      AND (updated_at + (sinbin_time || ' minutes')::INTERVAL) <= CURRENT_TIMESTAMP;\n    ","timestamp":"2026-09-25T17:49:20.015Z"}
{"duration":0,"level":"info","message":"db-query","rows":0,"text":"\n      SELECT company_id, driver_id \n      FROM driver_sinbins \n      WHERE is_active = TRUE \n      AND (updated_at + (sinbin_time || ' minutes')::INTERVAL) <= CURRENT_TIMESTAMP;\n    ","timestamp":"2026-09-25T17:49:25.006Z"}
{"duration":2,"level":"info","message":"db-query","rows":0,"text":"\n      SELECT company_id, driver_id \n      FROM driver_sinbins \n      WHERE is_active = TRUE \n      AND (updated_at + (sinbin_time || ' minutes')::INTERVAL) <= CURRENT_TIMESTAMP;\n    ","timestamp":"2026-09-25T17:49:30.006Z"}
{"duration":2,"level":"info","message":"db-query","rows":0,"text":"\n      SELECT company_id, driver_id \n      FROM driver_sinbins \n      WHERE is_active = TRUE \n      AND (updated_at + (sinbin_time || ' minutes')::INTERVAL) <= CURRENT_TIMESTAMP;\n    ","timestamp":"2026-09-25T17:49:35.019Z"}
{"duration":1,"level":"info","message":"db-query","rows":0,"text":"\n      SELECT company_id, driver_id \n      FROM driver_sinbins \n      WHERE is_active = TRUE \n      AND (updated_at + (sinbin_time || ' minutes')::INTERVAL) <= CURRENT_TIMESTAMP;\n    ","timestamp":"2026-09-25T17:49:40.005Z"}
{"duration":6,"level":"info","message":"db-query","rows":0,"text":"\n      SELECT company_id, driver_id \n      FROM driver_sinbins \n      WHERE is_active = TRUE \n      AND (updated_at + (sinbin_time || ' minutes')::INTERVAL) <= CURRENT_TIMESTAMP;\n    ","timestamp":"2026-09-25T17:53:20.019Z"}
{"duration":6,"level":"info","message":"db-query","rows":26,"text":"SELECT * FROM location_types","timestamp":"2026-09-25T17:53:20.436Z"}
{"level":"info","message":"GET /api/location-types 200 10.545 ms","timestamp":"2026-09-25T17:53:20.441Z"}
{"duration":56,"level":"info","message":"db-query","rows":26,"text":"SELECT * FROM location_types","timestamp":"2026-09-25T17:53:20.489Z"}
{"level":"info","message":"GET /api/location-types 200 57.319 ms","timestamp":"2026-09-25T17:53:20.491Z"}
{"duration":9,"level":"info","message":"db-query","rows":0,"text":"\n      SELECT company_id, driver_id \n      FROM driver_sinbins \n      WHERE is_active = TRUE \n      AND (updated_at + (sinbin_time || ' minutes')::INTERVAL) <= CURRENT_TIMESTAMP;\n    ","timestamp":"2026-09-25T17:53:25.022Z"}
{"duration":6,"level":"info","message":"db-query","rows":26,"text":"SELECT * FROM location_types","timestamp":"2026-09-25T17:53:29.677Z"}
{"level":"info","message":"GET /api/location-types 200 12.101 ms","timestamp":"2026-09-25T17:53:29.684Z"}
{"duration":115,"level":"info","message":"db-query","rows":26,"text":"SELECT * FROM location_types","timestamp":"2026-09-25T17:53:29.789Z"}
{"level":"info","message":"GET /api/location-types 200 116.800 ms","timestamp":"2026-09-25T17:53:29.791Z"}
{"duration":3,"level":"info","message":"db-query","rows":0,"text":"\n      SELECT company_id, driver_id \n      FROM driver_sinbins \n      WHERE is_active = TRUE \n      AND (updated_at + (sinbin_time || ' minutes')::INTERVAL) <= CURRENT_TIMESTAMP;\n    ","timestamp":"2026-09-25T17:53:30.006Z"}
{"duration":59,"level":"info","message":"db-query","rows":0,"text":"\n      SELECT company_id, driver_id \n      FROM driver_sinbins \n      WHERE is_active = TRUE \n      AND (updated_at + (sinbin_time || ' minutes')::INTERVAL) <= CURRENT_TIMESTAMP;\n    ","timestamp":"2026-09-25T17:53:35.077Z"}
{"duration":4,"level":"info","message":"db-query","rows":26,"text":"SELECT * FROM location_types","timestamp":"2026-09-25T17:53:35.486Z"}
{"level":"info","message":"GET /api/location-types 200 7.871 ms","timestamp":"2026-09-25T17:53:35.492Z"}
{"duration":10,"level":"info","message":"db-query","rows":26,"text":"SELECT * FROM location_types","timestamp":"2026-09-25T17:53:35.494Z"}
{"level":"info","message":"GET /api/location-types 200 11.263 ms","timestamp":"2026-09-25T17:53:35.496Z"}
{"duration":5,"level":"info","message":"db-query","rows":26,"text":"SELECT * FROM location_types","timestamp":"2026-09-25T17:53:39.194Z"}
{"level":"info","message":"GET /api/location-types 200 10.953 ms","timestamp":"2026-09-25T17:53:39.200Z"}
{"duration":156,"level":"info","message":"db-query","rows":26,"text":"SELECT * FROM location_types","timestamp":"2026-09-25T17:53:39.347Z"}
{"level":"info","message":"GET /api/location-types 200 158.456 ms","timestamp":"2026-09-25T17:53:39.349Z"}
{"duration":4,"level":"info","message":"db-query","rows":0,"text":"\n      SELECT company_id, driver_id \n      FROM driver_sinbins \n      WHERE is_active = TRUE \n      AND (updated_at + (sinbin_time || ' minutes')::INTERVAL) <= CURRENT_TIMESTAMP;\n    ","timestamp":"2026-09-25T17:53:40.016Z"}
{"duration":0,"level":"info","message":"db-query","rows":0,"text":"\n      SELECT company_id, driver_id \n      FROM driver_sinbins \n      WHERE is_active = TRUE \n      AND (updated_at + (sinbin_time || ' minutes')::INTERVAL) <= CURRENT_TIMESTAMP;\n    ","timestamp":"2026-09-25T17:53:45.001Z"}
{"duration":1,"level":"info","message":"db-query","rows":0,"text":"\n      SELECT company_id, driver_id \n      FROM driver_sinbins \n      WHERE is_active = TRUE \n      AND (updated_at + (sinbin_time || ' minutes')::INTERVAL) <= CURRENT_TIMESTAMP;\n    ","timestamp":"2026-09-25T17:53:50.005Z"}
{"duration":1,"level":"info","message":"db-query","rows":0,"text":"\n      SELECT company_id, driver_id \n      FROM driver_sinbins \n      WHERE is_active = TRUE \n      AND (updated_at + (sinbin_time || ' minutes')::INTERVAL) <= CURRENT_TIMESTAMP;\n    ","timestamp":"2026-09-25T17:53:55.007Z"}
{"duration":1,"level":"info","message":"db-query","rows":0,"text":"\n      SELECT company_id, driver_id \n      FROM driver_sinbins \n      WHERE is_active = TRUE \n      AND (updated_at + (sinbin_time || ' minutes')::INTERVAL) <= CURRENT_TIMESTAMP;\n    ","timestamp":"2026-09-25T17:54:00.004Z"}
{"duration":1,"level":"info","message":"db-query","rows":0,"text":"\n      SELECT company_id, driver_id \n      FROM driver_sinbins \n      WHERE is_active = TRUE \n      AND (updated_at + (sinbin_time || ' minutes')::INTERVAL) <= CURRENT_TIMESTAMP;\n    ","timestamp":"2026-09-25T17:54:05.004Z"}
{"duration":1,"level":"info","message":"db-query","rows":0,"text":"\n      SELECT company_id, driver_id \n      FROM driver_sinbins \n      WHERE is_active = TRUE \n      AND (updated_at + (sinbin_time || ' minutes')::INTERVAL) <= CURRENT_TIMESTAMP;\n    ","timestamp":"2026-09-25T17:54:10.008Z"}
{"duration":2,"level":"info","message":"db-query","rows":0,"text":"\n      SELECT company_id, driver_id \n      FROM driver_sinbins \n      WHERE is_active = TRUE \n      AND (updated_at + (sinbin_time || ' minutes')::INTERVAL) <= CURRENT_TIMESTAMP;\n    ","timestamp":"2026-09-25T17:54:15.015Z"}
{"duration":1,"level":"info","message":"db-query","rows":0,"text":"\n      SELECT company_id, driver_id \n      FROM driver_sinbins \n      WHERE is_active = TRUE \n      AND (updated_at + (sinbin_time || ' minutes')::INTERVAL) <= CURRENT_TIMESTAMP;\n    ","timestamp":"2026-09-25T17:54:20.011Z"}
{"duration":2,"level":"info","message":"db-query","rows":0,"text":"\n      SELECT company_id, driver_id \n      FROM driver_sinbins \n      WHERE is_active = TRUE \n      AND (updated_at + (sinbin_time || ' minutes')::INTERVAL) <= CURRENT_TIMESTAMP;\n    ","timestamp":"2026-09-25T17:54:25.018Z"}
{"duration":1,"level":"info","message":"db-query","rows":0,"text":"\n      SELECT company_id, driver_id \n      FROM driver_sinbins \n      WHERE is_active = TRUE \n      AND (updated_at + (sinbin_time || ' minutes')::INTERVAL) <= CURRENT_TIMESTAMP;\n    ","timestamp":"2026-09-25T17:54:30.011Z"}
{"duration":1,"level":"info","message":"db-query","rows":0,"text":"\n      SELECT company_id, driver_id \n      FROM driver_sinbins \n      WHERE is_active = TRUE \n      AND (updated_at + (sinbin_time || ' minutes')::INTERVAL) <= CURRENT_TIMESTAMP;\n    ","timestamp":"2026-09-25T17:54:35.004Z"}
{"duration":1,"level":"info","message":"db-query","rows":0,"text":"\n      SELECT company_id, driver_id \n      FROM driver_sinbins \n      WHERE is_active = TRUE \n      AND (updated_at + (sinbin_time || ' minutes')::INTERVAL) <= CURRENT_TIMESTAMP;\n    ","timestamp":"2026-09-25T17:54:40.010Z"}
{"duration":1,"level":"info","message":"db-query","rows":0,"text":"\n      SELECT company_id, driver_id \n      FROM driver_sinbins \n      WHERE is_active = TRUE \n      AND (updated_at + (sinbin_time || ' minutes')::INTERVAL) <= CURRENT_TIMESTAMP;\n    ","timestamp":"2026-09-25T17:54:45.021Z"}
{"duration":1,"level":"info","message":"db-query","rows":0,"text":"\n      SELECT company_id, driver_id \n      FROM driver_sinbins \n      WHERE is_active = TRUE \n      AND (updated_at + (sinbin_time || ' minutes')::INTERVAL) <= CURRENT_TIMESTAMP;\n    ","timestamp":"2026-09-25T17:54:50.011Z"}
{"duration":3,"level":"info","message":"db-query","rows":0,"text":"\n      SELECT company_id, driver_id \n      FROM driver_sinbins \n      WHERE is_active = TRUE \n      AND (updated_at + (sinbin_time || ' minutes')::INTERVAL) <= CURRENT_TIMESTAMP;\n    ","timestamp":"2026-09-25T17:54:55.013Z"}
{"duration":1,"level":"info","message":"db-query","rows":0,"text":"\n      SELECT company_id, driver_id \n      FROM driver_sinbins \n      WHERE is_active = TRUE \n      AND (updated_at + (sinbin_time || ' minutes')::INTERVAL) <= CURRENT_TIMESTAMP;\n    ","timestamp":"2026-09-25T17:55:00.022Z"}
{"duration":1,"level":"info","message":"db-query","rows":0,"text":"\n      SELECT company_id, driver_id \n      FROM driver_sinbins \n      WHERE is_active = TRUE \n      AND (updated_at + (sinbin_time || ' minutes')::INTERVAL) <= CURRENT_TIMESTAMP;\n    ","timestamp":"2026-09-25T17:55:05.009Z"}
{"duration":1,"level":"info","message":"db-query","rows":0,"text":"\n      SELECT company_id, driver_id \n      FROM driver_sinbins \n      WHERE is_active = TRUE \n      AND (updated_at + (sinbin_time || ' minutes')::INTERVAL) <= CURRENT_TIMESTAMP;\n    ","timestamp":"2026-09-25T17:55:10.013Z"}
{"duration":1,"level":"info","message":"db-query","rows":0,"text":"\n      SELECT company_id, driver_id \n      FROM driver_sinbins \n      WHERE is_active = TRUE \n      AND (updated_at + (sinbin_time || ' minutes')::INTERVAL) <= CURRENT_TIMESTAMP;\n    ","timestamp":"2026-09-25T17:55:15.009Z"}
{"duration":2,"level":"info","message":"db-query","rows":0,"text":"\n      SELECT company_id, driver_id \n      FROM driver_sinbins \n      WHERE is_active = TRUE \n      AND (updated_at + (sinbin_time || ' minutes')::INTERVAL) <= CURRENT_TIMESTAMP;\n    ","timestamp":"2026-09-25T17:55:20.018Z"}
{"duration":2,"level":"info","message":"db-query","rows":0,"text":"\n      SELECT company_id, driver_id \n      FROM driver_sinbins \n      WHERE is_active = TRUE \n      AND (updated_at + (sinbin_time || ' minutes')::INTERVAL) <= CURRENT_TIMESTAMP;\n    ","timestamp":"2026-09-25T17:55:25.006Z"}
{"duration":1,"level":"info","message":"db-query","rows":0,"text":"\n      SELECT company_id, driver_id \n      FROM driver_sinbins \n      WHERE is_active = TRUE \n      AND (updated_at + (sinbin_time || ' minutes')::INTERVAL) <= CURRENT_TIMESTAMP;\n    ","timestamp":"2026-09-25T17:55:30.011Z"}
{"duration":0,"level":"info","message":"db-query","rows":0,"text":"\n      SELECT company_id, driver_id \n      FROM driver_sinbins \n      WHERE is_active = TRUE \n      AND (updated_at + (sinbin_time || ' minutes')::INTERVAL) <= CURRENT_TIMESTAMP;\n    ","timestamp":"2026-09-25T17:55:35.003Z"}
{"duration":1,"level":"info","message":"db-query","rows":0,"text":"\n      SELECT company_id, driver_id \n      FROM driver_sinbins \n      WHERE is_active = TRUE \n      AND (updated_at + (sinbin_time || ' minutes')::INTERVAL) <= CURRENT_TIMESTAMP;\n    ","timestamp":"2026-09-25T17:55:40.005Z"}
{"duration":0,"level":"info","message":"db-query","rows":0,"text":"\n      SELECT company_id, driver_id \n      FROM driver_sinbins \n      WHERE is_active = TRUE \n      AND (updated_at + (sinbin_time || ' minutes')::INTERVAL) <= CURRENT_TIMESTAMP;\n    ","timestamp":"2026-09-25T17:55:45.007Z"}
{"duration":1,"level":"info","message":"db-query","rows":0,"text":"\n      SELECT company_id, driver_id \n      FROM driver_sinbins \n      WHERE is_active = TRUE \n      AND (updated_at + (sinbin_time || ' minutes')::INTERVAL) <= CURRENT_TIMESTAMP;\n    ","timestamp":"2026-09-25T17:55:50.012Z"}
{"duration":1,"level":"info","message":"db-query","rows":0,"text":"\n      SELECT company_id, driver_id \n      FROM driver_sinbins \n      WHERE is_active = TRUE \n      AND (updated_at + (sinbin_time || ' minutes')::INTERVAL) <= CURRENT_TIMESTAMP;\n    ","timestamp":"2026-09-25T17:55:55.016Z"}
{"duration":1,"level":"info","message":"db-query","rows":0,"text":"\n      SELECT company_id, driver_id \n      FROM driver_sinbins \n      WHERE is_active = TRUE \n      AND (updated_at + (sinbin_time || ' minutes')::INTERVAL) <= CURRENT_TIMESTAMP;\n    ","timestamp":"2026-09-25T17:56:00.008Z"}
{"duration":1,"level":"info","message":"db-query","rows":0,"text":"\n      SELECT company_id, driver_id \n      FROM driver_sinbins \n      WHERE is_active = TRUE \n      AND (updated_at + (sinbin_time || ' minutes')::INTERVAL) <= CURRENT_TIMESTAMP;\n    ","timestamp":"2026-09-25T17:56:05.004Z"}
{"duration":1,"level":"info","message":"db-query","rows":0,"text":"\n      SELECT company_id, driver_id \n      FROM driver_sinbins \n      WHERE is_active = TRUE \n      AND (updated_at + (sinbin_time || ' minutes')::INTERVAL) <= CURRENT_TIMESTAMP;\n    ","timestamp":"2026-09-25T17:56:10.011Z"}
{"duration":1,"level":"info","message":"db-query","rows":0,"text":"\n      SELECT company_id, driver_id \n      FROM driver_sinbins \n      WHERE is_active = TRUE \n      AND (updated_at + (sinbin_time || ' minutes')::INTERVAL) <= CURRENT_TIMESTAMP;\n    ","timestamp":"2026-09-25T17:56:15.002Z"}
{"duration":1,"level":"info","message":"db-query","rows":0,"text":"\n      SELECT company_id, driver_id \n      FROM driver_sinbins \n      WHERE is_active = TRUE \n      AND (updated_at + (sinbin_time || ' minutes')::INTERVAL) <= CURRENT_TIMESTAMP;\n    ","timestamp":"2026-09-25T17:56:20.013Z"}
{"duration":1,"level":"info","message":"db-query","rows":0,"text":"\n      SELECT company_id, driver_id \n      FROM driver_sinbins \n      WHERE is_active = TRUE \n      AND (updated_at + (sinbin_time || ' minutes')::INTERVAL) <= CURRENT_TIMESTAMP;\n    ","timestamp":"2026-09-25T17:56:25.007Z"}
{"duration":1,"level":"info","message":"db-query","rows":0,"text":"\n      SELECT company_id, driver_id \n      FROM driver_sinbins \n      WHERE is_active = TRUE \n      AND (updated_at + (sinbin_time || ' minutes')::INTERVAL) <= CURRENT_TIMESTAMP;\n    ","timestamp":"2026-09-25T17:56:30.007Z"}
{"duration":0,"level":"info","message":"db-query","rows":0,"text":"\n      SELECT company_id, driver_id \n      FROM driver_sinbins \n      WHERE is_active = TRUE \n      AND (updated_at + (sinbin_time || ' minutes')::INTERVAL) <= CURRENT_TIMESTAMP;\n    ","timestamp":"2026-09-25T17:56:35.005Z"}
{"duration":1,"level":"info","message":"db-query","rows":0,"text":"\n      SELECT company_id, driver_id \n      FROM driver_sinbins \n      WHERE is_active = TRUE \n      AND (updated_at + (sinbin_time || ' minutes')::INTERVAL) <= CURRENT_TIMESTAMP;\n    ","timestamp":"2026-09-25T17:56:40.014Z"}
{"duration":1,"level":"info","message":"db-query","rows":0,"text":"\n      SELECT company_id, driver_id \n      FROM driver_sinbins \n      WHERE is_active = TRUE \n      AND (updated_at + (sinbin_time || ' minutes')::INTERVAL) <= CURRENT_TIMESTAMP;\n    ","timestamp":"2026-09-25T17:56:45.010Z"}
{"duration":1,"level":"info","message":"db-query","rows":0,"text":"\n      SELECT company_id, driver_id \n      FROM driver_sinbins \n      WHERE is_active = TRUE \n      AND (updated_at + (sinbin_time || ' minutes')::INTERVAL) <= CURRENT_TIMESTAMP;\n    ","timestamp":"2026-09-25T17:56:50.005Z"}
{"duration":0,"level":"info","message":"db-query","rows":0,"text":"\n      SELECT company_id, driver_id \n      FROM driver_sinbins \n      WHERE is_active = TRUE \n      AND (updated_at + (sinbin_time || ' minutes')::INTERVAL) <= CURRENT_TIMESTAMP;\n    ","timestamp":"2026-09-25T17:56:55.013Z"}
{"duration":1,"level":"info","message":"db-query","rows":0,"text":"\n      SELECT company_id, driver_id \n      FROM driver_sinbins \n      WHERE is_active = TRUE \n      AND (updated_at + (sinbin_time || ' minutes')::INTERVAL) <= CURRENT_TIMESTAMP;\n    ","timestamp":"2026-09-25T17:57:00.012Z"}
{"duration":1,"level":"info","message":"db-query","rows":0,"text":"\n      SELECT company_id, driver_id \n      FROM driver_sinbins \n      WHERE is_active = TRUE \n      AND (updated_at + (sinbin_time || ' minutes')::INTERVAL) <= CURRENT_TIMESTAMP;\n    ","timestamp":"2026-09-25T17:57:05.018Z"}
{"duration":2,"level":"info","message":"db-query","rows":0,"text":"\n      SELECT company_id, driver_id \n      FROM driver_sinbins \n      WHERE is_active = TRUE \n      AND (updated_at + (sinbin_time || ' minutes')::INTERVAL) <= CURRENT_TIMESTAMP;\n    ","timestamp":"2026-09-25T17:57:10.029Z"}
{"duration":1,"level":"info","message":"db-query","rows":0,"text":"\n      SELECT company_id, driver_id \n      FROM driver_sinbins \n      WHERE is_active = TRUE \n      AND (updated_at + (sinbin_time || ' minutes')::INTERVAL) <= CURRENT_TIMESTAMP;\n    ","timestamp":"2026-09-25T17:57:15.006Z"}
{"duration":0,"level":"info","message":"db-query","rows":0,"text":"\n      SELECT company_id, driver_id \n      FROM driver_sinbins \n      WHERE is_active = TRUE \n      AND (updated_at + (sinbin_time || ' minutes')::INTERVAL) <= CURRENT_TIMESTAMP;\n    ","timestamp":"2026-09-25T17:57:20.007Z"}
{"duration":3,"level":"info","message":"db-query","rows":0,"text":"\n      SELECT company_id, driver_id \n      FROM driver_sinbins \n      WHERE is_active = TRUE \n      AND (updated_at + (sinbin_time || ' minutes')::INTERVAL) <= CURRENT_TIMESTAMP;\n    ","timestamp":"2026-09-25T17:57:25.020Z"}
{"duration":1,"level":"info","message":"db-query","rows":0,"text":"\n      SELECT company_id, driver_id \n      FROM driver_sinbins \n      WHERE is_active = TRUE \n      AND (updated_at + (sinbin_time || ' minutes')::INTERVAL) <= CURRENT_TIMESTAMP;\n    ","timestamp":"2026-09-25T17:57:30.005Z"}
{"duration":1,"level":"info","message":"db-query","rows":0,"text":"\n      SELECT company_id, driver_id \n      FROM driver_sinbins \n      WHERE is_active = TRUE \n      AND (updated_at + (sinbin_time || ' minutes')::INTERVAL) <= CURRENT_TIMESTAMP;\n    ","timestamp":"2026-09-25T17:57:35.007Z"}
{"duration":0,"level":"info","message":"db-query","rows":0,"text":"\n      SELECT company_id, driver_id \n      FROM driver_sinbins \n      WHERE is_active = TRUE \n      AND (updated_at + (sinbin_time || ' minutes')::INTERVAL) <= CURRENT_TIMESTAMP;\n    ","timestamp":"2026-09-25T17:57:40.005Z"}
{"duration":0,"level":"info","message":"db-query","rows":0,"text":"\n      SELECT company_id, driver_id \n      FROM driver_sinbins \n      WHERE is_active = TRUE \n      AND (updated_at + (sinbin_time || ' minutes')::INTERVAL) <= CURRENT_TIMESTAMP;\n    ","timestamp":"2026-09-25T17:57:45.012Z"}
{"duration":1,"level":"info","message":"db-query","rows":0,"text":"\n      SELECT company_id, driver_id \n      FROM driver_sinbins \n      WHERE is_active = TRUE \n      AND (updated_at + (sinbin_time || ' minutes')::INTERVAL) <= CURRENT_TIMESTAMP;\n    ","timestamp":"2026-09-25T17:57:50.009Z"}
{"duration":1,"level":"info","message":"db-query","rows":0,"text":"\n      SELECT company_id, driver_id \n      FROM driver_sinbins \n      WHERE is_active = TRUE \n      AND (updated_at + (sinbin_time || ' minutes')::INTERVAL) <= CURRENT_TIMESTAMP;\n    ","timestamp":"2026-09-25T17:57:55.020Z"}
{"duration":1,"level":"info","message":"db-query","rows":0,"text":"\n      SELECT company_id, driver_id \n      FROM driver_sinbins \n      WHERE is_active = TRUE \n      AND (updated_at + (sinbin_time || ' minutes')::INTERVAL) <= CURRENT_TIMESTAMP;\n    ","timestamp":"2026-09-25T17:58:00.030Z"}
{"duration":0,"level":"info","message":"db-query","rows":0,"text":"\n      SELECT company_id, driver_id \n      FROM driver_sinbins \n      WHERE is_active = TRUE \n      AND (updated_at + (sinbin_time || ' minutes')::INTERVAL) <= CURRENT_TIMESTAMP;\n    ","timestamp":"2026-09-25T17:58:05.009Z"}
{"duration":0,"level":"info","message":"db-query","rows":0,"text":"\n      SELECT company_id, driver_id \n      FROM driver_sinbins \n      WHERE is_active = TRUE \n      AND (updated_at + (sinbin_time || ' minutes')::INTERVAL) <= CURRENT_TIMESTAMP;\n    ","timestamp":"2026-09-25T17:58:10.004Z"}
{"duration":1,"level":"info","message":"db-query","rows":0,"text":"\n      SELECT company_id, driver_id \n      FROM driver_sinbins \n      WHERE is_active = TRUE \n      AND (updated_at + (sinbin_time || ' minutes')::INTERVAL) <= CURRENT_TIMESTAMP;\n    ","timestamp":"2026-09-25T17:58:15.003Z"}
{"duration":1,"level":"info","message":"db-query","rows":0,"text":"\n      SELECT company_id, driver_id \n      FROM driver_sinbins \n      WHERE is_active = TRUE \n      AND (updated_at + (sinbin_time || ' minutes')::INTERVAL) <= CURRENT_TIMESTAMP;\n    ","timestamp":"2026-09-25T17:58:20.013Z"}
{"duration":1,"level":"info","message":"db-query","rows":0,"text":"\n      SELECT company_id, driver_id \n      FROM driver_sinbins \n      WHERE is_active = TRUE \n      AND (updated_at + (sinbin_time || ' minutes')::INTERVAL) <= CURRENT_TIMESTAMP;\n    ","timestamp":"2026-09-25T17:58:25.014Z"}
{"duration":1,"level":"info","message":"db-query","rows":0,"text":"\n      SELECT company_id, driver_id \n      FROM driver_sinbins \n      WHERE is_active = TRUE \n      AND (updated_at + (sinbin_time || ' minutes')::INTERVAL) <= CURRENT_TIMESTAMP;\n    ","timestamp":"2026-09-25T17:58:30.008Z"}
{"duration":1,"level":"info","message":"db-query","rows":0,"text":"\n      SELECT company_id, driver_id \n      FROM driver_sinbins \n      WHERE is_active = TRUE \n      AND (updated_at + (sinbin_time || ' minutes')::INTERVAL) <= CURRENT_TIMESTAMP;\n    ","timestamp":"2026-09-25T17:58:35.016Z"}
{"duration":0,"level":"info","message":"db-query","rows":0,"text":"\n      SELECT company_id, driver_id \n      FROM driver_sinbins \n      WHERE is_active = TRUE \n      AND (updated_at + (sinbin_time || ' minutes')::INTERVAL) <= CURRENT_TIMESTAMP;\n    ","timestamp":"2026-09-25T17:58:40.007Z"}
{"duration":0,"level":"info","message":"db-query","rows":0,"text":"\n      SELECT company_id, driver_id \n      FROM driver_sinbins \n      WHERE is_active = TRUE \n      AND (updated_at + (sinbin_time || ' minutes')::INTERVAL) <= CURRENT_TIMESTAMP;\n    ","timestamp":"2026-09-25T17:58:45.011Z"}
{"duration":0,"level":"info","message":"db-query","rows":0,"text":"\n      SELECT company_id, driver_id \n      FROM driver_sinbins \n      WHERE is_active = TRUE \n      AND (updated_at + (sinbin_time || ' minutes')::INTERVAL) <= CURRENT_TIMESTAMP;\n    ","timestamp":"2026-09-25T17:58:50.012Z"}
{"duration":0,"level":"info","message":"db-query","rows":0,"text":"\n      SELECT company_id, driver_id \n      FROM driver_sinbins \n      WHERE is_active = TRUE \n      AND (updated_at + (sinbin_time || ' minutes')::INTERVAL) <= CURRENT_TIMESTAMP;\n    ","timestamp":"2026-09-25T17:58:55.003Z"}
{"duration":1,"level":"info","message":"db-query","rows":0,"text":"\n      SELECT company_id, driver_id \n      FROM driver_sinbins \n      WHERE is_active = TRUE \n      AND (updated_at + (sinbin_time || ' minutes')::INTERVAL) <= CURRENT_TIMESTAMP;\n    ","timestamp":"2026-09-25T17:59:00.005Z"}
{"duration":0,"level":"info","message":"db-query","rows":0,"text":"\n      SELECT company_id, driver_id \n      FROM driver_sinbins \n      WHERE is_active = TRUE \n      AND (updated_at + (sinbin_time || ' minutes')::INTERVAL) <= CURRENT_TIMESTAMP;\n    ","timestamp":"2026-09-25T17:59:05.004Z"}
{"duration":0,"level":"info","message":"db-query","rows":0,"text":"\n      SELECT company_id, driver_id \n      FROM driver_sinbins \n      WHERE is_active = TRUE \n      AND (updated_at + (sinbin_time || ' minutes')::INTERVAL) <= CURRENT_TIMESTAMP;\n    ","timestamp":"2026-09-25T17:59:10.012Z"}
{"duration":2,"level":"info","message":"db-query","rows":0,"text":"\n      SELECT company_id, driver_id \n      FROM driver_sinbins \n      WHERE is_active = TRUE \n      AND (updated_at + (sinbin_time || ' minutes')::INTERVAL) <= CURRENT_TIMESTAMP;\n    ","timestamp":"2026-09-25T17:59:15.011Z"}
{"duration":1,"level":"info","message":"db-query","rows":0,"text":"\n      SELECT company_id, driver_id \n      FROM driver_sinbins \n      WHERE is_active = TRUE \n      AND (updated_at + (sinbin_time || ' minutes')::INTERVAL) <= CURRENT_TIMESTAMP;\n    ","timestamp":"2026-09-25T17:59:20.009Z"}
{"duration":2,"level":"info","message":"db-query","rows":0,"text":"\n      SELECT company_id, driver_id \n      FROM driver_sinbins \n      WHERE is_active = TRUE \n      AND (updated_at + (sinbin_time || ' minutes')::INTERVAL) <= CURRENT_TIMESTAMP;\n    ","timestamp":"2026-09-25T17:59:25.010Z"}
{"duration":1,"level":"info","message":"db-query","rows":0,"text":"\n      SELECT company_id, driver_id \n      FROM driver_sinbins \n      WHERE is_active = TRUE \n      AND (updated_at + (sinbin_time || ' minutes')::INTERVAL) <= CURRENT_TIMESTAMP;\n    ","timestamp":"2026-09-25T17:59:30.002Z"}
{"duration":1,"level":"info","message":"db-query","rows":0,"text":"\n      SELECT company_id, driver_id \n      FROM driver_sinbins \n      WHERE is_active = TRUE \n      AND (updated_at + (sinbin_time || ' minutes')::INTERVAL) <= CURRENT_TIMESTAMP;\n    ","timestamp":"2026-09-25T17:59:35.001Z"}
{"duration":2,"level":"info","message":"db-query","rows":0,"text":"\n      SELECT company_id, driver_id \n      FROM driver_sinbins \n      WHERE is_active = TRUE \n      AND (updated_at + (sinbin_time || ' minutes')::INTERVAL) <= CURRENT_TIMESTAMP;\n    ","timestamp":"2026-09-25T17:59:40.012Z"}
{"duration":2,"level":"info","message":"db-query","rows":0,"text":"\n      SELECT company_id, driver_id \n      FROM driver_sinbins \n      WHERE is_active = TRUE \n      AND (updated_at + (sinbin_time || ' minutes')::INTERVAL) <= CURRENT_TIMESTAMP;\n    ","timestamp":"2026-09-25T17:59:45.008Z"}
{"duration":2,"level":"info","message":"db-query","rows":0,"text":"\n      SELECT company_id, driver_id \n      FROM driver_sinbins \n      WHERE is_active = TRUE \n      AND (updated_at + (sinbin_time || ' minutes')::INTERVAL) <= CURRENT_TIMESTAMP;\n    ","timestamp":"2026-09-25T17:59:50.019Z"}
{"duration":1,"level":"info","message":"db-query","rows":0,"text":"\n      SELECT company_id, driver_id \n      FROM driver_sinbins \n      WHERE is_active = TRUE \n      AND (updated_at + (sinbin_time || ' minutes')::INTERVAL) <= CURRENT_TIMESTAMP;\n    ","timestamp":"2026-09-25T17:59:55.004Z"}
{"duration":1,"level":"info","message":"db-query","rows":0,"text":"\n      SELECT company_id, driver_id \n      FROM driver_sinbins \n      WHERE is_active = TRUE \n      AND (updated_at + (sinbin_time || ' minutes')::INTERVAL) <= CURRENT_TIMESTAMP;\n    ","timestamp":"2026-09-25T18:00:00.074Z"}
{"duration":1,"level":"info","message":"db-query","rows":0,"text":"\n      SELECT company_id, driver_id \n      FROM driver_sinbins \n      WHERE is_active = TRUE \n      AND (updated_at + (sinbin_time || ' minutes')::INTERVAL) <= CURRENT_TIMESTAMP;\n    ","timestamp":"2026-09-25T18:00:05.002Z"}
{"duration":1,"level":"info","message":"db-query","rows":0,"text":"\n      SELECT company_id, driver_id \n      FROM driver_sinbins \n      WHERE is_active = TRUE \n      AND (updated_at + (sinbin_time || ' minutes')::INTERVAL) <= CURRENT_TIMESTAMP;\n    ","timestamp":"2026-09-25T18:00:10.004Z"}
{"duration":1,"level":"info","message":"db-query","rows":0,"text":"\n      SELECT company_id, driver_id \n      FROM driver_sinbins \n      WHERE is_active = TRUE \n      AND (updated_at + (sinbin_time || ' minutes')::INTERVAL) <= CURRENT_TIMESTAMP;\n    ","timestamp":"2026-09-25T18:00:15.011Z"}
{"duration":1,"level":"info","message":"db-query","rows":0,"text":"\n      SELECT company_id, driver_id \n      FROM driver_sinbins \n      WHERE is_active = TRUE \n      AND (updated_at + (sinbin_time || ' minutes')::INTERVAL) <= CURRENT_TIMESTAMP;\n    ","timestamp":"2026-09-25T18:00:20.011Z"}
{"duration":2,"level":"info","message":"db-query","rows":0,"text":"\n      SELECT company_id, driver_id \n      FROM driver_sinbins \n      WHERE is_active = TRUE \n      AND (updated_at + (sinbin_time || ' minutes')::INTERVAL) <= CURRENT_TIMESTAMP;\n    ","timestamp":"2026-09-25T18:00:25.012Z"}
{"duration":2,"level":"info","message":"db-query","rows":0,"text":"\n      SELECT company_id, driver_id \n      FROM driver_sinbins \n      WHERE is_active = TRUE \n      AND (updated_at + (sinbin_time || ' minutes')::INTERVAL) <= CURRENT_TIMESTAMP;\n    ","timestamp":"2026-09-25T18:00:30.017Z"}
{"duration":0,"level":"info","message":"db-query","rows":0,"text":"\n      SELECT company_id, driver_id \n      FROM driver_sinbins \n      WHERE is_active = TRUE \n      AND (updated_at + (sinbin_time || ' minutes')::INTERVAL) <= CURRENT_TIMESTAMP;\n    ","timestamp":"2026-09-25T18:00:35.015Z"}
{"duration":1,"level":"info","message":"db-query","rows":0,"text":"\n      SELECT company_id, driver_id \n      FROM driver_sinbins \n      WHERE is_active = TRUE \n      AND (updated_at + (sinbin_time || ' minutes')::INTERVAL) <= CURRENT_TIMESTAMP;\n    ","timestamp":"2026-09-25T18:00:40.011Z"}
{"duration":1,"level":"info","message":"db-query","rows":0,"text":"\n      SELECT company_id, driver_id \n      FROM driver_sinbins \n      WHERE is_active = TRUE \n      AND (updated_at + (sinbin_time || ' minutes')::INTERVAL) <= CURRENT_TIMESTAMP;\n    ","timestamp":"2026-09-25T18:00:45.006Z"}
{"duration":2,"level":"info","message":"db-query","rows":0,"text":"\n      SELECT company_id, driver_id \n      FROM driver_sinbins \n      WHERE is_active = TRUE \n      AND (updated_at + (sinbin_time || ' minutes')::INTERVAL) <= CURRENT_TIMESTAMP;\n    ","timestamp":"2026-09-25T18:00:50.009Z"}
{"duration":1,"level":"info","message":"db-query","rows":0,"text":"\n      SELECT company_id, driver_id \n      FROM driver_sinbins \n      WHERE is_active = TRUE \n      AND (updated_at + (sinbin_time || ' minutes')::INTERVAL) <= CURRENT_TIMESTAMP;\n    ","timestamp":"2026-09-25T18:00:55.005Z"}
{"duration":1,"level":"info","message":"db-query","rows":0,"text":"\n      SELECT company_id, driver_id \n      FROM driver_sinbins \n      WHERE is_active = TRUE \n      AND (updated_at + (sinbin_time || ' minutes')::INTERVAL) <= CURRENT_TIMESTAMP;\n    ","timestamp":"2026-09-25T18:01:00.025Z"}
{"duration":1,"level":"info","message":"db-query","rows":0,"text":"\n      SELECT company_id, driver_id \n      FROM driver_sinbins \n      WHERE is_active = TRUE \n      AND (updated_at + (sinbin_time || ' minutes')::INTERVAL) <= CURRENT_TIMESTAMP;\n    ","timestamp":"2026-09-25T18:01:05.009Z"}
{"duration":2,"level":"info","message":"db-query","rows":0,"text":"\n      SELECT company_id, driver_id \n      FROM driver_sinbins \n      WHERE is_active = TRUE \n      AND (updated_at + (sinbin_time || ' minutes')::INTERVAL) <= CURRENT_TIMESTAMP;\n    ","timestamp":"2026-09-25T18:01:10.020Z"}
{"duration":1,"level":"info","message":"db-query","rows":0,"text":"\n      SELECT company_id, driver_id \n      FROM driver_sinbins \n      WHERE is_active = TRUE \n      AND (updated_at + (sinbin_time || ' minutes')::INTERVAL) <= CURRENT_TIMESTAMP;\n    ","timestamp":"2026-09-25T18:01:15.010Z"}
{"duration":1,"level":"info","message":"db-query","rows":0,"text":"\n      SELECT company_id, driver_id \n      FROM driver_sinbins \n      WHERE is_active = TRUE \n      AND (updated_at + (sinbin_time || ' minutes')::INTERVAL) <= CURRENT_TIMESTAMP;\n    ","timestamp":"2026-09-25T18:01:20.011Z"}
{"duration":1,"level":"info","message":"db-query","rows":0,"text":"\n      SELECT company_id, driver_id \n      FROM driver_sinbins \n      WHERE is_active = TRUE \n      AND (updated_at + (sinbin_time || ' minutes')::INTERVAL) <= CURRENT_TIMESTAMP;\n    ","timestamp":"2026-09-25T18:01:25.009Z"}
{"duration":1,"level":"info","message":"db-query","rows":0,"text":"\n      SELECT company_id, driver_id \n      FROM driver_sinbins \n      WHERE is_active = TRUE \n      AND (updated_at + (sinbin_time || ' minutes')::INTERVAL) <= CURRENT_TIMESTAMP;\n    ","timestamp":"2026-09-25T18:01:30.004Z"}
{"duration":1,"level":"info","message":"db-query","rows":0,"text":"\n      SELECT company_id, driver_id \n      FROM driver_sinbins \n      WHERE is_active = TRUE \n      AND (updated_at + (sinbin_time || ' minutes')::INTERVAL) <= CURRENT_TIMESTAMP;\n    ","timestamp":"2026-09-25T18:01:35.009Z"}
{"duration":1,"level":"info","message":"db-query","rows":0,"text":"\n      SELECT company_id, driver_id \n      FROM driver_sinbins \n      WHERE is_active = TRUE \n      AND (updated_at + (sinbin_time || ' minutes')::INTERVAL) <= CURRENT_TIMESTAMP;\n    ","timestamp":"2026-09-25T18:01:40.004Z"}
{"duration":1,"level":"info","message":"db-query","rows":0,"text":"\n      SELECT company_id, driver_id \n      FROM driver_sinbins \n      WHERE is_active = TRUE \n      AND (updated_at + (sinbin_time || ' minutes')::INTERVAL) <= CURRENT_TIMESTAMP;\n    ","timestamp":"2026-09-25T18:01:45.013Z"}
{"duration":2,"level":"info","message":"db-query","rows":0,"text":"\n      SELECT company_id, driver_id \n      FROM driver_sinbins \n      WHERE is_active = TRUE \n      AND (updated_at + (sinbin_time || ' minutes')::INTERVAL) <= CURRENT_TIMESTAMP;\n    ","timestamp":"2026-09-25T18:01:50.018Z"}
{"duration":1,"level":"info","message":"db-query","rows":0,"text":"\n      SELECT company_id, driver_id \n      FROM driver_sinbins \n      WHERE is_active = TRUE \n      AND (updated_at + (sinbin_time || ' minutes')::INTERVAL) <= CURRENT_TIMESTAMP;\n    ","timestamp":"2026-09-25T18:01:55.012Z"}
{"duration":1,"level":"info","message":"db-query","rows":0,"text":"\n      SELECT company_id, driver_id \n      FROM driver_sinbins \n      WHERE is_active = TRUE \n      AND (updated_at + (sinbin_time || ' minutes')::INTERVAL) <= CURRENT_TIMESTAMP;\n    ","timestamp":"2026-09-25T18:02:00.004Z"}
{"duration":6,"level":"info","message":"db-query","rows":26,"text":"SELECT * FROM location_types","timestamp":"2026-09-25T18:02:04.263Z"}
{"level":"info","message":"GET /api/location-types 200 14.535 ms","timestamp":"2026-09-25T18:02:04.272Z"}
{"duration":66,"level":"info","message":"db-query","rows":26,"text":"SELECT * FROM location_types","timestamp":"2026-09-25T18:02:04.324Z"}
{"level":"info","message":"GET /api/location-types 200 66.630 ms","timestamp":"2026-09-25T18:02:04.325Z"}
{"duration":7,"level":"info","message":"db-query","rows":0,"text":"\n      SELECT company_id, driver_id \n      FROM driver_sinbins \n      WHERE is_active = TRUE \n      AND (updated_at + (sinbin_time || ' minutes')::INTERVAL) <= CURRENT_TIMESTAMP;\n    ","timestamp":"2026-09-25T18:02:05.024Z"}
{"duration":2,"level":"info","message":"db-query","rows":0,"text":"\n      SELECT company_id, driver_id \n      FROM driver_sinbins \n      WHERE is_active = TRUE \n      AND (updated_at + (sinbin_time || ' minutes')::INTERVAL) <= CURRENT_TIMESTAMP;\n    ","timestamp":"2026-09-25T18:02:10.010Z"}
{"duration":0,"level":"info","message":"db-query","rows":0,"text":"\n      SELECT company_id, driver_id \n      FROM driver_sinbins \n      WHERE is_active = TRUE \n      AND (updated_at + (sinbin_time || ' minutes')::INTERVAL) <= CURRENT_TIMESTAMP;\n    ","timestamp":"2026-09-25T18:02:15.017Z"}
{"duration":2,"level":"info","message":"db-query","rows":0,"text":"\n      SELECT company_id, driver_id \n      FROM driver_sinbins \n      WHERE is_active = TRUE \n      AND (updated_at + (sinbin_time || ' minutes')::INTERVAL) <= CURRENT_TIMESTAMP;\n    ","timestamp":"2026-09-25T18:02:20.008Z"}
{"duration":1,"level":"info","message":"db-query","rows":0,"text":"\n      SELECT company_id, driver_id \n      FROM driver_sinbins \n      WHERE is_active = TRUE \n      AND (updated_at + (sinbin_time || ' minutes')::INTERVAL) <= CURRENT_TIMESTAMP;\n    ","timestamp":"2026-09-25T18:02:25.009Z"}
{"duration":1,"level":"info","message":"db-query","rows":0,"text":"\n      SELECT company_id, driver_id \n      FROM driver_sinbins \n      WHERE is_active = TRUE \n      AND (updated_at + (sinbin_time || ' minutes')::INTERVAL) <= CURRENT_TIMESTAMP;\n    ","timestamp":"2026-09-25T18:02:30.006Z"}
{"duration":2,"level":"info","message":"db-query","rows":0,"text":"\n      SELECT company_id, driver_id \n      FROM driver_sinbins \n      WHERE is_active = TRUE \n      AND (updated_at + (sinbin_time || ' minutes')::INTERVAL) <= CURRENT_TIMESTAMP;\n    ","timestamp":"2026-09-25T18:02:35.015Z"}
{"duration":1,"level":"info","message":"db-query","rows":0,"text":"\n      SELECT company_id, driver_id \n      FROM driver_sinbins \n      WHERE is_active = TRUE \n      AND (updated_at + (sinbin_time || ' minutes')::INTERVAL) <= CURRENT_TIMESTAMP;\n    ","timestamp":"2026-09-25T18:02:40.010Z"}
{"duration":1,"level":"info","message":"db-query","rows":0,"text":"\n      SELECT company_id, driver_id \n      FROM driver_sinbins \n      WHERE is_active = TRUE \n      AND (updated_at + (sinbin_time || ' minutes')::INTERVAL) <= CURRENT_TIMESTAMP;\n    ","timestamp":"2026-09-25T18:02:45.017Z"}
{"duration":1,"level":"info","message":"db-query","rows":0,"text":"\n      SELECT company_id, driver_id \n      FROM driver_sinbins \n      WHERE is_active = TRUE \n      AND (updated_at + (sinbin_time || ' minutes')::INTERVAL) <= CURRENT_TIMESTAMP;\n    ","timestamp":"2026-09-25T18:02:50.002Z"}
{"duration":1,"level":"info","message":"db-query","rows":0,"text":"\n      SELECT company_id, driver_id \n      FROM driver_sinbins \n      WHERE is_active = TRUE \n      AND (updated_at + (sinbin_time || ' minutes')::INTERVAL) <= CURRENT_TIMESTAMP;\n    ","timestamp":"2026-09-25T18:02:55.009Z"}
{"duration":1,"level":"info","message":"db-query","rows":0,"text":"\n      SELECT company_id, driver_id \n      FROM driver_sinbins \n      WHERE is_active = TRUE \n      AND (updated_at + (sinbin_time || ' minutes')::INTERVAL) <= CURRENT_TIMESTAMP;\n    ","timestamp":"2026-09-25T18:03:00.017Z"}
{"duration":1,"level":"info","message":"db-query","rows":0,"text":"\n      SELECT company_id, driver_id \n      FROM driver_sinbins \n      WHERE is_active = TRUE \n      AND (updated_at + (sinbin_time || ' minutes')::INTERVAL) <= CURRENT_TIMESTAMP;\n    ","timestamp":"2026-09-25T18:03:05.006Z"}
{"duration":1,"level":"info","message":"db-query","rows":0,"text":"\n      SELECT company_id, driver_id \n      FROM driver_sinbins \n      WHERE is_active = TRUE \n      AND (updated_at + (sinbin_time || ' minutes')::INTERVAL) <= CURRENT_TIMESTAMP;\n    ","timestamp":"2026-09-25T18:03:10.014Z"}
{"duration":1,"level":"info","message":"db-query","rows":null,"text":"BEGIN","timestamp":"2026-09-25T18:03:11.760Z"}
{"duration":9,"level":"info","message":"db-query","rows":1,"text":"SELECT d.*, s.name AS subsidiary_name\n          FROM drivers d\n          LEFT JOIN subsidiaries s ON s.id = d.subsidiary_id\n          WHERE d.id = $1","timestamp":"2026-09-25T18:03:11.769Z"}
{"duration":3,"level":"info","message":"db-query","rows":1,"text":"SELECT id, note, created_at, created_by\n          FROM driver_notes\n          WHERE driver_id = $1\n          ORDER BY created_at DESC","timestamp":"2026-09-25T18:03:11.773Z"}
{"duration":2,"level":"info","message":"db-query","rows":1,"text":"SELECT id, name, start_time, end_time\n          FROM driver_shifts\n          WHERE driver_id = $1\n          ORDER BY id ASC","timestamp":"2026-09-25T18:03:11.776Z"}
{"duration":12,"level":"info","message":"db-query","rows":1,"text":"SELECT \n            v.*,\n            json_build_object(\n              'id', vt.id,\n              'name', vt.name,\n              'driver_waiting_charges', vt.driver_waiting_charges,\n              'account_waiting_charges', vt.account_waiting_charges,\n              'waiting_time', vt.waiting_time\n            ) AS vehicle_type\n            FROM vehicles v\n            LEFT JOIN vehicle_types vt ON vt.id = v.vehicle_type_id\n            WHERE v.id = $1\n            LIMIT 1","timestamp":"2026-09-25T18:03:11.789Z"}
{"duration":1,"level":"info","message":"db-query","rows":null,"text":"COMMIT","timestamp":"2026-09-25T18:03:11.791Z"}
{"level":"info","message":"POST /api/bookings/cli 400 35.302 ms","timestamp":"2026-09-25T18:03:11.793Z"}
{"duration":1,"level":"info","message":"db-query","rows":0,"text":"\n      SELECT company_id, driver_id \n      FROM driver_sinbins \n      WHERE is_active = TRUE \n      AND (updated_at + (sinbin_time || ' minutes')::INTERVAL) <= CURRENT_TIMESTAMP;\n    ","timestamp":"2026-09-25T18:03:15.011Z"}
{"duration":0,"level":"info","message":"db-query","rows":null,"text":"BEGIN","timestamp":"2026-09-25T18:03:17.679Z"}
{"duration":3,"level":"info","message":"db-query","rows":1,"text":"SELECT d.*, s.name AS subsidiary_name\n          FROM drivers d\n          LEFT JOIN subsidiaries s ON s.id = d.subsidiary_id\n          WHERE d.id = $1","timestamp":"2026-09-25T18:03:17.683Z"}
{"duration":1,"level":"info","message":"db-query","rows":1,"text":"SELECT id, note, created_at, created_by\n          FROM driver_notes\n          WHERE driver_id = $1\n          ORDER BY created_at DESC","timestamp":"2026-09-25T18:03:17.684Z"}
{"duration":1,"level":"info","message":"db-query","rows":1,"text":"SELECT id, name, start_time, end_time\n          FROM driver_shifts\n          WHERE driver_id = $1\n          ORDER BY id ASC","timestamp":"2026-09-25T18:03:17.686Z"}
{"duration":1,"level":"info","message":"db-query","rows":1,"text":"SELECT \n            v.*,\n            json_build_object(\n              'id', vt.id,\n              'name', vt.name,\n              'driver_waiting_charges', vt.driver_waiting_charges,\n              'account_waiting_charges', vt.account_waiting_charges,\n              'waiting_time', vt.waiting_time\n            ) AS vehicle_type\n            FROM vehicles v\n            LEFT JOIN vehicle_types vt ON vt.id = v.vehicle_type_id\n            WHERE v.id = $1\n            LIMIT 1","timestamp":"2026-09-25T18:03:17.688Z"}
{"duration":1,"level":"info","message":"db-query","rows":null,"text":"COMMIT","timestamp":"2026-09-25T18:03:17.690Z"}
{"duration":9,"level":"info","message":"db-query","rows":1,"text":"SELECT * FROM bookings WHERE id = $1","timestamp":"2026-09-25T18:03:17.700Z"}
{"duration":4,"level":"info","message":"db-query","rows":1,"text":"SELECT * FROM driver_app_features WHERE driver_id = $1 AND company_id = $2","timestamp":"2026-09-25T18:03:17.708Z"}
{"duration":1,"level":"info","message":"db-query","rows":0,"text":"SELECT reference_number FROM bookings WHERE reference_number = $1 LIMIT 1","timestamp":"2026-09-25T18:03:17.711Z"}
{"duration":30,"level":"info","message":"db-query","rows":1,"text":"INSERT INTO bookings (reference_number,subsidiary_id,booking_type_id,booking_status_id,journey_type_id,account_id,customer_id,employee_id,pickup,dropoff,pickup_date,pickup_time,dropoff_date,dropoff_time,pickup_door_number,dropoff_door_number,pickup_plot,dropoff_plot,pickup_location_type_id,dropoff_location_type_id,pickup_latitude,pickup_longitude,dropoff_latitude,dropoff_longitude,viapoints,restricted_drivers,flight_number,arriving_from,vehicle_type_id,vehicle_id,driver_id,passengers,luggages,hand_luggages,child_seat,name,email,mobile,telephone,lead_time,notes,special_instructions,payment_type_id,company_price,fares,total_charges,parking_charges,waiting_charges,extra_drop_charges,credit_card_charges,congestion_charges,miles,meet_and_greet,department,escort_id,order_number,booked_by,add_return_fare,fare_meter_status,fare_meter,quotation,quoted,dispatch,dispatch_as,sms,emailflag,trash,hidden,multi_booking_id,associated_booking,invoice_status,commission_status,commission,skipped_bookings,permanent,toggle_driver_text,toggle_passenger_text,cancelled_reason,booking_source,on_route,arrived,passenger_on_board,completed,controller_completed,driver_waiting_time,dispatched_at,booked_at,stripe_customer_id,stripe_payment_id,invoice_number,initial_subsidiary_id,eta,company_id)\n               VALUES ($1,$2,$3,$4,$5,$6,$7,$8,$9,$10,$11,$12,$13,$14,$15,$16,$17,$18,$19,$20,$21,$22,$23,$24,$25,$26,$27,$28,$29,$30,$31,$32,$33,$34,$35,$36,$37,$38,$39,$40,$41,$42,$43,$44,$45,$46,$47,$48,$49,$50,$51,$52,$53,$54,$55,$56,$57,$58,$59,$60,$61,$62,$63,$64,$65,$66,$67,$68,$69,$70,$71,$72,$73,$74,$75,$76,$77,$78,$79,$80,$81,$82,$83,$84,$85,$86,$87,$88,$89,$90,$91,$92,$93)\n               RETURNING *;","timestamp":"2026-09-25T18:03:17.742Z"}
{"duration":3,"level":"info","message":"db-query","rows":2,"text":"SELECT * FROM fixed_fares WHERE vehicle_type_id=$1 AND company_id = $2","timestamp":"2026-09-25T18:03:17.747Z"}
{"duration":3,"level":"info","message":"db-query","rows":3,"text":"SELECT * FROM fare_configurations\n       WHERE vehicle_type_id=$1 AND company_id = $2\n       ORDER BY id ASC","timestamp":"2026-09-25T18:03:17.753Z"}
{"duration":2,"level":"info","message":"db-query","rows":1,"text":"SELECT * FROM fare_by_vehicles WHERE vehicle_type_id=$1 AND company_id=$2","timestamp":"2026-09-25T18:03:17.758Z"}
{"duration":6,"level":"info","message":"db-query","rows":3,"text":"\n      SELECT *\n      FROM fare_increments\n      WHERE company_id=$1\n      ORDER BY id DESC\n    ","timestamp":"2026-09-25T18:03:17.769Z"}
{"duration":3,"level":"info","message":"db-query","rows":1,"text":"\n      SELECT *\n      FROM surcharges\n      WHERE company_id=$1\n      AND active=true\n    ","timestamp":"2026-09-25T18:03:17.775Z"}
{"duration":2,"level":"info","message":"db-query","rows":22,"text":"SELECT * FROM locations WHERE location_type_id=2 AND company_id =$1","timestamp":"2026-09-25T18:03:17.778Z"}
{"duration":1,"level":"info","message":"db-query","rows":1,"text":"UPDATE bookings SET total_charges = $1 WHERE id = $2","timestamp":"2026-09-25T18:03:17.789Z"}
{"duration":17,"level":"info","message":"db-query","rows":1,"text":"\n    \nSELECT\n  b.id,\n  b.reference_number,\n  b.subsidiary_id,\n  b.booking_type_id,\n  b.booking_status_id,\n  b.journey_type_id,\n  b.account_id,\n  b.customer_id,\n  b.employee_id,\n  b.pickup,\n  b.dropoff,\n  b.pickup_date,\n  b.pickup_time,\n  b.dropoff_date,\n  b.dropoff_time,\n  b.pickup_door_number,\n  b.dropoff_door_number,\n  b.pickup_plot,\n  b.dropoff_plot,\n  b.pickup_location_type_id,\n  b.dropoff_location_type_id,\n  b.pickup_latitude,\n  b.pickup_longitude,\n  b.dropoff_latitude,\n  b.dropoff_longitude,\n  b.viapoints,\n  b.restricted_drivers,\n  b.flight_number,\n  b.arriving_from,\n  b.vehicle_type_id,\n  b.vehicle_id,\n  b.driver_id,\n  b.passengers,\n  b.luggages,\n  b.hand_luggages,\n  b.child_seat,\n  b.name,\n  b.email,\n  b.mobile,\n  b.telephone,\n  b.lead_time,\n  b.notes,\n  b.special_instructions,\n  b.payment_type_id,\n  b.company_price,\n  b.fares,\n  b.total_charges,\n  b.parking_charges,\n  b.waiting_charges,\n  b.extra_drop_charges,\n  b.credit_card_charges,\n  b.congestion_charges,\n  b.miles,\n  b.meet_and_greet,\n  b.department,\n  b.escort_id,\n  b.order_number,\n  b.booked_by,\n  b.add_return_fare,\n  b.fare_meter_status,\n  b.fare_meter,\n  b.quotation,\n  b.quoted,\n  b.dispatch,\n  b.dispatch_as,\n  b.sms,\n  b.emailflag,\n  b.trash,\n  b.hidden,\n  b.multi_booking_id,\n  b.associated_booking,\n  b.invoice_status,\n  b.commission_status,\n  b.commission,\n  b.skipped_bookings,\n  b.permanent,\n  b.toggle_driver_text,\n  b.toggle_passenger_text,\n  b.cancelled_reason,\n  b.booking_source,\n  b.on_route,\n  b.arrived,\n  b.passenger_on_board,\n  b.completed,\n  b.controller_completed,\n  b.driver_waiting_time,\n  b.dispatched_at,\n  b.booked_at,\n  b.stripe_customer_id,\n  b.stripe_payment_id,\n  b.invoice_number,\n  b.initial_subsidiary_id,\n  b.created_at,\n  b.updated_at,\n  b.eta,\n  b.fob,\n  b.future,\n\n  json_build_object(\n    'booking_status', bs.booking_status\n  ) AS booking_status,\n\n  json_build_object(\n    'booking_type', bt.booking_type\n  ) AS booking_type,\n\n  json_build_object(\n    'journey_type', jt.journey_type\n  ) AS journey_type,\n\n  json_build_object(\n    'id', s.id,\n    'name', s.name,\n    'telephone_number', s.telephone_number\n  ) AS subsidiary,\n\n  json_build_object(\n    'name', vt.name,\n    'background_color', vt.background_color,\n    'foreground_color', vt.foreground_color\n  ) AS vehicle_type,\n\n  json_build_object(\n    'id', pt.id,\n    'name', pt.name,\n    'background_color', pt.background_color,\n    'foreground_color', pt.foreground_color\n  ) AS payment_type,\n\n  json_build_object(\n    'id', a.id,\n    'name', a.name,\n    'background_color', a.background_color,\n    'foreground_color', a.foreground_color,\n    'has_vat', a.has_vat,\n    'bank_information', a.bank_information,\n    'fare_controller', a.fare_controller,\n    'account_fees_type', a.account_fees_type,\n    'account_fees', a.account_fees,\n    'account_fees_vat', a.account_fees_vat\n  ) AS account,\n\n  json_build_object(\n    'id', d.id,\n    'username', d.username,\n    'name', d.name,\n    'mobile_device_id', d.mobile_device_id,\n    'phc_vehicle_number', d.phc_vehicle_number,\n    'phc_driver_number', d.phc_driver_number,\n    'vehicle_id', d.vehicle_id,\n    'driver_commission', d.driver_commission,\n    'session_status', d.session_status,\n\n    'vehicle', json_build_object(\n      'make', v.make,\n      'model', v.model,\n      'color', v.color,\n      'vehicle_number', v.vehicle_number\n    )\n  ) AS driver,\n\n  json_build_object(\n    'door_number', c.door_number,\n    'address1', c.address1,\n    'address2', c.address2,\n    'blacklist', c.blacklist\n  ) AS customer,\n\n  json_build_object(\n    'username', e.username,\n    'role_id', e.role_id\n  ) AS employee,\n\n  json_build_object(\n    'pickup',\n    CASE\n      WHEN lp.id IS NOT NULL THEN\n        json_build_object(\n          'id', lp.id,\n          'name', lp.name,\n          'location_type', json_build_object(\n            'id', ltp.id,\n            'name', ltp.name,\n            'background_color', ltp.background_color,\n            'foreground_color', ltp.foreground_color\n          )\n        )\n      ELSE\n        json_build_object(\n          'id', null,\n          'name', null,\n          'location_type', json_build_object(\n            'id', null,\n            'name', null,\n            'background_color', null,\n            'foreground_color', null\n          )\n        )\n    END,\n\n    'dropoff',\n    CASE\n      WHEN ld.id IS NOT NULL THEN\n        json_build_object(\n          'id', ld.id,\n          'name', ld.name,\n          'location_type', json_build_object(\n            'id', ltd.id,\n            'name', ltd.name,\n            'background_color', ltd.background_color,\n            'foreground_color', ltd.foreground_color\n          )\n        )\n      ELSE\n        json_build_object(\n          'id', null,\n          'name', null,\n          'location_type', json_build_object(\n            'id', null,\n            'name', null,\n            'background_color', null,\n            'foreground_color', null\n          )\n        )\n    END\n  ) AS airport\n\nFROM bookings b\n\nLEFT JOIN booking_statuses bs\n  ON b.booking_status_id = bs.id\n\nLEFT JOIN booking_types bt\n  ON b.booking_type_id = bt.id\n\nLEFT JOIN journey_types jt\n  ON b.journey_type_id = jt.id\n\nLEFT JOIN subsidiaries s\n  ON b.subsidiary_id = s.id\n\nLEFT JOIN vehicle_types vt\n  ON b.vehicle_type_id = vt.id\n\nLEFT JOIN payment_types pt\n  ON b.payment_type_id = pt.id\n\nLEFT JOIN accounts a\n  ON b.account_id = a.id\n\nLEFT JOIN drivers d\n  ON b.driver_id = d.id\n\nLEFT JOIN vehicles v\n  ON d.vehicle_id = v.id\n\nLEFT JOIN customers c\n  ON b.customer_id = c.id\n\nLEFT JOIN employees e\n  ON b.employee_id = e.id\n\n\n-- PICKUP LOCATION\n-- Select only the most specific matching location\nLEFT JOIN LATERAL (\n  SELECT l.*\n  FROM locations l\n  WHERE l.location_type_id = 2\n    AND b.pickup ILIKE '%' || l.name || '%'\n  ORDER BY LENGTH(l.name) DESC, l.id ASC\n  LIMIT 1\n) lp ON true\n\n\n-- DROPOFF LOCATION\n-- Select only the most specific matching location\nLEFT JOIN LATERAL (\n  SELECT l.*\n  FROM locations l\n  WHERE l.location_type_id = 2\n    AND b.dropoff ILIKE '%' || l.name || '%'\n  ORDER BY LENGTH(l.name) DESC, l.id ASC\n  LIMIT 1\n) ld ON true\n\n\nLEFT JOIN location_types ltp\n  ON lp.location_type_id = ltp.id\n\nLEFT JOIN location_types ltd\n  ON ld.location_type_id = ltd.id\n\n\n    WHERE b.id = $1\n  ","timestamp":"2026-09-25T18:03:17.807Z"}
{"duration":1,"level":"info","message":"db-query","rows":1,"text":"SELECT fcm_token FROM drivers WHERE id = $1","timestamp":"2026-09-25T18:03:17.809Z"}
{"level":"info","message":"POST /api/bookings/cli 200 132.263 ms","timestamp":"2026-09-25T18:03:17.810Z"}
{"duration":2,"level":"info","message":"db-query","rows":0,"text":"\n      SELECT company_id, driver_id \n      FROM driver_sinbins \n      WHERE is_active = TRUE \n      AND (updated_at + (sinbin_time || ' minutes')::INTERVAL) <= CURRENT_TIMESTAMP;\n    ","timestamp":"2026-09-25T18:03:20.009Z"}
{"duration":1,"level":"info","message":"db-query","rows":0,"text":"\n      SELECT company_id, driver_id \n      FROM driver_sinbins \n      WHERE is_active = TRUE \n      AND (updated_at + (sinbin_time || ' minutes')::INTERVAL) <= CURRENT_TIMESTAMP;\n    ","timestamp":"2026-09-25T18:03:25.017Z"}
{"duration":1,"level":"info","message":"db-query","rows":0,"text":"\n      SELECT company_id, driver_id \n      FROM driver_sinbins \n      WHERE is_active = TRUE \n      AND (updated_at + (sinbin_time || ' minutes')::INTERVAL) <= CURRENT_TIMESTAMP;\n    ","timestamp":"2026-09-25T18:03:30.008Z"}
{"duration":1,"level":"info","message":"db-query","rows":0,"text":"\n      SELECT company_id, driver_id \n      FROM driver_sinbins \n      WHERE is_active = TRUE \n      AND (updated_at + (sinbin_time || ' minutes')::INTERVAL) <= CURRENT_TIMESTAMP;\n    ","timestamp":"2026-09-25T18:03:35.005Z"}
{"duration":1,"level":"info","message":"db-query","rows":0,"text":"\n      SELECT company_id, driver_id \n      FROM driver_sinbins \n      WHERE is_active = TRUE \n      AND (updated_at + (sinbin_time || ' minutes')::INTERVAL) <= CURRENT_TIMESTAMP;\n    ","timestamp":"2026-09-25T18:03:40.003Z"}
{"duration":1,"level":"info","message":"db-query","rows":0,"text":"\n      SELECT company_id, driver_id \n      FROM driver_sinbins \n      WHERE is_active = TRUE \n      AND (updated_at + (sinbin_time || ' minutes')::INTERVAL) <= CURRENT_TIMESTAMP;\n    ","timestamp":"2026-09-25T18:03:45.014Z"}
{"duration":10,"level":"info","message":"db-query","rows":26,"text":"SELECT * FROM location_types","timestamp":"2026-09-25T18:03:47.578Z"}
{"level":"info","message":"GET /api/location-types 200 20.710 ms","timestamp":"2026-09-25T18:03:47.587Z"}
{"duration":60,"level":"info","message":"db-query","rows":26,"text":"SELECT * FROM location_types","timestamp":"2026-09-25T18:03:47.632Z"}
{"level":"info","message":"GET /api/location-types 200 62.714 ms","timestamp":"2026-09-25T18:03:47.634Z"}
{"duration":5,"level":"info","message":"db-query","rows":26,"text":"SELECT * FROM location_types","timestamp":"2026-09-25T18:03:57.619Z"}
{"level":"info","message":"GET /api/location-types 200 10.617 ms","timestamp":"2026-09-25T18:03:57.625Z"}
{"duration":1,"level":"info","message":"db-query","rows":26,"text":"SELECT * FROM location_types","timestamp":"2026-09-25T18:03:57.633Z"}
{"level":"info","message":"GET /api/location-types 200 2.144 ms","timestamp":"2026-09-25T18:03:57.635Z"}
{"duration":6,"level":"info","message":"db-query","rows":26,"text":"SELECT * FROM location_types","timestamp":"2026-09-25T18:04:01.822Z"}
{"level":"info","message":"GET /api/location-types 200 11.611 ms","timestamp":"2026-09-25T18:04:01.828Z"}
{"duration":179,"level":"info","message":"db-query","rows":26,"text":"SELECT * FROM location_types","timestamp":"2026-09-25T18:04:01.997Z"}
{"level":"info","message":"GET /api/location-types 200 180.983 ms","timestamp":"2026-09-25T18:04:02.000Z"}
{"duration":4,"level":"info","message":"db-query","rows":0,"text":"\n      SELECT company_id, driver_id \n      FROM driver_sinbins \n      WHERE is_active = TRUE \n      AND (updated_at + (sinbin_time || ' minutes')::INTERVAL) <= CURRENT_TIMESTAMP;\n    ","timestamp":"2026-09-25T18:04:05.017Z"}
{"duration":6,"level":"info","message":"db-query","rows":26,"text":"SELECT * FROM location_types","timestamp":"2026-09-25T18:04:08.187Z"}
{"level":"info","message":"GET /api/location-types 200 12.782 ms","timestamp":"2026-09-25T18:04:08.194Z"}
{"duration":53,"level":"info","message":"db-query","rows":26,"text":"SELECT * FROM location_types","timestamp":"2026-09-25T18:04:08.236Z"}
{"level":"info","message":"GET /api/location-types 200 54.701 ms","timestamp":"2026-09-25T18:04:08.237Z"}
{"duration":4,"level":"info","message":"db-query","rows":0,"text":"\n      SELECT company_id, driver_id \n      FROM driver_sinbins \n      WHERE is_active = TRUE \n      AND (updated_at + (sinbin_time || ' minutes')::INTERVAL) <= CURRENT_TIMESTAMP;\n    ","timestamp":"2026-09-25T18:04:10.016Z"}
{"duration":2,"level":"info","message":"db-query","rows":0,"text":"\n      SELECT company_id, driver_id \n      FROM driver_sinbins \n      WHERE is_active = TRUE \n      AND (updated_at + (sinbin_time || ' minutes')::INTERVAL) <= CURRENT_TIMESTAMP;\n    ","timestamp":"2026-09-25T18:04:15.014Z"}
{"duration":1,"level":"info","message":"db-query","rows":0,"text":"\n      SELECT company_id, driver_id \n      FROM driver_sinbins \n      WHERE is_active = TRUE \n      AND (updated_at + (sinbin_time || ' minutes')::INTERVAL) <= CURRENT_TIMESTAMP;\n    ","timestamp":"2026-09-25T18:04:20.006Z"}
{"duration":2,"level":"info","message":"db-query","rows":0,"text":"\n      SELECT company_id, driver_id \n      FROM driver_sinbins \n      WHERE is_active = TRUE \n      AND (updated_at + (sinbin_time || ' minutes')::INTERVAL) <= CURRENT_TIMESTAMP;\n    ","timestamp":"2026-09-25T18:04:25.017Z"}
{"duration":2,"level":"info","message":"db-query","rows":0,"text":"\n      SELECT company_id, driver_id \n      FROM driver_sinbins \n      WHERE is_active = TRUE \n      AND (updated_at + (sinbin_time || ' minutes')::INTERVAL) <= CURRENT_TIMESTAMP;\n    ","timestamp":"2026-09-25T18:04:30.013Z"}
{"duration":1,"level":"info","message":"db-query","rows":0,"text":"\n      SELECT company_id, driver_id \n      FROM driver_sinbins \n      WHERE is_active = TRUE \n      AND (updated_at + (sinbin_time || ' minutes')::INTERVAL) <= CURRENT_TIMESTAMP;\n    ","timestamp":"2026-09-25T18:04:35.009Z"}
{"duration":2,"level":"info","message":"db-query","rows":0,"text":"\n      SELECT company_id, driver_id \n      FROM driver_sinbins \n      WHERE is_active = TRUE \n      AND (updated_at + (sinbin_time || ' minutes')::INTERVAL) <= CURRENT_TIMESTAMP;\n    ","timestamp":"2026-09-25T18:04:40.011Z"}
{"duration":1,"level":"info","message":"db-query","rows":0,"text":"\n      SELECT company_id, driver_id \n      FROM driver_sinbins \n      WHERE is_active = TRUE \n      AND (updated_at + (sinbin_time || ' minutes')::INTERVAL) <= CURRENT_TIMESTAMP;\n    ","timestamp":"2026-09-25T18:04:45.013Z"}
{"duration":2,"level":"info","message":"db-query","rows":0,"text":"\n      SELECT company_id, driver_id \n      FROM driver_sinbins \n      WHERE is_active = TRUE \n      AND (updated_at + (sinbin_time || ' minutes')::INTERVAL) <= CURRENT_TIMESTAMP;\n    ","timestamp":"2026-09-25T18:04:50.011Z"}
{"duration":1,"level":"info","message":"db-query","rows":0,"text":"\n      SELECT company_id, driver_id \n      FROM driver_sinbins \n      WHERE is_active = TRUE \n      AND (updated_at + (sinbin_time || ' minutes')::INTERVAL) <= CURRENT_TIMESTAMP;\n    ","timestamp":"2026-09-25T18:04:55.012Z"}
{"duration":2,"level":"info","message":"db-query","rows":0,"text":"\n      SELECT company_id, driver_id \n      FROM driver_sinbins \n      WHERE is_active = TRUE \n      AND (updated_at + (sinbin_time || ' minutes')::INTERVAL) <= CURRENT_TIMESTAMP;\n    ","timestamp":"2026-09-25T18:05:00.006Z"}
{"duration":1,"level":"info","message":"db-query","rows":0,"text":"\n      SELECT company_id, driver_id \n      FROM driver_sinbins \n      WHERE is_active = TRUE \n      AND (updated_at + (sinbin_time || ' minutes')::INTERVAL) <= CURRENT_TIMESTAMP;\n    ","timestamp":"2026-09-25T18:05:05.014Z"}
{"duration":2,"level":"info","message":"db-query","rows":0,"text":"\n      SELECT company_id, driver_id \n      FROM driver_sinbins \n      WHERE is_active = TRUE \n      AND (updated_at + (sinbin_time || ' minutes')::INTERVAL) <= CURRENT_TIMESTAMP;\n    ","timestamp":"2026-09-25T18:05:10.013Z"}
{"duration":1,"level":"info","message":"db-query","rows":0,"text":"\n      SELECT company_id, driver_id \n      FROM driver_sinbins \n      WHERE is_active = TRUE \n      AND (updated_at + (sinbin_time || ' minutes')::INTERVAL) <= CURRENT_TIMESTAMP;\n    ","timestamp":"2026-09-25T18:05:15.012Z"}
{"duration":2,"level":"info","message":"db-query","rows":0,"text":"\n      SELECT company_id, driver_id \n      FROM driver_sinbins \n      WHERE is_active = TRUE \n      AND (updated_at + (sinbin_time || ' minutes')::INTERVAL) <= CURRENT_TIMESTAMP;\n    ","timestamp":"2026-09-25T18:05:20.006Z"}
{"duration":2,"level":"info","message":"db-query","rows":0,"text":"\n      SELECT company_id, driver_id \n      FROM driver_sinbins \n      WHERE is_active = TRUE \n      AND (updated_at + (sinbin_time || ' minutes')::INTERVAL) <= CURRENT_TIMESTAMP;\n    ","timestamp":"2026-09-25T18:05:25.006Z"}
{"duration":1,"level":"info","message":"db-query","rows":0,"text":"\n      SELECT company_id, driver_id \n      FROM driver_sinbins \n      WHERE is_active = TRUE \n      AND (updated_at + (sinbin_time || ' minutes')::INTERVAL) <= CURRENT_TIMESTAMP;\n    ","timestamp":"2026-09-25T18:05:30.004Z"}
{"duration":1,"level":"info","message":"db-query","rows":0,"text":"\n      SELECT company_id, driver_id \n      FROM driver_sinbins \n      WHERE is_active = TRUE \n      AND (updated_at + (sinbin_time || ' minutes')::INTERVAL) <= CURRENT_TIMESTAMP;\n    ","timestamp":"2026-09-25T18:05:35.005Z"}
{"duration":1,"level":"info","message":"db-query","rows":0,"text":"\n      SELECT company_id, driver_id \n      FROM driver_sinbins \n      WHERE is_active = TRUE \n      AND (updated_at + (sinbin_time || ' minutes')::INTERVAL) <= CURRENT_TIMESTAMP;\n    ","timestamp":"2026-09-25T18:05:40.004Z"}
{"duration":1,"level":"info","message":"db-query","rows":0,"text":"\n      SELECT company_id, driver_id \n      FROM driver_sinbins \n      WHERE is_active = TRUE \n      AND (updated_at + (sinbin_time || ' minutes')::INTERVAL) <= CURRENT_TIMESTAMP;\n    ","timestamp":"2026-09-25T18:05:45.017Z"}
{"duration":1,"level":"info","message":"db-query","rows":0,"text":"\n      SELECT company_id, driver_id \n      FROM driver_sinbins \n      WHERE is_active = TRUE \n      AND (updated_at + (sinbin_time || ' minutes')::INTERVAL) <= CURRENT_TIMESTAMP;\n    ","timestamp":"2026-09-25T18:05:50.012Z"}
{"duration":3,"level":"info","message":"db-query","rows":0,"text":"\n      SELECT company_id, driver_id \n      FROM driver_sinbins \n      WHERE is_active = TRUE \n      AND (updated_at + (sinbin_time || ' minutes')::INTERVAL) <= CURRENT_TIMESTAMP;\n    ","timestamp":"2026-09-25T18:05:55.015Z"}
{"duration":1,"level":"info","message":"db-query","rows":0,"text":"\n      SELECT company_id, driver_id \n      FROM driver_sinbins \n      WHERE is_active = TRUE \n      AND (updated_at + (sinbin_time || ' minutes')::INTERVAL) <= CURRENT_TIMESTAMP;\n    ","timestamp":"2026-09-25T18:06:00.007Z"}
{"duration":1,"level":"info","message":"db-query","rows":0,"text":"\n      SELECT company_id, driver_id \n      FROM driver_sinbins \n      WHERE is_active = TRUE \n      AND (updated_at + (sinbin_time || ' minutes')::INTERVAL) <= CURRENT_TIMESTAMP;\n    ","timestamp":"2026-09-25T18:06:05.003Z"}
{"duration":1,"level":"info","message":"db-query","rows":0,"text":"\n      SELECT company_id, driver_id \n      FROM driver_sinbins \n      WHERE is_active = TRUE \n      AND (updated_at + (sinbin_time || ' minutes')::INTERVAL) <= CURRENT_TIMESTAMP;\n    ","timestamp":"2026-09-25T18:06:10.006Z"}
{"duration":1,"level":"info","message":"db-query","rows":0,"text":"\n      SELECT company_id, driver_id \n      FROM driver_sinbins \n      WHERE is_active = TRUE \n      AND (updated_at + (sinbin_time || ' minutes')::INTERVAL) <= CURRENT_TIMESTAMP;\n    ","timestamp":"2026-09-25T18:06:15.007Z"}
{"duration":1,"level":"info","message":"db-query","rows":0,"text":"\n      SELECT company_id, driver_id \n      FROM driver_sinbins \n      WHERE is_active = TRUE \n      AND (updated_at + (sinbin_time || ' minutes')::INTERVAL) <= CURRENT_TIMESTAMP;\n    ","timestamp":"2026-09-25T18:06:20.006Z"}
{"duration":2,"level":"info","message":"db-query","rows":0,"text":"\n      SELECT company_id, driver_id \n      FROM driver_sinbins \n      WHERE is_active = TRUE \n      AND (updated_at + (sinbin_time || ' minutes')::INTERVAL) <= CURRENT_TIMESTAMP;\n    ","timestamp":"2026-09-25T18:06:25.004Z"}
{"duration":1,"level":"info","message":"db-query","rows":0,"text":"\n      SELECT company_id, driver_id \n      FROM driver_sinbins \n      WHERE is_active = TRUE \n      AND (updated_at + (sinbin_time || ' minutes')::INTERVAL) <= CURRENT_TIMESTAMP;\n    ","timestamp":"2026-09-25T18:06:30.008Z"}
{"duration":1,"level":"info","message":"db-query","rows":0,"text":"\n      SELECT company_id, driver_id \n      FROM driver_sinbins \n      WHERE is_active = TRUE \n      AND (updated_at + (sinbin_time || ' minutes')::INTERVAL) <= CURRENT_TIMESTAMP;\n    ","timestamp":"2026-09-25T18:06:35.011Z"}
{"duration":1,"level":"info","message":"db-query","rows":0,"text":"\n      SELECT company_id, driver_id \n      FROM driver_sinbins \n      WHERE is_active = TRUE \n      AND (updated_at + (sinbin_time || ' minutes')::INTERVAL) <= CURRENT_TIMESTAMP;\n    ","timestamp":"2026-09-25T18:06:40.016Z"}
{"duration":1,"level":"info","message":"db-query","rows":0,"text":"\n      SELECT company_id, driver_id \n      FROM driver_sinbins \n      WHERE is_active = TRUE \n      AND (updated_at + (sinbin_time || ' minutes')::INTERVAL) <= CURRENT_TIMESTAMP;\n    ","timestamp":"2026-09-25T18:06:45.013Z"}
{"duration":1,"level":"info","message":"db-query","rows":0,"text":"\n      SELECT company_id, driver_id \n      FROM driver_sinbins \n      WHERE is_active = TRUE \n      AND (updated_at + (sinbin_time || ' minutes')::INTERVAL) <= CURRENT_TIMESTAMP;\n    ","timestamp":"2026-09-25T18:06:50.012Z"}
{"duration":1,"level":"info","message":"db-query","rows":0,"text":"\n      SELECT company_id, driver_id \n      FROM driver_sinbins \n      WHERE is_active = TRUE \n      AND (updated_at + (sinbin_time || ' minutes')::INTERVAL) <= CURRENT_TIMESTAMP;\n    ","timestamp":"2026-09-25T18:06:55.010Z"}
{"duration":1,"level":"info","message":"db-query","rows":0,"text":"\n      SELECT company_id, driver_id \n      FROM driver_sinbins \n      WHERE is_active = TRUE \n      AND (updated_at + (sinbin_time || ' minutes')::INTERVAL) <= CURRENT_TIMESTAMP;\n    ","timestamp":"2026-09-25T18:07:00.008Z"}
{"duration":2,"level":"info","message":"db-query","rows":0,"text":"\n      SELECT company_id, driver_id \n      FROM driver_sinbins \n      WHERE is_active = TRUE \n      AND (updated_at + (sinbin_time || ' minutes')::INTERVAL) <= CURRENT_TIMESTAMP;\n    ","timestamp":"2026-09-25T18:07:05.015Z"}
{"duration":2,"level":"info","message":"db-query","rows":0,"text":"\n      SELECT company_id, driver_id \n      FROM driver_sinbins \n      WHERE is_active = TRUE \n      AND (updated_at + (sinbin_time || ' minutes')::INTERVAL) <= CURRENT_TIMESTAMP;\n    ","timestamp":"2026-09-25T18:07:10.009Z"}
{"duration":2,"level":"info","message":"db-query","rows":0,"text":"\n      SELECT company_id, driver_id \n      FROM driver_sinbins \n      WHERE is_active = TRUE \n      AND (updated_at + (sinbin_time || ' minutes')::INTERVAL) <= CURRENT_TIMESTAMP;\n    ","timestamp":"2026-09-25T18:07:15.007Z"}
{"duration":1,"level":"info","message":"db-query","rows":0,"text":"\n      SELECT company_id, driver_id \n      FROM driver_sinbins \n      WHERE is_active = TRUE \n      AND (updated_at + (sinbin_time || ' minutes')::INTERVAL) <= CURRENT_TIMESTAMP;\n    ","timestamp":"2026-09-25T18:07:20.007Z"}
{"duration":1,"level":"info","message":"db-query","rows":0,"text":"\n      SELECT company_id, driver_id \n      FROM driver_sinbins \n      WHERE is_active = TRUE \n      AND (updated_at + (sinbin_time || ' minutes')::INTERVAL) <= CURRENT_TIMESTAMP;\n    ","timestamp":"2026-09-25T18:07:25.007Z"}
{"duration":2,"level":"info","message":"db-query","rows":0,"text":"\n      SELECT company_id, driver_id \n      FROM driver_sinbins \n      WHERE is_active = TRUE \n      AND (updated_at + (sinbin_time || ' minutes')::INTERVAL) <= CURRENT_TIMESTAMP;\n    ","timestamp":"2026-09-25T18:07:30.019Z"}
{"duration":2,"level":"info","message":"db-query","rows":0,"text":"\n      SELECT company_id, driver_id \n      FROM driver_sinbins \n      WHERE is_active = TRUE \n      AND (updated_at + (sinbin_time || ' minutes')::INTERVAL) <= CURRENT_TIMESTAMP;\n    ","timestamp":"2026-09-25T18:07:35.015Z"}
{"duration":1,"level":"info","message":"db-query","rows":0,"text":"\n      SELECT company_id, driver_id \n      FROM driver_sinbins \n      WHERE is_active = TRUE \n      AND (updated_at + (sinbin_time || ' minutes')::INTERVAL) <= CURRENT_TIMESTAMP;\n    ","timestamp":"2026-09-25T18:07:40.016Z"}
{"duration":1,"level":"info","message":"db-query","rows":0,"text":"\n      SELECT company_id, driver_id \n      FROM driver_sinbins \n      WHERE is_active = TRUE \n      AND (updated_at + (sinbin_time || ' minutes')::INTERVAL) <= CURRENT_TIMESTAMP;\n    ","timestamp":"2026-09-25T18:07:45.005Z"}
{"duration":1,"level":"info","message":"db-query","rows":0,"text":"\n      SELECT company_id, driver_id \n      FROM driver_sinbins \n      WHERE is_active = TRUE \n      AND (updated_at + (sinbin_time || ' minutes')::INTERVAL) <= CURRENT_TIMESTAMP;\n    ","timestamp":"2026-09-25T18:07:50.005Z"}
{"duration":1,"level":"info","message":"db-query","rows":0,"text":"\n      SELECT company_id, driver_id \n      FROM driver_sinbins \n      WHERE is_active = TRUE \n      AND (updated_at + (sinbin_time || ' minutes')::INTERVAL) <= CURRENT_TIMESTAMP;\n    ","timestamp":"2026-09-25T18:07:55.015Z"}
{"duration":1,"level":"info","message":"db-query","rows":0,"text":"\n      SELECT company_id, driver_id \n      FROM driver_sinbins \n      WHERE is_active = TRUE \n      AND (updated_at + (sinbin_time || ' minutes')::INTERVAL) <= CURRENT_TIMESTAMP;\n    ","timestamp":"2026-09-25T18:08:00.017Z"}
{"duration":1,"level":"info","message":"db-query","rows":0,"text":"\n      SELECT company_id, driver_id \n      FROM driver_sinbins \n      WHERE is_active = TRUE \n      AND (updated_at + (sinbin_time || ' minutes')::INTERVAL) <= CURRENT_TIMESTAMP;\n    ","timestamp":"2026-09-25T18:08:05.009Z"}
{"duration":1,"level":"info","message":"db-query","rows":0,"text":"\n      SELECT company_id, driver_id \n      FROM driver_sinbins \n      WHERE is_active = TRUE \n      AND (updated_at + (sinbin_time || ' minutes')::INTERVAL) <= CURRENT_TIMESTAMP;\n    ","timestamp":"2026-09-25T18:08:10.010Z"}
{"duration":1,"level":"info","message":"db-query","rows":0,"text":"\n      SELECT company_id, driver_id \n      FROM driver_sinbins \n      WHERE is_active = TRUE \n      AND (updated_at + (sinbin_time || ' minutes')::INTERVAL) <= CURRENT_TIMESTAMP;\n    ","timestamp":"2026-09-25T18:08:15.010Z"}
{"duration":1,"level":"info","message":"db-query","rows":0,"text":"\n      SELECT company_id, driver_id \n      FROM driver_sinbins \n      WHERE is_active = TRUE \n      AND (updated_at + (sinbin_time || ' minutes')::INTERVAL) <= CURRENT_TIMESTAMP;\n    ","timestamp":"2026-09-25T18:08:20.011Z"}
{"duration":1,"level":"info","message":"db-query","rows":0,"text":"\n      SELECT company_id, driver_id \n      FROM driver_sinbins \n      WHERE is_active = TRUE \n      AND (updated_at + (sinbin_time || ' minutes')::INTERVAL) <= CURRENT_TIMESTAMP;\n    ","timestamp":"2026-09-25T18:08:25.010Z"}
{"duration":1,"level":"info","message":"db-query","rows":0,"text":"\n      SELECT company_id, driver_id \n      FROM driver_sinbins \n      WHERE is_active = TRUE \n      AND (updated_at + (sinbin_time || ' minutes')::INTERVAL) <= CURRENT_TIMESTAMP;\n    ","timestamp":"2026-09-25T18:08:30.009Z"}
{"duration":2,"level":"info","message":"db-query","rows":0,"text":"\n      SELECT company_id, driver_id \n      FROM driver_sinbins \n      WHERE is_active = TRUE \n      AND (updated_at + (sinbin_time || ' minutes')::INTERVAL) <= CURRENT_TIMESTAMP;\n    ","timestamp":"2026-09-25T18:08:35.009Z"}
{"duration":1,"level":"info","message":"db-query","rows":0,"text":"\n      SELECT company_id, driver_id \n      FROM driver_sinbins \n      WHERE is_active = TRUE \n      AND (updated_at + (sinbin_time || ' minutes')::INTERVAL) <= CURRENT_TIMESTAMP;\n    ","timestamp":"2026-09-25T18:08:40.006Z"}
{"duration":1,"level":"info","message":"db-query","rows":0,"text":"\n      SELECT company_id, driver_id \n      FROM driver_sinbins \n      WHERE is_active = TRUE \n      AND (updated_at + (sinbin_time || ' minutes')::INTERVAL) <= CURRENT_TIMESTAMP;\n    ","timestamp":"2026-09-25T18:08:45.015Z"}
{"duration":1,"level":"info","message":"db-query","rows":0,"text":"\n      SELECT company_id, driver_id \n      FROM driver_sinbins \n      WHERE is_active = TRUE \n      AND (updated_at + (sinbin_time || ' minutes')::INTERVAL) <= CURRENT_TIMESTAMP;\n    ","timestamp":"2026-09-25T18:08:50.003Z"}
{"duration":2,"level":"info","message":"db-query","rows":0,"text":"\n      SELECT company_id, driver_id \n      FROM driver_sinbins \n      WHERE is_active = TRUE \n      AND (updated_at + (sinbin_time || ' minutes')::INTERVAL) <= CURRENT_TIMESTAMP;\n    ","timestamp":"2026-09-25T18:08:55.017Z"}
{"duration":1,"level":"info","message":"db-query","rows":0,"text":"\n      SELECT company_id, driver_id \n      FROM driver_sinbins \n      WHERE is_active = TRUE \n      AND (updated_at + (sinbin_time || ' minutes')::INTERVAL) <= CURRENT_TIMESTAMP;\n    ","timestamp":"2026-09-25T18:09:00.011Z"}
{"duration":2,"level":"info","message":"db-query","rows":0,"text":"\n      SELECT company_id, driver_id \n      FROM driver_sinbins \n      WHERE is_active = TRUE \n      AND (updated_at + (sinbin_time || ' minutes')::INTERVAL) <= CURRENT_TIMESTAMP;\n    ","timestamp":"2026-09-25T18:09:05.007Z"}
{"duration":1,"level":"info","message":"db-query","rows":0,"text":"\n      SELECT company_id, driver_id \n      FROM driver_sinbins \n      WHERE is_active = TRUE \n      AND (updated_at + (sinbin_time || ' minutes')::INTERVAL) <= CURRENT_TIMESTAMP;\n    ","timestamp":"2026-09-25T18:09:10.006Z"}
{"duration":1,"level":"info","message":"db-query","rows":0,"text":"\n      SELECT company_id, driver_id \n      FROM driver_sinbins \n      WHERE is_active = TRUE \n      AND (updated_at + (sinbin_time || ' minutes')::INTERVAL) <= CURRENT_TIMESTAMP;\n    ","timestamp":"2026-09-25T18:09:15.006Z"}
{"duration":1,"level":"info","message":"db-query","rows":0,"text":"\n      SELECT company_id, driver_id \n      FROM driver_sinbins \n      WHERE is_active = TRUE \n      AND (updated_at + (sinbin_time || ' minutes')::INTERVAL) <= CURRENT_TIMESTAMP;\n    ","timestamp":"2026-09-25T18:09:20.012Z"}
{"duration":1,"level":"info","message":"db-query","rows":0,"text":"\n      SELECT company_id, driver_id \n      FROM driver_sinbins \n      WHERE is_active = TRUE \n      AND (updated_at + (sinbin_time || ' minutes')::INTERVAL) <= CURRENT_TIMESTAMP;\n    ","timestamp":"2026-09-25T18:09:25.006Z"}
{"duration":1,"level":"info","message":"db-query","rows":0,"text":"\n      SELECT company_id, driver_id \n      FROM driver_sinbins \n      WHERE is_active = TRUE \n      AND (updated_at + (sinbin_time || ' minutes')::INTERVAL) <= CURRENT_TIMESTAMP;\n    ","timestamp":"2026-09-25T18:09:30.012Z"}
{"duration":1,"level":"info","message":"db-query","rows":0,"text":"\n      SELECT company_id, driver_id \n      FROM driver_sinbins \n      WHERE is_active = TRUE \n      AND (updated_at + (sinbin_time || ' minutes')::INTERVAL) <= CURRENT_TIMESTAMP;\n    ","timestamp":"2026-09-25T18:09:35.007Z"}
{"duration":1,"level":"info","message":"db-query","rows":0,"text":"\n      SELECT company_id, driver_id \n      FROM driver_sinbins \n      WHERE is_active = TRUE \n      AND (updated_at + (sinbin_time || ' minutes')::INTERVAL) <= CURRENT_TIMESTAMP;\n    ","timestamp":"2026-09-25T18:09:40.013Z"}
{"duration":0,"level":"info","message":"db-query","rows":0,"text":"\n      SELECT company_id, driver_id \n      FROM driver_sinbins \n      WHERE is_active = TRUE \n      AND (updated_at + (sinbin_time || ' minutes')::INTERVAL) <= CURRENT_TIMESTAMP;\n    ","timestamp":"2026-09-25T18:09:45.015Z"}
{"duration":1,"level":"info","message":"db-query","rows":0,"text":"\n      SELECT company_id, driver_id \n      FROM driver_sinbins \n      WHERE is_active = TRUE \n      AND (updated_at + (sinbin_time || ' minutes')::INTERVAL) <= CURRENT_TIMESTAMP;\n    ","timestamp":"2026-09-25T18:09:50.007Z"}
{"duration":1,"level":"info","message":"db-query","rows":0,"text":"\n      SELECT company_id, driver_id \n      FROM driver_sinbins \n      WHERE is_active = TRUE \n      AND (updated_at + (sinbin_time || ' minutes')::INTERVAL) <= CURRENT_TIMESTAMP;\n    ","timestamp":"2026-09-25T18:09:55.011Z"}
{"duration":1,"level":"info","message":"db-query","rows":0,"text":"\n      SELECT company_id, driver_id \n      FROM driver_sinbins \n      WHERE is_active = TRUE \n      AND (updated_at + (sinbin_time || ' minutes')::INTERVAL) <= CURRENT_TIMESTAMP;\n    ","timestamp":"2026-09-25T18:10:00.015Z"}
{"duration":1,"level":"info","message":"db-query","rows":0,"text":"\n      SELECT company_id, driver_id \n      FROM driver_sinbins \n      WHERE is_active = TRUE \n      AND (updated_at + (sinbin_time || ' minutes')::INTERVAL) <= CURRENT_TIMESTAMP;\n    ","timestamp":"2026-09-25T18:10:05.003Z"}
{"duration":1,"level":"info","message":"db-query","rows":0,"text":"\n      SELECT company_id, driver_id \n      FROM driver_sinbins \n      WHERE is_active = TRUE \n      AND (updated_at + (sinbin_time || ' minutes')::INTERVAL) <= CURRENT_TIMESTAMP;\n    ","timestamp":"2026-09-25T18:10:10.004Z"}
{"duration":0,"level":"info","message":"db-query","rows":0,"text":"\n      SELECT company_id, driver_id \n      FROM driver_sinbins \n      WHERE is_active = TRUE \n      AND (updated_at + (sinbin_time || ' minutes')::INTERVAL) <= CURRENT_TIMESTAMP;\n    ","timestamp":"2026-09-25T18:10:15.013Z"}
{"duration":1,"level":"info","message":"db-query","rows":0,"text":"\n      SELECT company_id, driver_id \n      FROM driver_sinbins \n      WHERE is_active = TRUE \n      AND (updated_at + (sinbin_time || ' minutes')::INTERVAL) <= CURRENT_TIMESTAMP;\n    ","timestamp":"2026-09-25T18:10:20.005Z"}
{"duration":1,"level":"info","message":"db-query","rows":0,"text":"\n      SELECT company_id, driver_id \n      FROM driver_sinbins \n      WHERE is_active = TRUE \n      AND (updated_at + (sinbin_time || ' minutes')::INTERVAL) <= CURRENT_TIMESTAMP;\n    ","timestamp":"2026-09-25T18:10:25.013Z"}
{"duration":1,"level":"info","message":"db-query","rows":0,"text":"\n      SELECT company_id, driver_id \n      FROM driver_sinbins \n      WHERE is_active = TRUE \n      AND (updated_at + (sinbin_time || ' minutes')::INTERVAL) <= CURRENT_TIMESTAMP;\n    ","timestamp":"2026-09-25T18:10:30.008Z"}
{"duration":1,"level":"info","message":"db-query","rows":0,"text":"\n      SELECT company_id, driver_id \n      FROM driver_sinbins \n      WHERE is_active = TRUE \n      AND (updated_at + (sinbin_time || ' minutes')::INTERVAL) <= CURRENT_TIMESTAMP;\n    ","timestamp":"2026-09-25T18:10:35.012Z"}
{"duration":0,"level":"info","message":"db-query","rows":0,"text":"\n      SELECT company_id, driver_id \n      FROM driver_sinbins \n      WHERE is_active = TRUE \n      AND (updated_at + (sinbin_time || ' minutes')::INTERVAL) <= CURRENT_TIMESTAMP;\n    ","timestamp":"2026-09-25T18:10:40.012Z"}
{"duration":1,"level":"info","message":"db-query","rows":0,"text":"\n      SELECT company_id, driver_id \n      FROM driver_sinbins \n      WHERE is_active = TRUE \n      AND (updated_at + (sinbin_time || ' minutes')::INTERVAL) <= CURRENT_TIMESTAMP;\n    ","timestamp":"2026-09-25T18:10:45.014Z"}
{"duration":1,"level":"info","message":"db-query","rows":0,"text":"\n      SELECT company_id, driver_id \n      FROM driver_sinbins \n      WHERE is_active = TRUE \n      AND (updated_at + (sinbin_time || ' minutes')::INTERVAL) <= CURRENT_TIMESTAMP;\n    ","timestamp":"2026-09-25T18:10:50.007Z"}
{"duration":1,"level":"info","message":"db-query","rows":0,"text":"\n      SELECT company_id, driver_id \n      FROM driver_sinbins \n      WHERE is_active = TRUE \n      AND (updated_at + (sinbin_time || ' minutes')::INTERVAL) <= CURRENT_TIMESTAMP;\n    ","timestamp":"2026-09-25T18:10:55.008Z"}
{"duration":1,"level":"info","message":"db-query","rows":0,"text":"\n      SELECT company_id, driver_id \n      FROM driver_sinbins \n      WHERE is_active = TRUE \n      AND (updated_at + (sinbin_time || ' minutes')::INTERVAL) <= CURRENT_TIMESTAMP;\n    ","timestamp":"2026-09-25T18:11:00.011Z"}
{"duration":1,"level":"info","message":"db-query","rows":0,"text":"\n      SELECT company_id, driver_id \n      FROM driver_sinbins \n      WHERE is_active = TRUE \n      AND (updated_at + (sinbin_time || ' minutes')::INTERVAL) <= CURRENT_TIMESTAMP;\n    ","timestamp":"2026-09-25T18:11:05.013Z"}
{"duration":1,"level":"info","message":"db-query","rows":0,"text":"\n      SELECT company_id, driver_id \n      FROM driver_sinbins \n      WHERE is_active = TRUE \n      AND (updated_at + (sinbin_time || ' minutes')::INTERVAL) <= CURRENT_TIMESTAMP;\n    ","timestamp":"2026-09-25T18:11:10.010Z"}
{"duration":2,"level":"info","message":"db-query","rows":0,"text":"\n      SELECT company_id, driver_id \n      FROM driver_sinbins \n      WHERE is_active = TRUE \n      AND (updated_at + (sinbin_time || ' minutes')::INTERVAL) <= CURRENT_TIMESTAMP;\n    ","timestamp":"2026-09-25T18:11:15.018Z"}
{"duration":1,"level":"info","message":"db-query","rows":0,"text":"\n      SELECT company_id, driver_id \n      FROM driver_sinbins \n      WHERE is_active = TRUE \n      AND (updated_at + (sinbin_time || ' minutes')::INTERVAL) <= CURRENT_TIMESTAMP;\n    ","timestamp":"2026-09-25T18:11:20.010Z"}
{"duration":1,"level":"info","message":"db-query","rows":0,"text":"\n      SELECT company_id, driver_id \n      FROM driver_sinbins \n      WHERE is_active = TRUE \n      AND (updated_at + (sinbin_time || ' minutes')::INTERVAL) <= CURRENT_TIMESTAMP;\n    ","timestamp":"2026-09-25T18:11:25.007Z"}
{"duration":1,"level":"info","message":"db-query","rows":0,"text":"\n      SELECT company_id, driver_id \n      FROM driver_sinbins \n      WHERE is_active = TRUE \n      AND (updated_at + (sinbin_time || ' minutes')::INTERVAL) <= CURRENT_TIMESTAMP;\n    ","timestamp":"2026-09-25T18:11:30.009Z"}
{"duration":1,"level":"info","message":"db-query","rows":0,"text":"\n      SELECT company_id, driver_id \n      FROM driver_sinbins \n      WHERE is_active = TRUE \n      AND (updated_at + (sinbin_time || ' minutes')::INTERVAL) <= CURRENT_TIMESTAMP;\n    ","timestamp":"2026-09-25T18:11:35.011Z"}
{"duration":1,"level":"info","message":"db-query","rows":0,"text":"\n      SELECT company_id, driver_id \n      FROM driver_sinbins \n      WHERE is_active = TRUE \n      AND (updated_at + (sinbin_time || ' minutes')::INTERVAL) <= CURRENT_TIMESTAMP;\n    ","timestamp":"2026-09-25T18:11:40.008Z"}
{"duration":1,"level":"info","message":"db-query","rows":0,"text":"\n      SELECT company_id, driver_id \n      FROM driver_sinbins \n      WHERE is_active = TRUE \n      AND (updated_at + (sinbin_time || ' minutes')::INTERVAL) <= CURRENT_TIMESTAMP;\n    ","timestamp":"2026-09-25T18:11:45.010Z"}
{"duration":1,"level":"info","message":"db-query","rows":0,"text":"\n      SELECT company_id, driver_id \n      FROM driver_sinbins \n      WHERE is_active = TRUE \n      AND (updated_at + (sinbin_time || ' minutes')::INTERVAL) <= CURRENT_TIMESTAMP;\n    ","timestamp":"2026-09-25T18:11:50.004Z"}
{"duration":1,"level":"info","message":"db-query","rows":0,"text":"\n      SELECT company_id, driver_id \n      FROM driver_sinbins \n      WHERE is_active = TRUE \n      AND (updated_at + (sinbin_time || ' minutes')::INTERVAL) <= CURRENT_TIMESTAMP;\n    ","timestamp":"2026-09-25T18:11:55.005Z"}
{"duration":1,"level":"info","message":"db-query","rows":0,"text":"\n      SELECT company_id, driver_id \n      FROM driver_sinbins \n      WHERE is_active = TRUE \n      AND (updated_at + (sinbin_time || ' minutes')::INTERVAL) <= CURRENT_TIMESTAMP;\n    ","timestamp":"2026-09-25T18:12:00.017Z"}
{"duration":1,"level":"info","message":"db-query","rows":0,"text":"\n      SELECT company_id, driver_id \n      FROM driver_sinbins \n      WHERE is_active = TRUE \n      AND (updated_at + (sinbin_time || ' minutes')::INTERVAL) <= CURRENT_TIMESTAMP;\n    ","timestamp":"2026-09-25T18:12:05.005Z"}
{"duration":1,"level":"info","message":"db-query","rows":0,"text":"\n      SELECT company_id, driver_id \n      FROM driver_sinbins \n      WHERE is_active = TRUE \n      AND (updated_at + (sinbin_time || ' minutes')::INTERVAL) <= CURRENT_TIMESTAMP;\n    ","timestamp":"2026-09-25T18:12:10.002Z"}
{"duration":2,"level":"info","message":"db-query","rows":0,"text":"\n      SELECT company_id, driver_id \n      FROM driver_sinbins \n      WHERE is_active = TRUE \n      AND (updated_at + (sinbin_time || ' minutes')::INTERVAL) <= CURRENT_TIMESTAMP;\n    ","timestamp":"2026-09-25T18:12:15.008Z"}
{"duration":0,"level":"info","message":"db-query","rows":0,"text":"\n      SELECT company_id, driver_id \n      FROM driver_sinbins \n      WHERE is_active = TRUE \n      AND (updated_at + (sinbin_time || ' minutes')::INTERVAL) <= CURRENT_TIMESTAMP;\n    ","timestamp":"2026-09-25T18:12:20.011Z"}
{"duration":1,"level":"info","message":"db-query","rows":0,"text":"\n      SELECT company_id, driver_id \n      FROM driver_sinbins \n      WHERE is_active = TRUE \n      AND (updated_at + (sinbin_time || ' minutes')::INTERVAL) <= CURRENT_TIMESTAMP;\n    ","timestamp":"2026-09-25T18:12:25.005Z"}
{"duration":1,"level":"info","message":"db-query","rows":0,"text":"\n      SELECT company_id, driver_id \n      FROM driver_sinbins \n      WHERE is_active = TRUE \n      AND (updated_at + (sinbin_time || ' minutes')::INTERVAL) <= CURRENT_TIMESTAMP;\n    ","timestamp":"2026-09-25T18:12:30.017Z"}
{"duration":1,"level":"info","message":"db-query","rows":0,"text":"\n      SELECT company_id, driver_id \n      FROM driver_sinbins \n      WHERE is_active = TRUE \n      AND (updated_at + (sinbin_time || ' minutes')::INTERVAL) <= CURRENT_TIMESTAMP;\n    ","timestamp":"2026-09-25T18:12:35.008Z"}
{"duration":0,"level":"info","message":"db-query","rows":0,"text":"\n      SELECT company_id, driver_id \n      FROM driver_sinbins \n      WHERE is_active = TRUE \n      AND (updated_at + (sinbin_time || ' minutes')::INTERVAL) <= CURRENT_TIMESTAMP;\n    ","timestamp":"2026-09-25T18:12:40.004Z"}
{"duration":0,"level":"info","message":"db-query","rows":0,"text":"\n      SELECT company_id, driver_id \n      FROM driver_sinbins \n      WHERE is_active = TRUE \n      AND (updated_at + (sinbin_time || ' minutes')::INTERVAL) <= CURRENT_TIMESTAMP;\n    ","timestamp":"2026-09-25T18:12:45.001Z"}
{"duration":1,"level":"info","message":"db-query","rows":0,"text":"\n      SELECT company_id, driver_id \n      FROM driver_sinbins \n      WHERE is_active = TRUE \n      AND (updated_at + (sinbin_time || ' minutes')::INTERVAL) <= CURRENT_TIMESTAMP;\n    ","timestamp":"2026-09-25T18:12:50.009Z"}
{"duration":0,"level":"info","message":"db-query","rows":0,"text":"\n      SELECT company_id, driver_id \n      FROM driver_sinbins \n      WHERE is_active = TRUE \n      AND (updated_at + (sinbin_time || ' minutes')::INTERVAL) <= CURRENT_TIMESTAMP;\n    ","timestamp":"2026-09-25T18:12:55.008Z"}
{"duration":1,"level":"info","message":"db-query","rows":0,"text":"\n      SELECT company_id, driver_id \n      FROM driver_sinbins \n      WHERE is_active = TRUE \n      AND (updated_at + (sinbin_time || ' minutes')::INTERVAL) <= CURRENT_TIMESTAMP;\n    ","timestamp":"2026-09-25T18:13:00.010Z"}
{"duration":0,"level":"info","message":"db-query","rows":0,"text":"\n      SELECT company_id, driver_id \n      FROM driver_sinbins \n      WHERE is_active = TRUE \n      AND (updated_at + (sinbin_time || ' minutes')::INTERVAL) <= CURRENT_TIMESTAMP;\n    ","timestamp":"2026-09-25T18:13:05.006Z"}
{"duration":1,"level":"info","message":"db-query","rows":0,"text":"\n      SELECT company_id, driver_id \n      FROM driver_sinbins \n      WHERE is_active = TRUE \n      AND (updated_at + (sinbin_time || ' minutes')::INTERVAL) <= CURRENT_TIMESTAMP;\n    ","timestamp":"2026-09-25T18:13:10.006Z"}
{"duration":1,"level":"info","message":"db-query","rows":0,"text":"\n      SELECT company_id, driver_id \n      FROM driver_sinbins \n      WHERE is_active = TRUE \n      AND (updated_at + (sinbin_time || ' minutes')::INTERVAL) <= CURRENT_TIMESTAMP;\n    ","timestamp":"2026-09-25T18:13:15.008Z"}
{"duration":1,"level":"info","message":"db-query","rows":0,"text":"\n      SELECT company_id, driver_id \n      FROM driver_sinbins \n      WHERE is_active = TRUE \n      AND (updated_at + (sinbin_time || ' minutes')::INTERVAL) <= CURRENT_TIMESTAMP;\n    ","timestamp":"2026-09-25T18:13:20.016Z"}
{"duration":2,"level":"info","message":"db-query","rows":0,"text":"\n      SELECT company_id, driver_id \n      FROM driver_sinbins \n      WHERE is_active = TRUE \n      AND (updated_at + (sinbin_time || ' minutes')::INTERVAL) <= CURRENT_TIMESTAMP;\n    ","timestamp":"2026-09-25T18:13:25.013Z"}
{"duration":1,"level":"info","message":"db-query","rows":0,"text":"\n      SELECT company_id, driver_id \n      FROM driver_sinbins \n      WHERE is_active = TRUE \n      AND (updated_at + (sinbin_time || ' minutes')::INTERVAL) <= CURRENT_TIMESTAMP;\n    ","timestamp":"2026-09-25T18:13:30.003Z"}
{"duration":1,"level":"info","message":"db-query","rows":0,"text":"\n      SELECT company_id, driver_id \n      FROM driver_sinbins \n      WHERE is_active = TRUE \n      AND (updated_at + (sinbin_time || ' minutes')::INTERVAL) <= CURRENT_TIMESTAMP;\n    ","timestamp":"2026-09-25T18:13:35.006Z"}
{"duration":1,"level":"info","message":"db-query","rows":0,"text":"\n      SELECT company_id, driver_id \n      FROM driver_sinbins \n      WHERE is_active = TRUE \n      AND (updated_at + (sinbin_time || ' minutes')::INTERVAL) <= CURRENT_TIMESTAMP;\n    ","timestamp":"2026-09-25T18:13:40.011Z"}
{"duration":2,"level":"info","message":"db-query","rows":0,"text":"\n      SELECT company_id, driver_id \n      FROM driver_sinbins \n      WHERE is_active = TRUE \n      AND (updated_at + (sinbin_time || ' minutes')::INTERVAL) <= CURRENT_TIMESTAMP;\n    ","timestamp":"2026-09-25T18:13:45.015Z"}
{"duration":1,"level":"info","message":"db-query","rows":0,"text":"\n      SELECT company_id, driver_id \n      FROM driver_sinbins \n      WHERE is_active = TRUE \n      AND (updated_at + (sinbin_time || ' minutes')::INTERVAL) <= CURRENT_TIMESTAMP;\n    ","timestamp":"2026-09-25T18:13:50.013Z"}
{"duration":1,"level":"info","message":"db-query","rows":0,"text":"\n      SELECT company_id, driver_id \n      FROM driver_sinbins \n      WHERE is_active = TRUE \n      AND (updated_at + (sinbin_time || ' minutes')::INTERVAL) <= CURRENT_TIMESTAMP;\n    ","timestamp":"2026-09-25T18:13:55.008Z"}
{"duration":2,"level":"info","message":"db-query","rows":0,"text":"\n      SELECT company_id, driver_id \n      FROM driver_sinbins \n      WHERE is_active = TRUE \n      AND (updated_at + (sinbin_time || ' minutes')::INTERVAL) <= CURRENT_TIMESTAMP;\n    ","timestamp":"2026-09-25T18:14:00.003Z"}
{"duration":1,"level":"info","message":"db-query","rows":0,"text":"\n      SELECT company_id, driver_id \n      FROM driver_sinbins \n      WHERE is_active = TRUE \n      AND (updated_at + (sinbin_time || ' minutes')::INTERVAL) <= CURRENT_TIMESTAMP;\n    ","timestamp":"2026-09-25T18:14:05.016Z"}
{"duration":1,"level":"info","message":"db-query","rows":0,"text":"\n      SELECT company_id, driver_id \n      FROM driver_sinbins \n      WHERE is_active = TRUE \n      AND (updated_at + (sinbin_time || ' minutes')::INTERVAL) <= CURRENT_TIMESTAMP;\n    ","timestamp":"2026-09-25T18:14:10.013Z"}
{"duration":1,"level":"info","message":"db-query","rows":0,"text":"\n      SELECT company_id, driver_id \n      FROM driver_sinbins \n      WHERE is_active = TRUE \n      AND (updated_at + (sinbin_time || ' minutes')::INTERVAL) <= CURRENT_TIMESTAMP;\n    ","timestamp":"2026-09-25T18:14:15.014Z"}
{"duration":1,"level":"info","message":"db-query","rows":0,"text":"\n      SELECT company_id, driver_id \n      FROM driver_sinbins \n      WHERE is_active = TRUE \n      AND (updated_at + (sinbin_time || ' minutes')::INTERVAL) <= CURRENT_TIMESTAMP;\n    ","timestamp":"2026-09-25T18:14:20.013Z"}
{"duration":1,"level":"info","message":"db-query","rows":0,"text":"\n      SELECT company_id, driver_id \n      FROM driver_sinbins \n      WHERE is_active = TRUE \n      AND (updated_at + (sinbin_time || ' minutes')::INTERVAL) <= CURRENT_TIMESTAMP;\n    ","timestamp":"2026-09-25T18:14:25.007Z"}
{"duration":1,"level":"info","message":"db-query","rows":0,"text":"\n      SELECT company_id, driver_id \n      FROM driver_sinbins \n      WHERE is_active = TRUE \n      AND (updated_at + (sinbin_time || ' minutes')::INTERVAL) <= CURRENT_TIMESTAMP;\n    ","timestamp":"2026-09-25T18:14:30.006Z"}
{"duration":0,"level":"info","message":"db-query","rows":0,"text":"\n      SELECT company_id, driver_id \n      FROM driver_sinbins \n      WHERE is_active = TRUE \n      AND (updated_at + (sinbin_time || ' minutes')::INTERVAL) <= CURRENT_TIMESTAMP;\n    ","timestamp":"2026-09-25T18:14:35.015Z"}
{"duration":1,"level":"info","message":"db-query","rows":0,"text":"\n      SELECT company_id, driver_id \n      FROM driver_sinbins \n      WHERE is_active = TRUE \n      AND (updated_at + (sinbin_time || ' minutes')::INTERVAL) <= CURRENT_TIMESTAMP;\n    ","timestamp":"2026-09-25T18:14:40.008Z"}
{"duration":1,"level":"info","message":"db-query","rows":0,"text":"\n      SELECT company_id, driver_id \n      FROM driver_sinbins \n      WHERE is_active = TRUE \n      AND (updated_at + (sinbin_time || ' minutes')::INTERVAL) <= CURRENT_TIMESTAMP;\n    ","timestamp":"2026-09-25T18:14:45.011Z"}
{"duration":1,"level":"info","message":"db-query","rows":0,"text":"\n      SELECT company_id, driver_id \n      FROM driver_sinbins \n      WHERE is_active = TRUE \n      AND (updated_at + (sinbin_time || ' minutes')::INTERVAL) <= CURRENT_TIMESTAMP;\n    ","timestamp":"2026-09-25T18:14:50.007Z"}
{"duration":1,"level":"info","message":"db-query","rows":0,"text":"\n      SELECT company_id, driver_id \n      FROM driver_sinbins \n      WHERE is_active = TRUE \n      AND (updated_at + (sinbin_time || ' minutes')::INTERVAL) <= CURRENT_TIMESTAMP;\n    ","timestamp":"2026-09-25T18:14:55.008Z"}
{"duration":1,"level":"info","message":"db-query","rows":0,"text":"\n      SELECT company_id, driver_id \n      FROM driver_sinbins \n      WHERE is_active = TRUE \n      AND (updated_at + (sinbin_time || ' minutes')::INTERVAL) <= CURRENT_TIMESTAMP;\n    ","timestamp":"2026-09-25T18:15:00.017Z"}
{"duration":2,"level":"info","message":"db-query","rows":0,"text":"\n      SELECT company_id, driver_id \n      FROM driver_sinbins \n      WHERE is_active = TRUE \n      AND (updated_at + (sinbin_time || ' minutes')::INTERVAL) <= CURRENT_TIMESTAMP;\n    ","timestamp":"2026-09-25T18:15:05.014Z"}
{"duration":1,"level":"info","message":"db-query","rows":0,"text":"\n      SELECT company_id, driver_id \n      FROM driver_sinbins \n      WHERE is_active = TRUE \n      AND (updated_at + (sinbin_time || ' minutes')::INTERVAL) <= CURRENT_TIMESTAMP;\n    ","timestamp":"2026-09-25T18:15:10.010Z"}
{"duration":2,"level":"info","message":"db-query","rows":0,"text":"\n      SELECT company_id, driver_id \n      FROM driver_sinbins \n      WHERE is_active = TRUE \n      AND (updated_at + (sinbin_time || ' minutes')::INTERVAL) <= CURRENT_TIMESTAMP;\n    ","timestamp":"2026-09-25T18:15:15.017Z"}
{"duration":1,"level":"info","message":"db-query","rows":0,"text":"\n      SELECT company_id, driver_id \n      FROM driver_sinbins \n      WHERE is_active = TRUE \n      AND (updated_at + (sinbin_time || ' minutes')::INTERVAL) <= CURRENT_TIMESTAMP;\n    ","timestamp":"2026-09-25T18:15:20.015Z"}
{"duration":1,"level":"info","message":"db-query","rows":0,"text":"\n      SELECT company_id, driver_id \n      FROM driver_sinbins \n      WHERE is_active = TRUE \n      AND (updated_at + (sinbin_time || ' minutes')::INTERVAL) <= CURRENT_TIMESTAMP;\n    ","timestamp":"2026-09-25T18:15:25.010Z"}
{"duration":1,"level":"info","message":"db-query","rows":0,"text":"\n      SELECT company_id, driver_id \n      FROM driver_sinbins \n      WHERE is_active = TRUE \n      AND (updated_at + (sinbin_time || ' minutes')::INTERVAL) <= CURRENT_TIMESTAMP;\n    ","timestamp":"2026-09-25T18:15:30.008Z"}
{"duration":2,"level":"info","message":"db-query","rows":0,"text":"\n      SELECT company_id, driver_id \n      FROM driver_sinbins \n      WHERE is_active = TRUE \n      AND (updated_at + (sinbin_time || ' minutes')::INTERVAL) <= CURRENT_TIMESTAMP;\n    ","timestamp":"2026-09-25T18:15:35.018Z"}
{"duration":1,"level":"info","message":"db-query","rows":0,"text":"\n      SELECT company_id, driver_id \n      FROM driver_sinbins \n      WHERE is_active = TRUE \n      AND (updated_at + (sinbin_time || ' minutes')::INTERVAL) <= CURRENT_TIMESTAMP;\n    ","timestamp":"2026-09-25T18:15:40.013Z"}
{"duration":1,"level":"info","message":"db-query","rows":0,"text":"\n      SELECT company_id, driver_id \n      FROM driver_sinbins \n      WHERE is_active = TRUE \n      AND (updated_at + (sinbin_time || ' minutes')::INTERVAL) <= CURRENT_TIMESTAMP;\n    ","timestamp":"2026-09-25T18:15:45.013Z"}
{"duration":1,"level":"info","message":"db-query","rows":0,"text":"\n      SELECT company_id, driver_id \n      FROM driver_sinbins \n      WHERE is_active = TRUE \n      AND (updated_at + (sinbin_time || ' minutes')::INTERVAL) <= CURRENT_TIMESTAMP;\n    ","timestamp":"2026-09-25T18:15:50.014Z"}
{"duration":2,"level":"info","message":"db-query","rows":0,"text":"\n      SELECT company_id, driver_id \n      FROM driver_sinbins \n      WHERE is_active = TRUE \n      AND (updated_at + (sinbin_time || ' minutes')::INTERVAL) <= CURRENT_TIMESTAMP;\n    ","timestamp":"2026-09-25T18:15:55.010Z"}
{"duration":1,"level":"info","message":"db-query","rows":0,"text":"\n      SELECT company_id, driver_id \n      FROM driver_sinbins \n      WHERE is_active = TRUE \n      AND (updated_at + (sinbin_time || ' minutes')::INTERVAL) <= CURRENT_TIMESTAMP;\n    ","timestamp":"2026-09-25T18:16:00.012Z"}
{"duration":1,"level":"info","message":"db-query","rows":0,"text":"\n      SELECT company_id, driver_id \n      FROM driver_sinbins \n      WHERE is_active = TRUE \n      AND (updated_at + (sinbin_time || ' minutes')::INTERVAL) <= CURRENT_TIMESTAMP;\n    ","timestamp":"2026-09-25T18:16:05.013Z"}
{"duration":1,"level":"info","message":"db-query","rows":0,"text":"\n      SELECT company_id, driver_id \n      FROM driver_sinbins \n      WHERE is_active = TRUE \n      AND (updated_at + (sinbin_time || ' minutes')::INTERVAL) <= CURRENT_TIMESTAMP;\n    ","timestamp":"2026-09-25T18:16:10.014Z"}
{"duration":1,"level":"info","message":"db-query","rows":0,"text":"\n      SELECT company_id, driver_id \n      FROM driver_sinbins \n      WHERE is_active = TRUE \n      AND (updated_at + (sinbin_time || ' minutes')::INTERVAL) <= CURRENT_TIMESTAMP;\n    ","timestamp":"2026-09-25T18:16:15.008Z"}
{"duration":1,"level":"info","message":"db-query","rows":0,"text":"\n      SELECT company_id, driver_id \n      FROM driver_sinbins \n      WHERE is_active = TRUE \n      AND (updated_at + (sinbin_time || ' minutes')::INTERVAL) <= CURRENT_TIMESTAMP;\n    ","timestamp":"2026-09-25T18:16:20.011Z"}
{"duration":1,"level":"info","message":"db-query","rows":0,"text":"\n      SELECT company_id, driver_id \n      FROM driver_sinbins \n      WHERE is_active = TRUE \n      AND (updated_at + (sinbin_time || ' minutes')::INTERVAL) <= CURRENT_TIMESTAMP;\n    ","timestamp":"2026-09-25T18:16:25.010Z"}
{"duration":2,"level":"info","message":"db-query","rows":0,"text":"\n      SELECT company_id, driver_id \n      FROM driver_sinbins \n      WHERE is_active = TRUE \n      AND (updated_at + (sinbin_time || ' minutes')::INTERVAL) <= CURRENT_TIMESTAMP;\n    ","timestamp":"2026-09-25T18:16:30.014Z"}
{"duration":1,"level":"info","message":"db-query","rows":0,"text":"\n      SELECT company_id, driver_id \n      FROM driver_sinbins \n      WHERE is_active = TRUE \n      AND (updated_at + (sinbin_time || ' minutes')::INTERVAL) <= CURRENT_TIMESTAMP;\n    ","timestamp":"2026-09-25T18:16:35.003Z"}
{"duration":1,"level":"info","message":"db-query","rows":0,"text":"\n      SELECT company_id, driver_id \n      FROM driver_sinbins \n      WHERE is_active = TRUE \n      AND (updated_at + (sinbin_time || ' minutes')::INTERVAL) <= CURRENT_TIMESTAMP;\n    ","timestamp":"2026-09-25T18:16:40.003Z"}
{"duration":1,"level":"info","message":"db-query","rows":0,"text":"\n      SELECT company_id, driver_id \n      FROM driver_sinbins \n      WHERE is_active = TRUE \n      AND (updated_at + (sinbin_time || ' minutes')::INTERVAL) <= CURRENT_TIMESTAMP;\n    ","timestamp":"2026-09-25T18:16:45.008Z"}
{"duration":1,"level":"info","message":"db-query","rows":0,"text":"\n      SELECT company_id, driver_id \n      FROM driver_sinbins \n      WHERE is_active = TRUE \n      AND (updated_at + (sinbin_time || ' minutes')::INTERVAL) <= CURRENT_TIMESTAMP;\n    ","timestamp":"2026-09-25T18:16:50.007Z"}
{"duration":2,"level":"info","message":"db-query","rows":0,"text":"\n      SELECT company_id, driver_id \n      FROM driver_sinbins \n      WHERE is_active = TRUE \n      AND (updated_at + (sinbin_time || ' minutes')::INTERVAL) <= CURRENT_TIMESTAMP;\n    ","timestamp":"2026-09-25T18:16:55.014Z"}
{"duration":2,"level":"info","message":"db-query","rows":0,"text":"\n      SELECT company_id, driver_id \n      FROM driver_sinbins \n      WHERE is_active = TRUE \n      AND (updated_at + (sinbin_time || ' minutes')::INTERVAL) <= CURRENT_TIMESTAMP;\n    ","timestamp":"2026-09-25T18:17:00.017Z"}
{"duration":1,"level":"info","message":"db-query","rows":0,"text":"\n      SELECT company_id, driver_id \n      FROM driver_sinbins \n      WHERE is_active = TRUE \n      AND (updated_at + (sinbin_time || ' minutes')::INTERVAL) <= CURRENT_TIMESTAMP;\n    ","timestamp":"2026-09-25T18:17:05.012Z"}
{"duration":1,"level":"info","message":"db-query","rows":0,"text":"\n      SELECT company_id, driver_id \n      FROM driver_sinbins \n      WHERE is_active = TRUE \n      AND (updated_at + (sinbin_time || ' minutes')::INTERVAL) <= CURRENT_TIMESTAMP;\n    ","timestamp":"2026-09-25T18:17:10.003Z"}
{"duration":2,"level":"info","message":"db-query","rows":0,"text":"\n      SELECT company_id, driver_id \n      FROM driver_sinbins \n      WHERE is_active = TRUE \n      AND (updated_at + (sinbin_time || ' minutes')::INTERVAL) <= CURRENT_TIMESTAMP;\n    ","timestamp":"2026-09-25T18:17:15.010Z"}
{"duration":1,"level":"info","message":"db-query","rows":0,"text":"\n      SELECT company_id, driver_id \n      FROM driver_sinbins \n      WHERE is_active = TRUE \n      AND (updated_at + (sinbin_time || ' minutes')::INTERVAL) <= CURRENT_TIMESTAMP;\n    ","timestamp":"2026-09-25T18:17:20.011Z"}
{"duration":2,"level":"info","message":"db-query","rows":0,"text":"\n      SELECT company_id, driver_id \n      FROM driver_sinbins \n      WHERE is_active = TRUE \n      AND (updated_at + (sinbin_time || ' minutes')::INTERVAL) <= CURRENT_TIMESTAMP;\n    ","timestamp":"2026-09-25T18:17:25.013Z"}
{"duration":1,"level":"info","message":"db-query","rows":0,"text":"\n      SELECT company_id, driver_id \n      FROM driver_sinbins \n      WHERE is_active = TRUE \n      AND (updated_at + (sinbin_time || ' minutes')::INTERVAL) <= CURRENT_TIMESTAMP;\n    ","timestamp":"2026-09-25T18:17:30.009Z"}
{"duration":1,"level":"info","message":"db-query","rows":0,"text":"\n      SELECT company_id, driver_id \n      FROM driver_sinbins \n      WHERE is_active = TRUE \n      AND (updated_at + (sinbin_time || ' minutes')::INTERVAL) <= CURRENT_TIMESTAMP;\n    ","timestamp":"2026-09-25T18:17:35.003Z"}
{"duration":1,"level":"info","message":"db-query","rows":0,"text":"\n      SELECT company_id, driver_id \n      FROM driver_sinbins \n      WHERE is_active = TRUE \n      AND (updated_at + (sinbin_time || ' minutes')::INTERVAL) <= CURRENT_TIMESTAMP;\n    ","timestamp":"2026-09-25T18:17:40.009Z"}
{"duration":1,"level":"info","message":"db-query","rows":0,"text":"\n      SELECT company_id, driver_id \n      FROM driver_sinbins \n      WHERE is_active = TRUE \n      AND (updated_at + (sinbin_time || ' minutes')::INTERVAL) <= CURRENT_TIMESTAMP;\n    ","timestamp":"2026-09-25T18:17:45.012Z"}
{"duration":1,"level":"info","message":"db-query","rows":0,"text":"\n      SELECT company_id, driver_id \n      FROM driver_sinbins \n      WHERE is_active = TRUE \n      AND (updated_at + (sinbin_time || ' minutes')::INTERVAL) <= CURRENT_TIMESTAMP;\n    ","timestamp":"2026-09-25T18:17:50.006Z"}
{"duration":1,"level":"info","message":"db-query","rows":0,"text":"\n      SELECT company_id, driver_id \n      FROM driver_sinbins \n      WHERE is_active = TRUE \n      AND (updated_at + (sinbin_time || ' minutes')::INTERVAL) <= CURRENT_TIMESTAMP;\n    ","timestamp":"2026-09-25T18:17:55.006Z"}
{"duration":1,"level":"info","message":"db-query","rows":0,"text":"\n      SELECT company_id, driver_id \n      FROM driver_sinbins \n      WHERE is_active = TRUE \n      AND (updated_at + (sinbin_time || ' minutes')::INTERVAL) <= CURRENT_TIMESTAMP;\n    ","timestamp":"2026-09-25T18:18:00.018Z"}
{"duration":1,"level":"info","message":"db-query","rows":0,"text":"\n      SELECT company_id, driver_id \n      FROM driver_sinbins \n      WHERE is_active = TRUE \n      AND (updated_at + (sinbin_time || ' minutes')::INTERVAL) <= CURRENT_TIMESTAMP;\n    ","timestamp":"2026-09-25T18:18:05.014Z"}
{"duration":1,"level":"info","message":"db-query","rows":0,"text":"\n      SELECT company_id, driver_id \n      FROM driver_sinbins \n      WHERE is_active = TRUE \n      AND (updated_at + (sinbin_time || ' minutes')::INTERVAL) <= CURRENT_TIMESTAMP;\n    ","timestamp":"2026-09-25T18:18:10.003Z"}
{"duration":1,"level":"info","message":"db-query","rows":0,"text":"\n      SELECT company_id, driver_id \n      FROM driver_sinbins \n      WHERE is_active = TRUE \n      AND (updated_at + (sinbin_time || ' minutes')::INTERVAL) <= CURRENT_TIMESTAMP;\n    ","timestamp":"2026-09-25T18:18:15.006Z"}
{"duration":1,"level":"info","message":"db-query","rows":0,"text":"\n      SELECT company_id, driver_id \n      FROM driver_sinbins \n      WHERE is_active = TRUE \n      AND (updated_at + (sinbin_time || ' minutes')::INTERVAL) <= CURRENT_TIMESTAMP;\n    ","timestamp":"2026-09-25T18:18:20.012Z"}
{"duration":0,"level":"info","message":"db-query","rows":0,"text":"\n      SELECT company_id, driver_id \n      FROM driver_sinbins \n      WHERE is_active = TRUE \n      AND (updated_at + (sinbin_time || ' minutes')::INTERVAL) <= CURRENT_TIMESTAMP;\n    ","timestamp":"2026-09-25T18:18:25.011Z"}
{"duration":1,"level":"info","message":"db-query","rows":0,"text":"\n      SELECT company_id, driver_id \n      FROM driver_sinbins \n      WHERE is_active = TRUE \n      AND (updated_at + (sinbin_time || ' minutes')::INTERVAL) <= CURRENT_TIMESTAMP;\n    ","timestamp":"2026-09-25T18:18:30.010Z"}
{"duration":1,"level":"info","message":"db-query","rows":0,"text":"\n      SELECT company_id, driver_id \n      FROM driver_sinbins \n      WHERE is_active = TRUE \n      AND (updated_at + (sinbin_time || ' minutes')::INTERVAL) <= CURRENT_TIMESTAMP;\n    ","timestamp":"2026-09-25T18:18:35.016Z"}
{"duration":0,"level":"info","message":"db-query","rows":0,"text":"\n      SELECT company_id, driver_id \n      FROM driver_sinbins \n      WHERE is_active = TRUE \n      AND (updated_at + (sinbin_time || ' minutes')::INTERVAL) <= CURRENT_TIMESTAMP;\n    ","timestamp":"2026-09-25T18:18:40.003Z"}
{"duration":1,"level":"info","message":"db-query","rows":0,"text":"\n      SELECT company_id, driver_id \n      FROM driver_sinbins \n      WHERE is_active = TRUE \n      AND (updated_at + (sinbin_time || ' minutes')::INTERVAL) <= CURRENT_TIMESTAMP;\n    ","timestamp":"2026-09-25T18:18:45.011Z"}
{"duration":1,"level":"info","message":"db-query","rows":0,"text":"\n      SELECT company_id, driver_id \n      FROM driver_sinbins \n      WHERE is_active = TRUE \n      AND (updated_at + (sinbin_time || ' minutes')::INTERVAL) <= CURRENT_TIMESTAMP;\n    ","timestamp":"2026-09-25T18:18:50.004Z"}
{"duration":1,"level":"info","message":"db-query","rows":0,"text":"\n      SELECT company_id, driver_id \n      FROM driver_sinbins \n      WHERE is_active = TRUE \n      AND (updated_at + (sinbin_time || ' minutes')::INTERVAL) <= CURRENT_TIMESTAMP;\n    ","timestamp":"2026-09-25T18:18:55.006Z"}
{"duration":1,"level":"info","message":"db-query","rows":0,"text":"\n      SELECT company_id, driver_id \n      FROM driver_sinbins \n      WHERE is_active = TRUE \n      AND (updated_at + (sinbin_time || ' minutes')::INTERVAL) <= CURRENT_TIMESTAMP;\n    ","timestamp":"2026-09-25T18:19:00.016Z"}
{"duration":1,"level":"info","message":"db-query","rows":0,"text":"\n      SELECT company_id, driver_id \n      FROM driver_sinbins \n      WHERE is_active = TRUE \n      AND (updated_at + (sinbin_time || ' minutes')::INTERVAL) <= CURRENT_TIMESTAMP;\n    ","timestamp":"2026-09-25T18:19:05.017Z"}
{"duration":0,"level":"info","message":"db-query","rows":0,"text":"\n      SELECT company_id, driver_id \n      FROM driver_sinbins \n      WHERE is_active = TRUE \n      AND (updated_at + (sinbin_time || ' minutes')::INTERVAL) <= CURRENT_TIMESTAMP;\n    ","timestamp":"2026-09-25T18:19:10.006Z"}
{"duration":1,"level":"info","message":"db-query","rows":0,"text":"\n      SELECT company_id, driver_id \n      FROM driver_sinbins \n      WHERE is_active = TRUE \n      AND (updated_at + (sinbin_time || ' minutes')::INTERVAL) <= CURRENT_TIMESTAMP;\n    ","timestamp":"2026-09-25T18:19:15.005Z"}
{"duration":0,"level":"info","message":"db-query","rows":0,"text":"\n      SELECT company_id, driver_id \n      FROM driver_sinbins \n      WHERE is_active = TRUE \n      AND (updated_at + (sinbin_time || ' minutes')::INTERVAL) <= CURRENT_TIMESTAMP;\n    ","timestamp":"2026-09-25T18:19:20.005Z"}
{"duration":1,"level":"info","message":"db-query","rows":0,"text":"\n      SELECT company_id, driver_id \n      FROM driver_sinbins \n      WHERE is_active = TRUE \n      AND (updated_at + (sinbin_time || ' minutes')::INTERVAL) <= CURRENT_TIMESTAMP;\n    ","timestamp":"2026-09-25T18:19:25.013Z"}
{"duration":1,"level":"info","message":"db-query","rows":0,"text":"\n      SELECT company_id, driver_id \n      FROM driver_sinbins \n      WHERE is_active = TRUE \n      AND (updated_at + (sinbin_time || ' minutes')::INTERVAL) <= CURRENT_TIMESTAMP;\n    ","timestamp":"2026-09-25T18:19:30.006Z"}
{"duration":1,"level":"info","message":"db-query","rows":0,"text":"\n      SELECT company_id, driver_id \n      FROM driver_sinbins \n      WHERE is_active = TRUE \n      AND (updated_at + (sinbin_time || ' minutes')::INTERVAL) <= CURRENT_TIMESTAMP;\n    ","timestamp":"2026-09-25T18:19:35.016Z"}
{"duration":2,"level":"info","message":"db-query","rows":0,"text":"\n      SELECT company_id, driver_id \n      FROM driver_sinbins \n      WHERE is_active = TRUE \n      AND (updated_at + (sinbin_time || ' minutes')::INTERVAL) <= CURRENT_TIMESTAMP;\n    ","timestamp":"2026-09-25T18:19:40.010Z"}
{"duration":1,"level":"info","message":"db-query","rows":0,"text":"\n      SELECT company_id, driver_id \n      FROM driver_sinbins \n      WHERE is_active = TRUE \n      AND (updated_at + (sinbin_time || ' minutes')::INTERVAL) <= CURRENT_TIMESTAMP;\n    ","timestamp":"2026-09-25T18:19:45.009Z"}
{"duration":1,"level":"info","message":"db-query","rows":0,"text":"\n      SELECT company_id, driver_id \n      FROM driver_sinbins \n      WHERE is_active = TRUE \n      AND (updated_at + (sinbin_time || ' minutes')::INTERVAL) <= CURRENT_TIMESTAMP;\n    ","timestamp":"2026-09-25T18:19:50.016Z"}
{"duration":0,"level":"info","message":"db-query","rows":0,"text":"\n      SELECT company_id, driver_id \n      FROM driver_sinbins \n      WHERE is_active = TRUE \n      AND (updated_at + (sinbin_time || ' minutes')::INTERVAL) <= CURRENT_TIMESTAMP;\n    ","timestamp":"2026-09-25T18:19:55.011Z"}
{"duration":15,"level":"info","message":"db-query","rows":26,"text":"SELECT * FROM location_types","timestamp":"2026-09-25T18:20:01.860Z"}
{"level":"info","message":"GET /api/location-types 200 29.886 ms","timestamp":"2026-09-25T18:20:01.873Z"}
{"duration":69,"level":"info","message":"db-query","rows":26,"text":"SELECT * FROM location_types","timestamp":"2026-09-25T18:20:01.920Z"}
{"level":"info","message":"GET /api/location-types 200 71.282 ms","timestamp":"2026-09-25T18:20:01.921Z"}
{"duration":4,"level":"info","message":"db-query","rows":0,"text":"\n      SELECT company_id, driver_id \n      FROM driver_sinbins \n      WHERE is_active = TRUE \n      AND (updated_at + (sinbin_time || ' minutes')::INTERVAL) <= CURRENT_TIMESTAMP;\n    ","timestamp":"2026-09-25T18:20:05.011Z"}
{"duration":1,"level":"info","message":"db-query","rows":0,"text":"\n      SELECT company_id, driver_id \n      FROM driver_sinbins \n      WHERE is_active = TRUE \n      AND (updated_at + (sinbin_time || ' minutes')::INTERVAL) <= CURRENT_TIMESTAMP;\n    ","timestamp":"2026-09-25T18:20:10.013Z"}
{"duration":2,"level":"info","message":"db-query","rows":0,"text":"\n      SELECT company_id, driver_id \n      FROM driver_sinbins \n      WHERE is_active = TRUE \n      AND (updated_at + (sinbin_time || ' minutes')::INTERVAL) <= CURRENT_TIMESTAMP;\n    ","timestamp":"2026-09-25T18:20:15.007Z"}
{"duration":1,"level":"info","message":"db-query","rows":0,"text":"\n      SELECT company_id, driver_id \n      FROM driver_sinbins \n      WHERE is_active = TRUE \n      AND (updated_at + (sinbin_time || ' minutes')::INTERVAL) <= CURRENT_TIMESTAMP;\n    ","timestamp":"2026-09-25T18:20:20.005Z"}
{"duration":2,"level":"info","message":"db-query","rows":0,"text":"\n      SELECT company_id, driver_id \n      FROM driver_sinbins \n      WHERE is_active = TRUE \n      AND (updated_at + (sinbin_time || ' minutes')::INTERVAL) <= CURRENT_TIMESTAMP;\n    ","timestamp":"2026-09-25T18:20:25.011Z"}
{"duration":2,"level":"info","message":"db-query","rows":0,"text":"\n      SELECT company_id, driver_id \n      FROM driver_sinbins \n      WHERE is_active = TRUE \n      AND (updated_at + (sinbin_time || ' minutes')::INTERVAL) <= CURRENT_TIMESTAMP;\n    ","timestamp":"2026-09-25T18:20:30.019Z"}
{"duration":1,"level":"info","message":"db-query","rows":0,"text":"\n      SELECT company_id, driver_id \n      FROM driver_sinbins \n      WHERE is_active = TRUE \n      AND (updated_at + (sinbin_time || ' minutes')::INTERVAL) <= CURRENT_TIMESTAMP;\n    ","timestamp":"2026-09-25T18:20:35.006Z"}
{"duration":2,"level":"info","message":"db-query","rows":0,"text":"\n      SELECT company_id, driver_id \n      FROM driver_sinbins \n      WHERE is_active = TRUE \n      AND (updated_at + (sinbin_time || ' minutes')::INTERVAL) <= CURRENT_TIMESTAMP;\n    ","timestamp":"2026-09-25T18:20:40.011Z"}
{"duration":2,"level":"info","message":"db-query","rows":0,"text":"\n      SELECT company_id, driver_id \n      FROM driver_sinbins \n      WHERE is_active = TRUE \n      AND (updated_at + (sinbin_time || ' minutes')::INTERVAL) <= CURRENT_TIMESTAMP;\n    ","timestamp":"2026-09-25T18:20:45.007Z"}
{"duration":2,"level":"info","message":"db-query","rows":0,"text":"\n      SELECT company_id, driver_id \n      FROM driver_sinbins \n      WHERE is_active = TRUE \n      AND (updated_at + (sinbin_time || ' minutes')::INTERVAL) <= CURRENT_TIMESTAMP;\n    ","timestamp":"2026-09-25T18:20:50.016Z"}
{"duration":1,"level":"info","message":"db-query","rows":0,"text":"\n      SELECT company_id, driver_id \n      FROM driver_sinbins \n      WHERE is_active = TRUE \n      AND (updated_at + (sinbin_time || ' minutes')::INTERVAL) <= CURRENT_TIMESTAMP;\n    ","timestamp":"2026-09-25T18:20:55.012Z"}
{"duration":1,"level":"info","message":"db-query","rows":0,"text":"\n      SELECT company_id, driver_id \n      FROM driver_sinbins \n      WHERE is_active = TRUE \n      AND (updated_at + (sinbin_time || ' minutes')::INTERVAL) <= CURRENT_TIMESTAMP;\n    ","timestamp":"2026-09-25T18:21:00.019Z"}
{"duration":1,"level":"info","message":"db-query","rows":0,"text":"\n      SELECT company_id, driver_id \n      FROM driver_sinbins \n      WHERE is_active = TRUE \n      AND (updated_at + (sinbin_time || ' minutes')::INTERVAL) <= CURRENT_TIMESTAMP;\n    ","timestamp":"2026-09-25T18:21:05.014Z"}
{"duration":1,"level":"info","message":"db-query","rows":0,"text":"\n      SELECT company_id, driver_id \n      FROM driver_sinbins \n      WHERE is_active = TRUE \n      AND (updated_at + (sinbin_time || ' minutes')::INTERVAL) <= CURRENT_TIMESTAMP;\n    ","timestamp":"2026-09-25T18:21:10.009Z"}
{"duration":1,"level":"info","message":"db-query","rows":0,"text":"\n      SELECT company_id, driver_id \n      FROM driver_sinbins \n      WHERE is_active = TRUE \n      AND (updated_at + (sinbin_time || ' minutes')::INTERVAL) <= CURRENT_TIMESTAMP;\n    ","timestamp":"2026-09-25T18:21:15.009Z"}
{"duration":0,"level":"info","message":"db-query","rows":null,"text":"BEGIN","timestamp":"2026-09-25T18:21:19.049Z"}
{"duration":8,"level":"info","message":"db-query","rows":1,"text":"SELECT d.*, s.name AS subsidiary_name\n          FROM drivers d\n          LEFT JOIN subsidiaries s ON s.id = d.subsidiary_id\n          WHERE d.id = $1","timestamp":"2026-09-25T18:21:19.058Z"}
{"duration":3,"level":"info","message":"db-query","rows":1,"text":"SELECT id, note, created_at, created_by\n          FROM driver_notes\n          WHERE driver_id = $1\n          ORDER BY created_at DESC","timestamp":"2026-09-25T18:21:19.061Z"}
{"duration":3,"level":"info","message":"db-query","rows":1,"text":"SELECT id, name, start_time, end_time\n          FROM driver_shifts\n          WHERE driver_id = $1\n          ORDER BY id ASC","timestamp":"2026-09-25T18:21:19.064Z"}
{"duration":7,"level":"info","message":"db-query","rows":1,"text":"SELECT \n            v.*,\n            json_build_object(\n              'id', vt.id,\n              'name', vt.name,\n              'driver_waiting_charges', vt.driver_waiting_charges,\n              'account_waiting_charges', vt.account_waiting_charges,\n              'waiting_time', vt.waiting_time\n            ) AS vehicle_type\n            FROM vehicles v\n            LEFT JOIN vehicle_types vt ON vt.id = v.vehicle_type_id\n            WHERE v.id = $1\n            LIMIT 1","timestamp":"2026-09-25T18:21:19.072Z"}
{"duration":1,"level":"info","message":"db-query","rows":null,"text":"COMMIT","timestamp":"2026-09-25T18:21:19.073Z"}
{"duration":1,"level":"info","message":"db-query","rows":null,"text":"BEGIN","timestamp":"2026-09-25T18:21:19.075Z"}
{"duration":4,"level":"info","message":"db-query","rows":1,"text":"\n    SELECT id FROM public.customers \n    WHERE company_id = $1 AND (\n      (mobile IS NOT NULL AND mobile = $2) OR \n      (email IS NOT NULL AND email = $3)\n    )\n    LIMIT 1;\n  ","timestamp":"2026-09-25T18:21:19.079Z"}
{"duration":1,"level":"info","message":"db-query","rows":1,"text":"\n      UPDATE public.customers\n      SET \n        name = COALESCE($1, name),\n        email = COALESCE($2, email),\n        mobile = COALESCE($3, mobile),\n        telephone = COALESCE($4, telephone)\n      WHERE id = $5\n      RETURNING id;\n    ","timestamp":"2026-09-25T18:21:19.080Z"}
{"duration":3,"level":"info","message":"db-query","rows":1,"text":"SELECT * FROM driver_app_features WHERE driver_id = $1 AND company_id = $2","timestamp":"2026-09-25T18:21:19.085Z"}
{"duration":4,"level":"info","message":"db-query","rows":0,"text":"SELECT reference_number FROM bookings WHERE reference_number = $1 LIMIT 1","timestamp":"2026-09-25T18:21:19.090Z"}
{"duration":19,"level":"info","message":"db-query","rows":1,"text":"INSERT INTO bookings (reference_number,subsidiary_id,booking_type_id,booking_status_id,journey_type_id,customer_id,employee_id,pickup,dropoff,pickup_date,pickup_time,pickup_door_number,dropoff_door_number,pickup_latitude,pickup_longitude,dropoff_latitude,dropoff_longitude,viapoints,restricted_drivers,vehicle_type_id,driver_id,passengers,luggages,hand_luggages,child_seat,name,email,mobile,telephone,lead_time,notes,special_instructions,payment_type_id,company_price,fares,total_charges,parking_charges,waiting_charges,extra_drop_charges,credit_card_charges,congestion_charges,miles,meet_and_greet,fare_meter,quotation,quoted,sms,emailflag,commission,skipped_bookings,booking_source,on_route,dispatched_at,eta,company_id,booked_at,multi_booking_id)\n               VALUES ($1,$2,$3,$4,$5,$6,$7,$8,$9,$10,$11,$12,$13,$14,$15,$16,$17,$18,$19,$20,$21,$22,$23,$24,$25,$26,$27,$28,$29,$30,$31,$32,$33,$34,$35,$36,$37,$38,$39,$40,$41,$42,$43,$44,$45,$46,$47,$48,$49,$50,$51,$52,$53,$54,$55,$56,$57)\n               RETURNING *;","timestamp":"2026-09-25T18:21:19.110Z"}
{"duration":100,"level":"info","message":"db-query","rows":null,"text":"COMMIT","timestamp":"2026-09-25T18:21:19.241Z"}
{"duration":19,"level":"info","message":"db-query","rows":1,"text":"\n    \nSELECT\n  b.id,\n  b.reference_number,\n  b.subsidiary_id,\n  b.booking_type_id,\n  b.booking_status_id,\n  b.journey_type_id,\n  b.account_id,\n  b.customer_id,\n  b.employee_id,\n  b.pickup,\n  b.dropoff,\n  b.pickup_date,\n  b.pickup_time,\n  b.dropoff_date,\n  b.dropoff_time,\n  b.pickup_door_number,\n  b.dropoff_door_number,\n  b.pickup_plot,\n  b.dropoff_plot,\n  b.pickup_location_type_id,\n  b.dropoff_location_type_id,\n  b.pickup_latitude,\n  b.pickup_longitude,\n  b.dropoff_latitude,\n  b.dropoff_longitude,\n  b.viapoints,\n  b.restricted_drivers,\n  b.flight_number,\n  b.arriving_from,\n  b.vehicle_type_id,\n  b.vehicle_id,\n  b.driver_id,\n  b.passengers,\n  b.luggages,\n  b.hand_luggages,\n  b.child_seat,\n  b.name,\n  b.email,\n  b.mobile,\n  b.telephone,\n  b.lead_time,\n  b.notes,\n  b.special_instructions,\n  b.payment_type_id,\n  b.company_price,\n  b.fares,\n  b.total_charges,\n  b.parking_charges,\n  b.waiting_charges,\n  b.extra_drop_charges,\n  b.credit_card_charges,\n  b.congestion_charges,\n  b.miles,\n  b.meet_and_greet,\n  b.department,\n  b.escort_id,\n  b.order_number,\n  b.booked_by,\n  b.add_return_fare,\n  b.fare_meter_status,\n  b.fare_meter,\n  b.quotation,\n  b.quoted,\n  b.dispatch,\n  b.dispatch_as,\n  b.sms,\n  b.emailflag,\n  b.trash,\n  b.hidden,\n  b.multi_booking_id,\n  b.associated_booking,\n  b.invoice_status,\n  b.commission_status,\n  b.commission,\n  b.skipped_bookings,\n  b.permanent,\n  b.toggle_driver_text,\n  b.toggle_passenger_text,\n  b.cancelled_reason,\n  b.booking_source,\n  b.on_route,\n  b.arrived,\n  b.passenger_on_board,\n  b.completed,\n  b.controller_completed,\n  b.driver_waiting_time,\n  b.dispatched_at,\n  b.booked_at,\n  b.stripe_customer_id,\n  b.stripe_payment_id,\n  b.invoice_number,\n  b.initial_subsidiary_id,\n  b.created_at,\n  b.updated_at,\n  b.eta,\n  b.fob,\n  b.future,\n\n  json_build_object(\n    'booking_status', bs.booking_status\n  ) AS booking_status,\n\n  json_build_object(\n    'booking_type', bt.booking_type\n  ) AS booking_type,\n\n  json_build_object(\n    'journey_type', jt.journey_type\n  ) AS journey_type,\n\n  json_build_object(\n    'id', s.id,\n    'name', s.name,\n    'telephone_number', s.telephone_number\n  ) AS subsidiary,\n\n  json_build_object(\n    'name', vt.name,\n    'background_color', vt.background_color,\n    'foreground_color', vt.foreground_color\n  ) AS vehicle_type,\n\n  json_build_object(\n    'id', pt.id,\n    'name', pt.name,\n    'background_color', pt.background_color,\n    'foreground_color', pt.foreground_color\n  ) AS payment_type,\n\n  json_build_object(\n    'id', a.id,\n    'name', a.name,\n    'background_color', a.background_color,\n    'foreground_color', a.foreground_color,\n    'has_vat', a.has_vat,\n    'bank_information', a.bank_information,\n    'fare_controller', a.fare_controller,\n    'account_fees_type', a.account_fees_type,\n    'account_fees', a.account_fees,\n    'account_fees_vat', a.account_fees_vat\n  ) AS account,\n\n  json_build_object(\n    'id', d.id,\n    'username', d.username,\n    'name', d.name,\n    'mobile_device_id', d.mobile_device_id,\n    'phc_vehicle_number', d.phc_vehicle_number,\n    'phc_driver_number', d.phc_driver_number,\n    'vehicle_id', d.vehicle_id,\n    'driver_commission', d.driver_commission,\n    'session_status', d.session_status,\n\n    'vehicle', json_build_object(\n      'make', v.make,\n      'model', v.model,\n      'color', v.color,\n      'vehicle_number', v.vehicle_number\n    )\n  ) AS driver,\n\n  json_build_object(\n    'door_number', c.door_number,\n    'address1', c.address1,\n    'address2', c.address2,\n    'blacklist', c.blacklist\n  ) AS customer,\n\n  json_build_object(\n    'username', e.username,\n    'role_id', e.role_id\n  ) AS employee,\n\n  json_build_object(\n    'pickup',\n    CASE\n      WHEN lp.id IS NOT NULL THEN\n        json_build_object(\n          'id', lp.id,\n          'name', lp.name,\n          'location_type', json_build_object(\n            'id', ltp.id,\n            'name', ltp.name,\n            'background_color', ltp.background_color,\n            'foreground_color', ltp.foreground_color\n          )\n        )\n      ELSE\n        json_build_object(\n          'id', null,\n          'name', null,\n          'location_type', json_build_object(\n            'id', null,\n            'name', null,\n            'background_color', null,\n            'foreground_color', null\n          )\n        )\n    END,\n\n    'dropoff',\n    CASE\n      WHEN ld.id IS NOT NULL THEN\n        json_build_object(\n          'id', ld.id,\n          'name', ld.name,\n          'location_type', json_build_object(\n            'id', ltd.id,\n            'name', ltd.name,\n            'background_color', ltd.background_color,\n            'foreground_color', ltd.foreground_color\n          )\n        )\n      ELSE\n        json_build_object(\n          'id', null,\n          'name', null,\n          'location_type', json_build_object(\n            'id', null,\n            'name', null,\n            'background_color', null,\n            'foreground_color', null\n          )\n        )\n    END\n  ) AS airport\n\nFROM bookings b\n\nLEFT JOIN booking_statuses bs\n  ON b.booking_status_id = bs.id\n\nLEFT JOIN booking_types bt\n  ON b.booking_type_id = bt.id\n\nLEFT JOIN journey_types jt\n  ON b.journey_type_id = jt.id\n\nLEFT JOIN subsidiaries s\n  ON b.subsidiary_id = s.id\n\nLEFT JOIN vehicle_types vt\n  ON b.vehicle_type_id = vt.id\n\nLEFT JOIN payment_types pt\n  ON b.payment_type_id = pt.id\n\nLEFT JOIN accounts a\n  ON b.account_id = a.id\n\nLEFT JOIN drivers d\n  ON b.driver_id = d.id\n\nLEFT JOIN vehicles v\n  ON d.vehicle_id = v.id\n\nLEFT JOIN customers c\n  ON b.customer_id = c.id\n\nLEFT JOIN employees e\n  ON b.employee_id = e.id\n\n\n-- PICKUP LOCATION\n-- Select only the most specific matching location\nLEFT JOIN LATERAL (\n  SELECT l.*\n  FROM locations l\n  WHERE l.location_type_id = 2\n    AND b.pickup ILIKE '%' || l.name || '%'\n  ORDER BY LENGTH(l.name) DESC, l.id ASC\n  LIMIT 1\n) lp ON true\n\n\n-- DROPOFF LOCATION\n-- Select only the most specific matching location\nLEFT JOIN LATERAL (\n  SELECT l.*\n  FROM locations l\n  WHERE l.location_type_id = 2\n    AND b.dropoff ILIKE '%' || l.name || '%'\n  ORDER BY LENGTH(l.name) DESC, l.id ASC\n  LIMIT 1\n) ld ON true\n\n\nLEFT JOIN location_types ltp\n  ON lp.location_type_id = ltp.id\n\nLEFT JOIN location_types ltd\n  ON ld.location_type_id = ltd.id\n\n\n    WHERE b.id = $1\n  ","timestamp":"2026-09-25T18:21:19.263Z"}
{"duration":1,"level":"info","message":"db-query","rows":1,"text":"SELECT fcm_token FROM drivers WHERE id = $1","timestamp":"2026-09-25T18:21:19.269Z"}
{"duration":0,"level":"info","message":"db-query","rows":1,"text":"\n      SELECT web_device_id\n      FROM employees\n      WHERE role_id = 1 \n      AND company_id = $1\n      AND web_device_id IS NOT NULL\n      AND web_device_id != ''\n    ","timestamp":"2026-09-25T18:21:19.270Z"}
{"duration":1,"level":"info","message":"db-query","rows":0,"text":"\n      SELECT company_id, driver_id \n      FROM driver_sinbins \n      WHERE is_active = TRUE \n      AND (updated_at + (sinbin_time || ' minutes')::INTERVAL) <= CURRENT_TIMESTAMP;\n    ","timestamp":"2026-09-25T18:21:20.004Z"}
{"level":"info","message":"POST /api/bookings/add 200 2210.881 ms","timestamp":"2026-09-25T18:21:21.258Z"}
{"duration":1,"level":"info","message":"db-query","rows":0,"text":"\n      SELECT company_id, driver_id \n      FROM driver_sinbins \n      WHERE is_active = TRUE \n      AND (updated_at + (sinbin_time || ' minutes')::INTERVAL) <= CURRENT_TIMESTAMP;\n    ","timestamp":"2026-09-25T18:21:25.008Z"}
{"duration":1,"level":"info","message":"db-query","rows":null,"text":"BEGIN","timestamp":"2026-09-25T18:21:28.469Z"}
{"duration":1,"level":"info","message":"db-query","rows":1,"text":"SELECT d.*, s.name AS subsidiary_name\n          FROM drivers d\n          LEFT JOIN subsidiaries s ON s.id = d.subsidiary_id\n          WHERE d.id = $1","timestamp":"2026-09-25T18:21:28.470Z"}
{"duration":0,"level":"info","message":"db-query","rows":1,"text":"SELECT id, note, created_at, created_by\n          FROM driver_notes\n          WHERE driver_id = $1\n          ORDER BY created_at DESC","timestamp":"2026-09-25T18:21:28.471Z"}
{"duration":1,"level":"info","message":"db-query","rows":1,"text":"SELECT id, name, start_time, end_time\n          FROM driver_shifts\n          WHERE driver_id = $1\n          ORDER BY id ASC","timestamp":"2026-09-25T18:21:28.473Z"}
{"duration":2,"level":"info","message":"db-query","rows":1,"text":"SELECT \n            v.*,\n            json_build_object(\n              'id', vt.id,\n              'name', vt.name,\n              'driver_waiting_charges', vt.driver_waiting_charges,\n              'account_waiting_charges', vt.account_waiting_charges,\n              'waiting_time', vt.waiting_time\n            ) AS vehicle_type\n            FROM vehicles v\n            LEFT JOIN vehicle_types vt ON vt.id = v.vehicle_type_id\n            WHERE v.id = $1\n            LIMIT 1","timestamp":"2026-09-25T18:21:28.475Z"}
{"duration":1,"level":"info","message":"db-query","rows":null,"text":"COMMIT","timestamp":"2026-09-25T18:21:28.476Z"}
{"level":"info","message":"POST /api/bookings/add 400 9.824 ms","timestamp":"2026-09-25T18:21:28.478Z"}
{"duration":2,"level":"info","message":"db-query","rows":0,"text":"\n      SELECT company_id, driver_id \n      FROM driver_sinbins \n      WHERE is_active = TRUE \n      AND (updated_at + (sinbin_time || ' minutes')::INTERVAL) <= CURRENT_TIMESTAMP;\n    ","timestamp":"2026-09-25T18:21:30.013Z"}
{"duration":2,"level":"info","message":"db-query","rows":0,"text":"\n      SELECT company_id, driver_id \n      FROM driver_sinbins \n      WHERE is_active = TRUE \n      AND (updated_at + (sinbin_time || ' minutes')::INTERVAL) <= CURRENT_TIMESTAMP;\n    ","timestamp":"2026-09-25T18:21:35.008Z"}
{"duration":2,"level":"info","message":"db-query","rows":0,"text":"\n      SELECT company_id, driver_id \n      FROM driver_sinbins \n      WHERE is_active = TRUE \n      AND (updated_at + (sinbin_time || ' minutes')::INTERVAL) <= CURRENT_TIMESTAMP;\n    ","timestamp":"2026-09-25T18:21:40.006Z"}
{"duration":1,"level":"info","message":"db-query","rows":0,"text":"\n      SELECT company_id, driver_id \n      FROM driver_sinbins \n      WHERE is_active = TRUE \n      AND (updated_at + (sinbin_time || ' minutes')::INTERVAL) <= CURRENT_TIMESTAMP;\n    ","timestamp":"2026-09-25T18:21:45.005Z"}
{"duration":1,"level":"info","message":"db-query","rows":0,"text":"\n      SELECT company_id, driver_id \n      FROM driver_sinbins \n      WHERE is_active = TRUE \n      AND (updated_at + (sinbin_time || ' minutes')::INTERVAL) <= CURRENT_TIMESTAMP;\n    ","timestamp":"2026-09-25T18:21:50.012Z"}
{"duration":1,"level":"info","message":"db-query","rows":0,"text":"\n      SELECT company_id, driver_id \n      FROM driver_sinbins \n      WHERE is_active = TRUE \n      AND (updated_at + (sinbin_time || ' minutes')::INTERVAL) <= CURRENT_TIMESTAMP;\n    ","timestamp":"2026-09-25T18:21:55.004Z"}
{"duration":1,"level":"info","message":"db-query","rows":0,"text":"\n      SELECT company_id, driver_id \n      FROM driver_sinbins \n      WHERE is_active = TRUE \n      AND (updated_at + (sinbin_time || ' minutes')::INTERVAL) <= CURRENT_TIMESTAMP;\n    ","timestamp":"2026-09-25T18:22:00.015Z"}
{"duration":1,"level":"info","message":"db-query","rows":0,"text":"\n      SELECT company_id, driver_id \n      FROM driver_sinbins \n      WHERE is_active = TRUE \n      AND (updated_at + (sinbin_time || ' minutes')::INTERVAL) <= CURRENT_TIMESTAMP;\n    ","timestamp":"2026-09-25T18:22:05.013Z"}
{"duration":1,"level":"info","message":"db-query","rows":0,"text":"\n      SELECT company_id, driver_id \n      FROM driver_sinbins \n      WHERE is_active = TRUE \n      AND (updated_at + (sinbin_time || ' minutes')::INTERVAL) <= CURRENT_TIMESTAMP;\n    ","timestamp":"2026-09-25T18:22:10.015Z"}
{"duration":1,"level":"info","message":"db-query","rows":0,"text":"\n      SELECT company_id, driver_id \n      FROM driver_sinbins \n      WHERE is_active = TRUE \n      AND (updated_at + (sinbin_time || ' minutes')::INTERVAL) <= CURRENT_TIMESTAMP;\n    ","timestamp":"2026-09-25T18:22:15.011Z"}
{"duration":1,"level":"info","message":"db-query","rows":0,"text":"\n      SELECT company_id, driver_id \n      FROM driver_sinbins \n      WHERE is_active = TRUE \n      AND (updated_at + (sinbin_time || ' minutes')::INTERVAL) <= CURRENT_TIMESTAMP;\n    ","timestamp":"2026-09-25T18:22:20.008Z"}
{"duration":0,"level":"info","message":"db-query","rows":0,"text":"\n      SELECT company_id, driver_id \n      FROM driver_sinbins \n      WHERE is_active = TRUE \n      AND (updated_at + (sinbin_time || ' minutes')::INTERVAL) <= CURRENT_TIMESTAMP;\n    ","timestamp":"2026-09-25T18:22:25.016Z"}
{"duration":0,"level":"info","message":"db-query","rows":null,"text":"BEGIN","timestamp":"2026-09-25T18:22:25.399Z"}
{"duration":2,"level":"info","message":"db-query","rows":1,"text":"SELECT d.*, s.name AS subsidiary_name\n          FROM drivers d\n          LEFT JOIN subsidiaries s ON s.id = d.subsidiary_id\n          WHERE d.id = $1","timestamp":"2026-09-25T18:22:25.401Z"}
{"duration":1,"level":"info","message":"db-query","rows":1,"text":"SELECT id, note, created_at, created_by\n          FROM driver_notes\n          WHERE driver_id = $1\n          ORDER BY created_at DESC","timestamp":"2026-09-25T18:22:25.402Z"}
{"duration":1,"level":"info","message":"db-query","rows":1,"text":"SELECT id, name, start_time, end_time\n          FROM driver_shifts\n          WHERE driver_id = $1\n          ORDER BY id ASC","timestamp":"2026-09-25T18:22:25.403Z"}
{"duration":1,"level":"info","message":"db-query","rows":1,"text":"SELECT \n            v.*,\n            json_build_object(\n              'id', vt.id,\n              'name', vt.name,\n              'driver_waiting_charges', vt.driver_waiting_charges,\n              'account_waiting_charges', vt.account_waiting_charges,\n              'waiting_time', vt.waiting_time\n            ) AS vehicle_type\n            FROM vehicles v\n            LEFT JOIN vehicle_types vt ON vt.id = v.vehicle_type_id\n            WHERE v.id = $1\n            LIMIT 1","timestamp":"2026-09-25T18:22:25.405Z"}
{"duration":1,"level":"info","message":"db-query","rows":null,"text":"COMMIT","timestamp":"2026-09-25T18:22:25.406Z"}
{"duration":0,"level":"info","message":"db-query","rows":null,"text":"BEGIN","timestamp":"2026-09-25T18:22:25.407Z"}
{"duration":1,"level":"info","message":"db-query","rows":1,"text":"\n    SELECT id FROM public.customers \n    WHERE company_id = $1 AND (\n      (mobile IS NOT NULL AND mobile = $2) OR \n      (email IS NOT NULL AND email = $3)\n    )\n    LIMIT 1;\n  ","timestamp":"2026-09-25T18:22:25.409Z"}
{"duration":0,"level":"info","message":"db-query","rows":1,"text":"\n      UPDATE public.customers\n      SET \n        name = COALESCE($1, name),\n        email = COALESCE($2, email),\n        mobile = COALESCE($3, mobile),\n        telephone = COALESCE($4, telephone)\n      WHERE id = $5\n      RETURNING id;\n    ","timestamp":"2026-09-25T18:22:25.410Z"}
{"duration":1,"level":"info","message":"db-query","rows":0,"text":"SELECT reference_number FROM bookings WHERE reference_number = $1 LIMIT 1","timestamp":"2026-09-25T18:22:25.412Z"}
{"duration":1,"level":"info","message":"db-query","rows":0,"text":"SELECT reference_number FROM bookings WHERE reference_number = $1 LIMIT 1","timestamp":"2026-09-25T18:22:25.414Z"}
{"duration":2,"level":"info","message":"db-query","rows":1,"text":"INSERT INTO bookings (reference_number,subsidiary_id,booking_type_id,booking_status_id,journey_type_id,customer_id,employee_id,pickup,dropoff,pickup_date,pickup_time,pickup_door_number,dropoff_door_number,pickup_latitude,pickup_longitude,dropoff_latitude,dropoff_longitude,viapoints,restricted_drivers,flight_number,arriving_from,vehicle_type_id,driver_id,passengers,luggages,hand_luggages,child_seat,name,email,mobile,telephone,lead_time,notes,special_instructions,payment_type_id,company_price,fares,total_charges,parking_charges,waiting_charges,extra_drop_charges,credit_card_charges,congestion_charges,miles,meet_and_greet,quotation,quoted,sms,emailflag,commission,skipped_bookings,booking_source,on_route,dispatched_at,eta,company_id,booked_at,multi_booking_id)\n               VALUES ($1,$2,$3,$4,$5,$6,$7,$8,$9,$10,$11,$12,$13,$14,$15,$16,$17,$18,$19,$20,$21,$22,$23,$24,$25,$26,$27,$28,$29,$30,$31,$32,$33,$34,$35,$36,$37,$38,$39,$40,$41,$42,$43,$44,$45,$46,$47,$48,$49,$50,$51,$52,$53,$54,$55,$56,$57,$58)\n               RETURNING *;","timestamp":"2026-09-25T18:22:25.417Z"}
{"duration":1,"level":"info","message":"db-query","rows":0,"text":"SELECT reference_number FROM bookings WHERE reference_number = $1 LIMIT 1","timestamp":"2026-09-25T18:22:25.419Z"}
{"duration":1,"level":"info","message":"db-query","rows":0,"text":"SELECT reference_number FROM bookings WHERE reference_number = $1 LIMIT 1","timestamp":"2026-09-25T18:22:25.420Z"}
{"duration":3,"level":"info","message":"db-query","rows":1,"text":"INSERT INTO bookings (reference_number,subsidiary_id,booking_type_id,booking_status_id,journey_type_id,customer_id,employee_id,pickup,dropoff,pickup_date,pickup_time,pickup_latitude,pickup_longitude,dropoff_latitude,dropoff_longitude,viapoints,restricted_drivers,flight_number,arriving_from,vehicle_type_id,driver_id,passengers,luggages,hand_luggages,child_seat,name,email,mobile,telephone,lead_time,notes,payment_type_id,fares,total_charges,credit_card_charges,miles,quotation,quoted,sms,emailflag,associated_booking,commission,skipped_bookings,booking_source,on_route,dispatched_at,eta,company_id,booked_at,multi_booking_id)\n               VALUES ($1,$2,$3,$4,$5,$6,$7,$8,$9,$10,$11,$12,$13,$14,$15,$16,$17,$18,$19,$20,$21,$22,$23,$24,$25,$26,$27,$28,$29,$30,$31,$32,$33,$34,$35,$36,$37,$38,$39,$40,$41,$42,$43,$44,$45,$46,$47,$48,$49,$50)\n               RETURNING *;","timestamp":"2026-09-25T18:22:25.423Z"}
{"duration":10,"level":"info","message":"db-query","rows":null,"text":"COMMIT","timestamp":"2026-09-25T18:22:25.433Z"}
{"duration":10,"level":"info","message":"db-query","rows":1,"text":"\n    \nSELECT\n  b.id,\n  b.reference_number,\n  b.subsidiary_id,\n  b.booking_type_id,\n  b.booking_status_id,\n  b.journey_type_id,\n  b.account_id,\n  b.customer_id,\n  b.employee_id,\n  b.pickup,\n  b.dropoff,\n  b.pickup_date,\n  b.pickup_time,\n  b.dropoff_date,\n  b.dropoff_time,\n  b.pickup_door_number,\n  b.dropoff_door_number,\n  b.pickup_plot,\n  b.dropoff_plot,\n  b.pickup_location_type_id,\n  b.dropoff_location_type_id,\n  b.pickup_latitude,\n  b.pickup_longitude,\n  b.dropoff_latitude,\n  b.dropoff_longitude,\n  b.viapoints,\n  b.restricted_drivers,\n  b.flight_number,\n  b.arriving_from,\n  b.vehicle_type_id,\n  b.vehicle_id,\n  b.driver_id,\n  b.passengers,\n  b.luggages,\n  b.hand_luggages,\n  b.child_seat,\n  b.name,\n  b.email,\n  b.mobile,\n  b.telephone,\n  b.lead_time,\n  b.notes,\n  b.special_instructions,\n  b.payment_type_id,\n  b.company_price,\n  b.fares,\n  b.total_charges,\n  b.parking_charges,\n  b.waiting_charges,\n  b.extra_drop_charges,\n  b.credit_card_charges,\n  b.congestion_charges,\n  b.miles,\n  b.meet_and_greet,\n  b.department,\n  b.escort_id,\n  b.order_number,\n  b.booked_by,\n  b.add_return_fare,\n  b.fare_meter_status,\n  b.fare_meter,\n  b.quotation,\n  b.quoted,\n  b.dispatch,\n  b.dispatch_as,\n  b.sms,\n  b.emailflag,\n  b.trash,\n  b.hidden,\n  b.multi_booking_id,\n  b.associated_booking,\n  b.invoice_status,\n  b.commission_status,\n  b.commission,\n  b.skipped_bookings,\n  b.permanent,\n  b.toggle_driver_text,\n  b.toggle_passenger_text,\n  b.cancelled_reason,\n  b.booking_source,\n  b.on_route,\n  b.arrived,\n  b.passenger_on_board,\n  b.completed,\n  b.controller_completed,\n  b.driver_waiting_time,\n  b.dispatched_at,\n  b.booked_at,\n  b.stripe_customer_id,\n  b.stripe_payment_id,\n  b.invoice_number,\n  b.initial_subsidiary_id,\n  b.created_at,\n  b.updated_at,\n  b.eta,\n  b.fob,\n  b.future,\n\n  json_build_object(\n    'booking_status', bs.booking_status\n  ) AS booking_status,\n\n  json_build_object(\n    'booking_type', bt.booking_type\n  ) AS booking_type,\n\n  json_build_object(\n    'journey_type', jt.journey_type\n  ) AS journey_type,\n\n  json_build_object(\n    'id', s.id,\n    'name', s.name,\n    'telephone_number', s.telephone_number\n  ) AS subsidiary,\n\n  json_build_object(\n    'name', vt.name,\n    'background_color', vt.background_color,\n    'foreground_color', vt.foreground_color\n  ) AS vehicle_type,\n\n  json_build_object(\n    'id', pt.id,\n    'name', pt.name,\n    'background_color', pt.background_color,\n    'foreground_color', pt.foreground_color\n  ) AS payment_type,\n\n  json_build_object(\n    'id', a.id,\n    'name', a.name,\n    'background_color', a.background_color,\n    'foreground_color', a.foreground_color,\n    'has_vat', a.has_vat,\n    'bank_information', a.bank_information,\n    'fare_controller', a.fare_controller,\n    'account_fees_type', a.account_fees_type,\n    'account_fees', a.account_fees,\n    'account_fees_vat', a.account_fees_vat\n  ) AS account,\n\n  json_build_object(\n    'id', d.id,\n    'username', d.username,\n    'name', d.name,\n    'mobile_device_id', d.mobile_device_id,\n    'phc_vehicle_number', d.phc_vehicle_number,\n    'phc_driver_number', d.phc_driver_number,\n    'vehicle_id', d.vehicle_id,\n    'driver_commission', d.driver_commission,\n    'session_status', d.session_status,\n\n    'vehicle', json_build_object(\n      'make', v.make,\n      'model', v.model,\n      'color', v.color,\n      'vehicle_number', v.vehicle_number\n    )\n  ) AS driver,\n\n  json_build_object(\n    'door_number', c.door_number,\n    'address1', c.address1,\n    'address2', c.address2,\n    'blacklist', c.blacklist\n  ) AS customer,\n\n  json_build_object(\n    'username', e.username,\n    'role_id', e.role_id\n  ) AS employee,\n\n  json_build_object(\n    'pickup',\n    CASE\n      WHEN lp.id IS NOT NULL THEN\n        json_build_object(\n          'id', lp.id,\n          'name', lp.name,\n          'location_type', json_build_object(\n            'id', ltp.id,\n            'name', ltp.name,\n            'background_color', ltp.background_color,\n            'foreground_color', ltp.foreground_color\n          )\n        )\n      ELSE\n        json_build_object(\n          'id', null,\n          'name', null,\n          'location_type', json_build_object(\n            'id', null,\n            'name', null,\n            'background_color', null,\n            'foreground_color', null\n          )\n        )\n    END,\n\n    'dropoff',\n    CASE\n      WHEN ld.id IS NOT NULL THEN\n        json_build_object(\n          'id', ld.id,\n          'name', ld.name,\n          'location_type', json_build_object(\n            'id', ltd.id,\n            'name', ltd.name,\n            'background_color', ltd.background_color,\n            'foreground_color', ltd.foreground_color\n          )\n        )\n      ELSE\n        json_build_object(\n          'id', null,\n          'name', null,\n          'location_type', json_build_object(\n            'id', null,\n            'name', null,\n            'background_color', null,\n            'foreground_color', null\n          )\n        )\n    END\n  ) AS airport\n\nFROM bookings b\n\nLEFT JOIN booking_statuses bs\n  ON b.booking_status_id = bs.id\n\nLEFT JOIN booking_types bt\n  ON b.booking_type_id = bt.id\n\nLEFT JOIN journey_types jt\n  ON b.journey_type_id = jt.id\n\nLEFT JOIN subsidiaries s\n  ON b.subsidiary_id = s.id\n\nLEFT JOIN vehicle_types vt\n  ON b.vehicle_type_id = vt.id\n\nLEFT JOIN payment_types pt\n  ON b.payment_type_id = pt.id\n\nLEFT JOIN accounts a\n  ON b.account_id = a.id\n\nLEFT JOIN drivers d\n  ON b.driver_id = d.id\n\nLEFT JOIN vehicles v\n  ON d.vehicle_id = v.id\n\nLEFT JOIN customers c\n  ON b.customer_id = c.id\n\nLEFT JOIN employees e\n  ON b.employee_id = e.id\n\n\n-- PICKUP LOCATION\n-- Select only the most specific matching location\nLEFT JOIN LATERAL (\n  SELECT l.*\n  FROM locations l\n  WHERE l.location_type_id = 2\n    AND b.pickup ILIKE '%' || l.name || '%'\n  ORDER BY LENGTH(l.name) DESC, l.id ASC\n  LIMIT 1\n) lp ON true\n\n\n-- DROPOFF LOCATION\n-- Select only the most specific matching location\nLEFT JOIN LATERAL (\n  SELECT l.*\n  FROM locations l\n  WHERE l.location_type_id = 2\n    AND b.dropoff ILIKE '%' || l.name || '%'\n  ORDER BY LENGTH(l.name) DESC, l.id ASC\n  LIMIT 1\n) ld ON true\n\n\nLEFT JOIN location_types ltp\n  ON lp.location_type_id = ltp.id\n\nLEFT JOIN location_types ltd\n  ON ld.location_type_id = ltd.id\n\n\n    WHERE b.id = $1\n  ","timestamp":"2026-09-25T18:22:25.444Z"}
{"duration":11,"level":"info","message":"db-query","rows":1,"text":"\n    \nSELECT\n  b.id,\n  b.reference_number,\n  b.subsidiary_id,\n  b.booking_type_id,\n  b.booking_status_id,\n  b.journey_type_id,\n  b.account_id,\n  b.customer_id,\n  b.employee_id,\n  b.pickup,\n  b.dropoff,\n  b.pickup_date,\n  b.pickup_time,\n  b.dropoff_date,\n  b.dropoff_time,\n  b.pickup_door_number,\n  b.dropoff_door_number,\n  b.pickup_plot,\n  b.dropoff_plot,\n  b.pickup_location_type_id,\n  b.dropoff_location_type_id,\n  b.pickup_latitude,\n  b.pickup_longitude,\n  b.dropoff_latitude,\n  b.dropoff_longitude,\n  b.viapoints,\n  b.restricted_drivers,\n  b.flight_number,\n  b.arriving_from,\n  b.vehicle_type_id,\n  b.vehicle_id,\n  b.driver_id,\n  b.passengers,\n  b.luggages,\n  b.hand_luggages,\n  b.child_seat,\n  b.name,\n  b.email,\n  b.mobile,\n  b.telephone,\n  b.lead_time,\n  b.notes,\n  b.special_instructions,\n  b.payment_type_id,\n  b.company_price,\n  b.fares,\n  b.total_charges,\n  b.parking_charges,\n  b.waiting_charges,\n  b.extra_drop_charges,\n  b.credit_card_charges,\n  b.congestion_charges,\n  b.miles,\n  b.meet_and_greet,\n  b.department,\n  b.escort_id,\n  b.order_number,\n  b.booked_by,\n  b.add_return_fare,\n  b.fare_meter_status,\n  b.fare_meter,\n  b.quotation,\n  b.quoted,\n  b.dispatch,\n  b.dispatch_as,\n  b.sms,\n  b.emailflag,\n  b.trash,\n  b.hidden,\n  b.multi_booking_id,\n  b.associated_booking,\n  b.invoice_status,\n  b.commission_status,\n  b.commission,\n  b.skipped_bookings,\n  b.permanent,\n  b.toggle_driver_text,\n  b.toggle_passenger_text,\n  b.cancelled_reason,\n  b.booking_source,\n  b.on_route,\n  b.arrived,\n  b.passenger_on_board,\n  b.completed,\n  b.controller_completed,\n  b.driver_waiting_time,\n  b.dispatched_at,\n  b.booked_at,\n  b.stripe_customer_id,\n  b.stripe_payment_id,\n  b.invoice_number,\n  b.initial_subsidiary_id,\n  b.created_at,\n  b.updated_at,\n  b.eta,\n  b.fob,\n  b.future,\n\n  json_build_object(\n    'booking_status', bs.booking_status\n  ) AS booking_status,\n\n  json_build_object(\n    'booking_type', bt.booking_type\n  ) AS booking_type,\n\n  json_build_object(\n    'journey_type', jt.journey_type\n  ) AS journey_type,\n\n  json_build_object(\n    'id', s.id,\n    'name', s.name,\n    'telephone_number', s.telephone_number\n  ) AS subsidiary,\n\n  json_build_object(\n    'name', vt.name,\n    'background_color', vt.background_color,\n    'foreground_color', vt.foreground_color\n  ) AS vehicle_type,\n\n  json_build_object(\n    'id', pt.id,\n    'name', pt.name,\n    'background_color', pt.background_color,\n    'foreground_color', pt.foreground_color\n  ) AS payment_type,\n\n  json_build_object(\n    'id', a.id,\n    'name', a.name,\n    'background_color', a.background_color,\n    'foreground_color', a.foreground_color,\n    'has_vat', a.has_vat,\n    'bank_information', a.bank_information,\n    'fare_controller', a.fare_controller,\n    'account_fees_type', a.account_fees_type,\n    'account_fees', a.account_fees,\n    'account_fees_vat', a.account_fees_vat\n  ) AS account,\n\n  json_build_object(\n    'id', d.id,\n    'username', d.username,\n    'name', d.name,\n    'mobile_device_id', d.mobile_device_id,\n    'phc_vehicle_number', d.phc_vehicle_number,\n    'phc_driver_number', d.phc_driver_number,\n    'vehicle_id', d.vehicle_id,\n    'driver_commission', d.driver_commission,\n    'session_status', d.session_status,\n\n    'vehicle', json_build_object(\n      'make', v.make,\n      'model', v.model,\n      'color', v.color,\n      'vehicle_number', v.vehicle_number\n    )\n  ) AS driver,\n\n  json_build_object(\n    'door_number', c.door_number,\n    'address1', c.address1,\n    'address2', c.address2,\n    'blacklist', c.blacklist\n  ) AS customer,\n\n  json_build_object(\n    'username', e.username,\n    'role_id', e.role_id\n  ) AS employee,\n\n  json_build_object(\n    'pickup',\n    CASE\n      WHEN lp.id IS NOT NULL THEN\n        json_build_object(\n          'id', lp.id,\n          'name', lp.name,\n          'location_type', json_build_object(\n            'id', ltp.id,\n            'name', ltp.name,\n            'background_color', ltp.background_color,\n            'foreground_color', ltp.foreground_color\n          )\n        )\n      ELSE\n        json_build_object(\n          'id', null,\n          'name', null,\n          'location_type', json_build_object(\n            'id', null,\n            'name', null,\n            'background_color', null,\n            'foreground_color', null\n          )\n        )\n    END,\n\n    'dropoff',\n    CASE\n      WHEN ld.id IS NOT NULL THEN\n        json_build_object(\n          'id', ld.id,\n          'name', ld.name,\n          'location_type', json_build_object(\n            'id', ltd.id,\n            'name', ltd.name,\n            'background_color', ltd.background_color,\n            'foreground_color', ltd.foreground_color\n          )\n        )\n      ELSE\n        json_build_object(\n          'id', null,\n          'name', null,\n          'location_type', json_build_object(\n            'id', null,\n            'name', null,\n            'background_color', null,\n            'foreground_color', null\n          )\n        )\n    END\n  ) AS airport\n\nFROM bookings b\n\nLEFT JOIN booking_statuses bs\n  ON b.booking_status_id = bs.id\n\nLEFT JOIN booking_types bt\n  ON b.booking_type_id = bt.id\n\nLEFT JOIN journey_types jt\n  ON b.journey_type_id = jt.id\n\nLEFT JOIN subsidiaries s\n  ON b.subsidiary_id = s.id\n\nLEFT JOIN vehicle_types vt\n  ON b.vehicle_type_id = vt.id\n\nLEFT JOIN payment_types pt\n  ON b.payment_type_id = pt.id\n\nLEFT JOIN accounts a\n  ON b.account_id = a.id\n\nLEFT JOIN drivers d\n  ON b.driver_id = d.id\n\nLEFT JOIN vehicles v\n  ON d.vehicle_id = v.id\n\nLEFT JOIN customers c\n  ON b.customer_id = c.id\n\nLEFT JOIN employees e\n  ON b.employee_id = e.id\n\n\n-- PICKUP LOCATION\n-- Select only the most specific matching location\nLEFT JOIN LATERAL (\n  SELECT l.*\n  FROM locations l\n  WHERE l.location_type_id = 2\n    AND b.pickup ILIKE '%' || l.name || '%'\n  ORDER BY LENGTH(l.name) DESC, l.id ASC\n  LIMIT 1\n) lp ON true\n\n\n-- DROPOFF LOCATION\n-- Select only the most specific matching location\nLEFT JOIN LATERAL (\n  SELECT l.*\n  FROM locations l\n  WHERE l.location_type_id = 2\n    AND b.dropoff ILIKE '%' || l.name || '%'\n  ORDER BY LENGTH(l.name) DESC, l.id ASC\n  LIMIT 1\n) ld ON true\n\n\nLEFT JOIN location_types ltp\n  ON lp.location_type_id = ltp.id\n\nLEFT JOIN location_types ltd\n  ON ld.location_type_id = ltd.id\n\n\n    WHERE b.id = $1\n  ","timestamp":"2026-09-25T18:22:25.455Z"}
{"duration":1,"level":"info","message":"db-query","rows":1,"text":"SELECT fcm_token FROM drivers WHERE id = $1","timestamp":"2026-09-25T18:22:25.457Z"}
{"duration":0,"level":"info","message":"db-query","rows":1,"text":"SELECT fcm_token FROM drivers WHERE id = $1","timestamp":"2026-09-25T18:22:25.458Z"}
{"duration":1,"level":"info","message":"db-query","rows":1,"text":"\n      SELECT web_device_id\n      FROM employees\n      WHERE role_id = 1 \n      AND company_id = $1\n      AND web_device_id IS NOT NULL\n      AND web_device_id != ''\n    ","timestamp":"2026-09-25T18:22:25.460Z"}
{"level":"info","message":"POST /api/bookings/add 200 354.587 ms","timestamp":"2026-09-25T18:22:25.753Z"}
{"duration":1,"level":"info","message":"db-query","rows":0,"text":"\n      SELECT company_id, driver_id \n      FROM driver_sinbins \n      WHERE is_active = TRUE \n      AND (updated_at + (sinbin_time || ' minutes')::INTERVAL) <= CURRENT_TIMESTAMP;\n    ","timestamp":"2026-09-25T18:22:30.015Z"}
{"duration":0,"level":"info","message":"db-query","rows":null,"text":"BEGIN","timestamp":"2026-09-25T18:22:31.512Z"}
{"duration":2,"level":"info","message":"db-query","rows":1,"text":"SELECT d.*, s.name AS subsidiary_name\n          FROM drivers d\n          LEFT JOIN subsidiaries s ON s.id = d.subsidiary_id\n          WHERE d.id = $1","timestamp":"2026-09-25T18:22:31.515Z"}
{"duration":1,"level":"info","message":"db-query","rows":1,"text":"SELECT id, note, created_at, created_by\n          FROM driver_notes\n          WHERE driver_id = $1\n          ORDER BY created_at DESC","timestamp":"2026-09-25T18:22:31.517Z"}
{"duration":1,"level":"info","message":"db-query","rows":1,"text":"SELECT id, name, start_time, end_time\n          FROM driver_shifts\n          WHERE driver_id = $1\n          ORDER BY id ASC","timestamp":"2026-09-25T18:22:31.518Z"}
{"duration":1,"level":"info","message":"db-query","rows":1,"text":"SELECT \n            v.*,\n            json_build_object(\n              'id', vt.id,\n              'name', vt.name,\n              'driver_waiting_charges', vt.driver_waiting_charges,\n              'account_waiting_charges', vt.account_waiting_charges,\n              'waiting_time', vt.waiting_time\n            ) AS vehicle_type\n            FROM vehicles v\n            LEFT JOIN vehicle_types vt ON vt.id = v.vehicle_type_id\n            WHERE v.id = $1\n            LIMIT 1","timestamp":"2026-09-25T18:22:31.520Z"}
{"duration":2,"level":"info","message":"db-query","rows":null,"text":"COMMIT","timestamp":"2026-09-25T18:22:31.523Z"}
{"duration":1,"level":"info","message":"db-query","rows":null,"text":"BEGIN","timestamp":"2026-09-25T18:22:31.524Z"}
{"duration":0,"level":"info","message":"db-query","rows":1,"text":"\n    SELECT id FROM public.customers \n    WHERE company_id = $1 AND (\n      (mobile IS NOT NULL AND mobile = $2) OR \n      (email IS NOT NULL AND email = $3)\n    )\n    LIMIT 1;\n  ","timestamp":"2026-09-25T18:22:31.525Z"}
{"duration":0,"level":"info","message":"db-query","rows":1,"text":"\n      UPDATE public.customers\n      SET \n        name = COALESCE($1, name),\n        email = COALESCE($2, email),\n        mobile = COALESCE($3, mobile),\n        telephone = COALESCE($4, telephone)\n      WHERE id = $5\n      RETURNING id;\n    ","timestamp":"2026-09-25T18:22:31.527Z"}
{"duration":1,"level":"info","message":"db-query","rows":0,"text":"SELECT reference_number FROM bookings WHERE reference_number = $1 LIMIT 1","timestamp":"2026-09-25T18:22:31.529Z"}
{"duration":1,"level":"info","message":"db-query","rows":0,"text":"SELECT reference_number FROM bookings WHERE reference_number = $1 LIMIT 1","timestamp":"2026-09-25T18:22:31.530Z"}
{"duration":2,"level":"info","message":"db-query","rows":1,"text":"INSERT INTO bookings (reference_number,subsidiary_id,booking_type_id,booking_status_id,journey_type_id,customer_id,employee_id,pickup,dropoff,pickup_date,pickup_time,pickup_door_number,dropoff_door_number,pickup_latitude,pickup_longitude,dropoff_latitude,dropoff_longitude,viapoints,restricted_drivers,flight_number,arriving_from,vehicle_type_id,driver_id,passengers,luggages,hand_luggages,child_seat,name,email,mobile,telephone,lead_time,notes,special_instructions,payment_type_id,company_price,fares,total_charges,parking_charges,waiting_charges,extra_drop_charges,credit_card_charges,congestion_charges,miles,meet_and_greet,quotation,quoted,sms,emailflag,commission,skipped_bookings,booking_source,on_route,dispatched_at,eta,company_id,booked_at,multi_booking_id)\n               VALUES ($1,$2,$3,$4,$5,$6,$7,$8,$9,$10,$11,$12,$13,$14,$15,$16,$17,$18,$19,$20,$21,$22,$23,$24,$25,$26,$27,$28,$29,$30,$31,$32,$33,$34,$35,$36,$37,$38,$39,$40,$41,$42,$43,$44,$45,$46,$47,$48,$49,$50,$51,$52,$53,$54,$55,$56,$57,$58)\n               RETURNING *;","timestamp":"2026-09-25T18:22:31.536Z"}
{"duration":0,"level":"info","message":"db-query","rows":0,"text":"SELECT reference_number FROM bookings WHERE reference_number = $1 LIMIT 1","timestamp":"2026-09-25T18:22:31.537Z"}
{"duration":1,"level":"info","message":"db-query","rows":0,"text":"SELECT reference_number FROM bookings WHERE reference_number = $1 LIMIT 1","timestamp":"2026-09-25T18:22:31.539Z"}
{"duration":2,"level":"info","message":"db-query","rows":1,"text":"INSERT INTO bookings (reference_number,subsidiary_id,booking_type_id,booking_status_id,journey_type_id,customer_id,employee_id,pickup,dropoff,pickup_date,pickup_time,pickup_latitude,pickup_longitude,dropoff_latitude,dropoff_longitude,viapoints,restricted_drivers,flight_number,arriving_from,vehicle_type_id,driver_id,passengers,luggages,hand_luggages,child_seat,name,email,mobile,telephone,lead_time,notes,payment_type_id,fares,total_charges,credit_card_charges,miles,quotation,quoted,sms,emailflag,associated_booking,commission,skipped_bookings,booking_source,on_route,dispatched_at,eta,company_id,booked_at,multi_booking_id)\n               VALUES ($1,$2,$3,$4,$5,$6,$7,$8,$9,$10,$11,$12,$13,$14,$15,$16,$17,$18,$19,$20,$21,$22,$23,$24,$25,$26,$27,$28,$29,$30,$31,$32,$33,$34,$35,$36,$37,$38,$39,$40,$41,$42,$43,$44,$45,$46,$47,$48,$49,$50)\n               RETURNING *;","timestamp":"2026-09-25T18:22:31.542Z"}
{"duration":3,"level":"info","message":"db-query","rows":null,"text":"COMMIT","timestamp":"2026-09-25T18:22:31.549Z"}
{"duration":10,"level":"info","message":"db-query","rows":1,"text":"\n    \nSELECT\n  b.id,\n  b.reference_number,\n  b.subsidiary_id,\n  b.booking_type_id,\n  b.booking_status_id,\n  b.journey_type_id,\n  b.account_id,\n  b.customer_id,\n  b.employee_id,\n  b.pickup,\n  b.dropoff,\n  b.pickup_date,\n  b.pickup_time,\n  b.dropoff_date,\n  b.dropoff_time,\n  b.pickup_door_number,\n  b.dropoff_door_number,\n  b.pickup_plot,\n  b.dropoff_plot,\n  b.pickup_location_type_id,\n  b.dropoff_location_type_id,\n  b.pickup_latitude,\n  b.pickup_longitude,\n  b.dropoff_latitude,\n  b.dropoff_longitude,\n  b.viapoints,\n  b.restricted_drivers,\n  b.flight_number,\n  b.arriving_from,\n  b.vehicle_type_id,\n  b.vehicle_id,\n  b.driver_id,\n  b.passengers,\n  b.luggages,\n  b.hand_luggages,\n  b.child_seat,\n  b.name,\n  b.email,\n  b.mobile,\n  b.telephone,\n  b.lead_time,\n  b.notes,\n  b.special_instructions,\n  b.payment_type_id,\n  b.company_price,\n  b.fares,\n  b.total_charges,\n  b.parking_charges,\n  b.waiting_charges,\n  b.extra_drop_charges,\n  b.credit_card_charges,\n  b.congestion_charges,\n  b.miles,\n  b.meet_and_greet,\n  b.department,\n  b.escort_id,\n  b.order_number,\n  b.booked_by,\n  b.add_return_fare,\n  b.fare_meter_status,\n  b.fare_meter,\n  b.quotation,\n  b.quoted,\n  b.dispatch,\n  b.dispatch_as,\n  b.sms,\n  b.emailflag,\n  b.trash,\n  b.hidden,\n  b.multi_booking_id,\n  b.associated_booking,\n  b.invoice_status,\n  b.commission_status,\n  b.commission,\n  b.skipped_bookings,\n  b.permanent,\n  b.toggle_driver_text,\n  b.toggle_passenger_text,\n  b.cancelled_reason,\n  b.booking_source,\n  b.on_route,\n  b.arrived,\n  b.passenger_on_board,\n  b.completed,\n  b.controller_completed,\n  b.driver_waiting_time,\n  b.dispatched_at,\n  b.booked_at,\n  b.stripe_customer_id,\n  b.stripe_payment_id,\n  b.invoice_number,\n  b.initial_subsidiary_id,\n  b.created_at,\n  b.updated_at,\n  b.eta,\n  b.fob,\n  b.future,\n\n  json_build_object(\n    'booking_status', bs.booking_status\n  ) AS booking_status,\n\n  json_build_object(\n    'booking_type', bt.booking_type\n  ) AS booking_type,\n\n  json_build_object(\n    'journey_type', jt.journey_type\n  ) AS journey_type,\n\n  json_build_object(\n    'id', s.id,\n    'name', s.name,\n    'telephone_number', s.telephone_number\n  ) AS subsidiary,\n\n  json_build_object(\n    'name', vt.name,\n    'background_color', vt.background_color,\n    'foreground_color', vt.foreground_color\n  ) AS vehicle_type,\n\n  json_build_object(\n    'id', pt.id,\n    'name', pt.name,\n    'background_color', pt.background_color,\n    'foreground_color', pt.foreground_color\n  ) AS payment_type,\n\n  json_build_object(\n    'id', a.id,\n    'name', a.name,\n    'background_color', a.background_color,\n    'foreground_color', a.foreground_color,\n    'has_vat', a.has_vat,\n    'bank_information', a.bank_information,\n    'fare_controller', a.fare_controller,\n    'account_fees_type', a.account_fees_type,\n    'account_fees', a.account_fees,\n    'account_fees_vat', a.account_fees_vat\n  ) AS account,\n\n  json_build_object(\n    'id', d.id,\n    'username', d.username,\n    'name', d.name,\n    'mobile_device_id', d.mobile_device_id,\n    'phc_vehicle_number', d.phc_vehicle_number,\n    'phc_driver_number', d.phc_driver_number,\n    'vehicle_id', d.vehicle_id,\n    'driver_commission', d.driver_commission,\n    'session_status', d.session_status,\n\n    'vehicle', json_build_object(\n      'make', v.make,\n      'model', v.model,\n      'color', v.color,\n      'vehicle_number', v.vehicle_number\n    )\n  ) AS driver,\n\n  json_build_object(\n    'door_number', c.door_number,\n    'address1', c.address1,\n    'address2', c.address2,\n    'blacklist', c.blacklist\n  ) AS customer,\n\n  json_build_object(\n    'username', e.username,\n    'role_id', e.role_id\n  ) AS employee,\n\n  json_build_object(\n    'pickup',\n    CASE\n      WHEN lp.id IS NOT NULL THEN\n        json_build_object(\n          'id', lp.id,\n          'name', lp.name,\n          'location_type', json_build_object(\n            'id', ltp.id,\n            'name', ltp.name,\n            'background_color', ltp.background_color,\n            'foreground_color', ltp.foreground_color\n          )\n        )\n      ELSE\n        json_build_object(\n          'id', null,\n          'name', null,\n          'location_type', json_build_object(\n            'id', null,\n            'name', null,\n            'background_color', null,\n            'foreground_color', null\n          )\n        )\n    END,\n\n    'dropoff',\n    CASE\n      WHEN ld.id IS NOT NULL THEN\n        json_build_object(\n          'id', ld.id,\n          'name', ld.name,\n          'location_type', json_build_object(\n            'id', ltd.id,\n            'name', ltd.name,\n            'background_color', ltd.background_color,\n            'foreground_color', ltd.foreground_color\n          )\n        )\n      ELSE\n        json_build_object(\n          'id', null,\n          'name', null,\n          'location_type', json_build_object(\n            'id', null,\n            'name', null,\n            'background_color', null,\n            'foreground_color', null\n          )\n        )\n    END\n  ) AS airport\n\nFROM bookings b\n\nLEFT JOIN booking_statuses bs\n  ON b.booking_status_id = bs.id\n\nLEFT JOIN booking_types bt\n  ON b.booking_type_id = bt.id\n\nLEFT JOIN journey_types jt\n  ON b.journey_type_id = jt.id\n\nLEFT JOIN subsidiaries s\n  ON b.subsidiary_id = s.id\n\nLEFT JOIN vehicle_types vt\n  ON b.vehicle_type_id = vt.id\n\nLEFT JOIN payment_types pt\n  ON b.payment_type_id = pt.id\n\nLEFT JOIN accounts a\n  ON b.account_id = a.id\n\nLEFT JOIN drivers d\n  ON b.driver_id = d.id\n\nLEFT JOIN vehicles v\n  ON d.vehicle_id = v.id\n\nLEFT JOIN customers c\n  ON b.customer_id = c.id\n\nLEFT JOIN employees e\n  ON b.employee_id = e.id\n\n\n-- PICKUP LOCATION\n-- Select only the most specific matching location\nLEFT JOIN LATERAL (\n  SELECT l.*\n  FROM locations l\n  WHERE l.location_type_id = 2\n    AND b.pickup ILIKE '%' || l.name || '%'\n  ORDER BY LENGTH(l.name) DESC, l.id ASC\n  LIMIT 1\n) lp ON true\n\n\n-- DROPOFF LOCATION\n-- Select only the most specific matching location\nLEFT JOIN LATERAL (\n  SELECT l.*\n  FROM locations l\n  WHERE l.location_type_id = 2\n    AND b.dropoff ILIKE '%' || l.name || '%'\n  ORDER BY LENGTH(l.name) DESC, l.id ASC\n  LIMIT 1\n) ld ON true\n\n\nLEFT JOIN location_types ltp\n  ON lp.location_type_id = ltp.id\n\nLEFT JOIN location_types ltd\n  ON ld.location_type_id = ltd.id\n\n\n    WHERE b.id = $1\n  ","timestamp":"2026-09-25T18:22:31.561Z"}
{"duration":12,"level":"info","message":"db-query","rows":1,"text":"\n    \nSELECT\n  b.id,\n  b.reference_number,\n  b.subsidiary_id,\n  b.booking_type_id,\n  b.booking_status_id,\n  b.journey_type_id,\n  b.account_id,\n  b.customer_id,\n  b.employee_id,\n  b.pickup,\n  b.dropoff,\n  b.pickup_date,\n  b.pickup_time,\n  b.dropoff_date,\n  b.dropoff_time,\n  b.pickup_door_number,\n  b.dropoff_door_number,\n  b.pickup_plot,\n  b.dropoff_plot,\n  b.pickup_location_type_id,\n  b.dropoff_location_type_id,\n  b.pickup_latitude,\n  b.pickup_longitude,\n  b.dropoff_latitude,\n  b.dropoff_longitude,\n  b.viapoints,\n  b.restricted_drivers,\n  b.flight_number,\n  b.arriving_from,\n  b.vehicle_type_id,\n  b.vehicle_id,\n  b.driver_id,\n  b.passengers,\n  b.luggages,\n  b.hand_luggages,\n  b.child_seat,\n  b.name,\n  b.email,\n  b.mobile,\n  b.telephone,\n  b.lead_time,\n  b.notes,\n  b.special_instructions,\n  b.payment_type_id,\n  b.company_price,\n  b.fares,\n  b.total_charges,\n  b.parking_charges,\n  b.waiting_charges,\n  b.extra_drop_charges,\n  b.credit_card_charges,\n  b.congestion_charges,\n  b.miles,\n  b.meet_and_greet,\n  b.department,\n  b.escort_id,\n  b.order_number,\n  b.booked_by,\n  b.add_return_fare,\n  b.fare_meter_status,\n  b.fare_meter,\n  b.quotation,\n  b.quoted,\n  b.dispatch,\n  b.dispatch_as,\n  b.sms,\n  b.emailflag,\n  b.trash,\n  b.hidden,\n  b.multi_booking_id,\n  b.associated_booking,\n  b.invoice_status,\n  b.commission_status,\n  b.commission,\n  b.skipped_bookings,\n  b.permanent,\n  b.toggle_driver_text,\n  b.toggle_passenger_text,\n  b.cancelled_reason,\n  b.booking_source,\n  b.on_route,\n  b.arrived,\n  b.passenger_on_board,\n  b.completed,\n  b.controller_completed,\n  b.driver_waiting_time,\n  b.dispatched_at,\n  b.booked_at,\n  b.stripe_customer_id,\n  b.stripe_payment_id,\n  b.invoice_number,\n  b.initial_subsidiary_id,\n  b.created_at,\n  b.updated_at,\n  b.eta,\n  b.fob,\n  b.future,\n\n  json_build_object(\n    'booking_status', bs.booking_status\n  ) AS booking_status,\n\n  json_build_object(\n    'booking_type', bt.booking_type\n  ) AS booking_type,\n\n  json_build_object(\n    'journey_type', jt.journey_type\n  ) AS journey_type,\n\n  json_build_object(\n    'id', s.id,\n    'name', s.name,\n    'telephone_number', s.telephone_number\n  ) AS subsidiary,\n\n  json_build_object(\n    'name', vt.name,\n    'background_color', vt.background_color,\n    'foreground_color', vt.foreground_color\n  ) AS vehicle_type,\n\n  json_build_object(\n    'id', pt.id,\n    'name', pt.name,\n    'background_color', pt.background_color,\n    'foreground_color', pt.foreground_color\n  ) AS payment_type,\n\n  json_build_object(\n    'id', a.id,\n    'name', a.name,\n    'background_color', a.background_color,\n    'foreground_color', a.foreground_color,\n    'has_vat', a.has_vat,\n    'bank_information', a.bank_information,\n    'fare_controller', a.fare_controller,\n    'account_fees_type', a.account_fees_type,\n    'account_fees', a.account_fees,\n    'account_fees_vat', a.account_fees_vat\n  ) AS account,\n\n  json_build_object(\n    'id', d.id,\n    'username', d.username,\n    'name', d.name,\n    'mobile_device_id', d.mobile_device_id,\n    'phc_vehicle_number', d.phc_vehicle_number,\n    'phc_driver_number', d.phc_driver_number,\n    'vehicle_id', d.vehicle_id,\n    'driver_commission', d.driver_commission,\n    'session_status', d.session_status,\n\n    'vehicle', json_build_object(\n      'make', v.make,\n      'model', v.model,\n      'color', v.color,\n      'vehicle_number', v.vehicle_number\n    )\n  ) AS driver,\n\n  json_build_object(\n    'door_number', c.door_number,\n    'address1', c.address1,\n    'address2', c.address2,\n    'blacklist', c.blacklist\n  ) AS customer,\n\n  json_build_object(\n    'username', e.username,\n    'role_id', e.role_id\n  ) AS employee,\n\n  json_build_object(\n    'pickup',\n    CASE\n      WHEN lp.id IS NOT NULL THEN\n        json_build_object(\n          'id', lp.id,\n          'name', lp.name,\n          'location_type', json_build_object(\n            'id', ltp.id,\n            'name', ltp.name,\n            'background_color', ltp.background_color,\n            'foreground_color', ltp.foreground_color\n          )\n        )\n      ELSE\n        json_build_object(\n          'id', null,\n          'name', null,\n          'location_type', json_build_object(\n            'id', null,\n            'name', null,\n            'background_color', null,\n            'foreground_color', null\n          )\n        )\n    END,\n\n    'dropoff',\n    CASE\n      WHEN ld.id IS NOT NULL THEN\n        json_build_object(\n          'id', ld.id,\n          'name', ld.name,\n          'location_type', json_build_object(\n            'id', ltd.id,\n            'name', ltd.name,\n            'background_color', ltd.background_color,\n            'foreground_color', ltd.foreground_color\n          )\n        )\n      ELSE\n        json_build_object(\n          'id', null,\n          'name', null,\n          'location_type', json_build_object(\n            'id', null,\n            'name', null,\n            'background_color', null,\n            'foreground_color', null\n          )\n        )\n    END\n  ) AS airport\n\nFROM bookings b\n\nLEFT JOIN booking_statuses bs\n  ON b.booking_status_id = bs.id\n\nLEFT JOIN booking_types bt\n  ON b.booking_type_id = bt.id\n\nLEFT JOIN journey_types jt\n  ON b.journey_type_id = jt.id\n\nLEFT JOIN subsidiaries s\n  ON b.subsidiary_id = s.id\n\nLEFT JOIN vehicle_types vt\n  ON b.vehicle_type_id = vt.id\n\nLEFT JOIN payment_types pt\n  ON b.payment_type_id = pt.id\n\nLEFT JOIN accounts a\n  ON b.account_id = a.id\n\nLEFT JOIN drivers d\n  ON b.driver_id = d.id\n\nLEFT JOIN vehicles v\n  ON d.vehicle_id = v.id\n\nLEFT JOIN customers c\n  ON b.customer_id = c.id\n\nLEFT JOIN employees e\n  ON b.employee_id = e.id\n\n\n-- PICKUP LOCATION\n-- Select only the most specific matching location\nLEFT JOIN LATERAL (\n  SELECT l.*\n  FROM locations l\n  WHERE l.location_type_id = 2\n    AND b.pickup ILIKE '%' || l.name || '%'\n  ORDER BY LENGTH(l.name) DESC, l.id ASC\n  LIMIT 1\n) lp ON true\n\n\n-- DROPOFF LOCATION\n-- Select only the most specific matching location\nLEFT JOIN LATERAL (\n  SELECT l.*\n  FROM locations l\n  WHERE l.location_type_id = 2\n    AND b.dropoff ILIKE '%' || l.name || '%'\n  ORDER BY LENGTH(l.name) DESC, l.id ASC\n  LIMIT 1\n) ld ON true\n\n\nLEFT JOIN location_types ltp\n  ON lp.location_type_id = ltp.id\n\nLEFT JOIN location_types ltd\n  ON ld.location_type_id = ltd.id\n\n\n    WHERE b.id = $1\n  ","timestamp":"2026-09-25T18:22:31.574Z"}
{"duration":1,"level":"info","message":"db-query","rows":1,"text":"SELECT fcm_token FROM drivers WHERE id = $1","timestamp":"2026-09-25T18:22:31.577Z"}
{"duration":0,"level":"info","message":"db-query","rows":1,"text":"SELECT fcm_token FROM drivers WHERE id = $1","timestamp":"2026-09-25T18:22:31.578Z"}
{"duration":1,"level":"info","message":"db-query","rows":1,"text":"\n      SELECT web_device_id\n      FROM employees\n      WHERE role_id = 1 \n      AND company_id = $1\n      AND web_device_id IS NOT NULL\n      AND web_device_id != ''\n    ","timestamp":"2026-09-25T18:22:31.580Z"}
{"level":"info","message":"POST /api/bookings/add 200 358.157 ms","timestamp":"2026-09-25T18:22:31.870Z"}
{"duration":2,"level":"info","message":"db-query","rows":0,"text":"\n      SELECT company_id, driver_id \n      FROM driver_sinbins \n      WHERE is_active = TRUE \n      AND (updated_at + (sinbin_time || ' minutes')::INTERVAL) <= CURRENT_TIMESTAMP;\n    ","timestamp":"2026-09-25T18:22:35.017Z"}
{"duration":1,"level":"info","message":"db-query","rows":0,"text":"\n      SELECT company_id, driver_id \n      FROM driver_sinbins \n      WHERE is_active = TRUE \n      AND (updated_at + (sinbin_time || ' minutes')::INTERVAL) <= CURRENT_TIMESTAMP;\n    ","timestamp":"2026-09-25T18:22:40.012Z"}
{"duration":1,"level":"info","message":"db-query","rows":0,"text":"\n      SELECT company_id, driver_id \n      FROM driver_sinbins \n      WHERE is_active = TRUE \n      AND (updated_at + (sinbin_time || ' minutes')::INTERVAL) <= CURRENT_TIMESTAMP;\n    ","timestamp":"2026-09-25T18:22:45.012Z"}
{"duration":0,"level":"info","message":"db-query","rows":null,"text":"BEGIN","timestamp":"2026-09-25T18:22:46.022Z"}
{"duration":1,"level":"info","message":"db-query","rows":1,"text":"SELECT d.*, s.name AS subsidiary_name\n          FROM drivers d\n          LEFT JOIN subsidiaries s ON s.id = d.subsidiary_id\n          WHERE d.id = $1","timestamp":"2026-09-25T18:22:46.023Z"}
{"duration":1,"level":"info","message":"db-query","rows":1,"text":"SELECT id, note, created_at, created_by\n          FROM driver_notes\n          WHERE driver_id = $1\n          ORDER BY created_at DESC","timestamp":"2026-09-25T18:22:46.025Z"}
{"duration":0,"level":"info","message":"db-query","rows":1,"text":"SELECT id, name, start_time, end_time\n          FROM driver_shifts\n          WHERE driver_id = $1\n          ORDER BY id ASC","timestamp":"2026-09-25T18:22:46.025Z"}
{"duration":1,"level":"info","message":"db-query","rows":1,"text":"SELECT \n            v.*,\n            json_build_object(\n              'id', vt.id,\n              'name', vt.name,\n              'driver_waiting_charges', vt.driver_waiting_charges,\n              'account_waiting_charges', vt.account_waiting_charges,\n              'waiting_time', vt.waiting_time\n            ) AS vehicle_type\n            FROM vehicles v\n            LEFT JOIN vehicle_types vt ON vt.id = v.vehicle_type_id\n            WHERE v.id = $1\n            LIMIT 1","timestamp":"2026-09-25T18:22:46.027Z"}
{"duration":0,"level":"info","message":"db-query","rows":null,"text":"COMMIT","timestamp":"2026-09-25T18:22:46.027Z"}
{"level":"info","message":"POST /api/bookings/add 400 7.113 ms","timestamp":"2026-09-25T18:22:46.029Z"}
{"duration":2,"level":"info","message":"db-query","rows":0,"text":"\n      SELECT company_id, driver_id \n      FROM driver_sinbins \n      WHERE is_active = TRUE \n      AND (updated_at + (sinbin_time || ' minutes')::INTERVAL) <= CURRENT_TIMESTAMP;\n    ","timestamp":"2026-09-25T18:22:50.014Z"}
{"duration":1,"level":"info","message":"db-query","rows":0,"text":"\n      SELECT company_id, driver_id \n      FROM driver_sinbins \n      WHERE is_active = TRUE \n      AND (updated_at + (sinbin_time || ' minutes')::INTERVAL) <= CURRENT_TIMESTAMP;\n    ","timestamp":"2026-09-25T18:22:55.017Z"}
{"duration":1,"level":"info","message":"db-query","rows":0,"text":"\n      SELECT company_id, driver_id \n      FROM driver_sinbins \n      WHERE is_active = TRUE \n      AND (updated_at + (sinbin_time || ' minutes')::INTERVAL) <= CURRENT_TIMESTAMP;\n    ","timestamp":"2026-09-25T18:23:00.044Z"}
{"duration":0,"level":"info","message":"db-query","rows":null,"text":"BEGIN","timestamp":"2026-09-25T18:23:02.616Z"}
{"duration":1,"level":"info","message":"db-query","rows":1,"text":"SELECT d.*, s.name AS subsidiary_name\n          FROM drivers d\n          LEFT JOIN subsidiaries s ON s.id = d.subsidiary_id\n          WHERE d.id = $1","timestamp":"2026-09-25T18:23:02.618Z"}
{"duration":1,"level":"info","message":"db-query","rows":1,"text":"SELECT id, note, created_at, created_by\n          FROM driver_notes\n          WHERE driver_id = $1\n          ORDER BY created_at DESC","timestamp":"2026-09-25T18:23:02.619Z"}
{"duration":1,"level":"info","message":"db-query","rows":1,"text":"SELECT id, name, start_time, end_time\n          FROM driver_shifts\n          WHERE driver_id = $1\n          ORDER BY id ASC","timestamp":"2026-09-25T18:23:02.620Z"}
{"duration":1,"level":"info","message":"db-query","rows":1,"text":"SELECT \n            v.*,\n            json_build_object(\n              'id', vt.id,\n              'name', vt.name,\n              'driver_waiting_charges', vt.driver_waiting_charges,\n              'account_waiting_charges', vt.account_waiting_charges,\n              'waiting_time', vt.waiting_time\n            ) AS vehicle_type\n            FROM vehicles v\n            LEFT JOIN vehicle_types vt ON vt.id = v.vehicle_type_id\n            WHERE v.id = $1\n            LIMIT 1","timestamp":"2026-09-25T18:23:02.621Z"}
{"duration":1,"level":"info","message":"db-query","rows":null,"text":"COMMIT","timestamp":"2026-09-25T18:23:02.622Z"}
{"level":"info","message":"POST /api/bookings/add 400 6.918 ms","timestamp":"2026-09-25T18:23:02.623Z"}
{"duration":1,"level":"info","message":"db-query","rows":0,"text":"\n      SELECT company_id, driver_id \n      FROM driver_sinbins \n      WHERE is_active = TRUE \n      AND (updated_at + (sinbin_time || ' minutes')::INTERVAL) <= CURRENT_TIMESTAMP;\n    ","timestamp":"2026-09-25T18:23:05.005Z"}
{"duration":1,"level":"info","message":"db-query","rows":0,"text":"\n      SELECT company_id, driver_id \n      FROM driver_sinbins \n      WHERE is_active = TRUE \n      AND (updated_at + (sinbin_time || ' minutes')::INTERVAL) <= CURRENT_TIMESTAMP;\n    ","timestamp":"2026-09-25T18:23:10.012Z"}
{"duration":1,"level":"info","message":"db-query","rows":0,"text":"\n      SELECT company_id, driver_id \n      FROM driver_sinbins \n      WHERE is_active = TRUE \n      AND (updated_at + (sinbin_time || ' minutes')::INTERVAL) <= CURRENT_TIMESTAMP;\n    ","timestamp":"2026-09-25T18:23:15.008Z"}
{"duration":2,"level":"info","message":"db-query","rows":0,"text":"\n      SELECT company_id, driver_id \n      FROM driver_sinbins \n      WHERE is_active = TRUE \n      AND (updated_at + (sinbin_time || ' minutes')::INTERVAL) <= CURRENT_TIMESTAMP;\n    ","timestamp":"2026-09-25T18:23:20.010Z"}
{"duration":1,"level":"info","message":"db-query","rows":0,"text":"\n      SELECT company_id, driver_id \n      FROM driver_sinbins \n      WHERE is_active = TRUE \n      AND (updated_at + (sinbin_time || ' minutes')::INTERVAL) <= CURRENT_TIMESTAMP;\n    ","timestamp":"2026-09-25T18:23:25.013Z"}
{"duration":2,"level":"info","message":"db-query","rows":0,"text":"\n      SELECT company_id, driver_id \n      FROM driver_sinbins \n      WHERE is_active = TRUE \n      AND (updated_at + (sinbin_time || ' minutes')::INTERVAL) <= CURRENT_TIMESTAMP;\n    ","timestamp":"2026-09-25T18:23:30.018Z"}
{"duration":1,"level":"info","message":"db-query","rows":0,"text":"\n      SELECT company_id, driver_id \n      FROM driver_sinbins \n      WHERE is_active = TRUE \n      AND (updated_at + (sinbin_time || ' minutes')::INTERVAL) <= CURRENT_TIMESTAMP;\n    ","timestamp":"2026-09-25T18:23:35.006Z"}
{"duration":2,"level":"info","message":"db-query","rows":0,"text":"\n      SELECT company_id, driver_id \n      FROM driver_sinbins \n      WHERE is_active = TRUE \n      AND (updated_at + (sinbin_time || ' minutes')::INTERVAL) <= CURRENT_TIMESTAMP;\n    ","timestamp":"2026-09-25T18:23:40.007Z"}
{"duration":1,"level":"info","message":"db-query","rows":0,"text":"\n      SELECT company_id, driver_id \n      FROM driver_sinbins \n      WHERE is_active = TRUE \n      AND (updated_at + (sinbin_time || ' minutes')::INTERVAL) <= CURRENT_TIMESTAMP;\n    ","timestamp":"2026-09-25T18:23:45.011Z"}
{"duration":1,"level":"info","message":"db-query","rows":0,"text":"\n      SELECT company_id, driver_id \n      FROM driver_sinbins \n      WHERE is_active = TRUE \n      AND (updated_at + (sinbin_time || ' minutes')::INTERVAL) <= CURRENT_TIMESTAMP;\n    ","timestamp":"2026-09-25T18:23:50.011Z"}
{"duration":2,"level":"info","message":"db-query","rows":0,"text":"\n      SELECT company_id, driver_id \n      FROM driver_sinbins \n      WHERE is_active = TRUE \n      AND (updated_at + (sinbin_time || ' minutes')::INTERVAL) <= CURRENT_TIMESTAMP;\n    ","timestamp":"2026-09-25T18:23:55.019Z"}
{"duration":2,"level":"info","message":"db-query","rows":0,"text":"\n      SELECT company_id, driver_id \n      FROM driver_sinbins \n      WHERE is_active = TRUE \n      AND (updated_at + (sinbin_time || ' minutes')::INTERVAL) <= CURRENT_TIMESTAMP;\n    ","timestamp":"2026-09-25T18:24:00.011Z"}
{"duration":1,"level":"info","message":"db-query","rows":0,"text":"\n      SELECT company_id, driver_id \n      FROM driver_sinbins \n      WHERE is_active = TRUE \n      AND (updated_at + (sinbin_time || ' minutes')::INTERVAL) <= CURRENT_TIMESTAMP;\n    ","timestamp":"2026-09-25T18:24:05.016Z"}
{"duration":1,"level":"info","message":"db-query","rows":0,"text":"\n      SELECT company_id, driver_id \n      FROM driver_sinbins \n      WHERE is_active = TRUE \n      AND (updated_at + (sinbin_time || ' minutes')::INTERVAL) <= CURRENT_TIMESTAMP;\n    ","timestamp":"2026-09-25T18:24:10.010Z"}
{"duration":1,"level":"info","message":"db-query","rows":0,"text":"\n      SELECT company_id, driver_id \n      FROM driver_sinbins \n      WHERE is_active = TRUE \n      AND (updated_at + (sinbin_time || ' minutes')::INTERVAL) <= CURRENT_TIMESTAMP;\n    ","timestamp":"2026-09-25T18:24:15.014Z"}
{"duration":2,"level":"info","message":"db-query","rows":0,"text":"\n      SELECT company_id, driver_id \n      FROM driver_sinbins \n      WHERE is_active = TRUE \n      AND (updated_at + (sinbin_time || ' minutes')::INTERVAL) <= CURRENT_TIMESTAMP;\n    ","timestamp":"2026-09-25T18:24:20.015Z"}
{"duration":1,"level":"info","message":"db-query","rows":0,"text":"\n      SELECT company_id, driver_id \n      FROM driver_sinbins \n      WHERE is_active = TRUE \n      AND (updated_at + (sinbin_time || ' minutes')::INTERVAL) <= CURRENT_TIMESTAMP;\n    ","timestamp":"2026-09-25T18:24:25.003Z"}
{"duration":1,"level":"info","message":"db-query","rows":0,"text":"\n      SELECT company_id, driver_id \n      FROM driver_sinbins \n      WHERE is_active = TRUE \n      AND (updated_at + (sinbin_time || ' minutes')::INTERVAL) <= CURRENT_TIMESTAMP;\n    ","timestamp":"2026-09-25T18:24:30.004Z"}
{"duration":1,"level":"info","message":"db-query","rows":0,"text":"\n      SELECT company_id, driver_id \n      FROM driver_sinbins \n      WHERE is_active = TRUE \n      AND (updated_at + (sinbin_time || ' minutes')::INTERVAL) <= CURRENT_TIMESTAMP;\n    ","timestamp":"2026-09-25T18:24:35.012Z"}
{"duration":2,"level":"info","message":"db-query","rows":0,"text":"\n      SELECT company_id, driver_id \n      FROM driver_sinbins \n      WHERE is_active = TRUE \n      AND (updated_at + (sinbin_time || ' minutes')::INTERVAL) <= CURRENT_TIMESTAMP;\n    ","timestamp":"2026-09-25T18:24:40.008Z"}
{"duration":2,"level":"info","message":"db-query","rows":0,"text":"\n      SELECT company_id, driver_id \n      FROM driver_sinbins \n      WHERE is_active = TRUE \n      AND (updated_at + (sinbin_time || ' minutes')::INTERVAL) <= CURRENT_TIMESTAMP;\n    ","timestamp":"2026-09-25T18:24:45.009Z"}
{"duration":2,"level":"info","message":"db-query","rows":0,"text":"\n      SELECT company_id, driver_id \n      FROM driver_sinbins \n      WHERE is_active = TRUE \n      AND (updated_at + (sinbin_time || ' minutes')::INTERVAL) <= CURRENT_TIMESTAMP;\n    ","timestamp":"2026-09-25T18:24:50.007Z"}
{"duration":3,"level":"info","message":"db-query","rows":0,"text":"\n      SELECT company_id, driver_id \n      FROM driver_sinbins \n      WHERE is_active = TRUE \n      AND (updated_at + (sinbin_time || ' minutes')::INTERVAL) <= CURRENT_TIMESTAMP;\n    ","timestamp":"2026-09-25T18:24:55.017Z"}
{"duration":1,"level":"info","message":"db-query","rows":0,"text":"\n      SELECT company_id, driver_id \n      FROM driver_sinbins \n      WHERE is_active = TRUE \n      AND (updated_at + (sinbin_time || ' minutes')::INTERVAL) <= CURRENT_TIMESTAMP;\n    ","timestamp":"2026-09-25T18:25:00.039Z"}
{"duration":1,"level":"info","message":"db-query","rows":0,"text":"\n      SELECT company_id, driver_id \n      FROM driver_sinbins \n      WHERE is_active = TRUE \n      AND (updated_at + (sinbin_time || ' minutes')::INTERVAL) <= CURRENT_TIMESTAMP;\n    ","timestamp":"2026-09-25T18:25:05.008Z"}
{"duration":1,"level":"info","message":"db-query","rows":0,"text":"\n      SELECT company_id, driver_id \n      FROM driver_sinbins \n      WHERE is_active = TRUE \n      AND (updated_at + (sinbin_time || ' minutes')::INTERVAL) <= CURRENT_TIMESTAMP;\n    ","timestamp":"2026-09-25T18:25:10.004Z"}
{"duration":13,"level":"info","message":"db-query","rows":26,"text":"SELECT * FROM location_types","timestamp":"2026-09-25T18:25:17.473Z"}
{"level":"info","message":"GET /api/location-types 200 19.568 ms","timestamp":"2026-09-25T18:25:17.479Z"}
{"duration":65,"level":"info","message":"db-query","rows":26,"text":"SELECT * FROM location_types","timestamp":"2026-09-25T18:25:17.535Z"}
{"level":"info","message":"GET /api/location-types 200 66.221 ms","timestamp":"2026-09-25T18:25:17.537Z"}
{"duration":4,"level":"info","message":"db-query","rows":0,"text":"\n      SELECT company_id, driver_id \n      FROM driver_sinbins \n      WHERE is_active = TRUE \n      AND (updated_at + (sinbin_time || ' minutes')::INTERVAL) <= CURRENT_TIMESTAMP;\n    ","timestamp":"2026-09-25T18:25:20.006Z"}
{"duration":1,"level":"info","message":"db-query","rows":0,"text":"\n      SELECT company_id, driver_id \n      FROM driver_sinbins \n      WHERE is_active = TRUE \n      AND (updated_at + (sinbin_time || ' minutes')::INTERVAL) <= CURRENT_TIMESTAMP;\n    ","timestamp":"2026-09-25T18:25:25.006Z"}
{"duration":12,"level":"info","message":"db-query","rows":26,"text":"SELECT * FROM location_types","timestamp":"2026-09-25T18:25:31.822Z"}
{"level":"info","message":"GET /api/location-types 200 24.205 ms","timestamp":"2026-09-25T18:25:31.835Z"}
{"duration":86,"level":"info","message":"db-query","rows":26,"text":"SELECT * FROM location_types","timestamp":"2026-09-25T18:25:31.902Z"}
{"level":"info","message":"GET /api/location-types 200 89.321 ms","timestamp":"2026-09-25T18:25:31.903Z"}
{"duration":12,"level":"info","message":"db-query","rows":0,"text":"\n      SELECT company_id, driver_id \n      FROM driver_sinbins \n      WHERE is_active = TRUE \n      AND (updated_at + (sinbin_time || ' minutes')::INTERVAL) <= CURRENT_TIMESTAMP;\n    ","timestamp":"2026-09-25T18:25:35.017Z"}
{"duration":3,"level":"info","message":"db-query","rows":0,"text":"\n      SELECT company_id, driver_id \n      FROM driver_sinbins \n      WHERE is_active = TRUE \n      AND (updated_at + (sinbin_time || ' minutes')::INTERVAL) <= CURRENT_TIMESTAMP;\n    ","timestamp":"2026-09-25T18:25:40.016Z"}
{"duration":1,"level":"info","message":"db-query","rows":0,"text":"\n      SELECT company_id, driver_id \n      FROM driver_sinbins \n      WHERE is_active = TRUE \n      AND (updated_at + (sinbin_time || ' minutes')::INTERVAL) <= CURRENT_TIMESTAMP;\n    ","timestamp":"2026-09-25T18:25:45.007Z"}
{"duration":1,"level":"info","message":"db-query","rows":0,"text":"\n      SELECT company_id, driver_id \n      FROM driver_sinbins \n      WHERE is_active = TRUE \n      AND (updated_at + (sinbin_time || ' minutes')::INTERVAL) <= CURRENT_TIMESTAMP;\n    ","timestamp":"2026-09-25T18:25:50.013Z"}
{"duration":1,"level":"info","message":"db-query","rows":0,"text":"\n      SELECT company_id, driver_id \n      FROM driver_sinbins \n      WHERE is_active = TRUE \n      AND (updated_at + (sinbin_time || ' minutes')::INTERVAL) <= CURRENT_TIMESTAMP;\n    ","timestamp":"2026-09-25T18:25:55.008Z"}
{"duration":1,"level":"info","message":"db-query","rows":null,"text":"BEGIN","timestamp":"2026-09-25T18:25:56.157Z"}
{"duration":8,"level":"info","message":"db-query","rows":1,"text":"SELECT d.*, s.name AS subsidiary_name\n          FROM drivers d\n          LEFT JOIN subsidiaries s ON s.id = d.subsidiary_id\n          WHERE d.id = $1","timestamp":"2026-09-25T18:25:56.166Z"}
{"duration":3,"level":"info","message":"db-query","rows":1,"text":"SELECT id, note, created_at, created_by\n          FROM driver_notes\n          WHERE driver_id = $1\n          ORDER BY created_at DESC","timestamp":"2026-09-25T18:25:56.169Z"}
{"duration":3,"level":"info","message":"db-query","rows":1,"text":"SELECT id, name, start_time, end_time\n          FROM driver_shifts\n          WHERE driver_id = $1\n          ORDER BY id ASC","timestamp":"2026-09-25T18:25:56.173Z"}
{"duration":6,"level":"info","message":"db-query","rows":1,"text":"SELECT \n            v.*,\n            json_build_object(\n              'id', vt.id,\n              'name', vt.name,\n              'driver_waiting_charges', vt.driver_waiting_charges,\n              'account_waiting_charges', vt.account_waiting_charges,\n              'waiting_time', vt.waiting_time\n            ) AS vehicle_type\n            FROM vehicles v\n            LEFT JOIN vehicle_types vt ON vt.id = v.vehicle_type_id\n            WHERE v.id = $1\n            LIMIT 1","timestamp":"2026-09-25T18:25:56.180Z"}
{"duration":1,"level":"info","message":"db-query","rows":null,"text":"COMMIT","timestamp":"2026-09-25T18:25:56.183Z"}
{"duration":0,"level":"info","message":"db-query","rows":null,"text":"BEGIN","timestamp":"2026-09-25T18:25:56.184Z"}
{"duration":1,"level":"info","message":"db-query","rows":1,"text":"SELECT d.*, s.name AS subsidiary_name\n          FROM drivers d\n          LEFT JOIN subsidiaries s ON s.id = d.subsidiary_id\n          WHERE d.id = $1","timestamp":"2026-09-25T18:25:56.186Z"}
{"duration":0,"level":"info","message":"db-query","rows":1,"text":"SELECT id, note, created_at, created_by\n          FROM driver_notes\n          WHERE driver_id = $1\n          ORDER BY created_at DESC","timestamp":"2026-09-25T18:25:56.187Z"}
{"duration":0,"level":"info","message":"db-query","rows":1,"text":"SELECT id, name, start_time, end_time\n          FROM driver_shifts\n          WHERE driver_id = $1\n          ORDER BY id ASC","timestamp":"2026-09-25T18:25:56.188Z"}
{"duration":1,"level":"info","message":"db-query","rows":1,"text":"SELECT \n            v.*,\n            json_build_object(\n              'id', vt.id,\n              'name', vt.name,\n              'driver_waiting_charges', vt.driver_waiting_charges,\n              'account_waiting_charges', vt.account_waiting_charges,\n              'waiting_time', vt.waiting_time\n            ) AS vehicle_type\n            FROM vehicles v\n            LEFT JOIN vehicle_types vt ON vt.id = v.vehicle_type_id\n            WHERE v.id = $1\n            LIMIT 1","timestamp":"2026-09-25T18:25:56.190Z"}
{"duration":0,"level":"info","message":"db-query","rows":null,"text":"COMMIT","timestamp":"2026-09-25T18:25:56.191Z"}
{"duration":0,"level":"info","message":"db-query","rows":null,"text":"BEGIN","timestamp":"2026-09-25T18:25:56.192Z"}
{"duration":4,"level":"info","message":"db-query","rows":1,"text":"\n    SELECT id FROM public.customers \n    WHERE company_id = $1 AND (\n      (mobile IS NOT NULL AND mobile = $2) OR \n      (email IS NOT NULL AND email = $3)\n    )\n    LIMIT 1;\n  ","timestamp":"2026-09-25T18:25:56.197Z"}
{"duration":1,"level":"info","message":"db-query","rows":1,"text":"\n      UPDATE public.customers\n      SET \n        name = COALESCE($1, name),\n        email = COALESCE($2, email),\n        mobile = COALESCE($3, mobile),\n        telephone = COALESCE($4, telephone)\n      WHERE id = $5\n      RETURNING id;\n    ","timestamp":"2026-09-25T18:25:56.199Z"}
{"duration":5,"level":"info","message":"db-query","rows":0,"text":"SELECT reference_number FROM bookings WHERE reference_number = $1 LIMIT 1","timestamp":"2026-09-25T18:25:56.206Z"}
{"duration":0,"level":"info","message":"db-query","rows":0,"text":"SELECT reference_number FROM bookings WHERE reference_number = $1 LIMIT 1","timestamp":"2026-09-25T18:25:56.207Z"}
{"duration":30,"level":"info","message":"db-query","rows":1,"text":"INSERT INTO bookings (reference_number,subsidiary_id,booking_type_id,booking_status_id,journey_type_id,customer_id,employee_id,pickup,dropoff,pickup_date,pickup_time,pickup_door_number,dropoff_door_number,pickup_latitude,pickup_longitude,dropoff_latitude,dropoff_longitude,viapoints,restricted_drivers,flight_number,arriving_from,vehicle_type_id,driver_id,passengers,luggages,hand_luggages,child_seat,name,email,mobile,telephone,lead_time,notes,special_instructions,payment_type_id,company_price,fares,total_charges,parking_charges,waiting_charges,extra_drop_charges,credit_card_charges,congestion_charges,miles,meet_and_greet,quotation,quoted,sms,emailflag,commission,skipped_bookings,booking_source,on_route,dispatched_at,eta,company_id,booked_at,multi_booking_id)\n               VALUES ($1,$2,$3,$4,$5,$6,$7,$8,$9,$10,$11,$12,$13,$14,$15,$16,$17,$18,$19,$20,$21,$22,$23,$24,$25,$26,$27,$28,$29,$30,$31,$32,$33,$34,$35,$36,$37,$38,$39,$40,$41,$42,$43,$44,$45,$46,$47,$48,$49,$50,$51,$52,$53,$54,$55,$56,$57,$58)\n               RETURNING *;","timestamp":"2026-09-25T18:25:56.238Z"}
{"duration":1,"level":"info","message":"db-query","rows":0,"text":"SELECT reference_number FROM bookings WHERE reference_number = $1 LIMIT 1","timestamp":"2026-09-25T18:25:56.240Z"}
{"duration":1,"level":"info","message":"db-query","rows":0,"text":"SELECT reference_number FROM bookings WHERE reference_number = $1 LIMIT 1","timestamp":"2026-09-25T18:25:56.241Z"}
{"duration":2,"level":"info","message":"db-query","rows":1,"text":"INSERT INTO bookings (reference_number,subsidiary_id,booking_type_id,booking_status_id,journey_type_id,customer_id,employee_id,pickup,dropoff,pickup_date,pickup_time,pickup_latitude,pickup_longitude,dropoff_latitude,dropoff_longitude,viapoints,restricted_drivers,flight_number,arriving_from,vehicle_type_id,driver_id,passengers,luggages,hand_luggages,child_seat,name,email,mobile,telephone,lead_time,notes,payment_type_id,fares,total_charges,credit_card_charges,miles,quotation,quoted,sms,emailflag,associated_booking,commission,skipped_bookings,booking_source,on_route,dispatched_at,eta,company_id,booked_at,multi_booking_id)\n               VALUES ($1,$2,$3,$4,$5,$6,$7,$8,$9,$10,$11,$12,$13,$14,$15,$16,$17,$18,$19,$20,$21,$22,$23,$24,$25,$26,$27,$28,$29,$30,$31,$32,$33,$34,$35,$36,$37,$38,$39,$40,$41,$42,$43,$44,$45,$46,$47,$48,$49,$50)\n               RETURNING *;","timestamp":"2026-09-25T18:25:56.244Z"}
{"duration":4,"level":"info","message":"db-query","rows":null,"text":"COMMIT","timestamp":"2026-09-25T18:25:56.249Z"}
{"duration":18,"level":"info","message":"db-query","rows":1,"text":"\n    \nSELECT\n  b.id,\n  b.reference_number,\n  b.subsidiary_id,\n  b.booking_type_id,\n  b.booking_status_id,\n  b.journey_type_id,\n  b.account_id,\n  b.customer_id,\n  b.employee_id,\n  b.pickup,\n  b.dropoff,\n  b.pickup_date,\n  b.pickup_time,\n  b.dropoff_date,\n  b.dropoff_time,\n  b.pickup_door_number,\n  b.dropoff_door_number,\n  b.pickup_plot,\n  b.dropoff_plot,\n  b.pickup_location_type_id,\n  b.dropoff_location_type_id,\n  b.pickup_latitude,\n  b.pickup_longitude,\n  b.dropoff_latitude,\n  b.dropoff_longitude,\n  b.viapoints,\n  b.restricted_drivers,\n  b.flight_number,\n  b.arriving_from,\n  b.vehicle_type_id,\n  b.vehicle_id,\n  b.driver_id,\n  b.passengers,\n  b.luggages,\n  b.hand_luggages,\n  b.child_seat,\n  b.name,\n  b.email,\n  b.mobile,\n  b.telephone,\n  b.lead_time,\n  b.notes,\n  b.special_instructions,\n  b.payment_type_id,\n  b.company_price,\n  b.fares,\n  b.total_charges,\n  b.parking_charges,\n  b.waiting_charges,\n  b.extra_drop_charges,\n  b.credit_card_charges,\n  b.congestion_charges,\n  b.miles,\n  b.meet_and_greet,\n  b.department,\n  b.escort_id,\n  b.order_number,\n  b.booked_by,\n  b.add_return_fare,\n  b.fare_meter_status,\n  b.fare_meter,\n  b.quotation,\n  b.quoted,\n  b.dispatch,\n  b.dispatch_as,\n  b.sms,\n  b.emailflag,\n  b.trash,\n  b.hidden,\n  b.multi_booking_id,\n  b.associated_booking,\n  b.invoice_status,\n  b.commission_status,\n  b.commission,\n  b.skipped_bookings,\n  b.permanent,\n  b.toggle_driver_text,\n  b.toggle_passenger_text,\n  b.cancelled_reason,\n  b.booking_source,\n  b.on_route,\n  b.arrived,\n  b.passenger_on_board,\n  b.completed,\n  b.controller_completed,\n  b.driver_waiting_time,\n  b.dispatched_at,\n  b.booked_at,\n  b.stripe_customer_id,\n  b.stripe_payment_id,\n  b.invoice_number,\n  b.initial_subsidiary_id,\n  b.created_at,\n  b.updated_at,\n  b.eta,\n  b.fob,\n  b.future,\n\n  json_build_object(\n    'booking_status', bs.booking_status\n  ) AS booking_status,\n\n  json_build_object(\n    'booking_type', bt.booking_type\n  ) AS booking_type,\n\n  json_build_object(\n    'journey_type', jt.journey_type\n  ) AS journey_type,\n\n  json_build_object(\n    'id', s.id,\n    'name', s.name,\n    'telephone_number', s.telephone_number\n  ) AS subsidiary,\n\n  json_build_object(\n    'name', vt.name,\n    'background_color', vt.background_color,\n    'foreground_color', vt.foreground_color\n  ) AS vehicle_type,\n\n  json_build_object(\n    'id', pt.id,\n    'name', pt.name,\n    'background_color', pt.background_color,\n    'foreground_color', pt.foreground_color\n  ) AS payment_type,\n\n  json_build_object(\n    'id', a.id,\n    'name', a.name,\n    'background_color', a.background_color,\n    'foreground_color', a.foreground_color,\n    'has_vat', a.has_vat,\n    'bank_information', a.bank_information,\n    'fare_controller', a.fare_controller,\n    'account_fees_type', a.account_fees_type,\n    'account_fees', a.account_fees,\n    'account_fees_vat', a.account_fees_vat\n  ) AS account,\n\n  json_build_object(\n    'id', d.id,\n    'username', d.username,\n    'name', d.name,\n    'mobile_device_id', d.mobile_device_id,\n    'phc_vehicle_number', d.phc_vehicle_number,\n    'phc_driver_number', d.phc_driver_number,\n    'vehicle_id', d.vehicle_id,\n    'driver_commission', d.driver_commission,\n    'session_status', d.session_status,\n\n    'vehicle', json_build_object(\n      'make', v.make,\n      'model', v.model,\n      'color', v.color,\n      'vehicle_number', v.vehicle_number\n    )\n  ) AS driver,\n\n  json_build_object(\n    'door_number', c.door_number,\n    'address1', c.address1,\n    'address2', c.address2,\n    'blacklist', c.blacklist\n  ) AS customer,\n\n  json_build_object(\n    'username', e.username,\n    'role_id', e.role_id\n  ) AS employee,\n\n  json_build_object(\n    'pickup',\n    CASE\n      WHEN lp.id IS NOT NULL THEN\n        json_build_object(\n          'id', lp.id,\n          'name', lp.name,\n          'location_type', json_build_object(\n            'id', ltp.id,\n            'name', ltp.name,\n            'background_color', ltp.background_color,\n            'foreground_color', ltp.foreground_color\n          )\n        )\n      ELSE\n        json_build_object(\n          'id', null,\n          'name', null,\n          'location_type', json_build_object(\n            'id', null,\n            'name', null,\n            'background_color', null,\n            'foreground_color', null\n          )\n        )\n    END,\n\n    'dropoff',\n    CASE\n      WHEN ld.id IS NOT NULL THEN\n        json_build_object(\n          'id', ld.id,\n          'name', ld.name,\n          'location_type', json_build_object(\n            'id', ltd.id,\n            'name', ltd.name,\n            'background_color', ltd.background_color,\n            'foreground_color', ltd.foreground_color\n          )\n        )\n      ELSE\n        json_build_object(\n          'id', null,\n          'name', null,\n          'location_type', json_build_object(\n            'id', null,\n            'name', null,\n            'background_color', null,\n            'foreground_color', null\n          )\n        )\n    END\n  ) AS airport\n\nFROM bookings b\n\nLEFT JOIN booking_statuses bs\n  ON b.booking_status_id = bs.id\n\nLEFT JOIN booking_types bt\n  ON b.booking_type_id = bt.id\n\nLEFT JOIN journey_types jt\n  ON b.journey_type_id = jt.id\n\nLEFT JOIN subsidiaries s\n  ON b.subsidiary_id = s.id\n\nLEFT JOIN vehicle_types vt\n  ON b.vehicle_type_id = vt.id\n\nLEFT JOIN payment_types pt\n  ON b.payment_type_id = pt.id\n\nLEFT JOIN accounts a\n  ON b.account_id = a.id\n\nLEFT JOIN drivers d\n  ON b.driver_id = d.id\n\nLEFT JOIN vehicles v\n  ON d.vehicle_id = v.id\n\nLEFT JOIN customers c\n  ON b.customer_id = c.id\n\nLEFT JOIN employees e\n  ON b.employee_id = e.id\n\n\n-- PICKUP LOCATION\n-- Select only the most specific matching location\nLEFT JOIN LATERAL (\n  SELECT l.*\n  FROM locations l\n  WHERE l.location_type_id = 2\n    AND b.pickup ILIKE '%' || l.name || '%'\n  ORDER BY LENGTH(l.name) DESC, l.id ASC\n  LIMIT 1\n) lp ON true\n\n\n-- DROPOFF LOCATION\n-- Select only the most specific matching location\nLEFT JOIN LATERAL (\n  SELECT l.*\n  FROM locations l\n  WHERE l.location_type_id = 2\n    AND b.dropoff ILIKE '%' || l.name || '%'\n  ORDER BY LENGTH(l.name) DESC, l.id ASC\n  LIMIT 1\n) ld ON true\n\n\nLEFT JOIN location_types ltp\n  ON lp.location_type_id = ltp.id\n\nLEFT JOIN location_types ltd\n  ON ld.location_type_id = ltd.id\n\n\n    WHERE b.id = $1\n  ","timestamp":"2026-09-25T18:25:56.268Z"}
{"duration":10,"level":"info","message":"db-query","rows":1,"text":"\n    \nSELECT\n  b.id,\n  b.reference_number,\n  b.subsidiary_id,\n  b.booking_type_id,\n  b.booking_status_id,\n  b.journey_type_id,\n  b.account_id,\n  b.customer_id,\n  b.employee_id,\n  b.pickup,\n  b.dropoff,\n  b.pickup_date,\n  b.pickup_time,\n  b.dropoff_date,\n  b.dropoff_time,\n  b.pickup_door_number,\n  b.dropoff_door_number,\n  b.pickup_plot,\n  b.dropoff_plot,\n  b.pickup_location_type_id,\n  b.dropoff_location_type_id,\n  b.pickup_latitude,\n  b.pickup_longitude,\n  b.dropoff_latitude,\n  b.dropoff_longitude,\n  b.viapoints,\n  b.restricted_drivers,\n  b.flight_number,\n  b.arriving_from,\n  b.vehicle_type_id,\n  b.vehicle_id,\n  b.driver_id,\n  b.passengers,\n  b.luggages,\n  b.hand_luggages,\n  b.child_seat,\n  b.name,\n  b.email,\n  b.mobile,\n  b.telephone,\n  b.lead_time,\n  b.notes,\n  b.special_instructions,\n  b.payment_type_id,\n  b.company_price,\n  b.fares,\n  b.total_charges,\n  b.parking_charges,\n  b.waiting_charges,\n  b.extra_drop_charges,\n  b.credit_card_charges,\n  b.congestion_charges,\n  b.miles,\n  b.meet_and_greet,\n  b.department,\n  b.escort_id,\n  b.order_number,\n  b.booked_by,\n  b.add_return_fare,\n  b.fare_meter_status,\n  b.fare_meter,\n  b.quotation,\n  b.quoted,\n  b.dispatch,\n  b.dispatch_as,\n  b.sms,\n  b.emailflag,\n  b.trash,\n  b.hidden,\n  b.multi_booking_id,\n  b.associated_booking,\n  b.invoice_status,\n  b.commission_status,\n  b.commission,\n  b.skipped_bookings,\n  b.permanent,\n  b.toggle_driver_text,\n  b.toggle_passenger_text,\n  b.cancelled_reason,\n  b.booking_source,\n  b.on_route,\n  b.arrived,\n  b.passenger_on_board,\n  b.completed,\n  b.controller_completed,\n  b.driver_waiting_time,\n  b.dispatched_at,\n  b.booked_at,\n  b.stripe_customer_id,\n  b.stripe_payment_id,\n  b.invoice_number,\n  b.initial_subsidiary_id,\n  b.created_at,\n  b.updated_at,\n  b.eta,\n  b.fob,\n  b.future,\n\n  json_build_object(\n    'booking_status', bs.booking_status\n  ) AS booking_status,\n\n  json_build_object(\n    'booking_type', bt.booking_type\n  ) AS booking_type,\n\n  json_build_object(\n    'journey_type', jt.journey_type\n  ) AS journey_type,\n\n  json_build_object(\n    'id', s.id,\n    'name', s.name,\n    'telephone_number', s.telephone_number\n  ) AS subsidiary,\n\n  json_build_object(\n    'name', vt.name,\n    'background_color', vt.background_color,\n    'foreground_color', vt.foreground_color\n  ) AS vehicle_type,\n\n  json_build_object(\n    'id', pt.id,\n    'name', pt.name,\n    'background_color', pt.background_color,\n    'foreground_color', pt.foreground_color\n  ) AS payment_type,\n\n  json_build_object(\n    'id', a.id,\n    'name', a.name,\n    'background_color', a.background_color,\n    'foreground_color', a.foreground_color,\n    'has_vat', a.has_vat,\n    'bank_information', a.bank_information,\n    'fare_controller', a.fare_controller,\n    'account_fees_type', a.account_fees_type,\n    'account_fees', a.account_fees,\n    'account_fees_vat', a.account_fees_vat\n  ) AS account,\n\n  json_build_object(\n    'id', d.id,\n    'username', d.username,\n    'name', d.name,\n    'mobile_device_id', d.mobile_device_id,\n    'phc_vehicle_number', d.phc_vehicle_number,\n    'phc_driver_number', d.phc_driver_number,\n    'vehicle_id', d.vehicle_id,\n    'driver_commission', d.driver_commission,\n    'session_status', d.session_status,\n\n    'vehicle', json_build_object(\n      'make', v.make,\n      'model', v.model,\n      'color', v.color,\n      'vehicle_number', v.vehicle_number\n    )\n  ) AS driver,\n\n  json_build_object(\n    'door_number', c.door_number,\n    'address1', c.address1,\n    'address2', c.address2,\n    'blacklist', c.blacklist\n  ) AS customer,\n\n  json_build_object(\n    'username', e.username,\n    'role_id', e.role_id\n  ) AS employee,\n\n  json_build_object(\n    'pickup',\n    CASE\n      WHEN lp.id IS NOT NULL THEN\n        json_build_object(\n          'id', lp.id,\n          'name', lp.name,\n          'location_type', json_build_object(\n            'id', ltp.id,\n            'name', ltp.name,\n            'background_color', ltp.background_color,\n            'foreground_color', ltp.foreground_color\n          )\n        )\n      ELSE\n        json_build_object(\n          'id', null,\n          'name', null,\n          'location_type', json_build_object(\n            'id', null,\n            'name', null,\n            'background_color', null,\n            'foreground_color', null\n          )\n        )\n    END,\n\n    'dropoff',\n    CASE\n      WHEN ld.id IS NOT NULL THEN\n        json_build_object(\n          'id', ld.id,\n          'name', ld.name,\n          'location_type', json_build_object(\n            'id', ltd.id,\n            'name', ltd.name,\n            'background_color', ltd.background_color,\n            'foreground_color', ltd.foreground_color\n          )\n        )\n      ELSE\n        json_build_object(\n          'id', null,\n          'name', null,\n          'location_type', json_build_object(\n            'id', null,\n            'name', null,\n            'background_color', null,\n            'foreground_color', null\n          )\n        )\n    END\n  ) AS airport\n\nFROM bookings b\n\nLEFT JOIN booking_statuses bs\n  ON b.booking_status_id = bs.id\n\nLEFT JOIN booking_types bt\n  ON b.booking_type_id = bt.id\n\nLEFT JOIN journey_types jt\n  ON b.journey_type_id = jt.id\n\nLEFT JOIN subsidiaries s\n  ON b.subsidiary_id = s.id\n\nLEFT JOIN vehicle_types vt\n  ON b.vehicle_type_id = vt.id\n\nLEFT JOIN payment_types pt\n  ON b.payment_type_id = pt.id\n\nLEFT JOIN accounts a\n  ON b.account_id = a.id\n\nLEFT JOIN drivers d\n  ON b.driver_id = d.id\n\nLEFT JOIN vehicles v\n  ON d.vehicle_id = v.id\n\nLEFT JOIN customers c\n  ON b.customer_id = c.id\n\nLEFT JOIN employees e\n  ON b.employee_id = e.id\n\n\n-- PICKUP LOCATION\n-- Select only the most specific matching location\nLEFT JOIN LATERAL (\n  SELECT l.*\n  FROM locations l\n  WHERE l.location_type_id = 2\n    AND b.pickup ILIKE '%' || l.name || '%'\n  ORDER BY LENGTH(l.name) DESC, l.id ASC\n  LIMIT 1\n) lp ON true\n\n\n-- DROPOFF LOCATION\n-- Select only the most specific matching location\nLEFT JOIN LATERAL (\n  SELECT l.*\n  FROM locations l\n  WHERE l.location_type_id = 2\n    AND b.dropoff ILIKE '%' || l.name || '%'\n  ORDER BY LENGTH(l.name) DESC, l.id ASC\n  LIMIT 1\n) ld ON true\n\n\nLEFT JOIN location_types ltp\n  ON lp.location_type_id = ltp.id\n\nLEFT JOIN location_types ltd\n  ON ld.location_type_id = ltd.id\n\n\n    WHERE b.id = $1\n  ","timestamp":"2026-09-25T18:25:56.280Z"}
{"duration":1,"level":"info","message":"db-query","rows":1,"text":"SELECT fcm_token FROM drivers WHERE id = $1","timestamp":"2026-09-25T18:25:56.282Z"}
{"duration":1,"level":"info","message":"db-query","rows":1,"text":"SELECT fcm_token FROM drivers WHERE id = $1","timestamp":"2026-09-25T18:25:56.285Z"}
{"duration":2,"level":"info","message":"db-query","rows":1,"text":"\n      SELECT web_device_id\n      FROM employees\n      WHERE role_id = 1 \n      AND company_id = $1\n      AND web_device_id IS NOT NULL\n      AND web_device_id != ''\n    ","timestamp":"2026-09-25T18:25:56.288Z"}
{"level":"info","message":"POST /api/bookings/add 200 809.371 ms","timestamp":"2026-09-25T18:25:56.965Z"}
{"duration":1,"level":"info","message":"db-query","rows":0,"text":"\n      SELECT company_id, driver_id \n      FROM driver_sinbins \n      WHERE is_active = TRUE \n      AND (updated_at + (sinbin_time || ' minutes')::INTERVAL) <= CURRENT_TIMESTAMP;\n    ","timestamp":"2026-09-25T18:26:00.005Z"}
{"duration":1,"level":"info","message":"db-query","rows":0,"text":"\n      SELECT company_id, driver_id \n      FROM driver_sinbins \n      WHERE is_active = TRUE \n      AND (updated_at + (sinbin_time || ' minutes')::INTERVAL) <= CURRENT_TIMESTAMP;\n    ","timestamp":"2026-09-25T18:26:05.002Z"}
{"duration":1,"level":"info","message":"db-query","rows":null,"text":"BEGIN","timestamp":"2026-09-25T18:26:05.043Z"}
{"duration":1,"level":"info","message":"db-query","rows":1,"text":"SELECT d.*, s.name AS subsidiary_name\n          FROM drivers d\n          LEFT JOIN subsidiaries s ON s.id = d.subsidiary_id\n          WHERE d.id = $1","timestamp":"2026-09-25T18:26:05.044Z"}
{"duration":0,"level":"info","message":"db-query","rows":1,"text":"SELECT id, note, created_at, created_by\n          FROM driver_notes\n          WHERE driver_id = $1\n          ORDER BY created_at DESC","timestamp":"2026-09-25T18:26:05.045Z"}
{"duration":1,"level":"info","message":"db-query","rows":1,"text":"SELECT id, name, start_time, end_time\n          FROM driver_shifts\n          WHERE driver_id = $1\n          ORDER BY id ASC","timestamp":"2026-09-25T18:26:05.046Z"}
{"duration":2,"level":"info","message":"db-query","rows":1,"text":"SELECT \n            v.*,\n            json_build_object(\n              'id', vt.id,\n              'name', vt.name,\n              'driver_waiting_charges', vt.driver_waiting_charges,\n              'account_waiting_charges', vt.account_waiting_charges,\n              'waiting_time', vt.waiting_time\n            ) AS vehicle_type\n            FROM vehicles v\n            LEFT JOIN vehicle_types vt ON vt.id = v.vehicle_type_id\n            WHERE v.id = $1\n            LIMIT 1","timestamp":"2026-09-25T18:26:05.048Z"}
{"duration":1,"level":"info","message":"db-query","rows":null,"text":"COMMIT","timestamp":"2026-09-25T18:26:05.049Z"}
{"duration":0,"level":"info","message":"db-query","rows":null,"text":"BEGIN","timestamp":"2026-09-25T18:26:05.049Z"}
{"duration":1,"level":"info","message":"db-query","rows":1,"text":"SELECT d.*, s.name AS subsidiary_name\n          FROM drivers d\n          LEFT JOIN subsidiaries s ON s.id = d.subsidiary_id\n          WHERE d.id = $1","timestamp":"2026-09-25T18:26:05.051Z"}
{"duration":1,"level":"info","message":"db-query","rows":1,"text":"SELECT id, note, created_at, created_by\n          FROM driver_notes\n          WHERE driver_id = $1\n          ORDER BY created_at DESC","timestamp":"2026-09-25T18:26:05.052Z"}
{"duration":1,"level":"info","message":"db-query","rows":1,"text":"SELECT id, name, start_time, end_time\n          FROM driver_shifts\n          WHERE driver_id = $1\n          ORDER BY id ASC","timestamp":"2026-09-25T18:26:05.054Z"}
{"duration":2,"level":"info","message":"db-query","rows":1,"text":"SELECT \n            v.*,\n            json_build_object(\n              'id', vt.id,\n              'name', vt.name,\n              'driver_waiting_charges', vt.driver_waiting_charges,\n              'account_waiting_charges', vt.account_waiting_charges,\n              'waiting_time', vt.waiting_time\n            ) AS vehicle_type\n            FROM vehicles v\n            LEFT JOIN vehicle_types vt ON vt.id = v.vehicle_type_id\n            WHERE v.id = $1\n            LIMIT 1","timestamp":"2026-09-25T18:26:05.057Z"}
{"duration":2,"level":"info","message":"db-query","rows":null,"text":"COMMIT","timestamp":"2026-09-25T18:26:05.060Z"}
{"level":"info","message":"POST /api/bookings/add 400 19.982 ms","timestamp":"2026-09-25T18:26:05.061Z"}
{"duration":1,"level":"info","message":"db-query","rows":0,"text":"\n      SELECT company_id, driver_id \n      FROM driver_sinbins \n      WHERE is_active = TRUE \n      AND (updated_at + (sinbin_time || ' minutes')::INTERVAL) <= CURRENT_TIMESTAMP;\n    ","timestamp":"2026-09-25T18:26:10.013Z"}
{"duration":1,"level":"info","message":"db-query","rows":0,"text":"\n      SELECT company_id, driver_id \n      FROM driver_sinbins \n      WHERE is_active = TRUE \n      AND (updated_at + (sinbin_time || ' minutes')::INTERVAL) <= CURRENT_TIMESTAMP;\n    ","timestamp":"2026-09-25T18:26:15.005Z"}
{"duration":1,"level":"info","message":"db-query","rows":0,"text":"\n      SELECT company_id, driver_id \n      FROM driver_sinbins \n      WHERE is_active = TRUE \n      AND (updated_at + (sinbin_time || ' minutes')::INTERVAL) <= CURRENT_TIMESTAMP;\n    ","timestamp":"2026-09-25T18:26:20.005Z"}
{"duration":0,"level":"info","message":"db-query","rows":0,"text":"\n      SELECT company_id, driver_id \n      FROM driver_sinbins \n      WHERE is_active = TRUE \n      AND (updated_at + (sinbin_time || ' minutes')::INTERVAL) <= CURRENT_TIMESTAMP;\n    ","timestamp":"2026-09-25T18:26:25.003Z"}
{"duration":1,"level":"info","message":"db-query","rows":null,"text":"BEGIN","timestamp":"2026-09-25T18:26:25.035Z"}
{"duration":1,"level":"info","message":"db-query","rows":1,"text":"SELECT d.*, s.name AS subsidiary_name\n          FROM drivers d\n          LEFT JOIN subsidiaries s ON s.id = d.subsidiary_id\n          WHERE d.id = $1","timestamp":"2026-09-25T18:26:25.036Z"}
{"duration":1,"level":"info","message":"db-query","rows":1,"text":"SELECT id, note, created_at, created_by\n          FROM driver_notes\n          WHERE driver_id = $1\n          ORDER BY created_at DESC","timestamp":"2026-09-25T18:26:25.038Z"}
{"duration":1,"level":"info","message":"db-query","rows":1,"text":"SELECT id, name, start_time, end_time\n          FROM driver_shifts\n          WHERE driver_id = $1\n          ORDER BY id ASC","timestamp":"2026-09-25T18:26:25.039Z"}
{"duration":1,"level":"info","message":"db-query","rows":1,"text":"SELECT \n            v.*,\n            json_build_object(\n              'id', vt.id,\n              'name', vt.name,\n              'driver_waiting_charges', vt.driver_waiting_charges,\n              'account_waiting_charges', vt.account_waiting_charges,\n              'waiting_time', vt.waiting_time\n            ) AS vehicle_type\n            FROM vehicles v\n            LEFT JOIN vehicle_types vt ON vt.id = v.vehicle_type_id\n            WHERE v.id = $1\n            LIMIT 1","timestamp":"2026-09-25T18:26:25.040Z"}
{"duration":0,"level":"info","message":"db-query","rows":null,"text":"COMMIT","timestamp":"2026-09-25T18:26:25.041Z"}
{"level":"info","message":"POST /api/bookings/add 400 7.778 ms","timestamp":"2026-09-25T18:26:25.042Z"}
{"duration":2,"level":"info","message":"db-query","rows":0,"text":"\n      SELECT company_id, driver_id \n      FROM driver_sinbins \n      WHERE is_active = TRUE \n      AND (updated_at + (sinbin_time || ' minutes')::INTERVAL) <= CURRENT_TIMESTAMP;\n    ","timestamp":"2026-09-25T18:26:30.007Z"}
{"duration":2,"level":"info","message":"db-query","rows":0,"text":"\n      SELECT company_id, driver_id \n      FROM driver_sinbins \n      WHERE is_active = TRUE \n      AND (updated_at + (sinbin_time || ' minutes')::INTERVAL) <= CURRENT_TIMESTAMP;\n    ","timestamp":"2026-09-25T18:26:35.014Z"}
{"duration":1,"level":"info","message":"db-query","rows":null,"text":"BEGIN","timestamp":"2026-09-25T18:26:38.857Z"}
{"duration":1,"level":"info","message":"db-query","rows":1,"text":"SELECT d.*, s.name AS subsidiary_name\n          FROM drivers d\n          LEFT JOIN subsidiaries s ON s.id = d.subsidiary_id\n          WHERE d.id = $1","timestamp":"2026-09-25T18:26:38.858Z"}
{"duration":1,"level":"info","message":"db-query","rows":1,"text":"SELECT id, note, created_at, created_by\n          FROM driver_notes\n          WHERE driver_id = $1\n          ORDER BY created_at DESC","timestamp":"2026-09-25T18:26:38.860Z"}
{"duration":1,"level":"info","message":"db-query","rows":1,"text":"SELECT id, name, start_time, end_time\n          FROM driver_shifts\n          WHERE driver_id = $1\n          ORDER BY id ASC","timestamp":"2026-09-25T18:26:38.861Z"}
{"duration":1,"level":"info","message":"db-query","rows":1,"text":"SELECT \n            v.*,\n            json_build_object(\n              'id', vt.id,\n              'name', vt.name,\n              'driver_waiting_charges', vt.driver_waiting_charges,\n              'account_waiting_charges', vt.account_waiting_charges,\n              'waiting_time', vt.waiting_time\n            ) AS vehicle_type\n            FROM vehicles v\n            LEFT JOIN vehicle_types vt ON vt.id = v.vehicle_type_id\n            WHERE v.id = $1\n            LIMIT 1","timestamp":"2026-09-25T18:26:38.863Z"}
{"duration":1,"level":"info","message":"db-query","rows":null,"text":"COMMIT","timestamp":"2026-09-25T18:26:38.866Z"}
{"level":"info","message":"POST /api/bookings/add 400 18.188 ms","timestamp":"2026-09-25T18:26:38.869Z"}
{"duration":0,"level":"info","message":"db-query","rows":0,"text":"\n      SELECT company_id, driver_id \n      FROM driver_sinbins \n      WHERE is_active = TRUE \n      AND (updated_at + (sinbin_time || ' minutes')::INTERVAL) <= CURRENT_TIMESTAMP;\n    ","timestamp":"2026-09-25T18:26:40.015Z"}
{"duration":1,"level":"info","message":"db-query","rows":0,"text":"\n      SELECT company_id, driver_id \n      FROM driver_sinbins \n      WHERE is_active = TRUE \n      AND (updated_at + (sinbin_time || ' minutes')::INTERVAL) <= CURRENT_TIMESTAMP;\n    ","timestamp":"2026-09-25T18:26:45.015Z"}
{"duration":1,"level":"info","message":"db-query","rows":0,"text":"\n      SELECT company_id, driver_id \n      FROM driver_sinbins \n      WHERE is_active = TRUE \n      AND (updated_at + (sinbin_time || ' minutes')::INTERVAL) <= CURRENT_TIMESTAMP;\n    ","timestamp":"2026-09-25T18:26:50.014Z"}
{"duration":1,"level":"info","message":"db-query","rows":0,"text":"\n      SELECT company_id, driver_id \n      FROM driver_sinbins \n      WHERE is_active = TRUE \n      AND (updated_at + (sinbin_time || ' minutes')::INTERVAL) <= CURRENT_TIMESTAMP;\n    ","timestamp":"2026-09-25T18:26:55.015Z"}
{"duration":1,"level":"info","message":"db-query","rows":0,"text":"\n      SELECT company_id, driver_id \n      FROM driver_sinbins \n      WHERE is_active = TRUE \n      AND (updated_at + (sinbin_time || ' minutes')::INTERVAL) <= CURRENT_TIMESTAMP;\n    ","timestamp":"2026-09-25T18:27:00.023Z"}
{"duration":1,"level":"info","message":"db-query","rows":null,"text":"BEGIN","timestamp":"2026-09-25T18:27:03.815Z"}
{"duration":1,"level":"info","message":"db-query","rows":1,"text":"SELECT d.*, s.name AS subsidiary_name\n          FROM drivers d\n          LEFT JOIN subsidiaries s ON s.id = d.subsidiary_id\n          WHERE d.id = $1","timestamp":"2026-09-25T18:27:03.817Z"}
{"duration":1,"level":"info","message":"db-query","rows":1,"text":"SELECT id, note, created_at, created_by\n          FROM driver_notes\n          WHERE driver_id = $1\n          ORDER BY created_at DESC","timestamp":"2026-09-25T18:27:03.818Z"}
{"duration":0,"level":"info","message":"db-query","rows":1,"text":"SELECT id, name, start_time, end_time\n          FROM driver_shifts\n          WHERE driver_id = $1\n          ORDER BY id ASC","timestamp":"2026-09-25T18:27:03.819Z"}
{"duration":2,"level":"info","message":"db-query","rows":1,"text":"SELECT \n            v.*,\n            json_build_object(\n              'id', vt.id,\n              'name', vt.name,\n              'driver_waiting_charges', vt.driver_waiting_charges,\n              'account_waiting_charges', vt.account_waiting_charges,\n              'waiting_time', vt.waiting_time\n            ) AS vehicle_type\n            FROM vehicles v\n            LEFT JOIN vehicle_types vt ON vt.id = v.vehicle_type_id\n            WHERE v.id = $1\n            LIMIT 1","timestamp":"2026-09-25T18:27:03.821Z"}
{"duration":0,"level":"info","message":"db-query","rows":null,"text":"COMMIT","timestamp":"2026-09-25T18:27:03.823Z"}
{"level":"info","message":"POST /api/bookings/add 400 10.662 ms","timestamp":"2026-09-25T18:27:03.825Z"}
{"duration":1,"level":"info","message":"db-query","rows":0,"text":"\n      SELECT company_id, driver_id \n      FROM driver_sinbins \n      WHERE is_active = TRUE \n      AND (updated_at + (sinbin_time || ' minutes')::INTERVAL) <= CURRENT_TIMESTAMP;\n    ","timestamp":"2026-09-25T18:27:05.013Z"}
{"duration":2,"level":"info","message":"db-query","rows":0,"text":"\n      SELECT company_id, driver_id \n      FROM driver_sinbins \n      WHERE is_active = TRUE \n      AND (updated_at + (sinbin_time || ' minutes')::INTERVAL) <= CURRENT_TIMESTAMP;\n    ","timestamp":"2026-09-25T18:27:10.019Z"}
{"duration":1,"level":"info","message":"db-query","rows":0,"text":"\n      SELECT company_id, driver_id \n      FROM driver_sinbins \n      WHERE is_active = TRUE \n      AND (updated_at + (sinbin_time || ' minutes')::INTERVAL) <= CURRENT_TIMESTAMP;\n    ","timestamp":"2026-09-25T18:27:15.009Z"}
{"duration":1,"level":"info","message":"db-query","rows":0,"text":"\n      SELECT company_id, driver_id \n      FROM driver_sinbins \n      WHERE is_active = TRUE \n      AND (updated_at + (sinbin_time || ' minutes')::INTERVAL) <= CURRENT_TIMESTAMP;\n    ","timestamp":"2026-09-25T18:27:20.011Z"}
{"duration":2,"level":"info","message":"db-query","rows":0,"text":"\n      SELECT company_id, driver_id \n      FROM driver_sinbins \n      WHERE is_active = TRUE \n      AND (updated_at + (sinbin_time || ' minutes')::INTERVAL) <= CURRENT_TIMESTAMP;\n    ","timestamp":"2026-09-25T18:27:25.015Z"}
{"duration":2,"level":"info","message":"db-query","rows":0,"text":"\n      SELECT company_id, driver_id \n      FROM driver_sinbins \n      WHERE is_active = TRUE \n      AND (updated_at + (sinbin_time || ' minutes')::INTERVAL) <= CURRENT_TIMESTAMP;\n    ","timestamp":"2026-09-25T18:27:30.014Z"}
{"duration":1,"level":"info","message":"db-query","rows":0,"text":"\n      SELECT company_id, driver_id \n      FROM driver_sinbins \n      WHERE is_active = TRUE \n      AND (updated_at + (sinbin_time || ' minutes')::INTERVAL) <= CURRENT_TIMESTAMP;\n    ","timestamp":"2026-09-25T18:27:35.009Z"}
{"duration":1,"level":"info","message":"db-query","rows":0,"text":"\n      SELECT company_id, driver_id \n      FROM driver_sinbins \n      WHERE is_active = TRUE \n      AND (updated_at + (sinbin_time || ' minutes')::INTERVAL) <= CURRENT_TIMESTAMP;\n    ","timestamp":"2026-09-25T18:27:40.012Z"}
{"duration":1,"level":"info","message":"db-query","rows":0,"text":"\n      SELECT company_id, driver_id \n      FROM driver_sinbins \n      WHERE is_active = TRUE \n      AND (updated_at + (sinbin_time || ' minutes')::INTERVAL) <= CURRENT_TIMESTAMP;\n    ","timestamp":"2026-09-25T18:27:45.005Z"}
{"duration":1,"level":"info","message":"db-query","rows":0,"text":"\n      SELECT company_id, driver_id \n      FROM driver_sinbins \n      WHERE is_active = TRUE \n      AND (updated_at + (sinbin_time || ' minutes')::INTERVAL) <= CURRENT_TIMESTAMP;\n    ","timestamp":"2026-09-25T18:27:50.016Z"}
{"duration":1,"level":"info","message":"db-query","rows":0,"text":"\n      SELECT company_id, driver_id \n      FROM driver_sinbins \n      WHERE is_active = TRUE \n      AND (updated_at + (sinbin_time || ' minutes')::INTERVAL) <= CURRENT_TIMESTAMP;\n    ","timestamp":"2026-09-25T18:27:55.016Z"}
{"duration":6,"level":"info","message":"db-query","rows":26,"text":"SELECT * FROM location_types","timestamp":"2026-09-25T18:27:57.943Z"}
{"level":"info","message":"GET /api/location-types 200 11.811 ms","timestamp":"2026-09-25T18:27:57.950Z"}
{"duration":52,"level":"info","message":"db-query","rows":26,"text":"SELECT * FROM location_types","timestamp":"2026-09-25T18:27:57.992Z"}
{"level":"info","message":"GET /api/location-types 200 53.038 ms","timestamp":"2026-09-25T18:27:57.993Z"}
{"duration":6,"level":"info","message":"db-query","rows":0,"text":"\n      SELECT company_id, driver_id \n      FROM driver_sinbins \n      WHERE is_active = TRUE \n      AND (updated_at + (sinbin_time || ' minutes')::INTERVAL) <= CURRENT_TIMESTAMP;\n    ","timestamp":"2026-09-25T18:28:00.049Z"}
{"duration":1,"level":"info","message":"db-query","rows":0,"text":"\n      SELECT company_id, driver_id \n      FROM driver_sinbins \n      WHERE is_active = TRUE \n      AND (updated_at + (sinbin_time || ' minutes')::INTERVAL) <= CURRENT_TIMESTAMP;\n    ","timestamp":"2026-09-25T18:28:05.005Z"}
{"duration":1,"level":"info","message":"db-query","rows":0,"text":"\n      SELECT company_id, driver_id \n      FROM driver_sinbins \n      WHERE is_active = TRUE \n      AND (updated_at + (sinbin_time || ' minutes')::INTERVAL) <= CURRENT_TIMESTAMP;\n    ","timestamp":"2026-09-25T18:28:10.011Z"}
{"duration":0,"level":"info","message":"db-query","rows":null,"text":"BEGIN","timestamp":"2026-09-25T18:28:12.534Z"}
{"duration":7,"level":"info","message":"db-query","rows":1,"text":"SELECT d.*, s.name AS subsidiary_name\n          FROM drivers d\n          LEFT JOIN subsidiaries s ON s.id = d.subsidiary_id\n          WHERE d.id = $1","timestamp":"2026-09-25T18:28:12.542Z"}
{"duration":3,"level":"info","message":"db-query","rows":1,"text":"SELECT id, note, created_at, created_by\n          FROM driver_notes\n          WHERE driver_id = $1\n          ORDER BY created_at DESC","timestamp":"2026-09-25T18:28:12.546Z"}
{"duration":2,"level":"info","message":"db-query","rows":1,"text":"SELECT id, name, start_time, end_time\n          FROM driver_shifts\n          WHERE driver_id = $1\n          ORDER BY id ASC","timestamp":"2026-09-25T18:28:12.556Z"}
{"duration":5,"level":"info","message":"db-query","rows":1,"text":"SELECT \n            v.*,\n            json_build_object(\n              'id', vt.id,\n              'name', vt.name,\n              'driver_waiting_charges', vt.driver_waiting_charges,\n              'account_waiting_charges', vt.account_waiting_charges,\n              'waiting_time', vt.waiting_time\n            ) AS vehicle_type\n            FROM vehicles v\n            LEFT JOIN vehicle_types vt ON vt.id = v.vehicle_type_id\n            WHERE v.id = $1\n            LIMIT 1","timestamp":"2026-09-25T18:28:12.562Z"}
{"duration":0,"level":"info","message":"db-query","rows":null,"text":"COMMIT","timestamp":"2026-09-25T18:28:12.565Z"}
{"level":"info","message":"POST /api/bookings/add 400 36.045 ms","timestamp":"2026-09-25T18:28:12.569Z"}
{"duration":1,"level":"info","message":"db-query","rows":0,"text":"\n      SELECT company_id, driver_id \n      FROM driver_sinbins \n      WHERE is_active = TRUE \n      AND (updated_at + (sinbin_time || ' minutes')::INTERVAL) <= CURRENT_TIMESTAMP;\n    ","timestamp":"2026-09-25T18:28:15.018Z"}
{"duration":1,"level":"info","message":"db-query","rows":0,"text":"\n      SELECT company_id, driver_id \n      FROM driver_sinbins \n      WHERE is_active = TRUE \n      AND (updated_at + (sinbin_time || ' minutes')::INTERVAL) <= CURRENT_TIMESTAMP;\n    ","timestamp":"2026-09-25T18:28:20.012Z"}
{"duration":1,"level":"info","message":"db-query","rows":0,"text":"\n      SELECT company_id, driver_id \n      FROM driver_sinbins \n      WHERE is_active = TRUE \n      AND (updated_at + (sinbin_time || ' minutes')::INTERVAL) <= CURRENT_TIMESTAMP;\n    ","timestamp":"2026-09-25T18:28:25.011Z"}
{"duration":7,"level":"info","message":"db-query","rows":26,"text":"SELECT * FROM location_types","timestamp":"2026-09-25T18:28:29.625Z"}
{"level":"info","message":"GET /api/location-types 200 19.550 ms","timestamp":"2026-09-25T18:28:29.636Z"}
{"duration":58,"level":"info","message":"db-query","rows":26,"text":"SELECT * FROM location_types","timestamp":"2026-09-25T18:28:29.678Z"}
{"level":"info","message":"GET /api/location-types 200 58.956 ms","timestamp":"2026-09-25T18:28:29.679Z"}
{"duration":4,"level":"info","message":"db-query","rows":0,"text":"\n      SELECT company_id, driver_id \n      FROM driver_sinbins \n      WHERE is_active = TRUE \n      AND (updated_at + (sinbin_time || ' minutes')::INTERVAL) <= CURRENT_TIMESTAMP;\n    ","timestamp":"2026-09-25T18:28:30.013Z"}
{"duration":272,"level":"info","message":"db-query","rows":0,"text":"\n      SELECT company_id, driver_id \n      FROM driver_sinbins \n      WHERE is_active = TRUE \n      AND (updated_at + (sinbin_time || ' minutes')::INTERVAL) <= CURRENT_TIMESTAMP;\n    ","timestamp":"2026-09-25T18:28:40.361Z"}
{"duration":4,"level":"info","message":"db-query","rows":26,"text":"SELECT * FROM location_types","timestamp":"2026-09-25T18:28:40.580Z"}
{"level":"info","message":"GET /api/location-types 200 7.626 ms","timestamp":"2026-09-25T18:28:40.584Z"}
{"duration":9,"level":"info","message":"db-query","rows":26,"text":"SELECT * FROM location_types","timestamp":"2026-09-25T18:28:40.586Z"}
{"level":"info","message":"GET /api/location-types 200 9.872 ms","timestamp":"2026-09-25T18:28:40.587Z"}
{"duration":6,"level":"info","message":"db-query","rows":26,"text":"SELECT * FROM location_types","timestamp":"2026-09-25T18:28:43.458Z"}
{"level":"info","message":"GET /api/location-types 200 10.790 ms","timestamp":"2026-09-25T18:28:43.465Z"}
{"duration":58,"level":"info","message":"db-query","rows":26,"text":"SELECT * FROM location_types","timestamp":"2026-09-25T18:28:43.512Z"}
{"level":"info","message":"GET /api/location-types 200 59.899 ms","timestamp":"2026-09-25T18:28:43.516Z"}
{"duration":10,"level":"info","message":"db-query","rows":26,"text":"SELECT * FROM location_types","timestamp":"2026-09-25T18:28:48.434Z"}
{"level":"info","message":"GET /api/location-types 200 20.655 ms","timestamp":"2026-09-25T18:28:48.444Z"}
{"duration":72,"level":"info","message":"db-query","rows":26,"text":"SELECT * FROM location_types","timestamp":"2026-09-25T18:28:48.501Z"}
{"level":"info","message":"GET /api/location-types 200 73.922 ms","timestamp":"2026-09-25T18:28:48.503Z"}
{"duration":6,"level":"info","message":"db-query","rows":0,"text":"\n      SELECT company_id, driver_id \n      FROM driver_sinbins \n      WHERE is_active = TRUE \n      AND (updated_at + (sinbin_time || ' minutes')::INTERVAL) <= CURRENT_TIMESTAMP;\n    ","timestamp":"2026-09-25T18:28:50.024Z"}
{"duration":1,"level":"info","message":"db-query","rows":0,"text":"\n      SELECT company_id, driver_id \n      FROM driver_sinbins \n      WHERE is_active = TRUE \n      AND (updated_at + (sinbin_time || ' minutes')::INTERVAL) <= CURRENT_TIMESTAMP;\n    ","timestamp":"2026-09-25T18:28:55.016Z"}
{"duration":2,"level":"info","message":"db-query","rows":0,"text":"\n      SELECT company_id, driver_id \n      FROM driver_sinbins \n      WHERE is_active = TRUE \n      AND (updated_at + (sinbin_time || ' minutes')::INTERVAL) <= CURRENT_TIMESTAMP;\n    ","timestamp":"2026-09-25T18:29:00.025Z"}
{"duration":6,"level":"info","message":"db-query","rows":26,"text":"SELECT * FROM location_types","timestamp":"2026-09-25T18:29:08.167Z"}
{"level":"info","message":"GET /api/location-types 200 13.037 ms","timestamp":"2026-09-25T18:29:08.174Z"}
{"duration":51,"level":"info","message":"db-query","rows":26,"text":"SELECT * FROM location_types","timestamp":"2026-09-25T18:29:08.213Z"}
{"level":"info","message":"GET /api/location-types 200 53.717 ms","timestamp":"2026-09-25T18:29:08.216Z"}
{"duration":6,"level":"info","message":"db-query","rows":26,"text":"SELECT * FROM location_types","timestamp":"2026-09-25T18:29:12.173Z"}
{"level":"info","message":"GET /api/location-types 200 11.035 ms","timestamp":"2026-09-25T18:29:12.179Z"}
{"duration":57,"level":"info","message":"db-query","rows":26,"text":"SELECT * FROM location_types","timestamp":"2026-09-25T18:29:12.226Z"}
{"level":"info","message":"GET /api/location-types 200 57.942 ms","timestamp":"2026-09-25T18:29:12.227Z"}
{"duration":4,"level":"info","message":"db-query","rows":0,"text":"\n      SELECT company_id, driver_id \n      FROM driver_sinbins \n      WHERE is_active = TRUE \n      AND (updated_at + (sinbin_time || ' minutes')::INTERVAL) <= CURRENT_TIMESTAMP;\n    ","timestamp":"2026-09-25T18:29:15.021Z"}
{"duration":0,"level":"info","message":"db-query","rows":0,"text":"\n      SELECT company_id, driver_id \n      FROM driver_sinbins \n      WHERE is_active = TRUE \n      AND (updated_at + (sinbin_time || ' minutes')::INTERVAL) <= CURRENT_TIMESTAMP;\n    ","timestamp":"2026-09-25T18:29:20.001Z"}
{"duration":1,"level":"info","message":"db-query","rows":0,"text":"\n      SELECT company_id, driver_id \n      FROM driver_sinbins \n      WHERE is_active = TRUE \n      AND (updated_at + (sinbin_time || ' minutes')::INTERVAL) <= CURRENT_TIMESTAMP;\n    ","timestamp":"2026-09-25T18:29:25.009Z"}
{"duration":8,"level":"info","message":"db-query","rows":0,"text":"\n      SELECT company_id, driver_id \n      FROM driver_sinbins \n      WHERE is_active = TRUE \n      AND (updated_at + (sinbin_time || ' minutes')::INTERVAL) <= CURRENT_TIMESTAMP;\n    ","timestamp":"2026-09-25T18:29:30.021Z"}
{"duration":1,"level":"info","message":"db-query","rows":0,"text":"\n      SELECT company_id, driver_id \n      FROM driver_sinbins \n      WHERE is_active = TRUE \n      AND (updated_at + (sinbin_time || ' minutes')::INTERVAL) <= CURRENT_TIMESTAMP;\n    ","timestamp":"2026-09-25T18:29:35.009Z"}
{"duration":2,"level":"info","message":"db-query","rows":0,"text":"\n      SELECT company_id, driver_id \n      FROM driver_sinbins \n      WHERE is_active = TRUE \n      AND (updated_at + (sinbin_time || ' minutes')::INTERVAL) <= CURRENT_TIMESTAMP;\n    ","timestamp":"2026-09-25T18:29:40.008Z"}
{"duration":1,"level":"info","message":"db-query","rows":0,"text":"\n      SELECT company_id, driver_id \n      FROM driver_sinbins \n      WHERE is_active = TRUE \n      AND (updated_at + (sinbin_time || ' minutes')::INTERVAL) <= CURRENT_TIMESTAMP;\n    ","timestamp":"2026-09-25T18:29:45.012Z"}
{"duration":2,"level":"info","message":"db-query","rows":0,"text":"\n      SELECT company_id, driver_id \n      FROM driver_sinbins \n      WHERE is_active = TRUE \n      AND (updated_at + (sinbin_time || ' minutes')::INTERVAL) <= CURRENT_TIMESTAMP;\n    ","timestamp":"2026-09-25T18:29:50.019Z"}
{"duration":1,"level":"info","message":"db-query","rows":0,"text":"\n      SELECT company_id, driver_id \n      FROM driver_sinbins \n      WHERE is_active = TRUE \n      AND (updated_at + (sinbin_time || ' minutes')::INTERVAL) <= CURRENT_TIMESTAMP;\n    ","timestamp":"2026-09-25T18:29:55.010Z"}
{"duration":0,"level":"info","message":"db-query","rows":0,"text":"\n      SELECT company_id, driver_id \n      FROM driver_sinbins \n      WHERE is_active = TRUE \n      AND (updated_at + (sinbin_time || ' minutes')::INTERVAL) <= CURRENT_TIMESTAMP;\n    ","timestamp":"2026-09-25T18:30:00.009Z"}
{"duration":3,"level":"info","message":"db-query","rows":0,"text":"\n      SELECT company_id, driver_id \n      FROM driver_sinbins \n      WHERE is_active = TRUE \n      AND (updated_at + (sinbin_time || ' minutes')::INTERVAL) <= CURRENT_TIMESTAMP;\n    ","timestamp":"2026-09-25T18:30:05.012Z"}
{"duration":1,"level":"info","message":"db-query","rows":0,"text":"\n      SELECT company_id, driver_id \n      FROM driver_sinbins \n      WHERE is_active = TRUE \n      AND (updated_at + (sinbin_time || ' minutes')::INTERVAL) <= CURRENT_TIMESTAMP;\n    ","timestamp":"2026-09-25T18:30:10.010Z"}
{"duration":2,"level":"info","message":"db-query","rows":0,"text":"\n      SELECT company_id, driver_id \n      FROM driver_sinbins \n      WHERE is_active = TRUE \n      AND (updated_at + (sinbin_time || ' minutes')::INTERVAL) <= CURRENT_TIMESTAMP;\n    ","timestamp":"2026-09-25T18:30:15.010Z"}
{"duration":0,"level":"info","message":"db-query","rows":0,"text":"\n      SELECT company_id, driver_id \n      FROM driver_sinbins \n      WHERE is_active = TRUE \n      AND (updated_at + (sinbin_time || ' minutes')::INTERVAL) <= CURRENT_TIMESTAMP;\n    ","timestamp":"2026-09-25T18:30:20.009Z"}
{"duration":1,"level":"info","message":"db-query","rows":0,"text":"\n      SELECT company_id, driver_id \n      FROM driver_sinbins \n      WHERE is_active = TRUE \n      AND (updated_at + (sinbin_time || ' minutes')::INTERVAL) <= CURRENT_TIMESTAMP;\n    ","timestamp":"2026-09-25T18:30:25.002Z"}
{"duration":1,"level":"info","message":"db-query","rows":0,"text":"\n      SELECT company_id, driver_id \n      FROM driver_sinbins \n      WHERE is_active = TRUE \n      AND (updated_at + (sinbin_time || ' minutes')::INTERVAL) <= CURRENT_TIMESTAMP;\n    ","timestamp":"2026-09-25T18:30:30.008Z"}
{"duration":1,"level":"info","message":"db-query","rows":0,"text":"\n      SELECT company_id, driver_id \n      FROM driver_sinbins \n      WHERE is_active = TRUE \n      AND (updated_at + (sinbin_time || ' minutes')::INTERVAL) <= CURRENT_TIMESTAMP;\n    ","timestamp":"2026-09-25T18:30:35.003Z"}
{"duration":2,"level":"info","message":"db-query","rows":0,"text":"\n      SELECT company_id, driver_id \n      FROM driver_sinbins \n      WHERE is_active = TRUE \n      AND (updated_at + (sinbin_time || ' minutes')::INTERVAL) <= CURRENT_TIMESTAMP;\n    ","timestamp":"2026-09-25T18:30:40.013Z"}
{"duration":4,"level":"info","message":"db-query","rows":0,"text":"\n      SELECT company_id, driver_id \n      FROM driver_sinbins \n      WHERE is_active = TRUE \n      AND (updated_at + (sinbin_time || ' minutes')::INTERVAL) <= CURRENT_TIMESTAMP;\n    ","timestamp":"2026-09-25T18:30:45.016Z"}
{"duration":1,"level":"info","message":"db-query","rows":0,"text":"\n      SELECT company_id, driver_id \n      FROM driver_sinbins \n      WHERE is_active = TRUE \n      AND (updated_at + (sinbin_time || ' minutes')::INTERVAL) <= CURRENT_TIMESTAMP;\n    ","timestamp":"2026-09-25T18:30:50.012Z"}
{"duration":1,"level":"info","message":"db-query","rows":0,"text":"\n      SELECT company_id, driver_id \n      FROM driver_sinbins \n      WHERE is_active = TRUE \n      AND (updated_at + (sinbin_time || ' minutes')::INTERVAL) <= CURRENT_TIMESTAMP;\n    ","timestamp":"2026-09-25T18:30:55.007Z"}
{"duration":1,"level":"info","message":"db-query","rows":0,"text":"\n      SELECT company_id, driver_id \n      FROM driver_sinbins \n      WHERE is_active = TRUE \n      AND (updated_at + (sinbin_time || ' minutes')::INTERVAL) <= CURRENT_TIMESTAMP;\n    ","timestamp":"2026-09-25T18:31:00.029Z"}
{"duration":2,"level":"info","message":"db-query","rows":0,"text":"\n      SELECT company_id, driver_id \n      FROM driver_sinbins \n      WHERE is_active = TRUE \n      AND (updated_at + (sinbin_time || ' minutes')::INTERVAL) <= CURRENT_TIMESTAMP;\n    ","timestamp":"2026-09-25T18:31:05.008Z"}
{"duration":1,"level":"info","message":"db-query","rows":0,"text":"\n      SELECT company_id, driver_id \n      FROM driver_sinbins \n      WHERE is_active = TRUE \n      AND (updated_at + (sinbin_time || ' minutes')::INTERVAL) <= CURRENT_TIMESTAMP;\n    ","timestamp":"2026-09-25T18:31:10.004Z"}
{"duration":1,"level":"info","message":"db-query","rows":0,"text":"\n      SELECT company_id, driver_id \n      FROM driver_sinbins \n      WHERE is_active = TRUE \n      AND (updated_at + (sinbin_time || ' minutes')::INTERVAL) <= CURRENT_TIMESTAMP;\n    ","timestamp":"2026-09-25T18:31:15.018Z"}
{"duration":2,"level":"info","message":"db-query","rows":0,"text":"\n      SELECT company_id, driver_id \n      FROM driver_sinbins \n      WHERE is_active = TRUE \n      AND (updated_at + (sinbin_time || ' minutes')::INTERVAL) <= CURRENT_TIMESTAMP;\n    ","timestamp":"2026-09-25T18:31:20.008Z"}
{"duration":0,"level":"info","message":"db-query","rows":0,"text":"\n      SELECT company_id, driver_id \n      FROM driver_sinbins \n      WHERE is_active = TRUE \n      AND (updated_at + (sinbin_time || ' minutes')::INTERVAL) <= CURRENT_TIMESTAMP;\n    ","timestamp":"2026-09-25T18:31:25.015Z"}
{"duration":1,"level":"info","message":"db-query","rows":0,"text":"\n      SELECT company_id, driver_id \n      FROM driver_sinbins \n      WHERE is_active = TRUE \n      AND (updated_at + (sinbin_time || ' minutes')::INTERVAL) <= CURRENT_TIMESTAMP;\n    ","timestamp":"2026-09-25T18:31:30.007Z"}
{"duration":1,"level":"info","message":"db-query","rows":0,"text":"\n      SELECT company_id, driver_id \n      FROM driver_sinbins \n      WHERE is_active = TRUE \n      AND (updated_at + (sinbin_time || ' minutes')::INTERVAL) <= CURRENT_TIMESTAMP;\n    ","timestamp":"2026-09-25T18:31:35.019Z"}
{"duration":0,"level":"info","message":"db-query","rows":0,"text":"\n      SELECT company_id, driver_id \n      FROM driver_sinbins \n      WHERE is_active = TRUE \n      AND (updated_at + (sinbin_time || ' minutes')::INTERVAL) <= CURRENT_TIMESTAMP;\n    ","timestamp":"2026-09-25T18:31:40.001Z"}
{"duration":1,"level":"info","message":"db-query","rows":0,"text":"\n      SELECT company_id, driver_id \n      FROM driver_sinbins \n      WHERE is_active = TRUE \n      AND (updated_at + (sinbin_time || ' minutes')::INTERVAL) <= CURRENT_TIMESTAMP;\n    ","timestamp":"2026-09-25T18:31:45.062Z"}
{"duration":2,"level":"info","message":"db-query","rows":0,"text":"\n      SELECT company_id, driver_id \n      FROM driver_sinbins \n      WHERE is_active = TRUE \n      AND (updated_at + (sinbin_time || ' minutes')::INTERVAL) <= CURRENT_TIMESTAMP;\n    ","timestamp":"2026-09-25T18:31:50.006Z"}
{"duration":0,"level":"info","message":"db-query","rows":0,"text":"\n      SELECT company_id, driver_id \n      FROM driver_sinbins \n      WHERE is_active = TRUE \n      AND (updated_at + (sinbin_time || ' minutes')::INTERVAL) <= CURRENT_TIMESTAMP;\n    ","timestamp":"2026-09-25T18:31:55.010Z"}
{"duration":1,"level":"info","message":"db-query","rows":0,"text":"\n      SELECT company_id, driver_id \n      FROM driver_sinbins \n      WHERE is_active = TRUE \n      AND (updated_at + (sinbin_time || ' minutes')::INTERVAL) <= CURRENT_TIMESTAMP;\n    ","timestamp":"2026-09-25T18:32:00.037Z"}
{"duration":0,"level":"info","message":"db-query","rows":0,"text":"\n      SELECT company_id, driver_id \n      FROM driver_sinbins \n      WHERE is_active = TRUE \n      AND (updated_at + (sinbin_time || ' minutes')::INTERVAL) <= CURRENT_TIMESTAMP;\n    ","timestamp":"2026-09-25T18:32:05.004Z"}
{"duration":1,"level":"info","message":"db-query","rows":0,"text":"\n      SELECT company_id, driver_id \n      FROM driver_sinbins \n      WHERE is_active = TRUE \n      AND (updated_at + (sinbin_time || ' minutes')::INTERVAL) <= CURRENT_TIMESTAMP;\n    ","timestamp":"2026-09-25T18:32:10.009Z"}
{"duration":1,"level":"info","message":"db-query","rows":0,"text":"\n      SELECT company_id, driver_id \n      FROM driver_sinbins \n      WHERE is_active = TRUE \n      AND (updated_at + (sinbin_time || ' minutes')::INTERVAL) <= CURRENT_TIMESTAMP;\n    ","timestamp":"2026-09-25T18:32:15.020Z"}
{"duration":1,"level":"info","message":"db-query","rows":0,"text":"\n      SELECT company_id, driver_id \n      FROM driver_sinbins \n      WHERE is_active = TRUE \n      AND (updated_at + (sinbin_time || ' minutes')::INTERVAL) <= CURRENT_TIMESTAMP;\n    ","timestamp":"2026-09-25T18:32:20.005Z"}
{"duration":0,"level":"info","message":"db-query","rows":0,"text":"\n      SELECT company_id, driver_id \n      FROM driver_sinbins \n      WHERE is_active = TRUE \n      AND (updated_at + (sinbin_time || ' minutes')::INTERVAL) <= CURRENT_TIMESTAMP;\n    ","timestamp":"2026-09-25T18:32:25.004Z"}
{"duration":1,"level":"info","message":"db-query","rows":0,"text":"\n      SELECT company_id, driver_id \n      FROM driver_sinbins \n      WHERE is_active = TRUE \n      AND (updated_at + (sinbin_time || ' minutes')::INTERVAL) <= CURRENT_TIMESTAMP;\n    ","timestamp":"2026-09-25T18:32:30.011Z"}
{"duration":1,"level":"info","message":"db-query","rows":0,"text":"\n      SELECT company_id, driver_id \n      FROM driver_sinbins \n      WHERE is_active = TRUE \n      AND (updated_at + (sinbin_time || ' minutes')::INTERVAL) <= CURRENT_TIMESTAMP;\n    ","timestamp":"2026-09-25T18:32:35.009Z"}
{"duration":1,"level":"info","message":"db-query","rows":0,"text":"\n      SELECT company_id, driver_id \n      FROM driver_sinbins \n      WHERE is_active = TRUE \n      AND (updated_at + (sinbin_time || ' minutes')::INTERVAL) <= CURRENT_TIMESTAMP;\n    ","timestamp":"2026-09-25T18:32:40.003Z"}
{"duration":1,"level":"info","message":"db-query","rows":0,"text":"\n      SELECT company_id, driver_id \n      FROM driver_sinbins \n      WHERE is_active = TRUE \n      AND (updated_at + (sinbin_time || ' minutes')::INTERVAL) <= CURRENT_TIMESTAMP;\n    ","timestamp":"2026-09-25T18:32:45.009Z"}
{"duration":1,"level":"info","message":"db-query","rows":0,"text":"\n      SELECT company_id, driver_id \n      FROM driver_sinbins \n      WHERE is_active = TRUE \n      AND (updated_at + (sinbin_time || ' minutes')::INTERVAL) <= CURRENT_TIMESTAMP;\n    ","timestamp":"2026-09-25T18:32:50.005Z"}
{"duration":0,"level":"info","message":"db-query","rows":0,"text":"\n      SELECT company_id, driver_id \n      FROM driver_sinbins \n      WHERE is_active = TRUE \n      AND (updated_at + (sinbin_time || ' minutes')::INTERVAL) <= CURRENT_TIMESTAMP;\n    ","timestamp":"2026-09-25T18:32:55.012Z"}
{"duration":1,"level":"info","message":"db-query","rows":0,"text":"\n      SELECT company_id, driver_id \n      FROM driver_sinbins \n      WHERE is_active = TRUE \n      AND (updated_at + (sinbin_time || ' minutes')::INTERVAL) <= CURRENT_TIMESTAMP;\n    ","timestamp":"2026-09-25T18:33:00.020Z"}
{"duration":1,"level":"info","message":"db-query","rows":0,"text":"\n      SELECT company_id, driver_id \n      FROM driver_sinbins \n      WHERE is_active = TRUE \n      AND (updated_at + (sinbin_time || ' minutes')::INTERVAL) <= CURRENT_TIMESTAMP;\n    ","timestamp":"2026-09-25T18:33:05.017Z"}
{"duration":0,"level":"info","message":"db-query","rows":0,"text":"\n      SELECT company_id, driver_id \n      FROM driver_sinbins \n      WHERE is_active = TRUE \n      AND (updated_at + (sinbin_time || ' minutes')::INTERVAL) <= CURRENT_TIMESTAMP;\n    ","timestamp":"2026-09-25T18:33:10.006Z"}
{"duration":1,"level":"info","message":"db-query","rows":0,"text":"\n      SELECT company_id, driver_id \n      FROM driver_sinbins \n      WHERE is_active = TRUE \n      AND (updated_at + (sinbin_time || ' minutes')::INTERVAL) <= CURRENT_TIMESTAMP;\n    ","timestamp":"2026-09-25T18:33:15.009Z"}
{"duration":0,"level":"info","message":"db-query","rows":0,"text":"\n      SELECT company_id, driver_id \n      FROM driver_sinbins \n      WHERE is_active = TRUE \n      AND (updated_at + (sinbin_time || ' minutes')::INTERVAL) <= CURRENT_TIMESTAMP;\n    ","timestamp":"2026-09-25T18:33:20.010Z"}
{"duration":0,"level":"info","message":"db-query","rows":0,"text":"\n      SELECT company_id, driver_id \n      FROM driver_sinbins \n      WHERE is_active = TRUE \n      AND (updated_at + (sinbin_time || ' minutes')::INTERVAL) <= CURRENT_TIMESTAMP;\n    ","timestamp":"2026-09-25T18:33:25.008Z"}
{"duration":0,"level":"info","message":"db-query","rows":0,"text":"\n      SELECT company_id, driver_id \n      FROM driver_sinbins \n      WHERE is_active = TRUE \n      AND (updated_at + (sinbin_time || ' minutes')::INTERVAL) <= CURRENT_TIMESTAMP;\n    ","timestamp":"2026-09-25T18:33:30.002Z"}
{"duration":0,"level":"info","message":"db-query","rows":0,"text":"\n      SELECT company_id, driver_id \n      FROM driver_sinbins \n      WHERE is_active = TRUE \n      AND (updated_at + (sinbin_time || ' minutes')::INTERVAL) <= CURRENT_TIMESTAMP;\n    ","timestamp":"2026-09-25T18:33:35.010Z"}
{"duration":0,"level":"info","message":"db-query","rows":0,"text":"\n      SELECT company_id, driver_id \n      FROM driver_sinbins \n      WHERE is_active = TRUE \n      AND (updated_at + (sinbin_time || ' minutes')::INTERVAL) <= CURRENT_TIMESTAMP;\n    ","timestamp":"2026-09-25T18:33:40.006Z"}
{"duration":0,"level":"info","message":"db-query","rows":0,"text":"\n      SELECT company_id, driver_id \n      FROM driver_sinbins \n      WHERE is_active = TRUE \n      AND (updated_at + (sinbin_time || ' minutes')::INTERVAL) <= CURRENT_TIMESTAMP;\n    ","timestamp":"2026-09-25T18:33:45.002Z"}
{"duration":1,"level":"info","message":"db-query","rows":0,"text":"\n      SELECT company_id, driver_id \n      FROM driver_sinbins \n      WHERE is_active = TRUE \n      AND (updated_at + (sinbin_time || ' minutes')::INTERVAL) <= CURRENT_TIMESTAMP;\n    ","timestamp":"2026-09-25T18:33:50.017Z"}
{"duration":0,"level":"info","message":"db-query","rows":0,"text":"\n      SELECT company_id, driver_id \n      FROM driver_sinbins \n      WHERE is_active = TRUE \n      AND (updated_at + (sinbin_time || ' minutes')::INTERVAL) <= CURRENT_TIMESTAMP;\n    ","timestamp":"2026-09-25T18:33:55.005Z"}
{"duration":1,"level":"info","message":"db-query","rows":0,"text":"\n      SELECT company_id, driver_id \n      FROM driver_sinbins \n      WHERE is_active = TRUE \n      AND (updated_at + (sinbin_time || ' minutes')::INTERVAL) <= CURRENT_TIMESTAMP;\n    ","timestamp":"2026-09-25T18:34:00.006Z"}
{"duration":0,"level":"info","message":"db-query","rows":0,"text":"\n      SELECT company_id, driver_id \n      FROM driver_sinbins \n      WHERE is_active = TRUE \n      AND (updated_at + (sinbin_time || ' minutes')::INTERVAL) <= CURRENT_TIMESTAMP;\n    ","timestamp":"2026-09-25T18:34:05.001Z"}
{"duration":0,"level":"info","message":"db-query","rows":0,"text":"\n      SELECT company_id, driver_id \n      FROM driver_sinbins \n      WHERE is_active = TRUE \n      AND (updated_at + (sinbin_time || ' minutes')::INTERVAL) <= CURRENT_TIMESTAMP;\n    ","timestamp":"2026-09-25T18:34:10.001Z"}
{"duration":0,"level":"info","message":"db-query","rows":0,"text":"\n      SELECT company_id, driver_id \n      FROM driver_sinbins \n      WHERE is_active = TRUE \n      AND (updated_at + (sinbin_time || ' minutes')::INTERVAL) <= CURRENT_TIMESTAMP;\n    ","timestamp":"2026-09-25T18:34:15.002Z"}
{"duration":0,"level":"info","message":"db-query","rows":0,"text":"\n      SELECT company_id, driver_id \n      FROM driver_sinbins \n      WHERE is_active = TRUE \n      AND (updated_at + (sinbin_time || ' minutes')::INTERVAL) <= CURRENT_TIMESTAMP;\n    ","timestamp":"2026-09-25T18:34:20.007Z"}
{"duration":1,"level":"info","message":"db-query","rows":0,"text":"\n      SELECT company_id, driver_id \n      FROM driver_sinbins \n      WHERE is_active = TRUE \n      AND (updated_at + (sinbin_time || ' minutes')::INTERVAL) <= CURRENT_TIMESTAMP;\n    ","timestamp":"2026-09-25T18:34:25.005Z"}
{"duration":1,"level":"info","message":"db-query","rows":0,"text":"\n      SELECT company_id, driver_id \n      FROM driver_sinbins \n      WHERE is_active = TRUE \n      AND (updated_at + (sinbin_time || ' minutes')::INTERVAL) <= CURRENT_TIMESTAMP;\n    ","timestamp":"2026-09-25T18:34:30.013Z"}
{"duration":0,"level":"info","message":"db-query","rows":0,"text":"\n      SELECT company_id, driver_id \n      FROM driver_sinbins \n      WHERE is_active = TRUE \n      AND (updated_at + (sinbin_time || ' minutes')::INTERVAL) <= CURRENT_TIMESTAMP;\n    ","timestamp":"2026-09-25T18:34:35.007Z"}
{"duration":0,"level":"info","message":"db-query","rows":0,"text":"\n      SELECT company_id, driver_id \n      FROM driver_sinbins \n      WHERE is_active = TRUE \n      AND (updated_at + (sinbin_time || ' minutes')::INTERVAL) <= CURRENT_TIMESTAMP;\n    ","timestamp":"2026-09-25T18:34:40.003Z"}
{"duration":0,"level":"info","message":"db-query","rows":0,"text":"\n      SELECT company_id, driver_id \n      FROM driver_sinbins \n      WHERE is_active = TRUE \n      AND (updated_at + (sinbin_time || ' minutes')::INTERVAL) <= CURRENT_TIMESTAMP;\n    ","timestamp":"2026-09-25T18:34:45.001Z"}
{"duration":0,"level":"info","message":"db-query","rows":0,"text":"\n      SELECT company_id, driver_id \n      FROM driver_sinbins \n      WHERE is_active = TRUE \n      AND (updated_at + (sinbin_time || ' minutes')::INTERVAL) <= CURRENT_TIMESTAMP;\n    ","timestamp":"2026-09-25T18:34:50.004Z"}
{"duration":1,"level":"info","message":"db-query","rows":0,"text":"\n      SELECT company_id, driver_id \n      FROM driver_sinbins \n      WHERE is_active = TRUE \n      AND (updated_at + (sinbin_time || ' minutes')::INTERVAL) <= CURRENT_TIMESTAMP;\n    ","timestamp":"2026-09-25T18:34:55.007Z"}
{"duration":1,"level":"info","message":"db-query","rows":0,"text":"\n      SELECT company_id, driver_id \n      FROM driver_sinbins \n      WHERE is_active = TRUE \n      AND (updated_at + (sinbin_time || ' minutes')::INTERVAL) <= CURRENT_TIMESTAMP;\n    ","timestamp":"2026-09-25T18:35:00.012Z"}
{"duration":1,"level":"info","message":"db-query","rows":0,"text":"\n      SELECT company_id, driver_id \n      FROM driver_sinbins \n      WHERE is_active = TRUE \n      AND (updated_at + (sinbin_time || ' minutes')::INTERVAL) <= CURRENT_TIMESTAMP;\n    ","timestamp":"2026-09-25T18:35:05.008Z"}
{"duration":0,"level":"info","message":"db-query","rows":0,"text":"\n      SELECT company_id, driver_id \n      FROM driver_sinbins \n      WHERE is_active = TRUE \n      AND (updated_at + (sinbin_time || ' minutes')::INTERVAL) <= CURRENT_TIMESTAMP;\n    ","timestamp":"2026-09-25T18:35:10.018Z"}
{"duration":1,"level":"info","message":"db-query","rows":0,"text":"\n      SELECT company_id, driver_id \n      FROM driver_sinbins \n      WHERE is_active = TRUE \n      AND (updated_at + (sinbin_time || ' minutes')::INTERVAL) <= CURRENT_TIMESTAMP;\n    ","timestamp":"2026-09-25T18:35:15.017Z"}
{"duration":0,"level":"info","message":"db-query","rows":0,"text":"\n      SELECT company_id, driver_id \n      FROM driver_sinbins \n      WHERE is_active = TRUE \n      AND (updated_at + (sinbin_time || ' minutes')::INTERVAL) <= CURRENT_TIMESTAMP;\n    ","timestamp":"2026-09-25T18:35:20.008Z"}
{"duration":1,"level":"info","message":"db-query","rows":0,"text":"\n      SELECT company_id, driver_id \n      FROM driver_sinbins \n      WHERE is_active = TRUE \n      AND (updated_at + (sinbin_time || ' minutes')::INTERVAL) <= CURRENT_TIMESTAMP;\n    ","timestamp":"2026-09-25T18:35:25.007Z"}
{"duration":1,"level":"info","message":"db-query","rows":0,"text":"\n      SELECT company_id, driver_id \n      FROM driver_sinbins \n      WHERE is_active = TRUE \n      AND (updated_at + (sinbin_time || ' minutes')::INTERVAL) <= CURRENT_TIMESTAMP;\n    ","timestamp":"2026-09-25T18:35:30.013Z"}
{"duration":1,"level":"info","message":"db-query","rows":0,"text":"\n      SELECT company_id, driver_id \n      FROM driver_sinbins \n      WHERE is_active = TRUE \n      AND (updated_at + (sinbin_time || ' minutes')::INTERVAL) <= CURRENT_TIMESTAMP;\n    ","timestamp":"2026-09-25T18:35:35.007Z"}
{"duration":1,"level":"info","message":"db-query","rows":0,"text":"\n      SELECT company_id, driver_id \n      FROM driver_sinbins \n      WHERE is_active = TRUE \n      AND (updated_at + (sinbin_time || ' minutes')::INTERVAL) <= CURRENT_TIMESTAMP;\n    ","timestamp":"2026-09-25T18:35:40.006Z"}
{"duration":1,"level":"info","message":"db-query","rows":0,"text":"\n      SELECT company_id, driver_id \n      FROM driver_sinbins \n      WHERE is_active = TRUE \n      AND (updated_at + (sinbin_time || ' minutes')::INTERVAL) <= CURRENT_TIMESTAMP;\n    ","timestamp":"2026-09-25T18:35:45.004Z"}
{"duration":2,"level":"info","message":"db-query","rows":0,"text":"\n      SELECT company_id, driver_id \n      FROM driver_sinbins \n      WHERE is_active = TRUE \n      AND (updated_at + (sinbin_time || ' minutes')::INTERVAL) <= CURRENT_TIMESTAMP;\n    ","timestamp":"2026-09-25T18:35:50.005Z"}
{"duration":2,"level":"info","message":"db-query","rows":0,"text":"\n      SELECT company_id, driver_id \n      FROM driver_sinbins \n      WHERE is_active = TRUE \n      AND (updated_at + (sinbin_time || ' minutes')::INTERVAL) <= CURRENT_TIMESTAMP;\n    ","timestamp":"2026-09-25T18:35:55.012Z"}
{"duration":1,"level":"info","message":"db-query","rows":0,"text":"\n      SELECT company_id, driver_id \n      FROM driver_sinbins \n      WHERE is_active = TRUE \n      AND (updated_at + (sinbin_time || ' minutes')::INTERVAL) <= CURRENT_TIMESTAMP;\n    ","timestamp":"2026-09-25T18:36:00.005Z"}
{"duration":0,"level":"info","message":"db-query","rows":0,"text":"\n      SELECT company_id, driver_id \n      FROM driver_sinbins \n      WHERE is_active = TRUE \n      AND (updated_at + (sinbin_time || ' minutes')::INTERVAL) <= CURRENT_TIMESTAMP;\n    ","timestamp":"2026-09-25T18:36:05.005Z"}
{"duration":0,"level":"info","message":"db-query","rows":0,"text":"\n      SELECT company_id, driver_id \n      FROM driver_sinbins \n      WHERE is_active = TRUE \n      AND (updated_at + (sinbin_time || ' minutes')::INTERVAL) <= CURRENT_TIMESTAMP;\n    ","timestamp":"2026-09-25T18:36:10.003Z"}
{"duration":1,"level":"info","message":"db-query","rows":0,"text":"\n      SELECT company_id, driver_id \n      FROM driver_sinbins \n      WHERE is_active = TRUE \n      AND (updated_at + (sinbin_time || ' minutes')::INTERVAL) <= CURRENT_TIMESTAMP;\n    ","timestamp":"2026-09-25T18:36:15.004Z"}
{"duration":0,"level":"info","message":"db-query","rows":0,"text":"\n      SELECT company_id, driver_id \n      FROM driver_sinbins \n      WHERE is_active = TRUE \n      AND (updated_at + (sinbin_time || ' minutes')::INTERVAL) <= CURRENT_TIMESTAMP;\n    ","timestamp":"2026-09-25T18:36:20.002Z"}
{"duration":0,"level":"info","message":"db-query","rows":0,"text":"\n      SELECT company_id, driver_id \n      FROM driver_sinbins \n      WHERE is_active = TRUE \n      AND (updated_at + (sinbin_time || ' minutes')::INTERVAL) <= CURRENT_TIMESTAMP;\n    ","timestamp":"2026-09-25T18:36:25.003Z"}
{"duration":0,"level":"info","message":"db-query","rows":0,"text":"\n      SELECT company_id, driver_id \n      FROM driver_sinbins \n      WHERE is_active = TRUE \n      AND (updated_at + (sinbin_time || ' minutes')::INTERVAL) <= CURRENT_TIMESTAMP;\n    ","timestamp":"2026-09-25T18:36:30.011Z"}
{"duration":0,"level":"info","message":"db-query","rows":0,"text":"\n      SELECT company_id, driver_id \n      FROM driver_sinbins \n      WHERE is_active = TRUE \n      AND (updated_at + (sinbin_time || ' minutes')::INTERVAL) <= CURRENT_TIMESTAMP;\n    ","timestamp":"2026-09-25T18:36:35.008Z"}
{"duration":1,"level":"info","message":"db-query","rows":0,"text":"\n      SELECT company_id, driver_id \n      FROM driver_sinbins \n      WHERE is_active = TRUE \n      AND (updated_at + (sinbin_time || ' minutes')::INTERVAL) <= CURRENT_TIMESTAMP;\n    ","timestamp":"2026-09-25T18:36:40.017Z"}
{"duration":0,"level":"info","message":"db-query","rows":0,"text":"\n      SELECT company_id, driver_id \n      FROM driver_sinbins \n      WHERE is_active = TRUE \n      AND (updated_at + (sinbin_time || ' minutes')::INTERVAL) <= CURRENT_TIMESTAMP;\n    ","timestamp":"2026-09-25T18:36:45.005Z"}
{"duration":1,"level":"info","message":"db-query","rows":0,"text":"\n      SELECT company_id, driver_id \n      FROM driver_sinbins \n      WHERE is_active = TRUE \n      AND (updated_at + (sinbin_time || ' minutes')::INTERVAL) <= CURRENT_TIMESTAMP;\n    ","timestamp":"2026-09-25T18:36:50.008Z"}
{"duration":1,"level":"info","message":"db-query","rows":0,"text":"\n      SELECT company_id, driver_id \n      FROM driver_sinbins \n      WHERE is_active = TRUE \n      AND (updated_at + (sinbin_time || ' minutes')::INTERVAL) <= CURRENT_TIMESTAMP;\n    ","timestamp":"2026-09-25T18:36:55.008Z"}
{"duration":1,"level":"info","message":"db-query","rows":0,"text":"\n      SELECT company_id, driver_id \n      FROM driver_sinbins \n      WHERE is_active = TRUE \n      AND (updated_at + (sinbin_time || ' minutes')::INTERVAL) <= CURRENT_TIMESTAMP;\n    ","timestamp":"2026-09-25T18:37:00.060Z"}
{"duration":1,"level":"info","message":"db-query","rows":0,"text":"\n      SELECT company_id, driver_id \n      FROM driver_sinbins \n      WHERE is_active = TRUE \n      AND (updated_at + (sinbin_time || ' minutes')::INTERVAL) <= CURRENT_TIMESTAMP;\n    ","timestamp":"2026-09-25T18:37:05.007Z"}
{"duration":0,"level":"info","message":"db-query","rows":0,"text":"\n      SELECT company_id, driver_id \n      FROM driver_sinbins \n      WHERE is_active = TRUE \n      AND (updated_at + (sinbin_time || ' minutes')::INTERVAL) <= CURRENT_TIMESTAMP;\n    ","timestamp":"2026-09-25T18:37:10.010Z"}
{"duration":0,"level":"info","message":"db-query","rows":0,"text":"\n      SELECT company_id, driver_id \n      FROM driver_sinbins \n      WHERE is_active = TRUE \n      AND (updated_at + (sinbin_time || ' minutes')::INTERVAL) <= CURRENT_TIMESTAMP;\n    ","timestamp":"2026-09-25T18:37:15.017Z"}
{"duration":0,"level":"info","message":"db-query","rows":0,"text":"\n      SELECT company_id, driver_id \n      FROM driver_sinbins \n      WHERE is_active = TRUE \n      AND (updated_at + (sinbin_time || ' minutes')::INTERVAL) <= CURRENT_TIMESTAMP;\n    ","timestamp":"2026-09-25T18:37:20.002Z"}
{"duration":1,"level":"info","message":"db-query","rows":0,"text":"\n      SELECT company_id, driver_id \n      FROM driver_sinbins \n      WHERE is_active = TRUE \n      AND (updated_at + (sinbin_time || ' minutes')::INTERVAL) <= CURRENT_TIMESTAMP;\n    ","timestamp":"2026-09-25T18:37:25.017Z"}
{"duration":0,"level":"info","message":"db-query","rows":0,"text":"\n      SELECT company_id, driver_id \n      FROM driver_sinbins \n      WHERE is_active = TRUE \n      AND (updated_at + (sinbin_time || ' minutes')::INTERVAL) <= CURRENT_TIMESTAMP;\n    ","timestamp":"2026-09-25T18:37:30.014Z"}
{"duration":1,"level":"info","message":"db-query","rows":0,"text":"\n      SELECT company_id, driver_id \n      FROM driver_sinbins \n      WHERE is_active = TRUE \n      AND (updated_at + (sinbin_time || ' minutes')::INTERVAL) <= CURRENT_TIMESTAMP;\n    ","timestamp":"2026-09-25T18:37:35.006Z"}
{"duration":0,"level":"info","message":"db-query","rows":0,"text":"\n      SELECT company_id, driver_id \n      FROM driver_sinbins \n      WHERE is_active = TRUE \n      AND (updated_at + (sinbin_time || ' minutes')::INTERVAL) <= CURRENT_TIMESTAMP;\n    ","timestamp":"2026-09-25T18:37:40.010Z"}
{"duration":0,"level":"info","message":"db-query","rows":0,"text":"\n      SELECT company_id, driver_id \n      FROM driver_sinbins \n      WHERE is_active = TRUE \n      AND (updated_at + (sinbin_time || ' minutes')::INTERVAL) <= CURRENT_TIMESTAMP;\n    ","timestamp":"2026-09-25T18:37:45.001Z"}
{"duration":0,"level":"info","message":"db-query","rows":0,"text":"\n      SELECT company_id, driver_id \n      FROM driver_sinbins \n      WHERE is_active = TRUE \n      AND (updated_at + (sinbin_time || ' minutes')::INTERVAL) <= CURRENT_TIMESTAMP;\n    ","timestamp":"2026-09-25T18:37:50.004Z"}
{"duration":1,"level":"info","message":"db-query","rows":0,"text":"\n      SELECT company_id, driver_id \n      FROM driver_sinbins \n      WHERE is_active = TRUE \n      AND (updated_at + (sinbin_time || ' minutes')::INTERVAL) <= CURRENT_TIMESTAMP;\n    ","timestamp":"2026-09-25T18:37:55.010Z"}
{"duration":1,"level":"info","message":"db-query","rows":0,"text":"\n      SELECT company_id, driver_id \n      FROM driver_sinbins \n      WHERE is_active = TRUE \n      AND (updated_at + (sinbin_time || ' minutes')::INTERVAL) <= CURRENT_TIMESTAMP;\n    ","timestamp":"2026-09-25T18:38:00.004Z"}
{"duration":9,"level":"info","message":"db-query","rows":0,"text":"\n      SELECT company_id, driver_id \n      FROM driver_sinbins \n      WHERE is_active = TRUE \n      AND (updated_at + (sinbin_time || ' minutes')::INTERVAL) <= CURRENT_TIMESTAMP;\n    ","timestamp":"2026-09-25T18:38:05.022Z"}
{"duration":1,"level":"info","message":"db-query","rows":0,"text":"\n      SELECT company_id, driver_id \n      FROM driver_sinbins \n      WHERE is_active = TRUE \n      AND (updated_at + (sinbin_time || ' minutes')::INTERVAL) <= CURRENT_TIMESTAMP;\n    ","timestamp":"2026-09-25T18:38:10.008Z"}
{"duration":1,"level":"info","message":"db-query","rows":0,"text":"\n      SELECT company_id, driver_id \n      FROM driver_sinbins \n      WHERE is_active = TRUE \n      AND (updated_at + (sinbin_time || ' minutes')::INTERVAL) <= CURRENT_TIMESTAMP;\n    ","timestamp":"2026-09-25T18:38:15.010Z"}
{"duration":0,"level":"info","message":"db-query","rows":0,"text":"\n      SELECT company_id, driver_id \n      FROM driver_sinbins \n      WHERE is_active = TRUE \n      AND (updated_at + (sinbin_time || ' minutes')::INTERVAL) <= CURRENT_TIMESTAMP;\n    ","timestamp":"2026-09-25T18:38:20.004Z"}
{"duration":0,"level":"info","message":"db-query","rows":0,"text":"\n      SELECT company_id, driver_id \n      FROM driver_sinbins \n      WHERE is_active = TRUE \n      AND (updated_at + (sinbin_time || ' minutes')::INTERVAL) <= CURRENT_TIMESTAMP;\n    ","timestamp":"2026-09-25T18:38:25.002Z"}
{"duration":1,"level":"info","message":"db-query","rows":0,"text":"\n      SELECT company_id, driver_id \n      FROM driver_sinbins \n      WHERE is_active = TRUE \n      AND (updated_at + (sinbin_time || ' minutes')::INTERVAL) <= CURRENT_TIMESTAMP;\n    ","timestamp":"2026-09-25T18:38:30.010Z"}
{"duration":3,"level":"info","message":"db-query","rows":0,"text":"\n      SELECT company_id, driver_id \n      FROM driver_sinbins \n      WHERE is_active = TRUE \n      AND (updated_at + (sinbin_time || ' minutes')::INTERVAL) <= CURRENT_TIMESTAMP;\n    ","timestamp":"2026-09-25T18:38:35.015Z"}
{"duration":0,"level":"info","message":"db-query","rows":0,"text":"\n      SELECT company_id, driver_id \n      FROM driver_sinbins \n      WHERE is_active = TRUE \n      AND (updated_at + (sinbin_time || ' minutes')::INTERVAL) <= CURRENT_TIMESTAMP;\n    ","timestamp":"2026-09-25T18:38:40.004Z"}
{"duration":1,"level":"info","message":"db-query","rows":0,"text":"\n      SELECT company_id, driver_id \n      FROM driver_sinbins \n      WHERE is_active = TRUE \n      AND (updated_at + (sinbin_time || ' minutes')::INTERVAL) <= CURRENT_TIMESTAMP;\n    ","timestamp":"2026-09-25T18:38:45.017Z"}
{"duration":1,"level":"info","message":"db-query","rows":0,"text":"\n      SELECT company_id, driver_id \n      FROM driver_sinbins \n      WHERE is_active = TRUE \n      AND (updated_at + (sinbin_time || ' minutes')::INTERVAL) <= CURRENT_TIMESTAMP;\n    ","timestamp":"2026-09-25T18:38:50.009Z"}
{"duration":1,"level":"info","message":"db-query","rows":0,"text":"\n      SELECT company_id, driver_id \n      FROM driver_sinbins \n      WHERE is_active = TRUE \n      AND (updated_at + (sinbin_time || ' minutes')::INTERVAL) <= CURRENT_TIMESTAMP;\n    ","timestamp":"2026-09-25T18:38:55.003Z"}
{"duration":1,"level":"info","message":"db-query","rows":0,"text":"\n      SELECT company_id, driver_id \n      FROM driver_sinbins \n      WHERE is_active = TRUE \n      AND (updated_at + (sinbin_time || ' minutes')::INTERVAL) <= CURRENT_TIMESTAMP;\n    ","timestamp":"2026-09-25T18:39:00.002Z"}
{"duration":0,"level":"info","message":"db-query","rows":0,"text":"\n      SELECT company_id, driver_id \n      FROM driver_sinbins \n      WHERE is_active = TRUE \n      AND (updated_at + (sinbin_time || ' minutes')::INTERVAL) <= CURRENT_TIMESTAMP;\n    ","timestamp":"2026-09-25T18:39:05.004Z"}
{"duration":0,"level":"info","message":"db-query","rows":0,"text":"\n      SELECT company_id, driver_id \n      FROM driver_sinbins \n      WHERE is_active = TRUE \n      AND (updated_at + (sinbin_time || ' minutes')::INTERVAL) <= CURRENT_TIMESTAMP;\n    ","timestamp":"2026-09-25T18:39:10.003Z"}
{"duration":0,"level":"info","message":"db-query","rows":0,"text":"\n      SELECT company_id, driver_id \n      FROM driver_sinbins \n      WHERE is_active = TRUE \n      AND (updated_at + (sinbin_time || ' minutes')::INTERVAL) <= CURRENT_TIMESTAMP;\n    ","timestamp":"2026-09-25T18:39:15.017Z"}
{"duration":1,"level":"info","message":"db-query","rows":0,"text":"\n      SELECT company_id, driver_id \n      FROM driver_sinbins \n      WHERE is_active = TRUE \n      AND (updated_at + (sinbin_time || ' minutes')::INTERVAL) <= CURRENT_TIMESTAMP;\n    ","timestamp":"2026-09-25T18:39:20.005Z"}
{"duration":1,"level":"info","message":"db-query","rows":0,"text":"\n      SELECT company_id, driver_id \n      FROM driver_sinbins \n      WHERE is_active = TRUE \n      AND (updated_at + (sinbin_time || ' minutes')::INTERVAL) <= CURRENT_TIMESTAMP;\n    ","timestamp":"2026-09-25T18:39:25.017Z"}
{"duration":1,"level":"info","message":"db-query","rows":0,"text":"\n      SELECT company_id, driver_id \n      FROM driver_sinbins \n      WHERE is_active = TRUE \n      AND (updated_at + (sinbin_time || ' minutes')::INTERVAL) <= CURRENT_TIMESTAMP;\n    ","timestamp":"2026-09-25T18:39:30.013Z"}
{"duration":0,"level":"info","message":"db-query","rows":0,"text":"\n      SELECT company_id, driver_id \n      FROM driver_sinbins \n      WHERE is_active = TRUE \n      AND (updated_at + (sinbin_time || ' minutes')::INTERVAL) <= CURRENT_TIMESTAMP;\n    ","timestamp":"2026-09-25T18:39:35.012Z"}
{"duration":1,"level":"info","message":"db-query","rows":0,"text":"\n      SELECT company_id, driver_id \n      FROM driver_sinbins \n      WHERE is_active = TRUE \n      AND (updated_at + (sinbin_time || ' minutes')::INTERVAL) <= CURRENT_TIMESTAMP;\n    ","timestamp":"2026-09-25T18:39:40.011Z"}
{"duration":0,"level":"info","message":"db-query","rows":0,"text":"\n      SELECT company_id, driver_id \n      FROM driver_sinbins \n      WHERE is_active = TRUE \n      AND (updated_at + (sinbin_time || ' minutes')::INTERVAL) <= CURRENT_TIMESTAMP;\n    ","timestamp":"2026-09-25T18:39:45.011Z"}
{"duration":0,"level":"info","message":"db-query","rows":0,"text":"\n      SELECT company_id, driver_id \n      FROM driver_sinbins \n      WHERE is_active = TRUE \n      AND (updated_at + (sinbin_time || ' minutes')::INTERVAL) <= CURRENT_TIMESTAMP;\n    ","timestamp":"2026-09-25T18:39:50.006Z"}
{"duration":1,"level":"info","message":"db-query","rows":0,"text":"\n      SELECT company_id, driver_id \n      FROM driver_sinbins \n      WHERE is_active = TRUE \n      AND (updated_at + (sinbin_time || ' minutes')::INTERVAL) <= CURRENT_TIMESTAMP;\n    ","timestamp":"2026-09-25T18:39:55.016Z"}
{"duration":1,"level":"info","message":"db-query","rows":0,"text":"\n      SELECT company_id, driver_id \n      FROM driver_sinbins \n      WHERE is_active = TRUE \n      AND (updated_at + (sinbin_time || ' minutes')::INTERVAL) <= CURRENT_TIMESTAMP;\n    ","timestamp":"2026-09-25T18:40:00.007Z"}
{"duration":0,"level":"info","message":"db-query","rows":0,"text":"\n      SELECT company_id, driver_id \n      FROM driver_sinbins \n      WHERE is_active = TRUE \n      AND (updated_at + (sinbin_time || ' minutes')::INTERVAL) <= CURRENT_TIMESTAMP;\n    ","timestamp":"2026-09-25T18:40:05.010Z"}
{"duration":1,"level":"info","message":"db-query","rows":0,"text":"\n      SELECT company_id, driver_id \n      FROM driver_sinbins \n      WHERE is_active = TRUE \n      AND (updated_at + (sinbin_time || ' minutes')::INTERVAL) <= CURRENT_TIMESTAMP;\n    ","timestamp":"2026-09-25T18:40:10.011Z"}
{"duration":0,"level":"info","message":"db-query","rows":0,"text":"\n      SELECT company_id, driver_id \n      FROM driver_sinbins \n      WHERE is_active = TRUE \n      AND (updated_at + (sinbin_time || ' minutes')::INTERVAL) <= CURRENT_TIMESTAMP;\n    ","timestamp":"2026-09-25T18:40:15.016Z"}
{"duration":0,"level":"info","message":"db-query","rows":0,"text":"\n      SELECT company_id, driver_id \n      FROM driver_sinbins \n      WHERE is_active = TRUE \n      AND (updated_at + (sinbin_time || ' minutes')::INTERVAL) <= CURRENT_TIMESTAMP;\n    ","timestamp":"2026-09-25T18:40:20.016Z"}
{"duration":1,"level":"info","message":"db-query","rows":0,"text":"\n      SELECT company_id, driver_id \n      FROM driver_sinbins \n      WHERE is_active = TRUE \n      AND (updated_at + (sinbin_time || ' minutes')::INTERVAL) <= CURRENT_TIMESTAMP;\n    ","timestamp":"2026-09-25T18:40:25.004Z"}
{"duration":0,"level":"info","message":"db-query","rows":0,"text":"\n      SELECT company_id, driver_id \n      FROM driver_sinbins \n      WHERE is_active = TRUE \n      AND (updated_at + (sinbin_time || ' minutes')::INTERVAL) <= CURRENT_TIMESTAMP;\n    ","timestamp":"2026-09-25T18:40:30.016Z"}
{"duration":1,"level":"info","message":"db-query","rows":0,"text":"\n      SELECT company_id, driver_id \n      FROM driver_sinbins \n      WHERE is_active = TRUE \n      AND (updated_at + (sinbin_time || ' minutes')::INTERVAL) <= CURRENT_TIMESTAMP;\n    ","timestamp":"2026-09-25T18:40:35.005Z"}
{"duration":0,"level":"info","message":"db-query","rows":0,"text":"\n      SELECT company_id, driver_id \n      FROM driver_sinbins \n      WHERE is_active = TRUE \n      AND (updated_at + (sinbin_time || ' minutes')::INTERVAL) <= CURRENT_TIMESTAMP;\n    ","timestamp":"2026-09-25T18:40:40.006Z"}
{"duration":0,"level":"info","message":"db-query","rows":0,"text":"\n      SELECT company_id, driver_id \n      FROM driver_sinbins \n      WHERE is_active = TRUE \n      AND (updated_at + (sinbin_time || ' minutes')::INTERVAL) <= CURRENT_TIMESTAMP;\n    ","timestamp":"2026-09-25T18:40:45.011Z"}
{"duration":1,"level":"info","message":"db-query","rows":0,"text":"\n      SELECT company_id, driver_id \n      FROM driver_sinbins \n      WHERE is_active = TRUE \n      AND (updated_at + (sinbin_time || ' minutes')::INTERVAL) <= CURRENT_TIMESTAMP;\n    ","timestamp":"2026-09-25T18:40:50.017Z"}
{"duration":1,"level":"info","message":"db-query","rows":0,"text":"\n      SELECT company_id, driver_id \n      FROM driver_sinbins \n      WHERE is_active = TRUE \n      AND (updated_at + (sinbin_time || ' minutes')::INTERVAL) <= CURRENT_TIMESTAMP;\n    ","timestamp":"2026-09-25T18:40:55.011Z"}
{"duration":0,"level":"info","message":"db-query","rows":0,"text":"\n      SELECT company_id, driver_id \n      FROM driver_sinbins \n      WHERE is_active = TRUE \n      AND (updated_at + (sinbin_time || ' minutes')::INTERVAL) <= CURRENT_TIMESTAMP;\n    ","timestamp":"2026-09-25T18:41:00.003Z"}
{"duration":0,"level":"info","message":"db-query","rows":0,"text":"\n      SELECT company_id, driver_id \n      FROM driver_sinbins \n      WHERE is_active = TRUE \n      AND (updated_at + (sinbin_time || ' minutes')::INTERVAL) <= CURRENT_TIMESTAMP;\n    ","timestamp":"2026-09-25T18:41:05.009Z"}
{"duration":0,"level":"info","message":"db-query","rows":0,"text":"\n      SELECT company_id, driver_id \n      FROM driver_sinbins \n      WHERE is_active = TRUE \n      AND (updated_at + (sinbin_time || ' minutes')::INTERVAL) <= CURRENT_TIMESTAMP;\n    ","timestamp":"2026-09-25T18:41:10.006Z"}
{"duration":0,"level":"info","message":"db-query","rows":0,"text":"\n      SELECT company_id, driver_id \n      FROM driver_sinbins \n      WHERE is_active = TRUE \n      AND (updated_at + (sinbin_time || ' minutes')::INTERVAL) <= CURRENT_TIMESTAMP;\n    ","timestamp":"2026-09-25T18:41:15.010Z"}
{"duration":1,"level":"info","message":"db-query","rows":0,"text":"\n      SELECT company_id, driver_id \n      FROM driver_sinbins \n      WHERE is_active = TRUE \n      AND (updated_at + (sinbin_time || ' minutes')::INTERVAL) <= CURRENT_TIMESTAMP;\n    ","timestamp":"2026-09-25T18:41:20.008Z"}
{"duration":0,"level":"info","message":"db-query","rows":0,"text":"\n      SELECT company_id, driver_id \n      FROM driver_sinbins \n      WHERE is_active = TRUE \n      AND (updated_at + (sinbin_time || ' minutes')::INTERVAL) <= CURRENT_TIMESTAMP;\n    ","timestamp":"2026-09-25T18:41:25.004Z"}
{"duration":0,"level":"info","message":"db-query","rows":0,"text":"\n      SELECT company_id, driver_id \n      FROM driver_sinbins \n      WHERE is_active = TRUE \n      AND (updated_at + (sinbin_time || ' minutes')::INTERVAL) <= CURRENT_TIMESTAMP;\n    ","timestamp":"2026-09-25T18:41:30.001Z"}
{"duration":1,"level":"info","message":"db-query","rows":0,"text":"\n      SELECT company_id, driver_id \n      FROM driver_sinbins \n      WHERE is_active = TRUE \n      AND (updated_at + (sinbin_time || ' minutes')::INTERVAL) <= CURRENT_TIMESTAMP;\n    ","timestamp":"2026-09-25T18:41:35.007Z"}
{"duration":0,"level":"info","message":"db-query","rows":0,"text":"\n      SELECT company_id, driver_id \n      FROM driver_sinbins \n      WHERE is_active = TRUE \n      AND (updated_at + (sinbin_time || ' minutes')::INTERVAL) <= CURRENT_TIMESTAMP;\n    ","timestamp":"2026-09-25T18:41:40.011Z"}
{"duration":0,"level":"info","message":"db-query","rows":0,"text":"\n      SELECT company_id, driver_id \n      FROM driver_sinbins \n      WHERE is_active = TRUE \n      AND (updated_at + (sinbin_time || ' minutes')::INTERVAL) <= CURRENT_TIMESTAMP;\n    ","timestamp":"2026-09-25T18:41:45.001Z"}
{"duration":1,"level":"info","message":"db-query","rows":0,"text":"\n      SELECT company_id, driver_id \n      FROM driver_sinbins \n      WHERE is_active = TRUE \n      AND (updated_at + (sinbin_time || ' minutes')::INTERVAL) <= CURRENT_TIMESTAMP;\n    ","timestamp":"2026-09-25T18:41:50.012Z"}
{"duration":1,"level":"info","message":"db-query","rows":0,"text":"\n      SELECT company_id, driver_id \n      FROM driver_sinbins \n      WHERE is_active = TRUE \n      AND (updated_at + (sinbin_time || ' minutes')::INTERVAL) <= CURRENT_TIMESTAMP;\n    ","timestamp":"2026-09-25T18:41:55.004Z"}
{"duration":1,"level":"info","message":"db-query","rows":0,"text":"\n      SELECT company_id, driver_id \n      FROM driver_sinbins \n      WHERE is_active = TRUE \n      AND (updated_at + (sinbin_time || ' minutes')::INTERVAL) <= CURRENT_TIMESTAMP;\n    ","timestamp":"2026-09-25T18:42:00.004Z"}
{"duration":1,"level":"info","message":"db-query","rows":0,"text":"\n      SELECT company_id, driver_id \n      FROM driver_sinbins \n      WHERE is_active = TRUE \n      AND (updated_at + (sinbin_time || ' minutes')::INTERVAL) <= CURRENT_TIMESTAMP;\n    ","timestamp":"2026-09-25T18:42:05.012Z"}
{"duration":2,"level":"info","message":"db-query","rows":0,"text":"\n      SELECT company_id, driver_id \n      FROM driver_sinbins \n      WHERE is_active = TRUE \n      AND (updated_at + (sinbin_time || ' minutes')::INTERVAL) <= CURRENT_TIMESTAMP;\n    ","timestamp":"2026-09-25T18:42:10.014Z"}
{"duration":1,"level":"info","message":"db-query","rows":0,"text":"\n      SELECT company_id, driver_id \n      FROM driver_sinbins \n      WHERE is_active = TRUE \n      AND (updated_at + (sinbin_time || ' minutes')::INTERVAL) <= CURRENT_TIMESTAMP;\n    ","timestamp":"2026-09-25T18:42:15.003Z"}
{"duration":1,"level":"info","message":"db-query","rows":0,"text":"\n      SELECT company_id, driver_id \n      FROM driver_sinbins \n      WHERE is_active = TRUE \n      AND (updated_at + (sinbin_time || ' minutes')::INTERVAL) <= CURRENT_TIMESTAMP;\n    ","timestamp":"2026-09-25T18:42:20.023Z"}
{"duration":1,"level":"info","message":"db-query","rows":0,"text":"\n      SELECT company_id, driver_id \n      FROM driver_sinbins \n      WHERE is_active = TRUE \n      AND (updated_at + (sinbin_time || ' minutes')::INTERVAL) <= CURRENT_TIMESTAMP;\n    ","timestamp":"2026-09-25T18:42:25.004Z"}
{"duration":2,"level":"info","message":"db-query","rows":0,"text":"\n      SELECT company_id, driver_id \n      FROM driver_sinbins \n      WHERE is_active = TRUE \n      AND (updated_at + (sinbin_time || ' minutes')::INTERVAL) <= CURRENT_TIMESTAMP;\n    ","timestamp":"2026-09-25T18:42:30.014Z"}
{"duration":1,"level":"info","message":"db-query","rows":0,"text":"\n      SELECT company_id, driver_id \n      FROM driver_sinbins \n      WHERE is_active = TRUE \n      AND (updated_at + (sinbin_time || ' minutes')::INTERVAL) <= CURRENT_TIMESTAMP;\n    ","timestamp":"2026-09-25T18:42:35.011Z"}
{"duration":0,"level":"info","message":"db-query","rows":0,"text":"\n      SELECT company_id, driver_id \n      FROM driver_sinbins \n      WHERE is_active = TRUE \n      AND (updated_at + (sinbin_time || ' minutes')::INTERVAL) <= CURRENT_TIMESTAMP;\n    ","timestamp":"2026-09-25T18:42:40.002Z"}
{"duration":2,"level":"info","message":"db-query","rows":0,"text":"\n      SELECT company_id, driver_id \n      FROM driver_sinbins \n      WHERE is_active = TRUE \n      AND (updated_at + (sinbin_time || ' minutes')::INTERVAL) <= CURRENT_TIMESTAMP;\n    ","timestamp":"2026-09-25T18:42:45.009Z"}
{"duration":2,"level":"info","message":"db-query","rows":0,"text":"\n      SELECT company_id, driver_id \n      FROM driver_sinbins \n      WHERE is_active = TRUE \n      AND (updated_at + (sinbin_time || ' minutes')::INTERVAL) <= CURRENT_TIMESTAMP;\n    ","timestamp":"2026-09-25T18:42:50.010Z"}
{"duration":0,"level":"info","message":"db-query","rows":0,"text":"\n      SELECT company_id, driver_id \n      FROM driver_sinbins \n      WHERE is_active = TRUE \n      AND (updated_at + (sinbin_time || ' minutes')::INTERVAL) <= CURRENT_TIMESTAMP;\n    ","timestamp":"2026-09-25T18:42:55.011Z"}
{"duration":1,"level":"info","message":"db-query","rows":0,"text":"\n      SELECT company_id, driver_id \n      FROM driver_sinbins \n      WHERE is_active = TRUE \n      AND (updated_at + (sinbin_time || ' minutes')::INTERVAL) <= CURRENT_TIMESTAMP;\n    ","timestamp":"2026-09-25T18:43:00.009Z"}
{"duration":1,"level":"info","message":"db-query","rows":0,"text":"\n      SELECT company_id, driver_id \n      FROM driver_sinbins \n      WHERE is_active = TRUE \n      AND (updated_at + (sinbin_time || ' minutes')::INTERVAL) <= CURRENT_TIMESTAMP;\n    ","timestamp":"2026-09-25T18:43:05.006Z"}
{"duration":1,"level":"info","message":"db-query","rows":0,"text":"\n      SELECT company_id, driver_id \n      FROM driver_sinbins \n      WHERE is_active = TRUE \n      AND (updated_at + (sinbin_time || ' minutes')::INTERVAL) <= CURRENT_TIMESTAMP;\n    ","timestamp":"2026-09-25T18:43:10.009Z"}
{"duration":2,"level":"info","message":"db-query","rows":0,"text":"\n      SELECT company_id, driver_id \n      FROM driver_sinbins \n      WHERE is_active = TRUE \n      AND (updated_at + (sinbin_time || ' minutes')::INTERVAL) <= CURRENT_TIMESTAMP;\n    ","timestamp":"2026-09-25T18:43:15.016Z"}
{"duration":1,"level":"info","message":"db-query","rows":0,"text":"\n      SELECT company_id, driver_id \n      FROM driver_sinbins \n      WHERE is_active = TRUE \n      AND (updated_at + (sinbin_time || ' minutes')::INTERVAL) <= CURRENT_TIMESTAMP;\n    ","timestamp":"2026-09-25T18:43:20.016Z"}
{"duration":1,"level":"info","message":"db-query","rows":0,"text":"\n      SELECT company_id, driver_id \n      FROM driver_sinbins \n      WHERE is_active = TRUE \n      AND (updated_at + (sinbin_time || ' minutes')::INTERVAL) <= CURRENT_TIMESTAMP;\n    ","timestamp":"2026-09-25T18:43:25.004Z"}
{"duration":1,"level":"info","message":"db-query","rows":0,"text":"\n      SELECT company_id, driver_id \n      FROM driver_sinbins \n      WHERE is_active = TRUE \n      AND (updated_at + (sinbin_time || ' minutes')::INTERVAL) <= CURRENT_TIMESTAMP;\n    ","timestamp":"2026-09-25T18:43:30.002Z"}
{"duration":0,"level":"info","message":"db-query","rows":0,"text":"\n      SELECT company_id, driver_id \n      FROM driver_sinbins \n      WHERE is_active = TRUE \n      AND (updated_at + (sinbin_time || ' minutes')::INTERVAL) <= CURRENT_TIMESTAMP;\n    ","timestamp":"2026-09-25T18:43:35.011Z"}
{"duration":0,"level":"info","message":"db-query","rows":0,"text":"\n      SELECT company_id, driver_id \n      FROM driver_sinbins \n      WHERE is_active = TRUE \n      AND (updated_at + (sinbin_time || ' minutes')::INTERVAL) <= CURRENT_TIMESTAMP;\n    ","timestamp":"2026-09-25T18:43:40.011Z"}
{"duration":0,"level":"info","message":"db-query","rows":0,"text":"\n      SELECT company_id, driver_id \n      FROM driver_sinbins \n      WHERE is_active = TRUE \n      AND (updated_at + (sinbin_time || ' minutes')::INTERVAL) <= CURRENT_TIMESTAMP;\n    ","timestamp":"2026-09-25T18:43:45.003Z"}
{"duration":1,"level":"info","message":"db-query","rows":0,"text":"\n      SELECT company_id, driver_id \n      FROM driver_sinbins \n      WHERE is_active = TRUE \n      AND (updated_at + (sinbin_time || ' minutes')::INTERVAL) <= CURRENT_TIMESTAMP;\n    ","timestamp":"2026-09-25T18:43:50.002Z"}
{"duration":1,"level":"info","message":"db-query","rows":0,"text":"\n      SELECT company_id, driver_id \n      FROM driver_sinbins \n      WHERE is_active = TRUE \n      AND (updated_at + (sinbin_time || ' minutes')::INTERVAL) <= CURRENT_TIMESTAMP;\n    ","timestamp":"2026-09-25T18:43:55.016Z"}
{"duration":1,"level":"info","message":"db-query","rows":0,"text":"\n      SELECT company_id, driver_id \n      FROM driver_sinbins \n      WHERE is_active = TRUE \n      AND (updated_at + (sinbin_time || ' minutes')::INTERVAL) <= CURRENT_TIMESTAMP;\n    ","timestamp":"2026-09-25T18:44:00.017Z"}
{"duration":1,"level":"info","message":"db-query","rows":0,"text":"\n      SELECT company_id, driver_id \n      FROM driver_sinbins \n      WHERE is_active = TRUE \n      AND (updated_at + (sinbin_time || ' minutes')::INTERVAL) <= CURRENT_TIMESTAMP;\n    ","timestamp":"2026-09-25T18:44:05.004Z"}
{"duration":1,"level":"info","message":"db-query","rows":0,"text":"\n      SELECT company_id, driver_id \n      FROM driver_sinbins \n      WHERE is_active = TRUE \n      AND (updated_at + (sinbin_time || ' minutes')::INTERVAL) <= CURRENT_TIMESTAMP;\n    ","timestamp":"2026-09-25T18:44:10.006Z"}
{"duration":1,"level":"info","message":"db-query","rows":0,"text":"\n      SELECT company_id, driver_id \n      FROM driver_sinbins \n      WHERE is_active = TRUE \n      AND (updated_at + (sinbin_time || ' minutes')::INTERVAL) <= CURRENT_TIMESTAMP;\n    ","timestamp":"2026-09-25T18:44:15.010Z"}
{"duration":0,"level":"info","message":"db-query","rows":0,"text":"\n      SELECT company_id, driver_id \n      FROM driver_sinbins \n      WHERE is_active = TRUE \n      AND (updated_at + (sinbin_time || ' minutes')::INTERVAL) <= CURRENT_TIMESTAMP;\n    ","timestamp":"2026-09-25T18:44:20.005Z"}
{"duration":1,"level":"info","message":"db-query","rows":0,"text":"\n      SELECT company_id, driver_id \n      FROM driver_sinbins \n      WHERE is_active = TRUE \n      AND (updated_at + (sinbin_time || ' minutes')::INTERVAL) <= CURRENT_TIMESTAMP;\n    ","timestamp":"2026-09-25T18:44:25.004Z"}
{"duration":0,"level":"info","message":"db-query","rows":0,"text":"\n      SELECT company_id, driver_id \n      FROM driver_sinbins \n      WHERE is_active = TRUE \n      AND (updated_at + (sinbin_time || ' minutes')::INTERVAL) <= CURRENT_TIMESTAMP;\n    ","timestamp":"2026-09-25T18:44:30.004Z"}
{"duration":0,"level":"info","message":"db-query","rows":0,"text":"\n      SELECT company_id, driver_id \n      FROM driver_sinbins \n      WHERE is_active = TRUE \n      AND (updated_at + (sinbin_time || ' minutes')::INTERVAL) <= CURRENT_TIMESTAMP;\n    ","timestamp":"2026-09-25T18:44:35.016Z"}
{"duration":2,"level":"info","message":"db-query","rows":0,"text":"\n      SELECT company_id, driver_id \n      FROM driver_sinbins \n      WHERE is_active = TRUE \n      AND (updated_at + (sinbin_time || ' minutes')::INTERVAL) <= CURRENT_TIMESTAMP;\n    ","timestamp":"2026-09-25T18:44:40.015Z"}
{"duration":1,"level":"info","message":"db-query","rows":0,"text":"\n      SELECT company_id, driver_id \n      FROM driver_sinbins \n      WHERE is_active = TRUE \n      AND (updated_at + (sinbin_time || ' minutes')::INTERVAL) <= CURRENT_TIMESTAMP;\n    ","timestamp":"2026-09-25T18:44:45.003Z"}
{"duration":1,"level":"info","message":"db-query","rows":0,"text":"\n      SELECT company_id, driver_id \n      FROM driver_sinbins \n      WHERE is_active = TRUE \n      AND (updated_at + (sinbin_time || ' minutes')::INTERVAL) <= CURRENT_TIMESTAMP;\n    ","timestamp":"2026-09-25T18:44:50.004Z"}
{"duration":1,"level":"info","message":"db-query","rows":0,"text":"\n      SELECT company_id, driver_id \n      FROM driver_sinbins \n      WHERE is_active = TRUE \n      AND (updated_at + (sinbin_time || ' minutes')::INTERVAL) <= CURRENT_TIMESTAMP;\n    ","timestamp":"2026-09-25T18:44:55.011Z"}
