{"duration":57,"level":"info","message":"db-query","rows":26,"text":"SELECT * FROM location_types","timestamp":"2026-07-27T10:46:42.646Z"}
{"level":"info","message":"GET /api/location-types 200 62.928 ms","timestamp":"2026-07-27T10:46:42.652Z"}
{"duration":58,"level":"info","message":"db-query","rows":26,"text":"SELECT * FROM location_types","timestamp":"2026-07-27T10:46:42.658Z"}
{"level":"info","message":"GET /api/location-types 200 60.648 ms","timestamp":"2026-07-27T10:46:42.661Z"}
{"duration":6,"level":"info","message":"db-query","rows":26,"text":"SELECT * FROM location_types","timestamp":"2026-07-27T11:40:22.143Z"}
{"level":"info","message":"GET /api/location-types 200 10.974 ms","timestamp":"2026-07-27T11:40:22.149Z"}
{"duration":48,"level":"info","message":"db-query","rows":26,"text":"SELECT * FROM location_types","timestamp":"2026-07-27T11:40:22.188Z"}
{"level":"info","message":"GET /api/location-types 200 49.483 ms","timestamp":"2026-07-27T11:40:22.189Z"}
{"duration":5,"level":"info","message":"db-query","rows":26,"text":"SELECT * FROM location_types","timestamp":"2026-07-27T11:42:19.829Z"}
{"level":"info","message":"GET /api/location-types 200 11.323 ms","timestamp":"2026-07-27T11:42:19.837Z"}
{"duration":54,"level":"info","message":"db-query","rows":26,"text":"SELECT * FROM location_types","timestamp":"2026-07-27T11:42:19.880Z"}
{"level":"info","message":"GET /api/location-types 200 55.998 ms","timestamp":"2026-07-27T11:42:19.882Z"}
{"duration":10,"level":"info","message":"db-query","rows":26,"text":"SELECT * FROM location_types","timestamp":"2026-07-27T11:42:27.962Z"}
{"level":"info","message":"GET /api/location-types 200 22.652 ms","timestamp":"2026-07-27T11:42:27.975Z"}
{"duration":71,"level":"info","message":"db-query","rows":26,"text":"SELECT * FROM location_types","timestamp":"2026-07-27T11:42:28.026Z"}
{"level":"info","message":"GET /api/location-types 200 72.605 ms","timestamp":"2026-07-27T11:42:28.027Z"}
{"duration":5,"level":"info","message":"db-query","rows":26,"text":"SELECT * FROM location_types","timestamp":"2026-07-27T11:42:36.137Z"}
{"level":"info","message":"GET /api/location-types 200 12.555 ms","timestamp":"2026-07-27T11:42:36.146Z"}
{"duration":53,"level":"info","message":"db-query","rows":26,"text":"SELECT * FROM location_types","timestamp":"2026-07-27T11:42:36.187Z"}
{"level":"info","message":"GET /api/location-types 200 55.134 ms","timestamp":"2026-07-27T11:42:36.189Z"}
{"duration":8,"level":"info","message":"db-query","rows":26,"text":"SELECT * FROM location_types","timestamp":"2026-07-27T11:44:13.694Z"}
{"level":"info","message":"GET /api/location-types 200 18.558 ms","timestamp":"2026-07-27T11:44:13.705Z"}
{"duration":162,"level":"info","message":"db-query","rows":26,"text":"SELECT * FROM location_types","timestamp":"2026-07-27T11:44:13.851Z"}
{"level":"info","message":"GET /api/location-types 200 163.985 ms","timestamp":"2026-07-27T11:44:13.853Z"}
{"duration":6,"level":"info","message":"db-query","rows":26,"text":"SELECT * FROM location_types","timestamp":"2026-07-27T11:59:01.855Z"}
{"level":"info","message":"GET /api/location-types 200 14.982 ms","timestamp":"2026-07-27T11:59:01.863Z"}
{"duration":174,"level":"info","message":"db-query","rows":26,"text":"SELECT * FROM location_types","timestamp":"2026-07-27T11:59:02.025Z"}
{"level":"info","message":"GET /api/location-types 200 175.019 ms","timestamp":"2026-07-27T11:59:02.026Z"}
{"duration":10,"level":"info","message":"db-query","rows":26,"text":"SELECT * FROM location_types","timestamp":"2026-07-27T12:00:24.237Z"}
{"level":"info","message":"GET /api/location-types 200 23.632 ms","timestamp":"2026-07-27T12:00:24.251Z"}
{"duration":67,"level":"info","message":"db-query","rows":26,"text":"SELECT * FROM location_types","timestamp":"2026-07-27T12:00:24.297Z"}
{"level":"info","message":"GET /api/location-types 200 68.500 ms","timestamp":"2026-07-27T12:00:24.299Z"}
{"duration":9,"level":"info","message":"db-query","rows":26,"text":"SELECT * FROM location_types","timestamp":"2026-07-27T12:03:00.783Z"}
{"level":"info","message":"GET /api/location-types 200 21.156 ms","timestamp":"2026-07-27T12:03:00.795Z"}
{"duration":63,"level":"info","message":"db-query","rows":26,"text":"SELECT * FROM location_types","timestamp":"2026-07-27T12:03:00.840Z"}
{"level":"info","message":"GET /api/location-types 200 64.684 ms","timestamp":"2026-07-27T12:03:00.842Z"}
{"duration":16,"level":"info","message":"db-query","rows":26,"text":"SELECT * FROM location_types","timestamp":"2026-07-27T12:16:20.953Z"}
{"level":"info","message":"GET /api/location-types 200 34.263 ms","timestamp":"2026-07-27T12:16:20.970Z"}
{"duration":73,"level":"info","message":"db-query","rows":26,"text":"SELECT * FROM location_types","timestamp":"2026-07-27T12:16:21.015Z"}
{"level":"info","message":"GET /api/location-types 200 75.585 ms","timestamp":"2026-07-27T12:16:21.017Z"}
{"duration":9,"level":"info","message":"db-query","rows":26,"text":"SELECT * FROM location_types","timestamp":"2026-07-27T12:16:56.434Z"}
{"level":"info","message":"GET /api/location-types 200 18.690 ms","timestamp":"2026-07-27T12:16:56.442Z"}
{"duration":163,"level":"info","message":"db-query","rows":26,"text":"SELECT * FROM location_types","timestamp":"2026-07-27T12:16:56.592Z"}
{"level":"info","message":"GET /api/location-types 200 164.922 ms","timestamp":"2026-07-27T12:16:56.594Z"}
{"duration":15,"level":"info","message":"db-query","rows":26,"text":"SELECT * FROM location_types","timestamp":"2026-07-27T12:17:56.910Z"}
{"level":"info","message":"GET /api/location-types 200 27.438 ms","timestamp":"2026-07-27T12:17:56.922Z"}
{"duration":79,"level":"info","message":"db-query","rows":26,"text":"SELECT * FROM location_types","timestamp":"2026-07-27T12:17:56.980Z"}
{"level":"info","message":"GET /api/location-types 200 81.447 ms","timestamp":"2026-07-27T12:17:56.982Z"}
{"duration":65,"level":"info","message":"db-query","rows":26,"text":"SELECT * FROM location_types","timestamp":"2026-07-27T13:37:55.951Z"}
{"level":"info","message":"GET /api/location-types 200 67.281 ms","timestamp":"2026-07-27T13:37:55.953Z"}
{"duration":67,"level":"info","message":"db-query","rows":8,"text":"\n      SELECT\n        bt.id,\n        bt.booking_tabs,\n        CASE bt.id\n          WHEN 1 THEN (\n            SELECT COUNT(*) FROM bookings \n            WHERE DATE(pickup_date) = CURRENT_DATE \n            AND booking_status_id = 1 \n            AND trash = false\n            AND company_id = $1\n          )\n          WHEN 2 THEN (\n            SELECT COUNT(*) FROM bookings \n            WHERE DATE(pickup_date) > CURRENT_DATE \n            AND trash = false\n            AND company_id = $1\n          )\n          WHEN 3 THEN (\n            SELECT COUNT(*) FROM bookings \n            WHERE booking_status_id != 11 \n            AND booking_status_id != 1 \n            AND trash = false\n            AND company_id = $1\n          )\n          WHEN 4 THEN (\n            SELECT COUNT(*) FROM bookings \n            WHERE booking_status_id = 11 \n            AND trash = false\n            AND company_id = $1\n          )\n          WHEN 5 THEN (\n            SELECT COUNT(*) FROM bookings \n            WHERE quoted = true \n            AND trash = false\n            AND company_id = $1\n          )\n          WHEN 6 THEN (\n            SELECT COUNT(*) FROM bookings \n            WHERE booking_source = 'ivr' \n            AND trash = false\n            AND company_id = $1\n          )\n          WHEN 7 THEN (\n            SELECT COUNT(*) FROM bookings \n            WHERE booking_source = 'web' \n            AND trash = false\n            AND company_id = $1\n          )\n          WHEN 8 THEN (\n            SELECT COUNT(*) FROM bookings \n            WHERE booking_source = 'app' \n            AND trash = false\n            AND company_id = $1\n          )\n        END::int AS booking_count\n      FROM booking_tabs bt\n      ORDER BY bt.id ASC\n    ","timestamp":"2026-07-27T14:20:42.842Z"}
{"level":"info","message":"GET /api/enumerations/booking-count 200 69.431 ms","timestamp":"2026-07-27T14:20:42.844Z"}
{"duration":73,"level":"info","message":"db-query","rows":8,"text":"\n      SELECT\n        bt.id,\n        bt.booking_tabs,\n        CASE bt.id\n          WHEN 1 THEN (\n            SELECT COUNT(*) FROM bookings \n            WHERE DATE(pickup_date) = CURRENT_DATE \n            AND booking_status_id = 1 \n            AND trash = false\n            AND company_id = $1\n          )\n          WHEN 2 THEN (\n            SELECT COUNT(*) FROM bookings \n            WHERE DATE(pickup_date) > CURRENT_DATE \n            AND trash = false\n            AND company_id = $1\n          )\n          WHEN 3 THEN (\n            SELECT COUNT(*) FROM bookings \n            WHERE booking_status_id != 11 \n            AND booking_status_id != 1 \n            AND trash = false\n            AND company_id = $1\n          )\n          WHEN 4 THEN (\n            SELECT COUNT(*) FROM bookings \n            WHERE booking_status_id = 11 \n            AND trash = false\n            AND company_id = $1\n          )\n          WHEN 5 THEN (\n            SELECT COUNT(*) FROM bookings \n            WHERE quoted = true \n            AND trash = false\n            AND company_id = $1\n          )\n          WHEN 6 THEN (\n            SELECT COUNT(*) FROM bookings \n            WHERE booking_source = 'ivr' \n            AND trash = false\n            AND company_id = $1\n          )\n          WHEN 7 THEN (\n            SELECT COUNT(*) FROM bookings \n            WHERE booking_source = 'web' \n            AND trash = false\n            AND company_id = $1\n          )\n          WHEN 8 THEN (\n            SELECT COUNT(*) FROM bookings \n            WHERE booking_source = 'app' \n            AND trash = false\n            AND company_id = $1\n          )\n        END::int AS booking_count\n      FROM booking_tabs bt\n      ORDER BY bt.id ASC\n    ","timestamp":"2026-07-27T14:21:06.317Z"}
{"level":"info","message":"GET /api/enumerations/booking-count?company_id=3 200 74.791 ms","timestamp":"2026-07-27T14:21:06.318Z"}
{"duration":7,"level":"info","message":"db-query","rows":8,"text":"\n      SELECT\n        bt.id,\n        bt.booking_tabs,\n        CASE bt.id\n          WHEN 1 THEN (\n            SELECT COUNT(*) FROM bookings \n            WHERE DATE(pickup_date) = CURRENT_DATE \n            AND booking_status_id = 1 \n            AND trash = false\n            AND company_id = $1\n          )\n          WHEN 2 THEN (\n            SELECT COUNT(*) FROM bookings \n            WHERE DATE(pickup_date) > CURRENT_DATE \n            AND trash = false\n            AND company_id = $1\n          )\n          WHEN 3 THEN (\n            SELECT COUNT(*) FROM bookings \n            WHERE booking_status_id != 11 \n            AND booking_status_id != 1 \n            AND trash = false\n            AND company_id = $1\n          )\n          WHEN 4 THEN (\n            SELECT COUNT(*) FROM bookings \n            WHERE booking_status_id = 11 \n            AND trash = false\n            AND company_id = $1\n          )\n          WHEN 5 THEN (\n            SELECT COUNT(*) FROM bookings \n            WHERE quoted = true \n            AND trash = false\n            AND company_id = $1\n          )\n          WHEN 6 THEN (\n            SELECT COUNT(*) FROM bookings \n            WHERE booking_source = 'ivr' \n            AND trash = false\n            AND company_id = $1\n          )\n          WHEN 7 THEN (\n            SELECT COUNT(*) FROM bookings \n            WHERE booking_source = 'web' \n            AND trash = false\n            AND company_id = $1\n          )\n          WHEN 8 THEN (\n            SELECT COUNT(*) FROM bookings \n            WHERE booking_source = 'app' \n            AND trash = false\n            AND company_id = $1\n          )\n        END::int AS booking_count\n      FROM booking_tabs bt\n      ORDER BY bt.id ASC\n    ","timestamp":"2026-07-27T14:21:13.384Z"}
{"level":"info","message":"GET /api/enumerations/booking-count?company_id=1 200 7.753 ms","timestamp":"2026-07-27T14:21:13.385Z"}
{"duration":70,"level":"info","message":"db-query","rows":26,"text":"SELECT * FROM location_types","timestamp":"2026-07-27T14:57:55.949Z"}
{"level":"info","message":"GET /api/location-types 200 71.095 ms","timestamp":"2026-07-27T14:57:55.950Z"}
{"duration":15,"level":"info","message":"db-query","rows":26,"text":"SELECT * FROM location_types","timestamp":"2026-07-27T15:20:20.901Z"}
{"level":"info","message":"GET /api/location-types 200 23.942 ms","timestamp":"2026-07-27T15:20:20.909Z"}
{"duration":59,"level":"info","message":"db-query","rows":26,"text":"SELECT * FROM location_types","timestamp":"2026-07-27T15:20:20.951Z"}
{"level":"info","message":"GET /api/location-types 200 61.249 ms","timestamp":"2026-07-27T15:20:20.953Z"}
{"duration":6,"level":"info","message":"db-query","rows":26,"text":"SELECT * FROM location_types","timestamp":"2026-07-27T15:20:27.895Z"}
{"level":"info","message":"GET /api/location-types 200 13.734 ms","timestamp":"2026-07-27T15:20:27.903Z"}
{"duration":53,"level":"info","message":"db-query","rows":26,"text":"SELECT * FROM location_types","timestamp":"2026-07-27T15:20:27.944Z"}
{"level":"info","message":"GET /api/location-types 200 53.900 ms","timestamp":"2026-07-27T15:20:27.946Z"}
{"duration":13,"level":"info","message":"db-query","rows":26,"text":"SELECT * FROM location_types","timestamp":"2026-07-27T15:20:39.681Z"}
{"level":"info","message":"GET /api/location-types 200 22.527 ms","timestamp":"2026-07-27T15:20:39.690Z"}
{"duration":60,"level":"info","message":"db-query","rows":26,"text":"SELECT * FROM location_types","timestamp":"2026-07-27T15:20:39.734Z"}
{"level":"info","message":"GET /api/location-types 200 62.234 ms","timestamp":"2026-07-27T15:20:39.736Z"}
{"duration":5,"level":"info","message":"db-query","rows":26,"text":"SELECT * FROM location_types","timestamp":"2026-07-27T15:20:43.068Z"}
{"level":"info","message":"GET /api/location-types 200 12.486 ms","timestamp":"2026-07-27T15:20:43.076Z"}
{"duration":1,"level":"info","message":"db-query","rows":26,"text":"SELECT * FROM location_types","timestamp":"2026-07-27T15:20:43.084Z"}
{"level":"info","message":"GET /api/location-types 200 3.207 ms","timestamp":"2026-07-27T15:20:43.087Z"}
{"duration":13,"level":"info","message":"db-query","rows":26,"text":"SELECT * FROM location_types","timestamp":"2026-07-27T15:20:50.812Z"}
{"level":"info","message":"GET /api/location-types 200 25.511 ms","timestamp":"2026-07-27T15:20:50.824Z"}
{"duration":68,"level":"info","message":"db-query","rows":26,"text":"SELECT * FROM location_types","timestamp":"2026-07-27T15:20:50.873Z"}
{"level":"info","message":"GET /api/location-types 200 70.415 ms","timestamp":"2026-07-27T15:20:50.874Z"}
{"duration":5,"level":"info","message":"db-query","rows":26,"text":"SELECT * FROM location_types","timestamp":"2026-07-27T15:23:21.107Z"}
{"level":"info","message":"GET /api/location-types 200 11.648 ms","timestamp":"2026-07-27T15:23:21.114Z"}
{"duration":64,"level":"info","message":"db-query","rows":26,"text":"SELECT * FROM location_types","timestamp":"2026-07-27T15:23:21.168Z"}
{"level":"info","message":"GET /api/location-types 200 66.031 ms","timestamp":"2026-07-27T15:23:21.170Z"}
{"duration":5,"level":"info","message":"db-query","rows":26,"text":"SELECT * FROM location_types","timestamp":"2026-07-27T15:23:24.683Z"}
{"level":"info","message":"GET /api/location-types 200 11.490 ms","timestamp":"2026-07-27T15:23:24.689Z"}
{"duration":46,"level":"info","message":"db-query","rows":26,"text":"SELECT * FROM location_types","timestamp":"2026-07-27T15:23:24.725Z"}
{"level":"info","message":"GET /api/location-types 200 47.571 ms","timestamp":"2026-07-27T15:23:24.727Z"}
{"duration":5,"level":"info","message":"db-query","rows":26,"text":"SELECT * FROM location_types","timestamp":"2026-07-27T15:23:46.825Z"}
{"level":"info","message":"GET /api/location-types 200 12.596 ms","timestamp":"2026-07-27T15:23:46.833Z"}
{"duration":72,"level":"info","message":"db-query","rows":26,"text":"SELECT * FROM location_types","timestamp":"2026-07-27T15:23:46.894Z"}
{"level":"info","message":"GET /api/location-types 200 74.089 ms","timestamp":"2026-07-27T15:23:46.896Z"}
{"duration":8,"level":"info","message":"db-query","rows":26,"text":"SELECT * FROM location_types","timestamp":"2026-07-27T15:23:50.266Z"}
{"level":"info","message":"GET /api/location-types 200 17.401 ms","timestamp":"2026-07-27T15:23:50.276Z"}
{"duration":55,"level":"info","message":"db-query","rows":26,"text":"SELECT * FROM location_types","timestamp":"2026-07-27T15:23:50.315Z"}
{"level":"info","message":"GET /api/location-types 200 57.065 ms","timestamp":"2026-07-27T15:23:50.317Z"}
{"duration":6,"level":"info","message":"db-query","rows":26,"text":"SELECT * FROM location_types","timestamp":"2026-07-27T15:24:52.999Z"}
{"level":"info","message":"GET /api/location-types 200 11.564 ms","timestamp":"2026-07-27T15:24:53.005Z"}
{"duration":58,"level":"info","message":"db-query","rows":26,"text":"SELECT * FROM location_types","timestamp":"2026-07-27T15:24:53.053Z"}
{"level":"info","message":"GET /api/location-types 200 59.029 ms","timestamp":"2026-07-27T15:24:53.054Z"}
{"duration":8,"level":"info","message":"db-query","rows":26,"text":"SELECT * FROM location_types","timestamp":"2026-07-27T15:25:51.795Z"}
{"level":"info","message":"GET /api/location-types 200 16.761 ms","timestamp":"2026-07-27T15:25:51.805Z"}
{"duration":55,"level":"info","message":"db-query","rows":26,"text":"SELECT * FROM location_types","timestamp":"2026-07-27T15:25:51.845Z"}
{"level":"info","message":"GET /api/location-types 200 55.956 ms","timestamp":"2026-07-27T15:25:51.847Z"}
{"duration":9,"level":"info","message":"db-query","rows":26,"text":"SELECT * FROM location_types","timestamp":"2026-07-27T15:28:15.258Z"}
{"level":"info","message":"GET /api/location-types 200 19.218 ms","timestamp":"2026-07-27T15:28:15.267Z"}
{"duration":55,"level":"info","message":"db-query","rows":26,"text":"SELECT * FROM location_types","timestamp":"2026-07-27T15:28:15.308Z"}
{"level":"info","message":"GET /api/location-types 200 56.216 ms","timestamp":"2026-07-27T15:28:15.309Z"}
{"duration":5,"level":"info","message":"db-query","rows":26,"text":"SELECT * FROM location_types","timestamp":"2026-07-27T15:49:54.277Z"}
{"level":"info","message":"GET /api/location-types 200 11.053 ms","timestamp":"2026-07-27T15:49:54.284Z"}
{"duration":51,"level":"info","message":"db-query","rows":26,"text":"SELECT * FROM location_types","timestamp":"2026-07-27T15:49:54.325Z"}
{"level":"info","message":"GET /api/location-types 200 52.530 ms","timestamp":"2026-07-27T15:49:54.326Z"}
{"duration":14,"level":"info","message":"db-query","rows":26,"text":"SELECT * FROM location_types","timestamp":"2026-07-27T15:50:01.502Z"}
{"level":"info","message":"GET /api/location-types 200 25.517 ms","timestamp":"2026-07-27T15:50:01.512Z"}
{"duration":169,"level":"info","message":"db-query","rows":26,"text":"SELECT * FROM location_types","timestamp":"2026-07-27T15:50:01.661Z"}
{"level":"info","message":"GET /api/location-types 200 170.737 ms","timestamp":"2026-07-27T15:50:01.663Z"}
{"duration":7,"level":"info","message":"db-query","rows":26,"text":"SELECT * FROM location_types","timestamp":"2026-07-27T15:51:34.662Z"}
{"level":"info","message":"GET /api/location-types 200 16.072 ms","timestamp":"2026-07-27T15:51:34.671Z"}
{"duration":163,"level":"info","message":"db-query","rows":26,"text":"SELECT * FROM location_types","timestamp":"2026-07-27T15:51:34.820Z"}
{"level":"info","message":"GET /api/location-types 200 165.442 ms","timestamp":"2026-07-27T15:51:34.822Z"}
{"duration":8,"level":"info","message":"db-query","rows":26,"text":"SELECT * FROM location_types","timestamp":"2026-07-27T15:51:52.778Z"}
{"level":"info","message":"GET /api/location-types 200 16.645 ms","timestamp":"2026-07-27T15:51:52.786Z"}
{"duration":63,"level":"info","message":"db-query","rows":26,"text":"SELECT * FROM location_types","timestamp":"2026-07-27T15:51:52.837Z"}
{"level":"info","message":"GET /api/location-types 200 64.060 ms","timestamp":"2026-07-27T15:51:52.839Z"}
{"duration":10,"level":"info","message":"db-query","rows":26,"text":"SELECT * FROM location_types","timestamp":"2026-07-27T15:52:08.636Z"}
{"level":"info","message":"GET /api/location-types 200 22.068 ms","timestamp":"2026-07-27T15:52:08.648Z"}
{"duration":96,"level":"info","message":"db-query","rows":26,"text":"SELECT * FROM location_types","timestamp":"2026-07-27T15:52:08.726Z"}
{"level":"info","message":"GET /api/location-types 200 126.288 ms","timestamp":"2026-07-27T15:52:08.756Z"}
{"duration":10,"level":"info","message":"db-query","rows":26,"text":"SELECT * FROM location_types","timestamp":"2026-07-27T15:52:25.558Z"}
{"level":"info","message":"GET /api/location-types 200 20.836 ms","timestamp":"2026-07-27T15:52:25.568Z"}
{"duration":63,"level":"info","message":"db-query","rows":26,"text":"SELECT * FROM location_types","timestamp":"2026-07-27T15:52:25.615Z"}
{"level":"info","message":"GET /api/location-types 200 65.937 ms","timestamp":"2026-07-27T15:52:25.617Z"}
{"duration":92,"level":"info","message":"db-query","rows":1,"text":"UPDATE authorizations\n     SET create_user = $2, read_company_information = $3, update_company_information = $4, read_company_configuration = $5, update_company_configuration = $6, read_voip_settings = $7, create_template_type = $8, read_template_types = $9, read_template_type = $10, update_template_type = $11, delete_template_type = $12, create_template = $13, read_templates = $14, read_template = $15, update_template = $16, delete_template = $17, create_sms_template = $18, create_document_number = $19, read_document_number = $20, read_document_numbers = $21, update_document_number = $22, delete_document_number = $23, create_feedback = $24, read_feedback = $25, read_feedbacks = $26, update_feedback = $27, delete_feedback = $28, create_lost_property = $29, read_lost_property = $30, read_lost_properties = $31, update_lost_property = $32, delete_lost_property = $33, create_subsidiary = $34, read_subsidiaries = $35, read_subsidiary = $36, update_subsidiary = $37, delete_subsidiary = $38, read_role = $39, read_roles = $40, update_role = $41, create_employee = $42, read_employee = $43, read_employees = $44, update_employee = $45, delete_employee = $46, create_vehicle_type = $47, read_vehicle_types = $48, read_vehicle_type = $49, update_vehicle_type = $50, delete_vehicle_type = $51, create_company_vehicle = $52, read_company_vehicles = $53, read_company_vehicle = $54, update_company_vehicle = $55, delete_company_vehicle = $56, create_vehicle = $57, read_vehicles = $58, read_vehicle = $59, update_vehicle = $60, delete_vehicle = $61, create_end_vehicle = $62, create_customer = $63, read_customers = $64, read_customer = $65, update_customer = $66, delete_customer = $67, create_complaint = $68, read_complaint = $69, read_complaints = $70, update_complaint = $71, delete_complaint = $72, create_driver = $73, read_drivers = $74, read_driver = $75, update_driver = $76, update_driver_zone = $77, delete_driver = $78, create_end_driver = $79, create_driver_shift = $80, read_driver_shift = $81, read_driver_shifts = $82, update_driver_shift = $83, delete_driver_shift = $84, create_driver_availability = $85, read_driver_availability = $86, read_driver_availabilities = $87, update_driver_availability = $88, delete_driver_availability = $89, create_driver_booking = $90, read_driver_booking = $91, read_driver_bookings = $92, update_driver_booking = $93, delete_driver_booking = $94, create_driver_commission = $95, read_driver_commission = $96, read_driver_commissions = $97, update_driver_commission = $98, delete_driver_commission = $99, create_driver_commission_account = $100, read_driver_commission_account = $101, read_driver_commission_accounts = $102, update_driver_commission_account = $103, delete_driver_commission_account = $104, create_driver_commission_lineitem = $105, read_driver_commission_lineitem = $106, read_driver_commission_lineitems = $107, update_driver_commission_lineitem = $108, delete_driver_commission_lineitem = $109, create_driver_shift_history = $110, read_driver_shift_history = $111, read_driver_shift_histories = $112, update_driver_shift_history = $113, delete_driver_shift_history = $114, create_account = $115, read_accounts = $116, read_account = $117, update_account = $118, delete_account = $119, create_message = $120, read_message = $121, read_messages = $122, update_message = $123, delete_message = $124, create_notification = $125, read_notification = $126, read_notifications = $127, update_notification = $128, delete_notification = $129, create_audit = $130, read_audit = $131, read_audits = $132, update_audit = $133, delete_audit = $134, read_app_feature = $135, read_app_features = $136, update_app_feature = $137, create_escort = $138, update_escort = $139, delete_escort = $140, read_escort = $141, read_escorts = $142, update_app_version = $143, create_employee_shift_history = $144, read_employee_shift_history = $145, update_employee_shift_history = $146, create_account_web_login = $147, read_account_web_login = $148, update_account_web_login = $149, delete_account_web_login = $150, create_account_order_number = $151, read_account_order_number = $152, update_account_order_number = $153, delete_account_order_number = $154, create_account_department = $155, read_account_department = $156, update_account_department = $157, delete_account_department = $158, create_account_contact = $159, read_account_contact = $160, update_account_contact = $161, delete_account_contact = $162, create_account_company_address = $163, read_account_company_address = $164, update_account_company_address = $165, delete_account_company_address = $166, create_fare_configuration = $167, read_fare_configuration = $168, update_fare_configuration = $169, delete_fare_configuration = $170, create_fixed_fare = $171, read_fixed_fare = $172, update_fixed_fare = $173, delete_fixed_fare = $174, create_fare_by_vehicle = $175, read_fare_by_vehicle = $176, update_fare_by_vehicle = $177, delete_fare_by_vehicle = $178, create_fare_configuration_mileage = $179, read_fare_configuration_mileage = $180, update_fare_configuration_mileage = $181, delete_fare_configuration_mileage = $182, create_location_type = $183, read_location_type = $184, update_location_type = $185, delete_location_type = $186, create_location = $187, read_location = $188, update_location = $189, delete_location = $190, create_localization_detail = $191, read_localization_detail = $192, update_localization_detail = $193, delete_localization_detail = $194, create_main_data = $195, read_main_data = $196, update_main_data = $197, delete_main_data = $198, create_detail_data = $199, read_detail_data = $200, update_detail_data = $201, delete_detail_data = $202, create_zone = $203, read_zone = $204, update_zone = $205, delete_zone = $206, create_journey_type = $207, read_journey_type = $208, update_journey_type = $209, delete_journey_type = $210, create_payment_type = $211, read_payment_type = $212, update_payment_type = $213, delete_payment_type = $214, create_booking = $215, read_booking = $216, update_booking = $217, delete_booking = $218, create_booking_route = $219, read_booking_route = $220, update_booking_route = $221, delete_booking_route = $222, create_trash_booking = $223, read_trash_booking = $224, update_trash_booking = $225, delete_trash_booking = $226, create_booking_audit = $227, read_booking_audit = $228, update_booking_audit = $229, delete_booking_audit = $230, create_customer_invoice = $231, read_customer_invoice = $232, update_customer_invoice = $233, delete_customer_invoice = $234, create_customer_invoice_lineitem = $235, read_customer_invoice_lineitem = $236, update_customer_invoice_lineitem = $237, delete_customer_invoice_lineitem = $238, create_account_invoice = $239, read_account_invoice = $240, update_account_invoice = $241, delete_account_invoice = $242, create_account_invoice_lineitem = $243, read_account_invoice_lineitem = $244, update_account_invoice_lineitem = $245, delete_account_invoice_lineitem = $246\n     WHERE role_id = $1\n     RETURNING *","timestamp":"2026-07-27T15:55:04.013Z"}
{"duration":9,"level":"info","message":"db-query","rows":1,"text":"SELECT \n            a.*, \n            r.id as role_id,\n            r.name as role_name\n        FROM authorizations a\n        JOIN roles r ON r.id = a.role_id\n        WHERE a.role_id = $1","timestamp":"2026-07-27T15:55:04.023Z"}
{"level":"info","message":"POST /api/authorizations/update/2 200 107.941 ms","timestamp":"2026-07-27T15:55:04.027Z"}
{"duration":6,"level":"info","message":"db-query","rows":26,"text":"SELECT * FROM location_types","timestamp":"2026-07-27T15:56:43.021Z"}
{"level":"info","message":"GET /api/location-types 200 11.768 ms","timestamp":"2026-07-27T15:56:43.028Z"}
{"duration":49,"level":"info","message":"db-query","rows":26,"text":"SELECT * FROM location_types","timestamp":"2026-07-27T15:56:43.067Z"}
{"level":"info","message":"GET /api/location-types 200 50.656 ms","timestamp":"2026-07-27T15:56:43.068Z"}
{"duration":5,"level":"info","message":"db-query","rows":26,"text":"SELECT * FROM location_types","timestamp":"2026-07-27T15:57:10.276Z"}
{"level":"info","message":"GET /api/location-types 200 22.066 ms","timestamp":"2026-07-27T15:57:10.293Z"}
{"duration":79,"level":"info","message":"db-query","rows":26,"text":"SELECT * FROM location_types","timestamp":"2026-07-27T15:57:10.351Z"}
{"level":"info","message":"GET /api/location-types 200 80.594 ms","timestamp":"2026-07-27T15:57:10.353Z"}
{"duration":7,"level":"info","message":"db-query","rows":26,"text":"SELECT * FROM location_types","timestamp":"2026-07-27T15:57:15.796Z"}
{"level":"info","message":"GET /api/location-types 200 15.182 ms","timestamp":"2026-07-27T15:57:15.805Z"}
{"duration":57,"level":"info","message":"db-query","rows":26,"text":"SELECT * FROM location_types","timestamp":"2026-07-27T15:57:15.848Z"}
{"level":"info","message":"GET /api/location-types 200 58.913 ms","timestamp":"2026-07-27T15:57:15.850Z"}
{"duration":6,"level":"info","message":"db-query","rows":26,"text":"SELECT * FROM location_types","timestamp":"2026-07-27T15:57:39.599Z"}
{"level":"info","message":"GET /api/location-types 200 14.916 ms","timestamp":"2026-07-27T15:57:39.607Z"}
{"duration":208,"level":"info","message":"db-query","rows":26,"text":"SELECT * FROM location_types","timestamp":"2026-07-27T15:57:39.803Z"}
{"level":"info","message":"GET /api/location-types 200 209.040 ms","timestamp":"2026-07-27T15:57:39.804Z"}
{"duration":58,"level":"info","message":"db-query","rows":1,"text":"UPDATE authorizations\n     SET create_user = $2, read_company_information = $3, update_company_information = $4, read_company_configuration = $5, update_company_configuration = $6, read_voip_settings = $7, create_template_type = $8, read_template_types = $9, read_template_type = $10, update_template_type = $11, delete_template_type = $12, create_template = $13, read_templates = $14, read_template = $15, update_template = $16, delete_template = $17, create_sms_template = $18, create_document_number = $19, read_document_number = $20, read_document_numbers = $21, update_document_number = $22, delete_document_number = $23, create_feedback = $24, read_feedback = $25, read_feedbacks = $26, update_feedback = $27, delete_feedback = $28, create_lost_property = $29, read_lost_property = $30, read_lost_properties = $31, update_lost_property = $32, delete_lost_property = $33, create_subsidiary = $34, read_subsidiaries = $35, read_subsidiary = $36, update_subsidiary = $37, delete_subsidiary = $38, read_role = $39, read_roles = $40, update_role = $41, create_employee = $42, read_employee = $43, read_employees = $44, update_employee = $45, delete_employee = $46, create_vehicle_type = $47, read_vehicle_types = $48, read_vehicle_type = $49, update_vehicle_type = $50, delete_vehicle_type = $51, create_company_vehicle = $52, read_company_vehicles = $53, read_company_vehicle = $54, update_company_vehicle = $55, delete_company_vehicle = $56, create_vehicle = $57, read_vehicles = $58, read_vehicle = $59, update_vehicle = $60, delete_vehicle = $61, create_end_vehicle = $62, create_customer = $63, read_customers = $64, read_customer = $65, update_customer = $66, delete_customer = $67, create_complaint = $68, read_complaint = $69, read_complaints = $70, update_complaint = $71, delete_complaint = $72, create_driver = $73, read_drivers = $74, read_driver = $75, update_driver = $76, update_driver_zone = $77, delete_driver = $78, create_end_driver = $79, create_driver_shift = $80, read_driver_shift = $81, read_driver_shifts = $82, update_driver_shift = $83, delete_driver_shift = $84, create_driver_availability = $85, read_driver_availability = $86, read_driver_availabilities = $87, update_driver_availability = $88, delete_driver_availability = $89, create_driver_booking = $90, read_driver_booking = $91, read_driver_bookings = $92, update_driver_booking = $93, delete_driver_booking = $94, create_driver_commission = $95, read_driver_commission = $96, read_driver_commissions = $97, update_driver_commission = $98, delete_driver_commission = $99, create_driver_commission_account = $100, read_driver_commission_account = $101, read_driver_commission_accounts = $102, update_driver_commission_account = $103, delete_driver_commission_account = $104, create_driver_commission_lineitem = $105, read_driver_commission_lineitem = $106, read_driver_commission_lineitems = $107, update_driver_commission_lineitem = $108, delete_driver_commission_lineitem = $109, create_driver_shift_history = $110, read_driver_shift_history = $111, read_driver_shift_histories = $112, update_driver_shift_history = $113, delete_driver_shift_history = $114, create_account = $115, read_accounts = $116, read_account = $117, update_account = $118, delete_account = $119, create_message = $120, read_message = $121, read_messages = $122, update_message = $123, delete_message = $124, create_notification = $125, read_notification = $126, read_notifications = $127, update_notification = $128, delete_notification = $129, create_audit = $130, read_audit = $131, read_audits = $132, update_audit = $133, delete_audit = $134, read_app_feature = $135, read_app_features = $136, update_app_feature = $137, create_escort = $138, update_escort = $139, delete_escort = $140, read_escort = $141, read_escorts = $142, update_app_version = $143, create_employee_shift_history = $144, read_employee_shift_history = $145, update_employee_shift_history = $146, create_account_web_login = $147, read_account_web_login = $148, update_account_web_login = $149, delete_account_web_login = $150, create_account_order_number = $151, read_account_order_number = $152, update_account_order_number = $153, delete_account_order_number = $154, create_account_department = $155, read_account_department = $156, update_account_department = $157, delete_account_department = $158, create_account_contact = $159, read_account_contact = $160, update_account_contact = $161, delete_account_contact = $162, create_account_company_address = $163, read_account_company_address = $164, update_account_company_address = $165, delete_account_company_address = $166, create_fare_configuration = $167, read_fare_configuration = $168, update_fare_configuration = $169, delete_fare_configuration = $170, create_fixed_fare = $171, read_fixed_fare = $172, update_fixed_fare = $173, delete_fixed_fare = $174, create_fare_by_vehicle = $175, read_fare_by_vehicle = $176, update_fare_by_vehicle = $177, delete_fare_by_vehicle = $178, create_fare_configuration_mileage = $179, read_fare_configuration_mileage = $180, update_fare_configuration_mileage = $181, delete_fare_configuration_mileage = $182, create_location_type = $183, read_location_type = $184, update_location_type = $185, delete_location_type = $186, create_location = $187, read_location = $188, update_location = $189, delete_location = $190, create_localization_detail = $191, read_localization_detail = $192, update_localization_detail = $193, delete_localization_detail = $194, create_main_data = $195, read_main_data = $196, update_main_data = $197, delete_main_data = $198, create_detail_data = $199, read_detail_data = $200, update_detail_data = $201, delete_detail_data = $202, create_zone = $203, read_zone = $204, update_zone = $205, delete_zone = $206, create_journey_type = $207, read_journey_type = $208, update_journey_type = $209, delete_journey_type = $210, create_payment_type = $211, read_payment_type = $212, update_payment_type = $213, delete_payment_type = $214, create_booking = $215, read_booking = $216, update_booking = $217, delete_booking = $218, create_booking_route = $219, read_booking_route = $220, update_booking_route = $221, delete_booking_route = $222, create_trash_booking = $223, read_trash_booking = $224, update_trash_booking = $225, delete_trash_booking = $226, create_booking_audit = $227, read_booking_audit = $228, update_booking_audit = $229, delete_booking_audit = $230, create_customer_invoice = $231, read_customer_invoice = $232, update_customer_invoice = $233, delete_customer_invoice = $234, create_customer_invoice_lineitem = $235, read_customer_invoice_lineitem = $236, update_customer_invoice_lineitem = $237, delete_customer_invoice_lineitem = $238, create_account_invoice = $239, read_account_invoice = $240, update_account_invoice = $241, delete_account_invoice = $242, create_account_invoice_lineitem = $243, read_account_invoice_lineitem = $244, update_account_invoice_lineitem = $245, delete_account_invoice_lineitem = $246\n     WHERE role_id = $1\n     RETURNING *","timestamp":"2026-07-27T15:57:55.148Z"}
{"duration":5,"level":"info","message":"db-query","rows":1,"text":"SELECT \n            a.*, \n            r.id as role_id,\n            r.name as role_name\n        FROM authorizations a\n        JOIN roles r ON r.id = a.role_id\n        WHERE a.role_id = $1","timestamp":"2026-07-27T15:57:55.153Z"}
{"level":"info","message":"POST /api/authorizations/update/2 200 67.823 ms","timestamp":"2026-07-27T15:57:55.155Z"}
{"duration":7,"level":"info","message":"db-query","rows":26,"text":"SELECT * FROM location_types","timestamp":"2026-07-27T15:58:45.620Z"}
{"level":"info","message":"GET /api/location-types 200 13.959 ms","timestamp":"2026-07-27T15:58:45.628Z"}
{"duration":156,"level":"info","message":"db-query","rows":26,"text":"SELECT * FROM location_types","timestamp":"2026-07-27T15:58:45.773Z"}
{"level":"info","message":"GET /api/location-types 200 157.909 ms","timestamp":"2026-07-27T15:58:45.775Z"}
{"duration":13,"level":"info","message":"db-query","rows":26,"text":"SELECT * FROM location_types","timestamp":"2026-07-27T15:58:56.570Z"}
{"level":"info","message":"GET /api/location-types 200 23.141 ms","timestamp":"2026-07-27T15:58:56.580Z"}
{"duration":63,"level":"info","message":"db-query","rows":26,"text":"SELECT * FROM location_types","timestamp":"2026-07-27T15:58:56.625Z"}
{"level":"info","message":"GET /api/location-types 200 64.636 ms","timestamp":"2026-07-27T15:58:56.626Z"}
{"duration":5,"level":"info","message":"db-query","rows":26,"text":"SELECT * FROM location_types","timestamp":"2026-07-27T15:59:03.762Z"}
{"level":"info","message":"GET /api/location-types 200 11.826 ms","timestamp":"2026-07-27T15:59:03.769Z"}
{"duration":59,"level":"info","message":"db-query","rows":26,"text":"SELECT * FROM location_types","timestamp":"2026-07-27T15:59:03.818Z"}
{"level":"info","message":"GET /api/location-types 200 60.075 ms","timestamp":"2026-07-27T15:59:03.819Z"}
{"duration":59,"level":"info","message":"db-query","rows":1,"text":"UPDATE authorizations\n     SET create_user = $2, read_company_information = $3, update_company_information = $4, read_company_configuration = $5, update_company_configuration = $6, read_voip_settings = $7, create_template_type = $8, read_template_types = $9, read_template_type = $10, update_template_type = $11, delete_template_type = $12, create_template = $13, read_templates = $14, read_template = $15, update_template = $16, delete_template = $17, create_sms_template = $18, create_document_number = $19, read_document_number = $20, read_document_numbers = $21, update_document_number = $22, delete_document_number = $23, create_feedback = $24, read_feedback = $25, read_feedbacks = $26, update_feedback = $27, delete_feedback = $28, create_lost_property = $29, read_lost_property = $30, read_lost_properties = $31, update_lost_property = $32, delete_lost_property = $33, create_subsidiary = $34, read_subsidiaries = $35, read_subsidiary = $36, update_subsidiary = $37, delete_subsidiary = $38, read_role = $39, read_roles = $40, update_role = $41, create_employee = $42, read_employee = $43, read_employees = $44, update_employee = $45, delete_employee = $46, create_vehicle_type = $47, read_vehicle_types = $48, read_vehicle_type = $49, update_vehicle_type = $50, delete_vehicle_type = $51, create_company_vehicle = $52, read_company_vehicles = $53, read_company_vehicle = $54, update_company_vehicle = $55, delete_company_vehicle = $56, create_vehicle = $57, read_vehicles = $58, read_vehicle = $59, update_vehicle = $60, delete_vehicle = $61, create_end_vehicle = $62, create_customer = $63, read_customers = $64, read_customer = $65, update_customer = $66, delete_customer = $67, create_complaint = $68, read_complaint = $69, read_complaints = $70, update_complaint = $71, delete_complaint = $72, create_driver = $73, read_drivers = $74, read_driver = $75, update_driver = $76, update_driver_zone = $77, delete_driver = $78, create_end_driver = $79, create_driver_shift = $80, read_driver_shift = $81, read_driver_shifts = $82, update_driver_shift = $83, delete_driver_shift = $84, create_driver_availability = $85, read_driver_availability = $86, read_driver_availabilities = $87, update_driver_availability = $88, delete_driver_availability = $89, create_driver_booking = $90, read_driver_booking = $91, read_driver_bookings = $92, update_driver_booking = $93, delete_driver_booking = $94, create_driver_commission = $95, read_driver_commission = $96, read_driver_commissions = $97, update_driver_commission = $98, delete_driver_commission = $99, create_driver_commission_account = $100, read_driver_commission_account = $101, read_driver_commission_accounts = $102, update_driver_commission_account = $103, delete_driver_commission_account = $104, create_driver_commission_lineitem = $105, read_driver_commission_lineitem = $106, read_driver_commission_lineitems = $107, update_driver_commission_lineitem = $108, delete_driver_commission_lineitem = $109, create_driver_shift_history = $110, read_driver_shift_history = $111, read_driver_shift_histories = $112, update_driver_shift_history = $113, delete_driver_shift_history = $114, create_account = $115, read_accounts = $116, read_account = $117, update_account = $118, delete_account = $119, create_message = $120, read_message = $121, read_messages = $122, update_message = $123, delete_message = $124, create_notification = $125, read_notification = $126, read_notifications = $127, update_notification = $128, delete_notification = $129, create_audit = $130, read_audit = $131, read_audits = $132, update_audit = $133, delete_audit = $134, read_app_feature = $135, read_app_features = $136, update_app_feature = $137, create_escort = $138, update_escort = $139, delete_escort = $140, read_escort = $141, read_escorts = $142, update_app_version = $143, create_employee_shift_history = $144, read_employee_shift_history = $145, update_employee_shift_history = $146, create_account_web_login = $147, read_account_web_login = $148, update_account_web_login = $149, delete_account_web_login = $150, create_account_order_number = $151, read_account_order_number = $152, update_account_order_number = $153, delete_account_order_number = $154, create_account_department = $155, read_account_department = $156, update_account_department = $157, delete_account_department = $158, create_account_contact = $159, read_account_contact = $160, update_account_contact = $161, delete_account_contact = $162, create_account_company_address = $163, read_account_company_address = $164, update_account_company_address = $165, delete_account_company_address = $166, create_fare_configuration = $167, read_fare_configuration = $168, update_fare_configuration = $169, delete_fare_configuration = $170, create_fixed_fare = $171, read_fixed_fare = $172, update_fixed_fare = $173, delete_fixed_fare = $174, create_fare_by_vehicle = $175, read_fare_by_vehicle = $176, update_fare_by_vehicle = $177, delete_fare_by_vehicle = $178, create_fare_configuration_mileage = $179, read_fare_configuration_mileage = $180, update_fare_configuration_mileage = $181, delete_fare_configuration_mileage = $182, create_location_type = $183, read_location_type = $184, update_location_type = $185, delete_location_type = $186, create_location = $187, read_location = $188, update_location = $189, delete_location = $190, create_localization_detail = $191, read_localization_detail = $192, update_localization_detail = $193, delete_localization_detail = $194, create_main_data = $195, read_main_data = $196, update_main_data = $197, delete_main_data = $198, create_detail_data = $199, read_detail_data = $200, update_detail_data = $201, delete_detail_data = $202, create_zone = $203, read_zone = $204, update_zone = $205, delete_zone = $206, create_journey_type = $207, read_journey_type = $208, update_journey_type = $209, delete_journey_type = $210, create_payment_type = $211, read_payment_type = $212, update_payment_type = $213, delete_payment_type = $214, create_booking = $215, read_booking = $216, update_booking = $217, delete_booking = $218, create_booking_route = $219, read_booking_route = $220, update_booking_route = $221, delete_booking_route = $222, create_trash_booking = $223, read_trash_booking = $224, update_trash_booking = $225, delete_trash_booking = $226, create_booking_audit = $227, read_booking_audit = $228, update_booking_audit = $229, delete_booking_audit = $230, create_customer_invoice = $231, read_customer_invoice = $232, update_customer_invoice = $233, delete_customer_invoice = $234, create_customer_invoice_lineitem = $235, read_customer_invoice_lineitem = $236, update_customer_invoice_lineitem = $237, delete_customer_invoice_lineitem = $238, create_account_invoice = $239, read_account_invoice = $240, update_account_invoice = $241, delete_account_invoice = $242, create_account_invoice_lineitem = $243, read_account_invoice_lineitem = $244, update_account_invoice_lineitem = $245, delete_account_invoice_lineitem = $246\n     WHERE role_id = $1\n     RETURNING *","timestamp":"2026-07-27T15:59:24.484Z"}
{"duration":6,"level":"info","message":"db-query","rows":1,"text":"SELECT \n            a.*, \n            r.id as role_id,\n            r.name as role_name\n        FROM authorizations a\n        JOIN roles r ON r.id = a.role_id\n        WHERE a.role_id = $1","timestamp":"2026-07-27T15:59:24.491Z"}
{"duration":4,"level":"info","message":"db-query","rows":1,"text":"\n      SELECT web_device_id\n      FROM employees\n      WHERE role_id IN (1, 2)\n      AND web_device_id IS NOT NULL\n      AND web_device_id != ''\n    ","timestamp":"2026-07-27T15:59:24.496Z"}
{"level":"info","message":"POST /api/authorizations/update/2 200 862.544 ms","timestamp":"2026-07-27T15:59:25.285Z"}
{"duration":55,"level":"info","message":"db-query","rows":1,"text":"UPDATE authorizations\n     SET create_user = $2, read_company_information = $3, update_company_information = $4, read_company_configuration = $5, update_company_configuration = $6, read_voip_settings = $7, create_template_type = $8, read_template_types = $9, read_template_type = $10, update_template_type = $11, delete_template_type = $12, create_template = $13, read_templates = $14, read_template = $15, update_template = $16, delete_template = $17, create_sms_template = $18, create_document_number = $19, read_document_number = $20, read_document_numbers = $21, update_document_number = $22, delete_document_number = $23, create_feedback = $24, read_feedback = $25, read_feedbacks = $26, update_feedback = $27, delete_feedback = $28, create_lost_property = $29, read_lost_property = $30, read_lost_properties = $31, update_lost_property = $32, delete_lost_property = $33, create_subsidiary = $34, read_subsidiaries = $35, read_subsidiary = $36, update_subsidiary = $37, delete_subsidiary = $38, read_role = $39, read_roles = $40, update_role = $41, create_employee = $42, read_employee = $43, read_employees = $44, update_employee = $45, delete_employee = $46, create_vehicle_type = $47, read_vehicle_types = $48, read_vehicle_type = $49, update_vehicle_type = $50, delete_vehicle_type = $51, create_company_vehicle = $52, read_company_vehicles = $53, read_company_vehicle = $54, update_company_vehicle = $55, delete_company_vehicle = $56, create_vehicle = $57, read_vehicles = $58, read_vehicle = $59, update_vehicle = $60, delete_vehicle = $61, create_end_vehicle = $62, create_customer = $63, read_customers = $64, read_customer = $65, update_customer = $66, delete_customer = $67, create_complaint = $68, read_complaint = $69, read_complaints = $70, update_complaint = $71, delete_complaint = $72, create_driver = $73, read_drivers = $74, read_driver = $75, update_driver = $76, update_driver_zone = $77, delete_driver = $78, create_end_driver = $79, create_driver_shift = $80, read_driver_shift = $81, read_driver_shifts = $82, update_driver_shift = $83, delete_driver_shift = $84, create_driver_availability = $85, read_driver_availability = $86, read_driver_availabilities = $87, update_driver_availability = $88, delete_driver_availability = $89, create_driver_booking = $90, read_driver_booking = $91, read_driver_bookings = $92, update_driver_booking = $93, delete_driver_booking = $94, create_driver_commission = $95, read_driver_commission = $96, read_driver_commissions = $97, update_driver_commission = $98, delete_driver_commission = $99, create_driver_commission_account = $100, read_driver_commission_account = $101, read_driver_commission_accounts = $102, update_driver_commission_account = $103, delete_driver_commission_account = $104, create_driver_commission_lineitem = $105, read_driver_commission_lineitem = $106, read_driver_commission_lineitems = $107, update_driver_commission_lineitem = $108, delete_driver_commission_lineitem = $109, create_driver_shift_history = $110, read_driver_shift_history = $111, read_driver_shift_histories = $112, update_driver_shift_history = $113, delete_driver_shift_history = $114, create_account = $115, read_accounts = $116, read_account = $117, update_account = $118, delete_account = $119, create_message = $120, read_message = $121, read_messages = $122, update_message = $123, delete_message = $124, create_notification = $125, read_notification = $126, read_notifications = $127, update_notification = $128, delete_notification = $129, create_audit = $130, read_audit = $131, read_audits = $132, update_audit = $133, delete_audit = $134, read_app_feature = $135, read_app_features = $136, update_app_feature = $137, create_escort = $138, update_escort = $139, delete_escort = $140, read_escort = $141, read_escorts = $142, update_app_version = $143, create_employee_shift_history = $144, read_employee_shift_history = $145, update_employee_shift_history = $146, create_account_web_login = $147, read_account_web_login = $148, update_account_web_login = $149, delete_account_web_login = $150, create_account_order_number = $151, read_account_order_number = $152, update_account_order_number = $153, delete_account_order_number = $154, create_account_department = $155, read_account_department = $156, update_account_department = $157, delete_account_department = $158, create_account_contact = $159, read_account_contact = $160, update_account_contact = $161, delete_account_contact = $162, create_account_company_address = $163, read_account_company_address = $164, update_account_company_address = $165, delete_account_company_address = $166, create_fare_configuration = $167, read_fare_configuration = $168, update_fare_configuration = $169, delete_fare_configuration = $170, create_fixed_fare = $171, read_fixed_fare = $172, update_fixed_fare = $173, delete_fixed_fare = $174, create_fare_by_vehicle = $175, read_fare_by_vehicle = $176, update_fare_by_vehicle = $177, delete_fare_by_vehicle = $178, create_fare_configuration_mileage = $179, read_fare_configuration_mileage = $180, update_fare_configuration_mileage = $181, delete_fare_configuration_mileage = $182, create_location_type = $183, read_location_type = $184, update_location_type = $185, delete_location_type = $186, create_location = $187, read_location = $188, update_location = $189, delete_location = $190, create_localization_detail = $191, read_localization_detail = $192, update_localization_detail = $193, delete_localization_detail = $194, create_main_data = $195, read_main_data = $196, update_main_data = $197, delete_main_data = $198, create_detail_data = $199, read_detail_data = $200, update_detail_data = $201, delete_detail_data = $202, create_zone = $203, read_zone = $204, update_zone = $205, delete_zone = $206, create_journey_type = $207, read_journey_type = $208, update_journey_type = $209, delete_journey_type = $210, create_payment_type = $211, read_payment_type = $212, update_payment_type = $213, delete_payment_type = $214, create_booking = $215, read_booking = $216, update_booking = $217, delete_booking = $218, create_booking_route = $219, read_booking_route = $220, update_booking_route = $221, delete_booking_route = $222, create_trash_booking = $223, read_trash_booking = $224, update_trash_booking = $225, delete_trash_booking = $226, create_booking_audit = $227, read_booking_audit = $228, update_booking_audit = $229, delete_booking_audit = $230, create_customer_invoice = $231, read_customer_invoice = $232, update_customer_invoice = $233, delete_customer_invoice = $234, create_customer_invoice_lineitem = $235, read_customer_invoice_lineitem = $236, update_customer_invoice_lineitem = $237, delete_customer_invoice_lineitem = $238, create_account_invoice = $239, read_account_invoice = $240, update_account_invoice = $241, delete_account_invoice = $242, create_account_invoice_lineitem = $243, read_account_invoice_lineitem = $244, update_account_invoice_lineitem = $245, delete_account_invoice_lineitem = $246\n     WHERE role_id = $1\n     RETURNING *","timestamp":"2026-07-27T16:01:09.170Z"}
{"duration":4,"level":"info","message":"db-query","rows":1,"text":"SELECT \n            a.*, \n            r.id as role_id,\n            r.name as role_name\n        FROM authorizations a\n        JOIN roles r ON r.id = a.role_id\n        WHERE a.role_id = $1","timestamp":"2026-07-27T16:01:09.175Z"}
{"duration":4,"level":"info","message":"db-query","rows":1,"text":"\n      SELECT web_device_id\n      FROM employees\n      WHERE role_id IN (1, 2)\n      AND web_device_id IS NOT NULL\n      AND web_device_id != ''\n    ","timestamp":"2026-07-27T16:01:09.180Z"}
{"level":"info","message":"POST /api/authorizations/update/2 200 377.991 ms","timestamp":"2026-07-27T16:01:09.491Z"}
{"duration":6,"level":"info","message":"db-query","rows":26,"text":"SELECT * FROM location_types","timestamp":"2026-07-27T16:04:37.337Z"}
{"level":"info","message":"GET /api/location-types 200 11.486 ms","timestamp":"2026-07-27T16:04:37.344Z"}
{"duration":59,"level":"info","message":"db-query","rows":26,"text":"SELECT * FROM location_types","timestamp":"2026-07-27T16:04:37.393Z"}
{"level":"info","message":"GET /api/location-types 200 60.601 ms","timestamp":"2026-07-27T16:04:37.395Z"}
{"duration":12,"level":"info","message":"db-query","rows":1,"text":"UPDATE authorizations\n     SET create_user = $2, read_company_information = $3, update_company_information = $4, read_company_configuration = $5, update_company_configuration = $6, read_voip_settings = $7, create_template_type = $8, read_template_types = $9, read_template_type = $10, update_template_type = $11, delete_template_type = $12, create_template = $13, read_templates = $14, read_template = $15, update_template = $16, delete_template = $17, create_sms_template = $18, create_document_number = $19, read_document_number = $20, read_document_numbers = $21, update_document_number = $22, delete_document_number = $23, create_feedback = $24, read_feedback = $25, read_feedbacks = $26, update_feedback = $27, delete_feedback = $28, create_lost_property = $29, read_lost_property = $30, read_lost_properties = $31, update_lost_property = $32, delete_lost_property = $33, create_subsidiary = $34, read_subsidiaries = $35, read_subsidiary = $36, update_subsidiary = $37, delete_subsidiary = $38, read_role = $39, read_roles = $40, update_role = $41, create_employee = $42, read_employee = $43, read_employees = $44, update_employee = $45, delete_employee = $46, create_vehicle_type = $47, read_vehicle_types = $48, read_vehicle_type = $49, update_vehicle_type = $50, delete_vehicle_type = $51, create_company_vehicle = $52, read_company_vehicles = $53, read_company_vehicle = $54, update_company_vehicle = $55, delete_company_vehicle = $56, create_vehicle = $57, read_vehicles = $58, read_vehicle = $59, update_vehicle = $60, delete_vehicle = $61, create_end_vehicle = $62, create_customer = $63, read_customers = $64, read_customer = $65, update_customer = $66, delete_customer = $67, create_complaint = $68, read_complaint = $69, read_complaints = $70, update_complaint = $71, delete_complaint = $72, create_driver = $73, read_drivers = $74, read_driver = $75, update_driver = $76, update_driver_zone = $77, delete_driver = $78, create_end_driver = $79, create_driver_shift = $80, read_driver_shift = $81, read_driver_shifts = $82, update_driver_shift = $83, delete_driver_shift = $84, create_driver_availability = $85, read_driver_availability = $86, read_driver_availabilities = $87, update_driver_availability = $88, delete_driver_availability = $89, create_driver_booking = $90, read_driver_booking = $91, read_driver_bookings = $92, update_driver_booking = $93, delete_driver_booking = $94, create_driver_commission = $95, read_driver_commission = $96, read_driver_commissions = $97, update_driver_commission = $98, delete_driver_commission = $99, create_driver_commission_account = $100, read_driver_commission_account = $101, read_driver_commission_accounts = $102, update_driver_commission_account = $103, delete_driver_commission_account = $104, create_driver_commission_lineitem = $105, read_driver_commission_lineitem = $106, read_driver_commission_lineitems = $107, update_driver_commission_lineitem = $108, delete_driver_commission_lineitem = $109, create_driver_shift_history = $110, read_driver_shift_history = $111, read_driver_shift_histories = $112, update_driver_shift_history = $113, delete_driver_shift_history = $114, create_account = $115, read_accounts = $116, read_account = $117, update_account = $118, delete_account = $119, create_message = $120, read_message = $121, read_messages = $122, update_message = $123, delete_message = $124, create_notification = $125, read_notification = $126, read_notifications = $127, update_notification = $128, delete_notification = $129, create_audit = $130, read_audit = $131, read_audits = $132, update_audit = $133, delete_audit = $134, read_app_feature = $135, read_app_features = $136, update_app_feature = $137, create_escort = $138, update_escort = $139, delete_escort = $140, read_escort = $141, read_escorts = $142, update_app_version = $143, create_employee_shift_history = $144, read_employee_shift_history = $145, update_employee_shift_history = $146, create_account_web_login = $147, read_account_web_login = $148, update_account_web_login = $149, delete_account_web_login = $150, create_account_order_number = $151, read_account_order_number = $152, update_account_order_number = $153, delete_account_order_number = $154, create_account_department = $155, read_account_department = $156, update_account_department = $157, delete_account_department = $158, create_account_contact = $159, read_account_contact = $160, update_account_contact = $161, delete_account_contact = $162, create_account_company_address = $163, read_account_company_address = $164, update_account_company_address = $165, delete_account_company_address = $166, create_fare_configuration = $167, read_fare_configuration = $168, update_fare_configuration = $169, delete_fare_configuration = $170, create_fixed_fare = $171, read_fixed_fare = $172, update_fixed_fare = $173, delete_fixed_fare = $174, create_fare_by_vehicle = $175, read_fare_by_vehicle = $176, update_fare_by_vehicle = $177, delete_fare_by_vehicle = $178, create_fare_configuration_mileage = $179, read_fare_configuration_mileage = $180, update_fare_configuration_mileage = $181, delete_fare_configuration_mileage = $182, create_location_type = $183, read_location_type = $184, update_location_type = $185, delete_location_type = $186, create_location = $187, read_location = $188, update_location = $189, delete_location = $190, create_localization_detail = $191, read_localization_detail = $192, update_localization_detail = $193, delete_localization_detail = $194, create_main_data = $195, read_main_data = $196, update_main_data = $197, delete_main_data = $198, create_detail_data = $199, read_detail_data = $200, update_detail_data = $201, delete_detail_data = $202, create_zone = $203, read_zone = $204, update_zone = $205, delete_zone = $206, create_journey_type = $207, read_journey_type = $208, update_journey_type = $209, delete_journey_type = $210, create_payment_type = $211, read_payment_type = $212, update_payment_type = $213, delete_payment_type = $214, create_booking = $215, read_booking = $216, update_booking = $217, delete_booking = $218, create_booking_route = $219, read_booking_route = $220, update_booking_route = $221, delete_booking_route = $222, create_trash_booking = $223, read_trash_booking = $224, update_trash_booking = $225, delete_trash_booking = $226, create_booking_audit = $227, read_booking_audit = $228, update_booking_audit = $229, delete_booking_audit = $230, create_customer_invoice = $231, read_customer_invoice = $232, update_customer_invoice = $233, delete_customer_invoice = $234, create_customer_invoice_lineitem = $235, read_customer_invoice_lineitem = $236, update_customer_invoice_lineitem = $237, delete_customer_invoice_lineitem = $238, create_account_invoice = $239, read_account_invoice = $240, update_account_invoice = $241, delete_account_invoice = $242, create_account_invoice_lineitem = $243, read_account_invoice_lineitem = $244, update_account_invoice_lineitem = $245, delete_account_invoice_lineitem = $246\n     WHERE role_id = $1\n     RETURNING *","timestamp":"2026-07-27T16:04:44.056Z"}
{"duration":6,"level":"info","message":"db-query","rows":1,"text":"SELECT \n            a.*, \n            r.id as role_id,\n            r.name as role_name\n        FROM authorizations a\n        JOIN roles r ON r.id = a.role_id\n        WHERE a.role_id = $1","timestamp":"2026-07-27T16:04:44.063Z"}
{"duration":5,"level":"info","message":"db-query","rows":1,"text":"\n      SELECT web_device_id\n      FROM employees\n      WHERE role_id IN (1, 2)\n      AND web_device_id IS NOT NULL\n      AND web_device_id != ''\n    ","timestamp":"2026-07-27T16:05:12.019Z"}
{"level":"info","message":"POST /api/authorizations/update/2 200 51485.639 ms","timestamp":"2026-07-27T16:05:35.526Z"}
{"duration":5,"level":"info","message":"db-query","rows":26,"text":"SELECT * FROM location_types","timestamp":"2026-07-27T16:06:01.481Z"}
{"level":"info","message":"GET /api/location-types 200 11.333 ms","timestamp":"2026-07-27T16:06:01.488Z"}
{"duration":45,"level":"info","message":"db-query","rows":26,"text":"SELECT * FROM location_types","timestamp":"2026-07-27T16:06:01.522Z"}
{"level":"info","message":"GET /api/location-types 200 45.703 ms","timestamp":"2026-07-27T16:06:01.523Z"}
{"duration":6,"level":"info","message":"db-query","rows":26,"text":"SELECT * FROM location_types","timestamp":"2026-07-27T16:06:05.159Z"}
{"level":"info","message":"GET /api/location-types 200 12.790 ms","timestamp":"2026-07-27T16:06:05.167Z"}
{"duration":51,"level":"info","message":"db-query","rows":26,"text":"SELECT * FROM location_types","timestamp":"2026-07-27T16:06:05.207Z"}
{"level":"info","message":"GET /api/location-types 200 52.792 ms","timestamp":"2026-07-27T16:06:05.208Z"}
{"duration":13,"level":"info","message":"db-query","rows":26,"text":"SELECT * FROM location_types","timestamp":"2026-07-27T16:15:38.165Z"}
{"level":"info","message":"GET /api/location-types 200 30.488 ms","timestamp":"2026-07-27T16:15:38.179Z"}
{"duration":85,"level":"info","message":"db-query","rows":26,"text":"SELECT * FROM location_types","timestamp":"2026-07-27T16:15:38.242Z"}
{"level":"info","message":"GET /api/location-types 200 87.169 ms","timestamp":"2026-07-27T16:15:38.244Z"}
{"duration":9,"level":"info","message":"db-query","rows":26,"text":"SELECT * FROM location_types","timestamp":"2026-07-27T16:15:44.019Z"}
{"level":"info","message":"GET /api/location-types 200 17.901 ms","timestamp":"2026-07-27T16:15:44.027Z"}
{"duration":57,"level":"info","message":"db-query","rows":26,"text":"SELECT * FROM location_types","timestamp":"2026-07-27T16:15:44.069Z"}
{"level":"info","message":"GET /api/location-types 200 58.841 ms","timestamp":"2026-07-27T16:15:44.071Z"}
{"duration":5,"level":"info","message":"db-query","rows":26,"text":"SELECT * FROM location_types","timestamp":"2026-07-27T17:00:29.768Z"}
{"level":"info","message":"GET /api/location-types 200 13.060 ms","timestamp":"2026-07-27T17:00:29.776Z"}
{"duration":54,"level":"info","message":"db-query","rows":26,"text":"SELECT * FROM location_types","timestamp":"2026-07-27T17:00:29.818Z"}
{"level":"info","message":"GET /api/location-types 200 55.068 ms","timestamp":"2026-07-27T17:00:29.820Z"}
{"duration":5,"level":"info","message":"db-query","rows":26,"text":"SELECT * FROM location_types","timestamp":"2026-07-27T17:19:34.099Z"}
{"level":"info","message":"GET /api/location-types 200 11.529 ms","timestamp":"2026-07-27T17:19:34.106Z"}
{"duration":48,"level":"info","message":"db-query","rows":26,"text":"SELECT * FROM location_types","timestamp":"2026-07-27T17:19:34.144Z"}
{"level":"info","message":"GET /api/location-types 200 49.413 ms","timestamp":"2026-07-27T17:19:34.145Z"}
{"duration":5,"level":"info","message":"db-query","rows":26,"text":"SELECT * FROM location_types","timestamp":"2026-07-27T17:19:48.510Z"}
{"level":"info","message":"GET /api/location-types 200 11.365 ms","timestamp":"2026-07-27T17:19:48.518Z"}
{"duration":74,"level":"info","message":"db-query","rows":26,"text":"SELECT * FROM location_types","timestamp":"2026-07-27T17:19:48.581Z"}
{"level":"info","message":"GET /api/location-types 200 79.173 ms","timestamp":"2026-07-27T17:19:48.586Z"}
{"duration":5,"level":"info","message":"db-query","rows":26,"text":"SELECT * FROM location_types","timestamp":"2026-07-27T17:21:01.575Z"}
{"level":"info","message":"GET /api/location-types 200 10.951 ms","timestamp":"2026-07-27T17:21:01.581Z"}
{"duration":47,"level":"info","message":"db-query","rows":26,"text":"SELECT * FROM location_types","timestamp":"2026-07-27T17:21:01.618Z"}
{"level":"info","message":"GET /api/location-types 200 47.844 ms","timestamp":"2026-07-27T17:21:01.619Z"}
{"duration":5,"level":"info","message":"db-query","rows":26,"text":"SELECT * FROM location_types","timestamp":"2026-07-27T17:21:14.965Z"}
{"level":"info","message":"GET /api/location-types 200 11.513 ms","timestamp":"2026-07-27T17:21:14.972Z"}
{"duration":50,"level":"info","message":"db-query","rows":26,"text":"SELECT * FROM location_types","timestamp":"2026-07-27T17:21:15.011Z"}
{"level":"info","message":"GET /api/location-types 200 50.760 ms","timestamp":"2026-07-27T17:21:15.012Z"}
{"duration":7,"level":"info","message":"db-query","rows":26,"text":"SELECT * FROM location_types","timestamp":"2026-07-27T17:22:59.135Z"}
{"level":"info","message":"GET /api/location-types 200 14.515 ms","timestamp":"2026-07-27T17:22:59.143Z"}
{"duration":54,"level":"info","message":"db-query","rows":26,"text":"SELECT * FROM location_types","timestamp":"2026-07-27T17:22:59.183Z"}
{"level":"info","message":"GET /api/location-types 200 55.936 ms","timestamp":"2026-07-27T17:22:59.185Z"}
{"duration":12,"level":"info","message":"db-query","rows":26,"text":"SELECT * FROM location_types","timestamp":"2026-07-27T17:23:07.558Z"}
{"level":"info","message":"GET /api/location-types 200 18.804 ms","timestamp":"2026-07-27T17:23:07.564Z"}
{"duration":170,"level":"info","message":"db-query","rows":26,"text":"SELECT * FROM location_types","timestamp":"2026-07-27T17:23:07.722Z"}
{"level":"info","message":"GET /api/location-types 200 172.089 ms","timestamp":"2026-07-27T17:23:07.724Z"}
{"duration":11,"level":"info","message":"db-query","rows":26,"text":"SELECT * FROM location_types","timestamp":"2026-07-27T17:23:25.407Z"}
{"level":"info","message":"GET /api/location-types 200 17.876 ms","timestamp":"2026-07-27T17:23:25.413Z"}
{"duration":169,"level":"info","message":"db-query","rows":26,"text":"SELECT * FROM location_types","timestamp":"2026-07-27T17:23:25.571Z"}
{"level":"info","message":"GET /api/location-types 200 170.252 ms","timestamp":"2026-07-27T17:23:25.572Z"}
{"duration":5,"level":"info","message":"db-query","rows":26,"text":"SELECT * FROM location_types","timestamp":"2026-07-27T17:45:50.089Z"}
{"level":"info","message":"GET /api/location-types 200 11.611 ms","timestamp":"2026-07-27T17:45:50.095Z"}
{"duration":195,"level":"info","message":"db-query","rows":26,"text":"SELECT * FROM location_types","timestamp":"2026-07-27T17:45:50.280Z"}
{"level":"info","message":"GET /api/location-types 200 196.227 ms","timestamp":"2026-07-27T17:45:50.281Z"}
{"duration":8,"level":"info","message":"db-query","rows":26,"text":"SELECT * FROM location_types","timestamp":"2026-07-27T17:45:54.123Z"}
{"level":"info","message":"GET /api/location-types 200 19.553 ms","timestamp":"2026-07-27T17:45:54.135Z"}
{"duration":162,"level":"info","message":"db-query","rows":26,"text":"SELECT * FROM location_types","timestamp":"2026-07-27T17:45:54.280Z"}
{"level":"info","message":"GET /api/location-types 200 163.963 ms","timestamp":"2026-07-27T17:45:54.282Z"}
{"duration":6,"level":"info","message":"db-query","rows":26,"text":"SELECT * FROM location_types","timestamp":"2026-07-27T17:46:05.230Z"}
{"level":"info","message":"GET /api/location-types 200 13.414 ms","timestamp":"2026-07-27T17:46:05.238Z"}
{"duration":52,"level":"info","message":"db-query","rows":26,"text":"SELECT * FROM location_types","timestamp":"2026-07-27T17:46:05.277Z"}
{"level":"info","message":"GET /api/location-types 200 53.105 ms","timestamp":"2026-07-27T17:46:05.279Z"}
{"duration":5,"level":"info","message":"db-query","rows":26,"text":"SELECT * FROM location_types","timestamp":"2026-07-27T17:46:08.388Z"}
{"level":"info","message":"GET /api/location-types 200 10.814 ms","timestamp":"2026-07-27T17:46:08.394Z"}
{"duration":46,"level":"info","message":"db-query","rows":26,"text":"SELECT * FROM location_types","timestamp":"2026-07-27T17:46:08.430Z"}
{"level":"info","message":"GET /api/location-types 200 47.679 ms","timestamp":"2026-07-27T17:46:08.432Z"}
{"duration":171,"level":"info","message":"db-query","rows":1,"text":"\n    SELECT \n      b.*,\n      vt.name as vehicle_type_name,\n      d.name as driver_name,\n      v.color,\n      v.make,\n      v.model,\n      v.vehicle_number\n    FROM bookings b\n    LEFT JOIN vehicle_types vt ON b.vehicle_type_id = vt.id\n    LEFT JOIN drivers d ON b.driver_id = d.id\n    LEFT JOIN vehicles v ON d.vehicle_id = v.id\n    WHERE b.id = $1 AND trash = false\n  ","timestamp":"2026-07-27T17:58:12.513Z"}
{"duration":1,"level":"info","message":"db-query","rows":null,"text":"BEGIN","timestamp":"2026-07-27T17:58:12.514Z"}
{"duration":7,"level":"info","message":"db-query","rows":1,"text":"SELECT d.*, s.name AS subsidiary_name\n          FROM drivers d\n          LEFT JOIN subsidiaries s ON s.id = d.subsidiary_id\n          WHERE d.id = $1","timestamp":"2026-07-27T17:58:12.521Z"}
{"duration":6,"level":"info","message":"db-query","rows":1,"text":"SELECT id, note, created_at, created_by\n          FROM driver_notes\n          WHERE driver_id = $1\n          ORDER BY created_at DESC","timestamp":"2026-07-27T17:58:12.528Z"}
{"duration":5,"level":"info","message":"db-query","rows":1,"text":"SELECT id, name, start_time, end_time\n          FROM driver_shifts\n          WHERE driver_id = $1\n          ORDER BY id ASC","timestamp":"2026-07-27T17:58:12.534Z"}
{"duration":3,"level":"info","message":"db-query","rows":1,"text":"SELECT \n            v.*,\n            json_build_object(\n              'id', vt.id,\n              'name', vt.name,\n              'driver_waiting_charges', vt.driver_waiting_charges,\n              'account_waiting_charges', vt.account_waiting_charges,\n              'waiting_time', vt.waiting_time\n            ) AS vehicle_type\n            FROM vehicles v\n            LEFT JOIN vehicle_types vt ON vt.id = v.vehicle_type_id\n            WHERE v.id = $1\n            LIMIT 1","timestamp":"2026-07-27T17:58:12.538Z"}
{"duration":1,"level":"info","message":"db-query","rows":null,"text":"COMMIT","timestamp":"2026-07-27T17:58:12.540Z"}
{"duration":5,"level":"info","message":"db-query","rows":0,"text":"SELECT * FROM driver_app_features WHERE driver_id = $1 AND company_id = $2","timestamp":"2026-07-27T17:58:12.546Z"}
{"duration":5,"level":"info","message":"db-query","rows":1,"text":"\n    UPDATE bookings\n    SET driver_id = $2, booking_status_id = $3, fare_meter = $4, dispatched_at = $5, future = $6, updated_at = now()\n    WHERE id = $1\n    RETURNING *\n  ","timestamp":"2026-07-27T17:58:12.552Z"}
{"duration":59,"level":"info","message":"db-query","rows":1,"text":"\n    \n  SELECT \n    b.id,\n    b.reference_number,\n    b.subsidiary_id,\n    b.booking_type_id,\n    b.booking_status_id,\n    b.journey_type_id,\n    b.account_id,\n    b.customer_id,\n    b.employee_id,\n    b.pickup,\n    b.dropoff,\n    b.pickup_date,\n    b.pickup_time,\n    b.dropoff_date,\n    b.dropoff_time,\n    b.pickup_door_number,\n    b.dropoff_door_number,\n    b.pickup_plot,\n    b.dropoff_plot,\n    b.pickup_location_type_id,\n    b.dropoff_location_type_id,\n    b.pickup_latitude,\n    b.pickup_longitude,\n    b.dropoff_latitude,\n    b.dropoff_longitude,\n    b.viapoints,\n    b.restricted_drivers,\n    b.flight_number,\n    b.arriving_from,\n    b.vehicle_type_id,\n    b.vehicle_id,\n    b.driver_id,\n    b.passengers,\n    b.luggages,\n    b.hand_luggages,\n    b.child_seat,\n    b.name,\n    b.email,\n    b.mobile,\n    b.telephone,\n    b.lead_time,\n    b.notes,\n    b.special_instructions,\n    b.payment_type_id,\n    b.company_price,\n    b.fares,\n    b.total_charges,\n    b.parking_charges,\n    b.waiting_charges,\n    b.extra_drop_charges,\n    b.credit_card_charges,\n    b.congestion_charges,\n    b.miles,\n    b.meet_and_greet,\n    b.department,\n    b.escort_id,\n    b.order_number,\n    b.booked_by,\n    b.add_return_fare,\n    b.fare_meter_status,\n    b.fare_meter,\n    b.quotation,\n    b.quoted,\n    b.dispatch,\n    b.dispatch_as,\n    b.sms,\n    b.emailflag,\n    b.trash,\n    b.hidden,\n    b.multi_booking_id,\n    b.associated_booking,\n    b.invoice_status,\n    b.commission_status,\n    b.commission,\n    b.skipped_bookings,\n    b.permanent,\n    b.toggle_driver_text,\n    b.toggle_passenger_text,\n    b.cancelled_reason,\n    b.booking_source,\n    b.on_route,\n    b.arrived,\n    b.passenger_on_board,\n    b.completed,\n    b.controller_completed,\n    b.driver_waiting_time,\n    b.dispatched_at,\n    b.booked_at,\n    b.stripe_customer_id,\n    b.stripe_payment_id,\n    b.invoice_number,\n    b.initial_subsidiary_id,\n    b.created_at,\n    b.updated_at,\n    b.eta,\n    b.fob,\n  json_build_object(\n    'booking_status', bs.booking_status\n  ) AS booking_status,\n\n  json_build_object(\n    'booking_type', bt.booking_type\n  ) AS booking_type,\n\n  json_build_object(\n    'journey_type', jt.journey_type\n  ) AS journey_type,\n\n  json_build_object(\n    'id', s.id,\n    'name', s.name,\n    'telephone_number', s.telephone_number\n  ) AS subsidiary,\n\n  json_build_object(\n    'name', vt.name,\n    'background_color', vt.background_color,\n    'foreground_color', vt.foreground_color\n  ) AS vehicle_type,\n\n  json_build_object(\n    'id', pt.id,\n    'name', pt.name,\n    'background_color', pt.background_color,\n    'foreground_color', pt.foreground_color\n  ) AS payment_type,\n\n  json_build_object(\n    'id', a.id,\n    'name', a.name,\n    'background_color', a.background_color,\n    'foreground_color', a.foreground_color,\n    'has_vat', a.has_vat,\n    'bank_information', a.bank_information,\n    'fare_controller', a.fare_controller,\n    'account_fees_type', a.account_fees_type,\n    'account_fees', a.account_fees,\n    'account_fees_vat', a.account_fees_vat\n  ) AS account,\n\n  json_build_object(\n    'id', d.id,\n    'username', d.username,\n    'name', d.name,\n    'mobile_device_id', d.mobile_device_id,\n    'phc_vehicle_number', d.phc_vehicle_number,\n    'phc_driver_number', d.phc_driver_number,\n    'vehicle_id', d.vehicle_id,\n    'driver_commission', d.driver_commission,\n    'session_status', d.session_status,\n    'vehicle', json_build_object(\n        'make', v.make,\n        'model', v.model,\n        'color', v.color,\n        'vehicle_number', v.vehicle_number\n    )\n  ) AS driver,\n\n  json_build_object(\n    'door_number', c.door_number,\n    'address1', c.address1,\n    'address2', c.address2,\n    'blacklist', c.blacklist\n  ) AS customer,\n\n  json_build_object(\n    'username', e.username,\n    'role_id', e.role_id\n  ) AS employee,\n\n  json_build_object(\n  'pickup',\n  CASE\n    WHEN lp.id IS NOT NULL THEN json_build_object(\n      'id', lp.id,\n      'name', lp.name,\n      'location_type', json_build_object(\n            'id', ltp.id,\n            'name', ltp.name,\n            'background_color', ltp.background_color,\n            'foreground_color', ltp.foreground_color\n          )\n    )\n    ELSE \n    json_build_object(\n      'id', null,\n      'name', null,\n      'location_type', json_build_object(\n        'id', null,\n        'name', null,\n        'background_color', null,\n        'foreground_color', null\n      )\n    )\n  END,\n  'dropoff',\n  CASE\n    WHEN ld.id IS NOT NULL THEN json_build_object(\n      'id', ld.id,\n      'name', ld.name,\n      'location_type', json_build_object(\n            'id', ltp.id,\n            'name', ltp.name,\n            'background_color', ltp.background_color,\n            'foreground_color', ltp.foreground_color\n          )\n\n    )\n    ELSE \n    json_build_object(\n      'id', null,\n      'name', null,\n      'location_type', json_build_object(\n  'id', null,\n  'name', null,\n  'background_color', null,\n  'foreground_color', null\n)\n\n    )\n  END\n) AS airport\n\n\nFROM bookings b\nLEFT JOIN booking_statuses bs ON b.booking_status_id = bs.id\nLEFT JOIN booking_types bt ON b.booking_type_id = bt.id\nLEFT JOIN journey_types jt ON b.journey_type_id = jt.id\nLEFT JOIN subsidiaries s ON b.subsidiary_id = s.id\nLEFT JOIN vehicle_types vt ON b.vehicle_type_id = vt.id\nLEFT JOIN payment_types pt ON b.payment_type_id = pt.id\nLEFT JOIN accounts a ON b.account_id = a.id\nLEFT JOIN drivers d ON b.driver_id = d.id\nLEFT JOIN vehicles v ON d.vehicle_id = v.id\nLEFT JOIN customers c ON b.customer_id = c.id\nLEFT JOIN employees e ON b.employee_id = e.id\nLEFT JOIN locations lp\n  ON lp.location_type_id = 2\n AND b.pickup ILIKE '%' || lp.name || '%'\n\nLEFT JOIN locations ld\n  ON ld.location_type_id = 2\n AND b.dropoff ILIKE '%' || ld.name || '%'\nLEFT JOIN location_types ltp ON lp.location_type_id = ltp.id\nLEFT JOIN location_types ltd ON ld.location_type_id = ltd.id\n\n\n\n    WHERE b.id = $1\n  ","timestamp":"2026-07-27T17:58:12.613Z"}
{"duration":2,"level":"info","message":"db-query","rows":1,"text":"SELECT fcm_token FROM drivers WHERE id = $1","timestamp":"2026-07-27T17:58:12.617Z"}
{"level":"info","message":"POST /api/bookings/assign-future-booking 200 1158.909 ms","timestamp":"2026-07-27T17:58:13.500Z"}
{"duration":183,"level":"info","message":"db-query","rows":1,"text":"\n    SELECT \n      b.*,\n      vt.name as vehicle_type_name,\n      d.name as driver_name,\n      v.color,\n      v.make,\n      v.model,\n      v.vehicle_number\n    FROM bookings b\n    LEFT JOIN vehicle_types vt ON b.vehicle_type_id = vt.id\n    LEFT JOIN drivers d ON b.driver_id = d.id\n    LEFT JOIN vehicles v ON d.vehicle_id = v.id\n    WHERE b.id = $1 AND trash = false\n  ","timestamp":"2026-07-27T18:00:11.884Z"}
{"duration":1,"level":"info","message":"db-query","rows":null,"text":"BEGIN","timestamp":"2026-07-27T18:00:11.885Z"}
{"duration":4,"level":"info","message":"db-query","rows":1,"text":"SELECT d.*, s.name AS subsidiary_name\n          FROM drivers d\n          LEFT JOIN subsidiaries s ON s.id = d.subsidiary_id\n          WHERE d.id = $1","timestamp":"2026-07-27T18:00:11.889Z"}
{"duration":3,"level":"info","message":"db-query","rows":1,"text":"SELECT id, note, created_at, created_by\n          FROM driver_notes\n          WHERE driver_id = $1\n          ORDER BY created_at DESC","timestamp":"2026-07-27T18:00:11.892Z"}
{"duration":4,"level":"info","message":"db-query","rows":1,"text":"SELECT id, name, start_time, end_time\n          FROM driver_shifts\n          WHERE driver_id = $1\n          ORDER BY id ASC","timestamp":"2026-07-27T18:00:11.896Z"}
{"duration":3,"level":"info","message":"db-query","rows":1,"text":"SELECT \n            v.*,\n            json_build_object(\n              'id', vt.id,\n              'name', vt.name,\n              'driver_waiting_charges', vt.driver_waiting_charges,\n              'account_waiting_charges', vt.account_waiting_charges,\n              'waiting_time', vt.waiting_time\n            ) AS vehicle_type\n            FROM vehicles v\n            LEFT JOIN vehicle_types vt ON vt.id = v.vehicle_type_id\n            WHERE v.id = $1\n            LIMIT 1","timestamp":"2026-07-27T18:00:11.899Z"}
{"duration":2,"level":"info","message":"db-query","rows":null,"text":"COMMIT","timestamp":"2026-07-27T18:00:11.902Z"}
{"duration":3,"level":"info","message":"db-query","rows":0,"text":"SELECT * FROM driver_app_features WHERE driver_id = $1 AND company_id = $2","timestamp":"2026-07-27T18:00:11.905Z"}
{"duration":5,"level":"info","message":"db-query","rows":1,"text":"\n    UPDATE bookings\n    SET driver_id = $2, booking_status_id = $3, fare_meter = $4, dispatched_at = $5, future = $6, updated_at = now()\n    WHERE id = $1\n    RETURNING *\n  ","timestamp":"2026-07-27T18:00:11.911Z"}
{"duration":24,"level":"info","message":"db-query","rows":1,"text":"\n    \n  SELECT \n    b.id,\n    b.reference_number,\n    b.subsidiary_id,\n    b.booking_type_id,\n    b.booking_status_id,\n    b.journey_type_id,\n    b.account_id,\n    b.customer_id,\n    b.employee_id,\n    b.pickup,\n    b.dropoff,\n    b.pickup_date,\n    b.pickup_time,\n    b.dropoff_date,\n    b.dropoff_time,\n    b.pickup_door_number,\n    b.dropoff_door_number,\n    b.pickup_plot,\n    b.dropoff_plot,\n    b.pickup_location_type_id,\n    b.dropoff_location_type_id,\n    b.pickup_latitude,\n    b.pickup_longitude,\n    b.dropoff_latitude,\n    b.dropoff_longitude,\n    b.viapoints,\n    b.restricted_drivers,\n    b.flight_number,\n    b.arriving_from,\n    b.vehicle_type_id,\n    b.vehicle_id,\n    b.driver_id,\n    b.passengers,\n    b.luggages,\n    b.hand_luggages,\n    b.child_seat,\n    b.name,\n    b.email,\n    b.mobile,\n    b.telephone,\n    b.lead_time,\n    b.notes,\n    b.special_instructions,\n    b.payment_type_id,\n    b.company_price,\n    b.fares,\n    b.total_charges,\n    b.parking_charges,\n    b.waiting_charges,\n    b.extra_drop_charges,\n    b.credit_card_charges,\n    b.congestion_charges,\n    b.miles,\n    b.meet_and_greet,\n    b.department,\n    b.escort_id,\n    b.order_number,\n    b.booked_by,\n    b.add_return_fare,\n    b.fare_meter_status,\n    b.fare_meter,\n    b.quotation,\n    b.quoted,\n    b.dispatch,\n    b.dispatch_as,\n    b.sms,\n    b.emailflag,\n    b.trash,\n    b.hidden,\n    b.multi_booking_id,\n    b.associated_booking,\n    b.invoice_status,\n    b.commission_status,\n    b.commission,\n    b.skipped_bookings,\n    b.permanent,\n    b.toggle_driver_text,\n    b.toggle_passenger_text,\n    b.cancelled_reason,\n    b.booking_source,\n    b.on_route,\n    b.arrived,\n    b.passenger_on_board,\n    b.completed,\n    b.controller_completed,\n    b.driver_waiting_time,\n    b.dispatched_at,\n    b.booked_at,\n    b.stripe_customer_id,\n    b.stripe_payment_id,\n    b.invoice_number,\n    b.initial_subsidiary_id,\n    b.created_at,\n    b.updated_at,\n    b.eta,\n    b.fob,\n  json_build_object(\n    'booking_status', bs.booking_status\n  ) AS booking_status,\n\n  json_build_object(\n    'booking_type', bt.booking_type\n  ) AS booking_type,\n\n  json_build_object(\n    'journey_type', jt.journey_type\n  ) AS journey_type,\n\n  json_build_object(\n    'id', s.id,\n    'name', s.name,\n    'telephone_number', s.telephone_number\n  ) AS subsidiary,\n\n  json_build_object(\n    'name', vt.name,\n    'background_color', vt.background_color,\n    'foreground_color', vt.foreground_color\n  ) AS vehicle_type,\n\n  json_build_object(\n    'id', pt.id,\n    'name', pt.name,\n    'background_color', pt.background_color,\n    'foreground_color', pt.foreground_color\n  ) AS payment_type,\n\n  json_build_object(\n    'id', a.id,\n    'name', a.name,\n    'background_color', a.background_color,\n    'foreground_color', a.foreground_color,\n    'has_vat', a.has_vat,\n    'bank_information', a.bank_information,\n    'fare_controller', a.fare_controller,\n    'account_fees_type', a.account_fees_type,\n    'account_fees', a.account_fees,\n    'account_fees_vat', a.account_fees_vat\n  ) AS account,\n\n  json_build_object(\n    'id', d.id,\n    'username', d.username,\n    'name', d.name,\n    'mobile_device_id', d.mobile_device_id,\n    'phc_vehicle_number', d.phc_vehicle_number,\n    'phc_driver_number', d.phc_driver_number,\n    'vehicle_id', d.vehicle_id,\n    'driver_commission', d.driver_commission,\n    'session_status', d.session_status,\n    'vehicle', json_build_object(\n        'make', v.make,\n        'model', v.model,\n        'color', v.color,\n        'vehicle_number', v.vehicle_number\n    )\n  ) AS driver,\n\n  json_build_object(\n    'door_number', c.door_number,\n    'address1', c.address1,\n    'address2', c.address2,\n    'blacklist', c.blacklist\n  ) AS customer,\n\n  json_build_object(\n    'username', e.username,\n    'role_id', e.role_id\n  ) AS employee,\n\n  json_build_object(\n  'pickup',\n  CASE\n    WHEN lp.id IS NOT NULL THEN json_build_object(\n      'id', lp.id,\n      'name', lp.name,\n      'location_type', json_build_object(\n            'id', ltp.id,\n            'name', ltp.name,\n            'background_color', ltp.background_color,\n            'foreground_color', ltp.foreground_color\n          )\n    )\n    ELSE \n    json_build_object(\n      'id', null,\n      'name', null,\n      'location_type', json_build_object(\n        'id', null,\n        'name', null,\n        'background_color', null,\n        'foreground_color', null\n      )\n    )\n  END,\n  'dropoff',\n  CASE\n    WHEN ld.id IS NOT NULL THEN json_build_object(\n      'id', ld.id,\n      'name', ld.name,\n      'location_type', json_build_object(\n            'id', ltp.id,\n            'name', ltp.name,\n            'background_color', ltp.background_color,\n            'foreground_color', ltp.foreground_color\n          )\n\n    )\n    ELSE \n    json_build_object(\n      'id', null,\n      'name', null,\n      'location_type', json_build_object(\n  'id', null,\n  'name', null,\n  'background_color', null,\n  'foreground_color', null\n)\n\n    )\n  END\n) AS airport\n\n\nFROM bookings b\nLEFT JOIN booking_statuses bs ON b.booking_status_id = bs.id\nLEFT JOIN booking_types bt ON b.booking_type_id = bt.id\nLEFT JOIN journey_types jt ON b.journey_type_id = jt.id\nLEFT JOIN subsidiaries s ON b.subsidiary_id = s.id\nLEFT JOIN vehicle_types vt ON b.vehicle_type_id = vt.id\nLEFT JOIN payment_types pt ON b.payment_type_id = pt.id\nLEFT JOIN accounts a ON b.account_id = a.id\nLEFT JOIN drivers d ON b.driver_id = d.id\nLEFT JOIN vehicles v ON d.vehicle_id = v.id\nLEFT JOIN customers c ON b.customer_id = c.id\nLEFT JOIN employees e ON b.employee_id = e.id\nLEFT JOIN locations lp\n  ON lp.location_type_id = 2\n AND b.pickup ILIKE '%' || lp.name || '%'\n\nLEFT JOIN locations ld\n  ON ld.location_type_id = 2\n AND b.dropoff ILIKE '%' || ld.name || '%'\nLEFT JOIN location_types ltp ON lp.location_type_id = ltp.id\nLEFT JOIN location_types ltd ON ld.location_type_id = ltd.id\n\n\n\n    WHERE b.id = $1\n  ","timestamp":"2026-07-27T18:00:11.935Z"}
{"duration":1,"level":"info","message":"db-query","rows":1,"text":"SELECT fcm_token FROM drivers WHERE id = $1","timestamp":"2026-07-27T18:00:11.939Z"}
{"level":"info","message":"POST /api/bookings/assign-future-booking 200 594.797 ms","timestamp":"2026-07-27T18:00:12.295Z"}
{"duration":59,"level":"info","message":"db-query","rows":1,"text":"\n    SELECT \n      b.*,\n      vt.name as vehicle_type_name,\n      d.name as driver_name,\n      v.color,\n      v.make,\n      v.model,\n      v.vehicle_number\n    FROM bookings b\n    LEFT JOIN vehicle_types vt ON b.vehicle_type_id = vt.id\n    LEFT JOIN drivers d ON b.driver_id = d.id\n    LEFT JOIN vehicles v ON d.vehicle_id = v.id\n    WHERE b.id = $1 AND trash = false\n  ","timestamp":"2026-07-27T18:00:36.899Z"}
{"duration":0,"level":"info","message":"db-query","rows":null,"text":"BEGIN","timestamp":"2026-07-27T18:00:36.900Z"}
{"duration":4,"level":"info","message":"db-query","rows":1,"text":"SELECT d.*, s.name AS subsidiary_name\n          FROM drivers d\n          LEFT JOIN subsidiaries s ON s.id = d.subsidiary_id\n          WHERE d.id = $1","timestamp":"2026-07-27T18:00:36.904Z"}
{"duration":3,"level":"info","message":"db-query","rows":1,"text":"SELECT id, note, created_at, created_by\n          FROM driver_notes\n          WHERE driver_id = $1\n          ORDER BY created_at DESC","timestamp":"2026-07-27T18:00:36.907Z"}
{"duration":2,"level":"info","message":"db-query","rows":1,"text":"SELECT id, name, start_time, end_time\n          FROM driver_shifts\n          WHERE driver_id = $1\n          ORDER BY id ASC","timestamp":"2026-07-27T18:00:36.910Z"}
{"duration":2,"level":"info","message":"db-query","rows":1,"text":"SELECT \n            v.*,\n            json_build_object(\n              'id', vt.id,\n              'name', vt.name,\n              'driver_waiting_charges', vt.driver_waiting_charges,\n              'account_waiting_charges', vt.account_waiting_charges,\n              'waiting_time', vt.waiting_time\n            ) AS vehicle_type\n            FROM vehicles v\n            LEFT JOIN vehicle_types vt ON vt.id = v.vehicle_type_id\n            WHERE v.id = $1\n            LIMIT 1","timestamp":"2026-07-27T18:00:36.912Z"}
{"duration":1,"level":"info","message":"db-query","rows":null,"text":"COMMIT","timestamp":"2026-07-27T18:00:36.913Z"}
{"duration":3,"level":"info","message":"db-query","rows":0,"text":"SELECT * FROM driver_app_features WHERE driver_id = $1 AND company_id = $2","timestamp":"2026-07-27T18:00:36.916Z"}
{"duration":5,"level":"info","message":"db-query","rows":1,"text":"\n    UPDATE bookings\n    SET driver_id = $2, booking_status_id = $3, fare_meter = $4, dispatched_at = $5, future = $6, updated_at = now()\n    WHERE id = $1\n    RETURNING *\n  ","timestamp":"2026-07-27T18:00:36.922Z"}
{"duration":24,"level":"info","message":"db-query","rows":1,"text":"\n    \n  SELECT \n    b.id,\n    b.reference_number,\n    b.subsidiary_id,\n    b.booking_type_id,\n    b.booking_status_id,\n    b.journey_type_id,\n    b.account_id,\n    b.customer_id,\n    b.employee_id,\n    b.pickup,\n    b.dropoff,\n    b.pickup_date,\n    b.pickup_time,\n    b.dropoff_date,\n    b.dropoff_time,\n    b.pickup_door_number,\n    b.dropoff_door_number,\n    b.pickup_plot,\n    b.dropoff_plot,\n    b.pickup_location_type_id,\n    b.dropoff_location_type_id,\n    b.pickup_latitude,\n    b.pickup_longitude,\n    b.dropoff_latitude,\n    b.dropoff_longitude,\n    b.viapoints,\n    b.restricted_drivers,\n    b.flight_number,\n    b.arriving_from,\n    b.vehicle_type_id,\n    b.vehicle_id,\n    b.driver_id,\n    b.passengers,\n    b.luggages,\n    b.hand_luggages,\n    b.child_seat,\n    b.name,\n    b.email,\n    b.mobile,\n    b.telephone,\n    b.lead_time,\n    b.notes,\n    b.special_instructions,\n    b.payment_type_id,\n    b.company_price,\n    b.fares,\n    b.total_charges,\n    b.parking_charges,\n    b.waiting_charges,\n    b.extra_drop_charges,\n    b.credit_card_charges,\n    b.congestion_charges,\n    b.miles,\n    b.meet_and_greet,\n    b.department,\n    b.escort_id,\n    b.order_number,\n    b.booked_by,\n    b.add_return_fare,\n    b.fare_meter_status,\n    b.fare_meter,\n    b.quotation,\n    b.quoted,\n    b.dispatch,\n    b.dispatch_as,\n    b.sms,\n    b.emailflag,\n    b.trash,\n    b.hidden,\n    b.multi_booking_id,\n    b.associated_booking,\n    b.invoice_status,\n    b.commission_status,\n    b.commission,\n    b.skipped_bookings,\n    b.permanent,\n    b.toggle_driver_text,\n    b.toggle_passenger_text,\n    b.cancelled_reason,\n    b.booking_source,\n    b.on_route,\n    b.arrived,\n    b.passenger_on_board,\n    b.completed,\n    b.controller_completed,\n    b.driver_waiting_time,\n    b.dispatched_at,\n    b.booked_at,\n    b.stripe_customer_id,\n    b.stripe_payment_id,\n    b.invoice_number,\n    b.initial_subsidiary_id,\n    b.created_at,\n    b.updated_at,\n    b.eta,\n    b.fob,\n  json_build_object(\n    'booking_status', bs.booking_status\n  ) AS booking_status,\n\n  json_build_object(\n    'booking_type', bt.booking_type\n  ) AS booking_type,\n\n  json_build_object(\n    'journey_type', jt.journey_type\n  ) AS journey_type,\n\n  json_build_object(\n    'id', s.id,\n    'name', s.name,\n    'telephone_number', s.telephone_number\n  ) AS subsidiary,\n\n  json_build_object(\n    'name', vt.name,\n    'background_color', vt.background_color,\n    'foreground_color', vt.foreground_color\n  ) AS vehicle_type,\n\n  json_build_object(\n    'id', pt.id,\n    'name', pt.name,\n    'background_color', pt.background_color,\n    'foreground_color', pt.foreground_color\n  ) AS payment_type,\n\n  json_build_object(\n    'id', a.id,\n    'name', a.name,\n    'background_color', a.background_color,\n    'foreground_color', a.foreground_color,\n    'has_vat', a.has_vat,\n    'bank_information', a.bank_information,\n    'fare_controller', a.fare_controller,\n    'account_fees_type', a.account_fees_type,\n    'account_fees', a.account_fees,\n    'account_fees_vat', a.account_fees_vat\n  ) AS account,\n\n  json_build_object(\n    'id', d.id,\n    'username', d.username,\n    'name', d.name,\n    'mobile_device_id', d.mobile_device_id,\n    'phc_vehicle_number', d.phc_vehicle_number,\n    'phc_driver_number', d.phc_driver_number,\n    'vehicle_id', d.vehicle_id,\n    'driver_commission', d.driver_commission,\n    'session_status', d.session_status,\n    'vehicle', json_build_object(\n        'make', v.make,\n        'model', v.model,\n        'color', v.color,\n        'vehicle_number', v.vehicle_number\n    )\n  ) AS driver,\n\n  json_build_object(\n    'door_number', c.door_number,\n    'address1', c.address1,\n    'address2', c.address2,\n    'blacklist', c.blacklist\n  ) AS customer,\n\n  json_build_object(\n    'username', e.username,\n    'role_id', e.role_id\n  ) AS employee,\n\n  json_build_object(\n  'pickup',\n  CASE\n    WHEN lp.id IS NOT NULL THEN json_build_object(\n      'id', lp.id,\n      'name', lp.name,\n      'location_type', json_build_object(\n            'id', ltp.id,\n            'name', ltp.name,\n            'background_color', ltp.background_color,\n            'foreground_color', ltp.foreground_color\n          )\n    )\n    ELSE \n    json_build_object(\n      'id', null,\n      'name', null,\n      'location_type', json_build_object(\n        'id', null,\n        'name', null,\n        'background_color', null,\n        'foreground_color', null\n      )\n    )\n  END,\n  'dropoff',\n  CASE\n    WHEN ld.id IS NOT NULL THEN json_build_object(\n      'id', ld.id,\n      'name', ld.name,\n      'location_type', json_build_object(\n            'id', ltp.id,\n            'name', ltp.name,\n            'background_color', ltp.background_color,\n            'foreground_color', ltp.foreground_color\n          )\n\n    )\n    ELSE \n    json_build_object(\n      'id', null,\n      'name', null,\n      'location_type', json_build_object(\n  'id', null,\n  'name', null,\n  'background_color', null,\n  'foreground_color', null\n)\n\n    )\n  END\n) AS airport\n\n\nFROM bookings b\nLEFT JOIN booking_statuses bs ON b.booking_status_id = bs.id\nLEFT JOIN booking_types bt ON b.booking_type_id = bt.id\nLEFT JOIN journey_types jt ON b.journey_type_id = jt.id\nLEFT JOIN subsidiaries s ON b.subsidiary_id = s.id\nLEFT JOIN vehicle_types vt ON b.vehicle_type_id = vt.id\nLEFT JOIN payment_types pt ON b.payment_type_id = pt.id\nLEFT JOIN accounts a ON b.account_id = a.id\nLEFT JOIN drivers d ON b.driver_id = d.id\nLEFT JOIN vehicles v ON d.vehicle_id = v.id\nLEFT JOIN customers c ON b.customer_id = c.id\nLEFT JOIN employees e ON b.employee_id = e.id\nLEFT JOIN locations lp\n  ON lp.location_type_id = 2\n AND b.pickup ILIKE '%' || lp.name || '%'\n\nLEFT JOIN locations ld\n  ON ld.location_type_id = 2\n AND b.dropoff ILIKE '%' || ld.name || '%'\nLEFT JOIN location_types ltp ON lp.location_type_id = ltp.id\nLEFT JOIN location_types ltd ON ld.location_type_id = ltd.id\n\n\n\n    WHERE b.id = $1\n  ","timestamp":"2026-07-27T18:00:36.947Z"}
{"duration":1,"level":"info","message":"db-query","rows":1,"text":"SELECT fcm_token FROM drivers WHERE id = $1","timestamp":"2026-07-27T18:00:36.950Z"}
{"level":"info","message":"POST /api/bookings/assign-future-booking 200 526.303 ms","timestamp":"2026-07-27T18:00:37.367Z"}
{"duration":63,"level":"info","message":"db-query","rows":1,"text":"\n    SELECT \n      b.*,\n      vt.name as vehicle_type_name,\n      d.name as driver_name,\n      v.color,\n      v.make,\n      v.model,\n      v.vehicle_number\n    FROM bookings b\n    LEFT JOIN vehicle_types vt ON b.vehicle_type_id = vt.id\n    LEFT JOIN drivers d ON b.driver_id = d.id\n    LEFT JOIN vehicles v ON d.vehicle_id = v.id\n    WHERE b.id = $1 AND trash = false\n  ","timestamp":"2026-07-27T18:02:42.892Z"}
{"duration":1,"level":"info","message":"db-query","rows":null,"text":"BEGIN","timestamp":"2026-07-27T18:02:42.893Z"}
{"duration":3,"level":"info","message":"db-query","rows":1,"text":"SELECT d.*, s.name AS subsidiary_name\n          FROM drivers d\n          LEFT JOIN subsidiaries s ON s.id = d.subsidiary_id\n          WHERE d.id = $1","timestamp":"2026-07-27T18:02:42.896Z"}
{"duration":3,"level":"info","message":"db-query","rows":1,"text":"SELECT id, note, created_at, created_by\n          FROM driver_notes\n          WHERE driver_id = $1\n          ORDER BY created_at DESC","timestamp":"2026-07-27T18:02:42.900Z"}
{"duration":4,"level":"info","message":"db-query","rows":1,"text":"SELECT id, name, start_time, end_time\n          FROM driver_shifts\n          WHERE driver_id = $1\n          ORDER BY id ASC","timestamp":"2026-07-27T18:02:42.904Z"}
{"duration":1,"level":"info","message":"db-query","rows":1,"text":"SELECT \n            v.*,\n            json_build_object(\n              'id', vt.id,\n              'name', vt.name,\n              'driver_waiting_charges', vt.driver_waiting_charges,\n              'account_waiting_charges', vt.account_waiting_charges,\n              'waiting_time', vt.waiting_time\n            ) AS vehicle_type\n            FROM vehicles v\n            LEFT JOIN vehicle_types vt ON vt.id = v.vehicle_type_id\n            WHERE v.id = $1\n            LIMIT 1","timestamp":"2026-07-27T18:02:42.905Z"}
{"duration":0,"level":"info","message":"db-query","rows":null,"text":"COMMIT","timestamp":"2026-07-27T18:02:42.906Z"}
{"duration":3,"level":"info","message":"db-query","rows":0,"text":"SELECT * FROM driver_app_features WHERE driver_id = $1 AND company_id = $2","timestamp":"2026-07-27T18:02:42.910Z"}
{"duration":5,"level":"info","message":"db-query","rows":1,"text":"\n    UPDATE bookings\n    SET driver_id = $2, booking_status_id = $3, fare_meter = $4, dispatched_at = $5, future = $6, updated_at = now()\n    WHERE id = $1\n    RETURNING *\n  ","timestamp":"2026-07-27T18:02:42.915Z"}
{"duration":27,"level":"info","message":"db-query","rows":1,"text":"\n    \n  SELECT \n    b.id,\n    b.reference_number,\n    b.subsidiary_id,\n    b.booking_type_id,\n    b.booking_status_id,\n    b.journey_type_id,\n    b.account_id,\n    b.customer_id,\n    b.employee_id,\n    b.pickup,\n    b.dropoff,\n    b.pickup_date,\n    b.pickup_time,\n    b.dropoff_date,\n    b.dropoff_time,\n    b.pickup_door_number,\n    b.dropoff_door_number,\n    b.pickup_plot,\n    b.dropoff_plot,\n    b.pickup_location_type_id,\n    b.dropoff_location_type_id,\n    b.pickup_latitude,\n    b.pickup_longitude,\n    b.dropoff_latitude,\n    b.dropoff_longitude,\n    b.viapoints,\n    b.restricted_drivers,\n    b.flight_number,\n    b.arriving_from,\n    b.vehicle_type_id,\n    b.vehicle_id,\n    b.driver_id,\n    b.passengers,\n    b.luggages,\n    b.hand_luggages,\n    b.child_seat,\n    b.name,\n    b.email,\n    b.mobile,\n    b.telephone,\n    b.lead_time,\n    b.notes,\n    b.special_instructions,\n    b.payment_type_id,\n    b.company_price,\n    b.fares,\n    b.total_charges,\n    b.parking_charges,\n    b.waiting_charges,\n    b.extra_drop_charges,\n    b.credit_card_charges,\n    b.congestion_charges,\n    b.miles,\n    b.meet_and_greet,\n    b.department,\n    b.escort_id,\n    b.order_number,\n    b.booked_by,\n    b.add_return_fare,\n    b.fare_meter_status,\n    b.fare_meter,\n    b.quotation,\n    b.quoted,\n    b.dispatch,\n    b.dispatch_as,\n    b.sms,\n    b.emailflag,\n    b.trash,\n    b.hidden,\n    b.multi_booking_id,\n    b.associated_booking,\n    b.invoice_status,\n    b.commission_status,\n    b.commission,\n    b.skipped_bookings,\n    b.permanent,\n    b.toggle_driver_text,\n    b.toggle_passenger_text,\n    b.cancelled_reason,\n    b.booking_source,\n    b.on_route,\n    b.arrived,\n    b.passenger_on_board,\n    b.completed,\n    b.controller_completed,\n    b.driver_waiting_time,\n    b.dispatched_at,\n    b.booked_at,\n    b.stripe_customer_id,\n    b.stripe_payment_id,\n    b.invoice_number,\n    b.initial_subsidiary_id,\n    b.created_at,\n    b.updated_at,\n    b.eta,\n    b.fob,\n  json_build_object(\n    'booking_status', bs.booking_status\n  ) AS booking_status,\n\n  json_build_object(\n    'booking_type', bt.booking_type\n  ) AS booking_type,\n\n  json_build_object(\n    'journey_type', jt.journey_type\n  ) AS journey_type,\n\n  json_build_object(\n    'id', s.id,\n    'name', s.name,\n    'telephone_number', s.telephone_number\n  ) AS subsidiary,\n\n  json_build_object(\n    'name', vt.name,\n    'background_color', vt.background_color,\n    'foreground_color', vt.foreground_color\n  ) AS vehicle_type,\n\n  json_build_object(\n    'id', pt.id,\n    'name', pt.name,\n    'background_color', pt.background_color,\n    'foreground_color', pt.foreground_color\n  ) AS payment_type,\n\n  json_build_object(\n    'id', a.id,\n    'name', a.name,\n    'background_color', a.background_color,\n    'foreground_color', a.foreground_color,\n    'has_vat', a.has_vat,\n    'bank_information', a.bank_information,\n    'fare_controller', a.fare_controller,\n    'account_fees_type', a.account_fees_type,\n    'account_fees', a.account_fees,\n    'account_fees_vat', a.account_fees_vat\n  ) AS account,\n\n  json_build_object(\n    'id', d.id,\n    'username', d.username,\n    'name', d.name,\n    'mobile_device_id', d.mobile_device_id,\n    'phc_vehicle_number', d.phc_vehicle_number,\n    'phc_driver_number', d.phc_driver_number,\n    'vehicle_id', d.vehicle_id,\n    'driver_commission', d.driver_commission,\n    'session_status', d.session_status,\n    'vehicle', json_build_object(\n        'make', v.make,\n        'model', v.model,\n        'color', v.color,\n        'vehicle_number', v.vehicle_number\n    )\n  ) AS driver,\n\n  json_build_object(\n    'door_number', c.door_number,\n    'address1', c.address1,\n    'address2', c.address2,\n    'blacklist', c.blacklist\n  ) AS customer,\n\n  json_build_object(\n    'username', e.username,\n    'role_id', e.role_id\n  ) AS employee,\n\n  json_build_object(\n  'pickup',\n  CASE\n    WHEN lp.id IS NOT NULL THEN json_build_object(\n      'id', lp.id,\n      'name', lp.name,\n      'location_type', json_build_object(\n            'id', ltp.id,\n            'name', ltp.name,\n            'background_color', ltp.background_color,\n            'foreground_color', ltp.foreground_color\n          )\n    )\n    ELSE \n    json_build_object(\n      'id', null,\n      'name', null,\n      'location_type', json_build_object(\n        'id', null,\n        'name', null,\n        'background_color', null,\n        'foreground_color', null\n      )\n    )\n  END,\n  'dropoff',\n  CASE\n    WHEN ld.id IS NOT NULL THEN json_build_object(\n      'id', ld.id,\n      'name', ld.name,\n      'location_type', json_build_object(\n            'id', ltp.id,\n            'name', ltp.name,\n            'background_color', ltp.background_color,\n            'foreground_color', ltp.foreground_color\n          )\n\n    )\n    ELSE \n    json_build_object(\n      'id', null,\n      'name', null,\n      'location_type', json_build_object(\n  'id', null,\n  'name', null,\n  'background_color', null,\n  'foreground_color', null\n)\n\n    )\n  END\n) AS airport\n\n\nFROM bookings b\nLEFT JOIN booking_statuses bs ON b.booking_status_id = bs.id\nLEFT JOIN booking_types bt ON b.booking_type_id = bt.id\nLEFT JOIN journey_types jt ON b.journey_type_id = jt.id\nLEFT JOIN subsidiaries s ON b.subsidiary_id = s.id\nLEFT JOIN vehicle_types vt ON b.vehicle_type_id = vt.id\nLEFT JOIN payment_types pt ON b.payment_type_id = pt.id\nLEFT JOIN accounts a ON b.account_id = a.id\nLEFT JOIN drivers d ON b.driver_id = d.id\nLEFT JOIN vehicles v ON d.vehicle_id = v.id\nLEFT JOIN customers c ON b.customer_id = c.id\nLEFT JOIN employees e ON b.employee_id = e.id\nLEFT JOIN locations lp\n  ON lp.location_type_id = 2\n AND b.pickup ILIKE '%' || lp.name || '%'\n\nLEFT JOIN locations ld\n  ON ld.location_type_id = 2\n AND b.dropoff ILIKE '%' || ld.name || '%'\nLEFT JOIN location_types ltp ON lp.location_type_id = ltp.id\nLEFT JOIN location_types ltd ON ld.location_type_id = ltd.id\n\n\n\n    WHERE b.id = $1\n  ","timestamp":"2026-07-27T18:02:42.942Z"}
{"duration":1,"level":"info","message":"db-query","rows":1,"text":"SELECT fcm_token FROM drivers WHERE id = $1","timestamp":"2026-07-27T18:02:42.944Z"}
{"level":"info","message":"POST /api/bookings/assign-future-booking 200 753.807 ms","timestamp":"2026-07-27T18:02:43.583Z"}
{"duration":6,"level":"info","message":"db-query","rows":26,"text":"SELECT * FROM location_types","timestamp":"2026-07-27T18:14:41.204Z"}
{"level":"info","message":"GET /api/location-types 200 13.355 ms","timestamp":"2026-07-27T18:14:41.212Z"}
{"duration":55,"level":"info","message":"db-query","rows":26,"text":"SELECT * FROM location_types","timestamp":"2026-07-27T18:14:41.255Z"}
{"level":"info","message":"GET /api/location-types 200 57.124 ms","timestamp":"2026-07-27T18:14:41.257Z"}
{"duration":13,"level":"info","message":"db-query","rows":26,"text":"SELECT * FROM location_types","timestamp":"2026-07-27T18:14:45.959Z"}
{"level":"info","message":"GET /api/location-types 200 21.316 ms","timestamp":"2026-07-27T18:14:45.968Z"}
{"duration":56,"level":"info","message":"db-query","rows":26,"text":"SELECT * FROM location_types","timestamp":"2026-07-27T18:14:46.007Z"}
{"level":"info","message":"GET /api/location-types 200 57.483 ms","timestamp":"2026-07-27T18:14:46.008Z"}
{"duration":80,"level":"info","message":"db-query","rows":3,"text":"\n    SELECT\n      d.id,\n      d.username,\n\n      d.end_date,\n      d.phc_driver_expiry,\n\n      d.mot_expiry,\n      d.mot2_expiry,\n      d.insurance_expiry,\n      d.licence_expiry\n\n    FROM drivers d\n    \n    WHERE (\n    (d.end_date IS NOT NULL\n        AND d.end_date <> ''\n        AND TO_DATE(d.end_date, 'YYYY-MM-DD') <= CURRENT_DATE)\n\n OR (d.phc_driver_expiry IS NOT NULL\n        AND d.phc_driver_expiry <> ''\n        AND TO_DATE(d.phc_driver_expiry, 'YYYY-MM-DD') <= CURRENT_DATE)\n\n OR (d.mot_expiry IS NOT NULL\n        AND d.mot_expiry <> ''\n        AND TO_DATE(d.mot_expiry, 'YYYY-MM-DD') <= CURRENT_DATE)\n\n OR (d.mot2_expiry IS NOT NULL\n        AND d.mot2_expiry <> ''\n        AND TO_DATE(d.mot2_expiry, 'YYYY-MM-DD') <= CURRENT_DATE)\n\n OR (d.insurance_expiry IS NOT NULL\n        AND d.insurance_expiry <> ''\n        AND TO_DATE(d.insurance_expiry, 'YYYY-MM-DD') <= CURRENT_DATE)\n\n OR (d.licence_expiry IS NOT NULL\n        AND d.licence_expiry <> ''\n        AND TO_DATE(d.licence_expiry, 'YYYY-MM-DD') <= CURRENT_DATE)\n)\n  \n    ORDER BY d.username ASC\n  ","timestamp":"2026-07-27T18:22:03.146Z"}
{"level":"info","message":"GET /api/drivers/driver-expiry-documents 200 82.409 ms","timestamp":"2026-07-27T18:22:03.148Z"}
{"duration":5,"level":"info","message":"db-query","rows":26,"text":"SELECT * FROM location_types","timestamp":"2026-07-27T18:32:35.277Z"}
{"level":"info","message":"GET /api/location-types 200 12.118 ms","timestamp":"2026-07-27T18:32:35.285Z"}
{"duration":167,"level":"info","message":"db-query","rows":26,"text":"SELECT * FROM location_types","timestamp":"2026-07-27T18:32:35.440Z"}
{"level":"info","message":"GET /api/location-types 200 190.917 ms","timestamp":"2026-07-27T18:32:35.465Z"}
{"duration":7,"level":"info","message":"db-query","rows":26,"text":"SELECT * FROM location_types","timestamp":"2026-07-27T18:32:38.558Z"}
{"level":"info","message":"GET /api/location-types 200 16.699 ms","timestamp":"2026-07-27T18:32:38.567Z"}
{"duration":58,"level":"info","message":"db-query","rows":26,"text":"SELECT * FROM location_types","timestamp":"2026-07-27T18:32:38.611Z"}
{"level":"info","message":"GET /api/location-types 200 59.315 ms","timestamp":"2026-07-27T18:32:38.613Z"}
{"duration":7,"level":"info","message":"db-query","rows":26,"text":"SELECT * FROM location_types","timestamp":"2026-07-27T18:32:47.168Z"}
{"level":"info","message":"GET /api/location-types 200 16.484 ms","timestamp":"2026-07-27T18:32:47.177Z"}
{"duration":68,"level":"info","message":"db-query","rows":26,"text":"SELECT * FROM location_types","timestamp":"2026-07-27T18:32:47.232Z"}
{"level":"info","message":"GET /api/location-types 200 69.203 ms","timestamp":"2026-07-27T18:32:47.233Z"}
{"duration":13,"level":"info","message":"db-query","rows":26,"text":"SELECT * FROM location_types","timestamp":"2026-07-27T18:32:56.158Z"}
{"level":"info","message":"GET /api/location-types 200 23.817 ms","timestamp":"2026-07-27T18:32:56.168Z"}
{"duration":61,"level":"info","message":"db-query","rows":26,"text":"SELECT * FROM location_types","timestamp":"2026-07-27T18:32:56.209Z"}
{"level":"info","message":"GET /api/location-types 200 62.935 ms","timestamp":"2026-07-27T18:32:56.211Z"}
{"duration":6,"level":"info","message":"db-query","rows":26,"text":"SELECT * FROM location_types","timestamp":"2026-07-27T18:33:07.642Z"}
{"level":"info","message":"GET /api/location-types 200 12.313 ms","timestamp":"2026-07-27T18:33:07.653Z"}
{"duration":51,"level":"info","message":"db-query","rows":26,"text":"SELECT * FROM location_types","timestamp":"2026-07-27T18:33:07.690Z"}
{"level":"info","message":"GET /api/location-types 200 52.812 ms","timestamp":"2026-07-27T18:33:07.692Z"}
{"duration":4,"level":"info","message":"db-query","rows":2,"text":"\n    SELECT\n      d.id,\n      d.username,\n\n      d.phc_vehicle_expiry,\n      d.phc_driver_expiry,\n\n      d.mot_expiry,\n      d.mot2_expiry,\n      d.insurance_expiry,\n      d.licence_expiry\n\n    FROM drivers d\n    \n    WHERE (\n    (d.phc_vehicle_expiry IS NOT NULL\n        AND d.phc_vehicle_expiry <> ''\n        AND TO_DATE(d.phc_vehicle_expiry, 'YYYY-MM-DD') <= CURRENT_DATE)\n\n OR (d.phc_driver_expiry IS NOT NULL\n        AND d.phc_driver_expiry <> ''\n        AND TO_DATE(d.phc_driver_expiry, 'YYYY-MM-DD') <= CURRENT_DATE)\n\n OR (d.mot_expiry IS NOT NULL\n        AND d.mot_expiry <> ''\n        AND TO_DATE(d.mot_expiry, 'YYYY-MM-DD') <= CURRENT_DATE)\n\n OR (d.mot2_expiry IS NOT NULL\n        AND d.mot2_expiry <> ''\n        AND TO_DATE(d.mot2_expiry, 'YYYY-MM-DD') <= CURRENT_DATE)\n\n OR (d.insurance_expiry IS NOT NULL\n        AND d.insurance_expiry <> ''\n        AND TO_DATE(d.insurance_expiry, 'YYYY-MM-DD') <= CURRENT_DATE)\n\n OR (d.licence_expiry IS NOT NULL\n        AND d.licence_expiry <> ''\n        AND TO_DATE(d.licence_expiry, 'YYYY-MM-DD') <= CURRENT_DATE)\n)\n  \n    ORDER BY d.username ASC\n  ","timestamp":"2026-07-27T18:33:08.791Z"}
{"level":"info","message":"GET /api/drivers/driver-expiry-documents 200 6.866 ms","timestamp":"2026-07-27T18:33:08.793Z"}
{"duration":55,"level":"info","message":"db-query","rows":2,"text":"\n    SELECT\n      d.id,\n      d.username,\n\n      d.phc_vehicle_expiry,\n      d.phc_driver_expiry,\n\n      d.mot_expiry,\n      d.mot2_expiry,\n      d.insurance_expiry,\n      d.licence_expiry\n\n    FROM drivers d\n    \n    WHERE (\n    (d.phc_vehicle_expiry IS NOT NULL\n        AND d.phc_vehicle_expiry <> ''\n        AND TO_DATE(d.phc_vehicle_expiry, 'YYYY-MM-DD') <= CURRENT_DATE)\n\n OR (d.phc_driver_expiry IS NOT NULL\n        AND d.phc_driver_expiry <> ''\n        AND TO_DATE(d.phc_driver_expiry, 'YYYY-MM-DD') <= CURRENT_DATE)\n\n OR (d.mot_expiry IS NOT NULL\n        AND d.mot_expiry <> ''\n        AND TO_DATE(d.mot_expiry, 'YYYY-MM-DD') <= CURRENT_DATE)\n\n OR (d.mot2_expiry IS NOT NULL\n        AND d.mot2_expiry <> ''\n        AND TO_DATE(d.mot2_expiry, 'YYYY-MM-DD') <= CURRENT_DATE)\n\n OR (d.insurance_expiry IS NOT NULL\n        AND d.insurance_expiry <> ''\n        AND TO_DATE(d.insurance_expiry, 'YYYY-MM-DD') <= CURRENT_DATE)\n\n OR (d.licence_expiry IS NOT NULL\n        AND d.licence_expiry <> ''\n        AND TO_DATE(d.licence_expiry, 'YYYY-MM-DD') <= CURRENT_DATE)\n)\n  \n    ORDER BY d.username ASC\n  ","timestamp":"2026-07-27T18:33:36.508Z"}
{"level":"info","message":"GET /api/drivers/driver-expiry-documents 200 57.228 ms","timestamp":"2026-07-27T18:33:36.510Z"}
{"duration":50,"level":"info","message":"db-query","rows":0,"text":"\n    SELECT\n      d.id,\n      d.username,\n\n      d.phc_vehicle_expiry,\n      d.phc_driver_expiry,\n\n      d.mot_expiry,\n      d.mot2_expiry,\n      d.insurance_expiry,\n      d.licence_expiry\n\n    FROM drivers d\n    \n    WHERE (\n    (d.phc_vehicle_expiry IS NOT NULL\n        AND d.phc_vehicle_expiry <> ''\n        AND TO_DATE(d.phc_vehicle_expiry, 'YYYY-MM-DD') <= CURRENT_DATE)\n\n OR (d.phc_driver_expiry IS NOT NULL\n        AND d.phc_driver_expiry <> ''\n        AND TO_DATE(d.phc_driver_expiry, 'YYYY-MM-DD') <= CURRENT_DATE)\n\n OR (d.mot_expiry IS NOT NULL\n        AND d.mot_expiry <> ''\n        AND TO_DATE(d.mot_expiry, 'YYYY-MM-DD') <= CURRENT_DATE)\n\n OR (d.mot2_expiry IS NOT NULL\n        AND d.mot2_expiry <> ''\n        AND TO_DATE(d.mot2_expiry, 'YYYY-MM-DD') <= CURRENT_DATE)\n\n OR (d.insurance_expiry IS NOT NULL\n        AND d.insurance_expiry <> ''\n        AND TO_DATE(d.insurance_expiry, 'YYYY-MM-DD') <= CURRENT_DATE)\n\n OR (d.licence_expiry IS NOT NULL\n        AND d.licence_expiry <> ''\n        AND TO_DATE(d.licence_expiry, 'YYYY-MM-DD') <= CURRENT_DATE)\n)\n  \n    ORDER BY d.username ASC\n  ","timestamp":"2026-07-27T18:34:16.114Z"}
{"level":"info","message":"GET /api/drivers/driver-expiry-documents 200 51.609 ms","timestamp":"2026-07-27T18:34:16.116Z"}
{"duration":159,"level":"info","message":"db-query","rows":1,"text":"\n    SELECT\n      d.id,\n      d.username,\n\n      d.phc_vehicle_expiry,\n      d.phc_driver_expiry,\n\n      d.mot_expiry,\n      d.mot2_expiry,\n      d.insurance_expiry,\n      d.licence_expiry\n\n    FROM drivers d\n    \n    WHERE (\n    (d.phc_vehicle_expiry IS NOT NULL\n        AND d.phc_vehicle_expiry <> ''\n        AND TO_DATE(d.phc_vehicle_expiry, 'YYYY-MM-DD') <= CURRENT_DATE)\n\n OR (d.phc_driver_expiry IS NOT NULL\n        AND d.phc_driver_expiry <> ''\n        AND TO_DATE(d.phc_driver_expiry, 'YYYY-MM-DD') <= CURRENT_DATE)\n\n OR (d.mot_expiry IS NOT NULL\n        AND d.mot_expiry <> ''\n        AND TO_DATE(d.mot_expiry, 'YYYY-MM-DD') <= CURRENT_DATE)\n\n OR (d.mot2_expiry IS NOT NULL\n        AND d.mot2_expiry <> ''\n        AND TO_DATE(d.mot2_expiry, 'YYYY-MM-DD') <= CURRENT_DATE)\n\n OR (d.insurance_expiry IS NOT NULL\n        AND d.insurance_expiry <> ''\n        AND TO_DATE(d.insurance_expiry, 'YYYY-MM-DD') <= CURRENT_DATE)\n\n OR (d.licence_expiry IS NOT NULL\n        AND d.licence_expiry <> ''\n        AND TO_DATE(d.licence_expiry, 'YYYY-MM-DD') <= CURRENT_DATE)\n)\n  \n    ORDER BY d.username ASC\n  ","timestamp":"2026-07-27T18:34:37.840Z"}
{"level":"info","message":"GET /api/drivers/driver-expiry-documents 200 159.823 ms","timestamp":"2026-07-27T18:34:37.841Z"}
{"duration":49,"level":"info","message":"db-query","rows":0,"text":"\n    SELECT\n      d.id,\n      d.username,\n\n      d.phc_vehicle_expiry,\n      d.phc_driver_expiry,\n\n      d.mot_expiry,\n      d.mot2_expiry,\n      d.insurance_expiry,\n      d.licence_expiry\n\n    FROM drivers d\n    \n    WHERE (\n    (d.phc_vehicle_expiry IS NOT NULL\n        AND d.phc_vehicle_expiry <> ''\n        AND TO_DATE(d.phc_vehicle_expiry, 'YYYY-MM-DD') <= CURRENT_DATE)\n\n OR (d.phc_driver_expiry IS NOT NULL\n        AND d.phc_driver_expiry <> ''\n        AND TO_DATE(d.phc_driver_expiry, 'YYYY-MM-DD') <= CURRENT_DATE)\n\n OR (d.mot_expiry IS NOT NULL\n        AND d.mot_expiry <> ''\n        AND TO_DATE(d.mot_expiry, 'YYYY-MM-DD') <= CURRENT_DATE)\n\n OR (d.mot2_expiry IS NOT NULL\n        AND d.mot2_expiry <> ''\n        AND TO_DATE(d.mot2_expiry, 'YYYY-MM-DD') <= CURRENT_DATE)\n\n OR (d.insurance_expiry IS NOT NULL\n        AND d.insurance_expiry <> ''\n        AND TO_DATE(d.insurance_expiry, 'YYYY-MM-DD') <= CURRENT_DATE)\n\n OR (d.licence_expiry IS NOT NULL\n        AND d.licence_expiry <> ''\n        AND TO_DATE(d.licence_expiry, 'YYYY-MM-DD') <= CURRENT_DATE)\n)\n  \n    ORDER BY d.username ASC\n  ","timestamp":"2026-07-27T18:34:52.509Z"}
{"level":"info","message":"GET /api/drivers/driver-expiry-documents 200 50.014 ms","timestamp":"2026-07-27T18:34:52.511Z"}
