{"duration":2937,"level":"info","message":"db-query","rows":26,"text":"SELECT * FROM location_types","timestamp":"2026-09-07T10:46:43.568Z"}
{"level":"info","message":"GET /api/location-types 200 2943.542 ms","timestamp":"2026-09-07T10:46:43.575Z"}
{"duration":2949,"level":"info","message":"db-query","rows":26,"text":"SELECT * FROM location_types","timestamp":"2026-09-07T10:46:43.577Z"}
{"level":"info","message":"GET /api/location-types 200 2951.476 ms","timestamp":"2026-09-07T10:46:43.579Z"}
{"duration":100,"level":"info","message":"db-query","rows":0,"text":"\n      SELECT company_id, driver_id \n      FROM driver_sinbins \n      WHERE is_active = TRUE \n      AND (updated_at + (sinbin_time || ' minutes')::INTERVAL) <= CURRENT_TIMESTAMP;\n    ","timestamp":"2026-09-07T10:47:00.112Z"}
{"duration":68,"level":"info","message":"db-query","rows":0,"text":"\n      SELECT company_id, driver_id \n      FROM driver_sinbins \n      WHERE is_active = TRUE \n      AND (updated_at + (sinbin_time || ' minutes')::INTERVAL) <= CURRENT_TIMESTAMP;\n    ","timestamp":"2026-09-07T10:48:00.071Z"}
{"duration":131,"level":"info","message":"db-query","rows":0,"text":"\n      SELECT company_id, driver_id \n      FROM driver_sinbins \n      WHERE is_active = TRUE \n      AND (updated_at + (sinbin_time || ' minutes')::INTERVAL) <= CURRENT_TIMESTAMP;\n    ","timestamp":"2026-09-07T10:49:00.135Z"}
{"duration":86,"level":"info","message":"db-query","rows":5,"text":"SELECT id, name FROM template_types WHERE company_id = $1 ORDER BY id ASC","timestamp":"2026-09-07T10:49:13.831Z"}
{"level":"info","message":"GET /api/templates/template_types?company_id=1 200 87.899 ms","timestamp":"2026-09-07T10:49:13.833Z"}
{"duration":1,"level":"info","message":"db-query","rows":0,"text":"SELECT id, name FROM template_types WHERE company_id = $1 ORDER BY id ASC","timestamp":"2026-09-07T10:49:17.625Z"}
{"level":"info","message":"GET /api/templates/template_types?company_id=3 200 2.944 ms","timestamp":"2026-09-07T10:49:17.626Z"}
{"duration":53,"level":"info","message":"db-query","rows":5,"text":"SELECT id, name FROM template_types WHERE company_id = $1 ORDER BY id ASC","timestamp":"2026-09-07T10:49:28.503Z"}
{"level":"info","message":"GET /api/templates/template_types?company_id=1 200 54.369 ms","timestamp":"2026-09-07T10:49:28.504Z"}
{"duration":5,"level":"info","message":"db-query","rows":9,"text":"SELECT id, name \n       FROM templates \n       WHERE template_type_id = $1 AND company_id = $2\n       ORDER BY id ASC","timestamp":"2026-09-07T10:49:34.637Z"}
{"level":"info","message":"GET /api/templates/get_templates_by_types?template_type_id=2&company_id=1 200 5.691 ms","timestamp":"2026-09-07T10:49:34.638Z"}
{"duration":52,"level":"info","message":"db-query","rows":0,"text":"SELECT id, name \n       FROM templates \n       WHERE template_type_id = $1 AND company_id = $2\n       ORDER BY id ASC","timestamp":"2026-09-07T10:49:50.165Z"}
{"level":"info","message":"GET /api/templates/get_templates_by_types?template_type_id=2&company_id=3 200 52.716 ms","timestamp":"2026-09-07T10:49:50.166Z"}
{"duration":3,"level":"info","message":"db-query","rows":0,"text":"\n      SELECT company_id, driver_id \n      FROM driver_sinbins \n      WHERE is_active = TRUE \n      AND (updated_at + (sinbin_time || ' minutes')::INTERVAL) <= CURRENT_TIMESTAMP;\n    ","timestamp":"2026-09-07T10:50:00.018Z"}
{"duration":1951,"level":"info","message":"db-query","rows":1,"text":"SELECT \n        t.id,\n        t.template_type_id,\n        t.name,\n        t.subject,\n        t.content,\n        t.body,\n        tt.id as template_type_id,\n        tt.name as template_type_name\n       FROM templates t\n       JOIN template_types tt ON t.template_type_id = tt.id\n       WHERE t.id = $1","timestamp":"2026-09-07T10:50:08.287Z"}
{"level":"info","message":"GET /api/templates/template_setting?id=16 200 1952.228 ms","timestamp":"2026-09-07T10:50:08.288Z"}
{"duration":160,"level":"info","message":"db-query","rows":0,"text":"\n      SELECT company_id, driver_id \n      FROM driver_sinbins \n      WHERE is_active = TRUE \n      AND (updated_at + (sinbin_time || ' minutes')::INTERVAL) <= CURRENT_TIMESTAMP;\n    ","timestamp":"2026-09-07T10:51:00.172Z"}
{"duration":55,"level":"info","message":"db-query","rows":0,"text":"\n      SELECT company_id, driver_id \n      FROM driver_sinbins \n      WHERE is_active = TRUE \n      AND (updated_at + (sinbin_time || ' minutes')::INTERVAL) <= CURRENT_TIMESTAMP;\n    ","timestamp":"2026-09-07T10:52:00.070Z"}
{"duration":169,"level":"info","message":"db-query","rows":0,"text":"\n      SELECT company_id, driver_id \n      FROM driver_sinbins \n      WHERE is_active = TRUE \n      AND (updated_at + (sinbin_time || ' minutes')::INTERVAL) <= CURRENT_TIMESTAMP;\n    ","timestamp":"2026-09-07T10:53:00.183Z"}
{"duration":168,"level":"info","message":"db-query","rows":0,"text":"\n      SELECT company_id, driver_id \n      FROM driver_sinbins \n      WHERE is_active = TRUE \n      AND (updated_at + (sinbin_time || ' minutes')::INTERVAL) <= CURRENT_TIMESTAMP;\n    ","timestamp":"2026-09-07T10:54:00.183Z"}
{"duration":90,"level":"info","message":"db-query","rows":0,"text":"\n      SELECT company_id, driver_id \n      FROM driver_sinbins \n      WHERE is_active = TRUE \n      AND (updated_at + (sinbin_time || ' minutes')::INTERVAL) <= CURRENT_TIMESTAMP;\n    ","timestamp":"2026-09-07T10:55:00.106Z"}
{"duration":94,"level":"info","message":"db-query","rows":0,"text":"\n      SELECT company_id, driver_id \n      FROM driver_sinbins \n      WHERE is_active = TRUE \n      AND (updated_at + (sinbin_time || ' minutes')::INTERVAL) <= CURRENT_TIMESTAMP;\n    ","timestamp":"2026-09-07T10:56:00.098Z"}
{"duration":54,"level":"info","message":"db-query","rows":0,"text":"\n      SELECT company_id, driver_id \n      FROM driver_sinbins \n      WHERE is_active = TRUE \n      AND (updated_at + (sinbin_time || ' minutes')::INTERVAL) <= CURRENT_TIMESTAMP;\n    ","timestamp":"2026-09-07T10:57:00.063Z"}
{"duration":58,"level":"info","message":"db-query","rows":0,"text":"\n      SELECT company_id, driver_id \n      FROM driver_sinbins \n      WHERE is_active = TRUE \n      AND (updated_at + (sinbin_time || ' minutes')::INTERVAL) <= CURRENT_TIMESTAMP;\n    ","timestamp":"2026-09-07T10:58:00.072Z"}
{"duration":60,"level":"info","message":"db-query","rows":0,"text":"\n      SELECT company_id, driver_id \n      FROM driver_sinbins \n      WHERE is_active = TRUE \n      AND (updated_at + (sinbin_time || ' minutes')::INTERVAL) <= CURRENT_TIMESTAMP;\n    ","timestamp":"2026-09-07T10:59:00.063Z"}
{"duration":59,"level":"info","message":"db-query","rows":0,"text":"\n      SELECT company_id, driver_id \n      FROM driver_sinbins \n      WHERE is_active = TRUE \n      AND (updated_at + (sinbin_time || ' minutes')::INTERVAL) <= CURRENT_TIMESTAMP;\n    ","timestamp":"2026-09-07T11:00:00.072Z"}
{"duration":56,"level":"info","message":"db-query","rows":0,"text":"\n      SELECT company_id, driver_id \n      FROM driver_sinbins \n      WHERE is_active = TRUE \n      AND (updated_at + (sinbin_time || ' minutes')::INTERVAL) <= CURRENT_TIMESTAMP;\n    ","timestamp":"2026-09-07T11:01:00.068Z"}
{"duration":60,"level":"info","message":"db-query","rows":0,"text":"\n      SELECT company_id, driver_id \n      FROM driver_sinbins \n      WHERE is_active = TRUE \n      AND (updated_at + (sinbin_time || ' minutes')::INTERVAL) <= CURRENT_TIMESTAMP;\n    ","timestamp":"2026-09-07T11:02:00.062Z"}
{"duration":13841,"level":"info","message":"db-query","rows":0,"text":"\n      SELECT company_id, driver_id \n      FROM driver_sinbins \n      WHERE is_active = TRUE \n      AND (updated_at + (sinbin_time || ' minutes')::INTERVAL) <= CURRENT_TIMESTAMP;\n    ","timestamp":"2026-09-07T11:03:13.856Z"}
{"duration":62,"level":"info","message":"db-query","rows":0,"text":"\n      SELECT company_id, driver_id \n      FROM driver_sinbins \n      WHERE is_active = TRUE \n      AND (updated_at + (sinbin_time || ' minutes')::INTERVAL) <= CURRENT_TIMESTAMP;\n    ","timestamp":"2026-09-07T11:04:00.076Z"}
{"duration":61,"level":"info","message":"db-query","rows":0,"text":"\n      SELECT company_id, driver_id \n      FROM driver_sinbins \n      WHERE is_active = TRUE \n      AND (updated_at + (sinbin_time || ' minutes')::INTERVAL) <= CURRENT_TIMESTAMP;\n    ","timestamp":"2026-09-07T11:05:00.074Z"}
{"duration":57,"level":"info","message":"db-query","rows":0,"text":"\n      SELECT company_id, driver_id \n      FROM driver_sinbins \n      WHERE is_active = TRUE \n      AND (updated_at + (sinbin_time || ' minutes')::INTERVAL) <= CURRENT_TIMESTAMP;\n    ","timestamp":"2026-09-07T11:06:00.071Z"}
{"duration":55,"level":"info","message":"db-query","rows":0,"text":"\n      SELECT company_id, driver_id \n      FROM driver_sinbins \n      WHERE is_active = TRUE \n      AND (updated_at + (sinbin_time || ' minutes')::INTERVAL) <= CURRENT_TIMESTAMP;\n    ","timestamp":"2026-09-07T11:07:00.060Z"}
{"duration":53,"level":"info","message":"db-query","rows":0,"text":"\n      SELECT company_id, driver_id \n      FROM driver_sinbins \n      WHERE is_active = TRUE \n      AND (updated_at + (sinbin_time || ' minutes')::INTERVAL) <= CURRENT_TIMESTAMP;\n    ","timestamp":"2026-09-07T11:08:00.063Z"}
{"duration":61,"level":"info","message":"db-query","rows":0,"text":"\n      SELECT company_id, driver_id \n      FROM driver_sinbins \n      WHERE is_active = TRUE \n      AND (updated_at + (sinbin_time || ' minutes')::INTERVAL) <= CURRENT_TIMESTAMP;\n    ","timestamp":"2026-09-07T11:09:00.067Z"}
{"duration":180,"level":"info","message":"db-query","rows":0,"text":"\n      SELECT company_id, driver_id \n      FROM driver_sinbins \n      WHERE is_active = TRUE \n      AND (updated_at + (sinbin_time || ' minutes')::INTERVAL) <= CURRENT_TIMESTAMP;\n    ","timestamp":"2026-09-07T11:10:00.194Z"}
{"duration":151,"level":"info","message":"db-query","rows":0,"text":"\n      SELECT company_id, driver_id \n      FROM driver_sinbins \n      WHERE is_active = TRUE \n      AND (updated_at + (sinbin_time || ' minutes')::INTERVAL) <= CURRENT_TIMESTAMP;\n    ","timestamp":"2026-09-07T11:11:00.162Z"}
{"duration":58,"level":"info","message":"db-query","rows":0,"text":"\n      SELECT company_id, driver_id \n      FROM driver_sinbins \n      WHERE is_active = TRUE \n      AND (updated_at + (sinbin_time || ' minutes')::INTERVAL) <= CURRENT_TIMESTAMP;\n    ","timestamp":"2026-09-07T11:12:00.074Z"}
{"duration":52,"level":"info","message":"db-query","rows":0,"text":"\n      SELECT company_id, driver_id \n      FROM driver_sinbins \n      WHERE is_active = TRUE \n      AND (updated_at + (sinbin_time || ' minutes')::INTERVAL) <= CURRENT_TIMESTAMP;\n    ","timestamp":"2026-09-07T11:13:00.065Z"}
{"duration":151,"level":"info","message":"db-query","rows":0,"text":"\n      SELECT company_id, driver_id \n      FROM driver_sinbins \n      WHERE is_active = TRUE \n      AND (updated_at + (sinbin_time || ' minutes')::INTERVAL) <= CURRENT_TIMESTAMP;\n    ","timestamp":"2026-09-07T11:14:00.163Z"}
{"duration":56,"level":"info","message":"db-query","rows":0,"text":"\n      SELECT company_id, driver_id \n      FROM driver_sinbins \n      WHERE is_active = TRUE \n      AND (updated_at + (sinbin_time || ' minutes')::INTERVAL) <= CURRENT_TIMESTAMP;\n    ","timestamp":"2026-09-07T11:15:00.063Z"}
{"duration":52,"level":"info","message":"db-query","rows":0,"text":"\n      SELECT company_id, driver_id \n      FROM driver_sinbins \n      WHERE is_active = TRUE \n      AND (updated_at + (sinbin_time || ' minutes')::INTERVAL) <= CURRENT_TIMESTAMP;\n    ","timestamp":"2026-09-07T11:16:00.064Z"}
{"duration":56,"level":"info","message":"db-query","rows":0,"text":"\n      SELECT company_id, driver_id \n      FROM driver_sinbins \n      WHERE is_active = TRUE \n      AND (updated_at + (sinbin_time || ' minutes')::INTERVAL) <= CURRENT_TIMESTAMP;\n    ","timestamp":"2026-09-07T11:17:00.071Z"}
{"duration":164,"level":"info","message":"db-query","rows":0,"text":"\n      SELECT company_id, driver_id \n      FROM driver_sinbins \n      WHERE is_active = TRUE \n      AND (updated_at + (sinbin_time || ' minutes')::INTERVAL) <= CURRENT_TIMESTAMP;\n    ","timestamp":"2026-09-07T11:18:00.177Z"}
{"duration":53,"level":"info","message":"db-query","rows":0,"text":"\n      SELECT company_id, driver_id \n      FROM driver_sinbins \n      WHERE is_active = TRUE \n      AND (updated_at + (sinbin_time || ' minutes')::INTERVAL) <= CURRENT_TIMESTAMP;\n    ","timestamp":"2026-09-07T11:19:00.065Z"}
{"duration":57,"level":"info","message":"db-query","rows":0,"text":"\n      SELECT company_id, driver_id \n      FROM driver_sinbins \n      WHERE is_active = TRUE \n      AND (updated_at + (sinbin_time || ' minutes')::INTERVAL) <= CURRENT_TIMESTAMP;\n    ","timestamp":"2026-09-07T11:20:00.060Z"}
{"duration":55,"level":"info","message":"db-query","rows":0,"text":"\n      SELECT company_id, driver_id \n      FROM driver_sinbins \n      WHERE is_active = TRUE \n      AND (updated_at + (sinbin_time || ' minutes')::INTERVAL) <= CURRENT_TIMESTAMP;\n    ","timestamp":"2026-09-07T11:21:00.067Z"}
{"duration":53,"level":"info","message":"db-query","rows":0,"text":"\n      SELECT company_id, driver_id \n      FROM driver_sinbins \n      WHERE is_active = TRUE \n      AND (updated_at + (sinbin_time || ' minutes')::INTERVAL) <= CURRENT_TIMESTAMP;\n    ","timestamp":"2026-09-07T11:22:00.062Z"}
{"duration":58,"level":"info","message":"db-query","rows":0,"text":"\n      SELECT company_id, driver_id \n      FROM driver_sinbins \n      WHERE is_active = TRUE \n      AND (updated_at + (sinbin_time || ' minutes')::INTERVAL) <= CURRENT_TIMESTAMP;\n    ","timestamp":"2026-09-07T11:23:00.075Z"}
{"duration":56,"level":"info","message":"db-query","rows":0,"text":"\n      SELECT company_id, driver_id \n      FROM driver_sinbins \n      WHERE is_active = TRUE \n      AND (updated_at + (sinbin_time || ' minutes')::INTERVAL) <= CURRENT_TIMESTAMP;\n    ","timestamp":"2026-09-07T11:24:00.070Z"}
{"duration":57,"level":"info","message":"db-query","rows":0,"text":"\n      SELECT company_id, driver_id \n      FROM driver_sinbins \n      WHERE is_active = TRUE \n      AND (updated_at + (sinbin_time || ' minutes')::INTERVAL) <= CURRENT_TIMESTAMP;\n    ","timestamp":"2026-09-07T11:25:00.061Z"}
{"duration":57,"level":"info","message":"db-query","rows":0,"text":"\n      SELECT company_id, driver_id \n      FROM driver_sinbins \n      WHERE is_active = TRUE \n      AND (updated_at + (sinbin_time || ' minutes')::INTERVAL) <= CURRENT_TIMESTAMP;\n    ","timestamp":"2026-09-07T11:26:00.066Z"}
{"duration":163,"level":"info","message":"db-query","rows":0,"text":"\n      SELECT company_id, driver_id \n      FROM driver_sinbins \n      WHERE is_active = TRUE \n      AND (updated_at + (sinbin_time || ' minutes')::INTERVAL) <= CURRENT_TIMESTAMP;\n    ","timestamp":"2026-09-07T11:27:00.168Z"}
{"duration":56,"level":"info","message":"db-query","rows":0,"text":"\n      SELECT company_id, driver_id \n      FROM driver_sinbins \n      WHERE is_active = TRUE \n      AND (updated_at + (sinbin_time || ' minutes')::INTERVAL) <= CURRENT_TIMESTAMP;\n    ","timestamp":"2026-09-07T11:28:00.071Z"}
{"duration":53,"level":"info","message":"db-query","rows":0,"text":"\n      SELECT company_id, driver_id \n      FROM driver_sinbins \n      WHERE is_active = TRUE \n      AND (updated_at + (sinbin_time || ' minutes')::INTERVAL) <= CURRENT_TIMESTAMP;\n    ","timestamp":"2026-09-07T11:29:00.067Z"}
{"duration":53,"level":"info","message":"db-query","rows":0,"text":"\n      SELECT company_id, driver_id \n      FROM driver_sinbins \n      WHERE is_active = TRUE \n      AND (updated_at + (sinbin_time || ' minutes')::INTERVAL) <= CURRENT_TIMESTAMP;\n    ","timestamp":"2026-09-07T11:30:00.064Z"}
{"duration":63,"level":"info","message":"db-query","rows":0,"text":"\n      SELECT company_id, driver_id \n      FROM driver_sinbins \n      WHERE is_active = TRUE \n      AND (updated_at + (sinbin_time || ' minutes')::INTERVAL) <= CURRENT_TIMESTAMP;\n    ","timestamp":"2026-09-07T11:31:00.072Z"}
{"duration":93,"level":"info","message":"db-query","rows":1,"text":"SELECT \n        t.id,\n        t.template_type_id,\n        t.name,\n        t.subject,\n        t.content,\n        t.body,\n        tt.id as template_type_id,\n        tt.name as template_type_name\n       FROM templates t\n       JOIN template_types tt ON t.template_type_id = tt.id\n       WHERE t.id = $1","timestamp":"2026-09-07T11:31:51.274Z"}
{"duration":49,"level":"info","message":"db-query","rows":1,"text":"UPDATE templates \n       SET template_type_id = $1,\n           name = $2,\n           subject = $3,\n           content = $4,\n           body = $5,\n           updated_at = CURRENT_TIMESTAMP\n       WHERE id = $6\n       RETURNING *","timestamp":"2026-09-07T11:31:51.325Z"}
{"level":"info","message":"POST /api/templates/edit_templates/16 200 166.930 ms","timestamp":"2026-09-07T11:31:51.347Z"}
{"duration":3,"level":"info","message":"db-query","rows":0,"text":"\n      SELECT company_id, driver_id \n      FROM driver_sinbins \n      WHERE is_active = TRUE \n      AND (updated_at + (sinbin_time || ' minutes')::INTERVAL) <= CURRENT_TIMESTAMP;\n    ","timestamp":"2026-09-07T11:32:00.009Z"}
{"duration":58,"level":"info","message":"db-query","rows":0,"text":"\n      SELECT company_id, driver_id \n      FROM driver_sinbins \n      WHERE is_active = TRUE \n      AND (updated_at + (sinbin_time || ' minutes')::INTERVAL) <= CURRENT_TIMESTAMP;\n    ","timestamp":"2026-09-07T11:33:00.070Z"}
{"duration":74,"level":"info","message":"db-query","rows":0,"text":"\n      SELECT company_id, driver_id \n      FROM driver_sinbins \n      WHERE is_active = TRUE \n      AND (updated_at + (sinbin_time || ' minutes')::INTERVAL) <= CURRENT_TIMESTAMP;\n    ","timestamp":"2026-09-07T11:34:00.083Z"}
{"duration":58,"level":"info","message":"db-query","rows":0,"text":"\n      SELECT company_id, driver_id \n      FROM driver_sinbins \n      WHERE is_active = TRUE \n      AND (updated_at + (sinbin_time || ' minutes')::INTERVAL) <= CURRENT_TIMESTAMP;\n    ","timestamp":"2026-09-07T11:35:00.069Z"}
{"duration":64,"level":"info","message":"db-query","rows":0,"text":"\n      SELECT company_id, driver_id \n      FROM driver_sinbins \n      WHERE is_active = TRUE \n      AND (updated_at + (sinbin_time || ' minutes')::INTERVAL) <= CURRENT_TIMESTAMP;\n    ","timestamp":"2026-09-07T11:36:00.075Z"}
{"duration":6,"level":"info","message":"db-query","rows":26,"text":"SELECT * FROM location_types","timestamp":"2026-09-07T11:37:05.111Z"}
{"level":"info","message":"GET /api/location-types 200 12.330 ms","timestamp":"2026-09-07T11:37:05.117Z"}
{"duration":70,"level":"info","message":"db-query","rows":26,"text":"SELECT * FROM location_types","timestamp":"2026-09-07T11:37:05.177Z"}
{"level":"info","message":"GET /api/location-types 200 71.580 ms","timestamp":"2026-09-07T11:37:05.179Z"}
{"duration":76,"level":"info","message":"db-query","rows":26,"text":"SELECT * FROM location_types","timestamp":"2026-09-07T12:56:53.528Z"}
{"level":"info","message":"GET /api/location-types 200 78.639 ms","timestamp":"2026-09-07T12:56:53.531Z"}
{"duration":9,"level":"info","message":"db-query","rows":26,"text":"SELECT * FROM location_types","timestamp":"2026-09-07T13:49:15.436Z"}
{"level":"info","message":"GET /api/location-types 200 20.990 ms","timestamp":"2026-09-07T13:49:15.447Z"}
{"duration":64,"level":"info","message":"db-query","rows":26,"text":"SELECT * FROM location_types","timestamp":"2026-09-07T13:49:15.495Z"}
{"level":"info","message":"GET /api/location-types 200 66.135 ms","timestamp":"2026-09-07T13:49:15.496Z"}
{"duration":6,"level":"info","message":"db-query","rows":26,"text":"SELECT * FROM location_types","timestamp":"2026-09-07T13:49:39.314Z"}
{"level":"info","message":"GET /api/location-types 200 13.070 ms","timestamp":"2026-09-07T13:49:39.321Z"}
{"duration":56,"level":"info","message":"db-query","rows":26,"text":"SELECT * FROM location_types","timestamp":"2026-09-07T13:49:39.366Z"}
{"level":"info","message":"GET /api/location-types 200 56.929 ms","timestamp":"2026-09-07T13:49:39.367Z"}
{"duration":10,"level":"info","message":"db-query","rows":26,"text":"SELECT * FROM location_types","timestamp":"2026-09-07T14:49:12.135Z"}
{"level":"info","message":"GET /api/location-types 200 22.070 ms","timestamp":"2026-09-07T14:49:12.147Z"}
{"duration":80,"level":"info","message":"db-query","rows":26,"text":"SELECT * FROM location_types","timestamp":"2026-09-07T14:49:12.209Z"}
{"level":"info","message":"GET /api/location-types 200 82.247 ms","timestamp":"2026-09-07T14:49:12.211Z"}
{"duration":7,"level":"info","message":"db-query","rows":26,"text":"SELECT * FROM location_types","timestamp":"2026-09-07T14:49:40.376Z"}
{"level":"info","message":"GET /api/location-types 200 15.135 ms","timestamp":"2026-09-07T14:49:40.385Z"}
{"duration":151,"level":"info","message":"db-query","rows":26,"text":"SELECT * FROM location_types","timestamp":"2026-09-07T14:49:40.522Z"}
{"level":"info","message":"GET /api/location-types 200 152.517 ms","timestamp":"2026-09-07T14:49:40.524Z"}
{"duration":5,"level":"info","message":"db-query","rows":26,"text":"SELECT * FROM location_types","timestamp":"2026-09-07T14:49:59.099Z"}
{"level":"info","message":"GET /api/location-types 200 10.470 ms","timestamp":"2026-09-07T14:49:59.105Z"}
{"duration":51,"level":"info","message":"db-query","rows":26,"text":"SELECT * FROM location_types","timestamp":"2026-09-07T14:49:59.146Z"}
{"level":"info","message":"GET /api/location-types 200 51.548 ms","timestamp":"2026-09-07T14:49:59.147Z"}
{"duration":5,"level":"info","message":"db-query","rows":26,"text":"SELECT * FROM location_types","timestamp":"2026-09-07T14:50:09.269Z"}
{"level":"info","message":"GET /api/location-types 200 10.815 ms","timestamp":"2026-09-07T14:50:09.275Z"}
{"duration":174,"level":"info","message":"db-query","rows":26,"text":"SELECT * FROM location_types","timestamp":"2026-09-07T14:50:09.439Z"}
{"level":"info","message":"GET /api/location-types 200 175.065 ms","timestamp":"2026-09-07T14:50:09.440Z"}
{"duration":7,"level":"info","message":"db-query","rows":26,"text":"SELECT * FROM location_types","timestamp":"2026-09-07T14:50:18.392Z"}
{"level":"info","message":"GET /api/location-types 200 14.112 ms","timestamp":"2026-09-07T14:50:18.399Z"}
{"duration":62,"level":"info","message":"db-query","rows":26,"text":"SELECT * FROM location_types","timestamp":"2026-09-07T14:50:18.450Z"}
{"level":"info","message":"GET /api/location-types 200 63.550 ms","timestamp":"2026-09-07T14:50:18.451Z"}
{"duration":6,"level":"info","message":"db-query","rows":26,"text":"SELECT * FROM location_types","timestamp":"2026-09-07T14:50:32.184Z"}
{"level":"info","message":"GET /api/location-types 200 15.752 ms","timestamp":"2026-09-07T14:50:32.195Z"}
{"duration":73,"level":"info","message":"db-query","rows":26,"text":"SELECT * FROM location_types","timestamp":"2026-09-07T14:50:32.253Z"}
{"level":"info","message":"GET /api/location-types 200 74.159 ms","timestamp":"2026-09-07T14:50:32.255Z"}
{"duration":12,"level":"info","message":"db-query","rows":26,"text":"SELECT * FROM location_types","timestamp":"2026-09-07T14:50:34.684Z"}
{"level":"info","message":"GET /api/location-types 200 28.592 ms","timestamp":"2026-09-07T14:50:34.699Z"}
{"duration":69,"level":"info","message":"db-query","rows":26,"text":"SELECT * FROM location_types","timestamp":"2026-09-07T14:50:34.749Z"}
{"level":"info","message":"GET /api/location-types 200 70.085 ms","timestamp":"2026-09-07T14:50:34.750Z"}
{"duration":6,"level":"info","message":"db-query","rows":26,"text":"SELECT * FROM location_types","timestamp":"2026-09-07T14:50:39.530Z"}
{"level":"info","message":"GET /api/location-types 200 11.647 ms","timestamp":"2026-09-07T14:50:39.536Z"}
{"duration":149,"level":"info","message":"db-query","rows":26,"text":"SELECT * FROM location_types","timestamp":"2026-09-07T14:50:39.675Z"}
{"level":"info","message":"GET /api/location-types 200 150.333 ms","timestamp":"2026-09-07T14:50:39.677Z"}
{"duration":6,"level":"info","message":"db-query","rows":26,"text":"SELECT * FROM location_types","timestamp":"2026-09-07T14:50:50.147Z"}
{"level":"info","message":"GET /api/location-types 200 11.054 ms","timestamp":"2026-09-07T14:50:50.153Z"}
{"duration":49,"level":"info","message":"db-query","rows":26,"text":"SELECT * FROM location_types","timestamp":"2026-09-07T14:50:50.193Z"}
{"level":"info","message":"GET /api/location-types 200 50.465 ms","timestamp":"2026-09-07T14:50:50.194Z"}
{"duration":5,"level":"info","message":"db-query","rows":26,"text":"SELECT * FROM location_types","timestamp":"2026-09-07T14:50:59.092Z"}
{"level":"info","message":"GET /api/location-types 200 10.727 ms","timestamp":"2026-09-07T14:50:59.098Z"}
{"duration":171,"level":"info","message":"db-query","rows":26,"text":"SELECT * FROM location_types","timestamp":"2026-09-07T14:50:59.259Z"}
{"level":"info","message":"GET /api/location-types 200 173.423 ms","timestamp":"2026-09-07T14:50:59.262Z"}
{"duration":5,"level":"info","message":"db-query","rows":26,"text":"SELECT * FROM location_types","timestamp":"2026-09-07T14:51:02.485Z"}
{"level":"info","message":"GET /api/location-types 200 12.911 ms","timestamp":"2026-09-07T14:51:02.493Z"}
{"duration":54,"level":"info","message":"db-query","rows":26,"text":"SELECT * FROM location_types","timestamp":"2026-09-07T14:51:02.535Z"}
{"level":"info","message":"GET /api/location-types 200 59.372 ms","timestamp":"2026-09-07T14:51:02.541Z"}
{"duration":6,"level":"info","message":"db-query","rows":26,"text":"SELECT * FROM location_types","timestamp":"2026-09-07T14:51:04.796Z"}
{"level":"info","message":"GET /api/location-types 200 15.654 ms","timestamp":"2026-09-07T14:51:04.805Z"}
{"duration":16,"level":"info","message":"db-query","rows":26,"text":"SELECT * FROM location_types","timestamp":"2026-09-07T14:51:06.924Z"}
{"level":"info","message":"GET /api/location-types 200 28.225 ms","timestamp":"2026-09-07T14:51:06.936Z"}
{"duration":78,"level":"info","message":"db-query","rows":26,"text":"SELECT * FROM location_types","timestamp":"2026-09-07T14:51:06.994Z"}
{"level":"info","message":"GET /api/location-types 200 79.528 ms","timestamp":"2026-09-07T14:51:06.995Z"}
{"duration":14,"level":"info","message":"db-query","rows":26,"text":"SELECT * FROM location_types","timestamp":"2026-09-07T14:51:13.605Z"}
{"level":"info","message":"GET /api/location-types 200 29.553 ms","timestamp":"2026-09-07T14:51:13.618Z"}
{"duration":71,"level":"info","message":"db-query","rows":26,"text":"SELECT * FROM location_types","timestamp":"2026-09-07T14:51:13.666Z"}
{"level":"info","message":"GET /api/location-types 200 73.182 ms","timestamp":"2026-09-07T14:51:13.668Z"}
{"duration":5,"level":"info","message":"db-query","rows":26,"text":"SELECT * FROM location_types","timestamp":"2026-09-07T14:51:17.030Z"}
{"level":"info","message":"GET /api/location-types 200 10.301 ms","timestamp":"2026-09-07T14:51:17.036Z"}
{"duration":49,"level":"info","message":"db-query","rows":26,"text":"SELECT * FROM location_types","timestamp":"2026-09-07T14:51:17.076Z"}
{"level":"info","message":"GET /api/location-types 200 50.085 ms","timestamp":"2026-09-07T14:51:17.077Z"}
{"duration":5,"level":"info","message":"db-query","rows":26,"text":"SELECT * FROM location_types","timestamp":"2026-09-07T14:51:24.033Z"}
{"level":"info","message":"GET /api/location-types 200 10.746 ms","timestamp":"2026-09-07T14:51:24.039Z"}
{"duration":46,"level":"info","message":"db-query","rows":26,"text":"SELECT * FROM location_types","timestamp":"2026-09-07T14:51:24.076Z"}
{"level":"info","message":"GET /api/location-types 200 47.036 ms","timestamp":"2026-09-07T14:51:24.077Z"}
{"duration":5,"level":"info","message":"db-query","rows":26,"text":"SELECT * FROM location_types","timestamp":"2026-09-07T14:51:27.307Z"}
{"level":"info","message":"GET /api/location-types 200 22.041 ms","timestamp":"2026-09-07T14:51:27.325Z"}
{"duration":66,"level":"info","message":"db-query","rows":26,"text":"SELECT * FROM location_types","timestamp":"2026-09-07T14:51:27.370Z"}
{"level":"info","message":"GET /api/location-types 200 69.218 ms","timestamp":"2026-09-07T14:51:27.373Z"}
{"duration":8,"level":"info","message":"db-query","rows":26,"text":"SELECT * FROM location_types","timestamp":"2026-09-07T16:15:36.501Z"}
{"level":"info","message":"GET /api/location-types 200 13.658 ms","timestamp":"2026-09-07T16:15:36.508Z"}
{"duration":51,"level":"info","message":"db-query","rows":26,"text":"SELECT * FROM location_types","timestamp":"2026-09-07T16:15:36.546Z"}
{"level":"info","message":"GET /api/location-types 200 52.077 ms","timestamp":"2026-09-07T16:15:36.547Z"}
{"duration":6,"level":"info","message":"db-query","rows":26,"text":"SELECT * FROM location_types","timestamp":"2026-09-07T16:25:23.671Z"}
{"level":"info","message":"GET /api/location-types 200 13.040 ms","timestamp":"2026-09-07T16:25:23.678Z"}
{"duration":61,"level":"info","message":"db-query","rows":26,"text":"SELECT * FROM location_types","timestamp":"2026-09-07T16:25:23.727Z"}
{"level":"info","message":"GET /api/location-types 200 63.194 ms","timestamp":"2026-09-07T16:25:23.730Z"}
{"duration":11,"level":"info","message":"db-query","rows":26,"text":"SELECT * FROM location_types","timestamp":"2026-09-07T16:25:37.397Z"}
{"level":"info","message":"GET /api/location-types 200 24.070 ms","timestamp":"2026-09-07T16:25:37.411Z"}
{"duration":67,"level":"info","message":"db-query","rows":26,"text":"SELECT * FROM location_types","timestamp":"2026-09-07T16:25:37.457Z"}
{"level":"info","message":"GET /api/location-types 200 68.599 ms","timestamp":"2026-09-07T16:25:37.459Z"}
{"duration":5,"level":"info","message":"db-query","rows":26,"text":"SELECT * FROM location_types","timestamp":"2026-09-07T16:25:51.460Z"}
{"level":"info","message":"GET /api/location-types 200 11.375 ms","timestamp":"2026-09-07T16:25:51.467Z"}
{"duration":60,"level":"info","message":"db-query","rows":26,"text":"SELECT * FROM location_types","timestamp":"2026-09-07T16:25:51.517Z"}
{"level":"info","message":"GET /api/location-types 200 77.213 ms","timestamp":"2026-09-07T16:25:51.535Z"}
{"duration":5,"level":"info","message":"db-query","rows":26,"text":"SELECT * FROM location_types","timestamp":"2026-09-07T16:25:54.813Z"}
{"level":"info","message":"GET /api/location-types 200 10.425 ms","timestamp":"2026-09-07T16:25:54.820Z"}
{"duration":49,"level":"info","message":"db-query","rows":26,"text":"SELECT * FROM location_types","timestamp":"2026-09-07T16:25:54.859Z"}
{"level":"info","message":"GET /api/location-types 200 50.686 ms","timestamp":"2026-09-07T16:25:54.861Z"}
{"duration":7,"level":"info","message":"db-query","rows":26,"text":"SELECT * FROM location_types","timestamp":"2026-09-07T16:26:02.072Z"}
{"level":"info","message":"GET /api/location-types 200 14.337 ms","timestamp":"2026-09-07T16:26:02.079Z"}
{"duration":56,"level":"info","message":"db-query","rows":26,"text":"SELECT * FROM location_types","timestamp":"2026-09-07T16:26:02.122Z"}
{"level":"info","message":"GET /api/location-types 200 57.677 ms","timestamp":"2026-09-07T16:26:02.124Z"}
{"duration":5,"level":"info","message":"db-query","rows":26,"text":"SELECT * FROM location_types","timestamp":"2026-09-07T16:26:05.316Z"}
{"level":"info","message":"GET /api/location-types 200 56.559 ms","timestamp":"2026-09-07T16:26:05.368Z"}
{"duration":2,"level":"info","message":"db-query","rows":26,"text":"SELECT * FROM location_types","timestamp":"2026-09-07T16:26:05.450Z"}
{"level":"info","message":"GET /api/location-types 200 8.754 ms","timestamp":"2026-09-07T16:26:05.457Z"}
{"duration":5,"level":"info","message":"db-query","rows":26,"text":"SELECT * FROM location_types","timestamp":"2026-09-07T16:26:07.978Z"}
{"level":"info","message":"GET /api/location-types 200 10.937 ms","timestamp":"2026-09-07T16:26:07.984Z"}
{"duration":1,"level":"info","message":"db-query","rows":26,"text":"SELECT * FROM location_types","timestamp":"2026-09-07T16:26:07.993Z"}
{"level":"info","message":"GET /api/location-types 200 2.258 ms","timestamp":"2026-09-07T16:26:07.995Z"}
{"duration":8,"level":"info","message":"db-query","rows":26,"text":"SELECT * FROM location_types","timestamp":"2026-09-07T16:26:14.039Z"}
{"level":"info","message":"GET /api/location-types 200 14.504 ms","timestamp":"2026-09-07T16:26:14.046Z"}
{"duration":68,"level":"info","message":"db-query","rows":26,"text":"SELECT * FROM location_types","timestamp":"2026-09-07T16:26:14.102Z"}
{"level":"info","message":"GET /api/location-types 200 71.108 ms","timestamp":"2026-09-07T16:26:14.105Z"}
{"duration":7,"level":"info","message":"db-query","rows":26,"text":"SELECT * FROM location_types","timestamp":"2026-09-07T16:26:20.889Z"}
{"level":"info","message":"GET /api/location-types 200 14.108 ms","timestamp":"2026-09-07T16:26:20.897Z"}
{"duration":7,"level":"info","message":"db-query","rows":26,"text":"SELECT * FROM location_types","timestamp":"2026-09-07T16:26:24.991Z"}
{"level":"info","message":"GET /api/location-types 200 12.940 ms","timestamp":"2026-09-07T16:26:24.998Z"}
{"duration":58,"level":"info","message":"db-query","rows":26,"text":"SELECT * FROM location_types","timestamp":"2026-09-07T16:26:25.046Z"}
{"level":"info","message":"GET /api/location-types 200 61.507 ms","timestamp":"2026-09-07T16:26:25.049Z"}
{"duration":10,"level":"info","message":"db-query","rows":26,"text":"SELECT * FROM location_types","timestamp":"2026-09-07T16:26:27.657Z"}
{"level":"info","message":"GET /api/location-types 200 17.879 ms","timestamp":"2026-09-07T16:26:27.664Z"}
{"duration":59,"level":"info","message":"db-query","rows":26,"text":"SELECT * FROM location_types","timestamp":"2026-09-07T16:26:27.709Z"}
{"level":"info","message":"GET /api/location-types 200 60.698 ms","timestamp":"2026-09-07T16:26:27.710Z"}
{"duration":5,"level":"info","message":"db-query","rows":26,"text":"SELECT * FROM location_types","timestamp":"2026-09-07T16:26:45.552Z"}
{"level":"info","message":"GET /api/location-types 200 13.611 ms","timestamp":"2026-09-07T16:26:45.560Z"}
{"duration":59,"level":"info","message":"db-query","rows":26,"text":"SELECT * FROM location_types","timestamp":"2026-09-07T16:26:45.607Z"}
{"level":"info","message":"GET /api/location-types 200 60.823 ms","timestamp":"2026-09-07T16:26:45.609Z"}
{"duration":6,"level":"info","message":"db-query","rows":26,"text":"SELECT * FROM location_types","timestamp":"2026-09-07T16:26:51.692Z"}
{"level":"info","message":"GET /api/location-types 200 12.763 ms","timestamp":"2026-09-07T16:26:51.698Z"}
{"duration":56,"level":"info","message":"db-query","rows":26,"text":"SELECT * FROM location_types","timestamp":"2026-09-07T16:26:51.744Z"}
{"level":"info","message":"GET /api/location-types 200 56.910 ms","timestamp":"2026-09-07T16:26:51.745Z"}
{"duration":5,"level":"info","message":"db-query","rows":26,"text":"SELECT * FROM location_types","timestamp":"2026-09-07T16:26:56.755Z"}
{"level":"info","message":"GET /api/location-types 200 12.494 ms","timestamp":"2026-09-07T16:26:56.762Z"}
{"duration":7,"level":"info","message":"db-query","rows":26,"text":"SELECT * FROM location_types","timestamp":"2026-09-07T16:26:59.138Z"}
{"level":"info","message":"GET /api/location-types 200 12.125 ms","timestamp":"2026-09-07T16:26:59.144Z"}
{"duration":55,"level":"info","message":"db-query","rows":26,"text":"SELECT * FROM location_types","timestamp":"2026-09-07T16:26:59.188Z"}
{"level":"info","message":"GET /api/location-types 200 56.849 ms","timestamp":"2026-09-07T16:26:59.190Z"}
{"duration":5,"level":"info","message":"db-query","rows":26,"text":"SELECT * FROM location_types","timestamp":"2026-09-07T16:27:02.116Z"}
{"level":"info","message":"GET /api/location-types 200 12.686 ms","timestamp":"2026-09-07T16:27:02.124Z"}
{"duration":49,"level":"info","message":"db-query","rows":26,"text":"SELECT * FROM location_types","timestamp":"2026-09-07T16:27:02.161Z"}
{"level":"info","message":"GET /api/location-types 200 50.097 ms","timestamp":"2026-09-07T16:27:02.162Z"}
{"duration":6,"level":"info","message":"db-query","rows":26,"text":"SELECT * FROM location_types","timestamp":"2026-09-07T16:27:13.607Z"}
{"level":"info","message":"GET /api/location-types 200 11.222 ms","timestamp":"2026-09-07T16:27:13.613Z"}
{"duration":61,"level":"info","message":"db-query","rows":26,"text":"SELECT * FROM location_types","timestamp":"2026-09-07T16:27:13.664Z"}
{"level":"info","message":"GET /api/location-types 200 62.769 ms","timestamp":"2026-09-07T16:27:13.666Z"}
{"duration":12,"level":"info","message":"db-query","rows":26,"text":"SELECT * FROM location_types","timestamp":"2026-09-07T16:27:26.460Z"}
{"level":"info","message":"GET /api/location-types 200 19.132 ms","timestamp":"2026-09-07T16:27:26.466Z"}
{"duration":57,"level":"info","message":"db-query","rows":26,"text":"SELECT * FROM location_types","timestamp":"2026-09-07T16:27:26.509Z"}
{"level":"info","message":"GET /api/location-types 200 58.956 ms","timestamp":"2026-09-07T16:27:26.510Z"}
{"duration":5,"level":"info","message":"db-query","rows":26,"text":"SELECT * FROM location_types","timestamp":"2026-09-07T16:27:35.411Z"}
{"level":"info","message":"GET /api/location-types 200 11.258 ms","timestamp":"2026-09-07T16:27:35.417Z"}
{"duration":2,"level":"info","message":"db-query","rows":26,"text":"SELECT * FROM location_types","timestamp":"2026-09-07T16:27:35.428Z"}
{"level":"info","message":"GET /api/location-types 200 2.546 ms","timestamp":"2026-09-07T16:27:35.429Z"}
{"duration":10,"level":"info","message":"db-query","rows":26,"text":"SELECT * FROM location_types","timestamp":"2026-09-07T16:27:39.436Z"}
{"level":"info","message":"GET /api/location-types 200 24.759 ms","timestamp":"2026-09-07T16:27:39.450Z"}
{"duration":63,"level":"info","message":"db-query","rows":26,"text":"SELECT * FROM location_types","timestamp":"2026-09-07T16:27:39.491Z"}
{"level":"info","message":"GET /api/location-types 200 63.873 ms","timestamp":"2026-09-07T16:27:39.492Z"}
{"duration":10,"level":"info","message":"db-query","rows":26,"text":"SELECT * FROM location_types","timestamp":"2026-09-07T16:27:45.833Z"}
{"level":"info","message":"GET /api/location-types 200 23.828 ms","timestamp":"2026-09-07T16:27:45.844Z"}
{"duration":64,"level":"info","message":"db-query","rows":26,"text":"SELECT * FROM location_types","timestamp":"2026-09-07T16:27:45.890Z"}
{"level":"info","message":"GET /api/location-types 200 65.499 ms","timestamp":"2026-09-07T16:27:45.891Z"}
{"duration":5,"level":"info","message":"db-query","rows":26,"text":"SELECT * FROM location_types","timestamp":"2026-09-07T16:27:49.348Z"}
{"level":"info","message":"GET /api/location-types 200 10.447 ms","timestamp":"2026-09-07T16:27:49.355Z"}
{"duration":47,"level":"info","message":"db-query","rows":26,"text":"SELECT * FROM location_types","timestamp":"2026-09-07T16:27:49.392Z"}
{"level":"info","message":"GET /api/location-types 200 48.318 ms","timestamp":"2026-09-07T16:27:49.393Z"}
{"duration":7,"level":"info","message":"db-query","rows":26,"text":"SELECT * FROM location_types","timestamp":"2026-09-07T16:27:53.006Z"}
{"level":"info","message":"GET /api/location-types 200 12.266 ms","timestamp":"2026-09-07T16:27:53.012Z"}
{"duration":165,"level":"info","message":"db-query","rows":26,"text":"SELECT * FROM location_types","timestamp":"2026-09-07T16:27:53.168Z"}
{"level":"info","message":"GET /api/location-types 200 169.909 ms","timestamp":"2026-09-07T16:27:53.171Z"}
{"duration":5,"level":"info","message":"db-query","rows":26,"text":"SELECT * FROM location_types","timestamp":"2026-09-07T16:28:30.920Z"}
{"level":"info","message":"GET /api/location-types 200 11.990 ms","timestamp":"2026-09-07T16:28:30.927Z"}
{"duration":49,"level":"info","message":"db-query","rows":26,"text":"SELECT * FROM location_types","timestamp":"2026-09-07T16:28:30.966Z"}
{"level":"info","message":"GET /api/location-types 200 50.886 ms","timestamp":"2026-09-07T16:28:30.967Z"}
{"duration":8,"level":"info","message":"db-query","rows":26,"text":"SELECT * FROM location_types","timestamp":"2026-09-07T16:28:37.689Z"}
{"level":"info","message":"GET /api/location-types 200 16.942 ms","timestamp":"2026-09-07T16:28:37.699Z"}
{"duration":66,"level":"info","message":"db-query","rows":26,"text":"SELECT * FROM location_types","timestamp":"2026-09-07T16:28:37.749Z"}
{"level":"info","message":"GET /api/location-types 200 66.506 ms","timestamp":"2026-09-07T16:28:37.750Z"}
{"duration":5,"level":"info","message":"db-query","rows":26,"text":"SELECT * FROM location_types","timestamp":"2026-09-07T16:28:41.233Z"}
{"level":"info","message":"GET /api/location-types 200 27.222 ms","timestamp":"2026-09-07T16:28:41.256Z"}
{"duration":91,"level":"info","message":"db-query","rows":26,"text":"SELECT * FROM location_types","timestamp":"2026-09-07T16:28:41.321Z"}
{"level":"info","message":"GET /api/location-types 200 93.431 ms","timestamp":"2026-09-07T16:28:41.323Z"}
{"duration":10,"level":"info","message":"db-query","rows":26,"text":"SELECT * FROM location_types","timestamp":"2026-09-07T16:28:53.474Z"}
{"level":"info","message":"GET /api/location-types 200 21.827 ms","timestamp":"2026-09-07T16:28:53.486Z"}
{"duration":64,"level":"info","message":"db-query","rows":26,"text":"SELECT * FROM location_types","timestamp":"2026-09-07T16:28:53.530Z"}
{"level":"info","message":"GET /api/location-types 200 65.858 ms","timestamp":"2026-09-07T16:28:53.531Z"}
{"duration":6,"level":"info","message":"db-query","rows":26,"text":"SELECT * FROM location_types","timestamp":"2026-09-07T16:28:58.923Z"}
{"level":"info","message":"GET /api/location-types 200 12.551 ms","timestamp":"2026-09-07T16:28:58.930Z"}
{"duration":2,"level":"info","message":"db-query","rows":26,"text":"SELECT * FROM location_types","timestamp":"2026-09-07T16:28:58.938Z"}
{"level":"info","message":"GET /api/location-types 200 3.846 ms","timestamp":"2026-09-07T16:28:58.940Z"}
{"duration":5,"level":"info","message":"db-query","rows":26,"text":"SELECT * FROM location_types","timestamp":"2026-09-07T16:29:06.235Z"}
{"level":"info","message":"GET /api/location-types 200 13.497 ms","timestamp":"2026-09-07T16:29:06.243Z"}
{"duration":50,"level":"info","message":"db-query","rows":26,"text":"SELECT * FROM location_types","timestamp":"2026-09-07T16:29:06.281Z"}
{"level":"info","message":"GET /api/location-types 200 51.151 ms","timestamp":"2026-09-07T16:29:06.282Z"}
{"duration":7,"level":"info","message":"db-query","rows":26,"text":"SELECT * FROM location_types","timestamp":"2026-09-07T16:29:10.567Z"}
{"level":"info","message":"GET /api/location-types 200 20.711 ms","timestamp":"2026-09-07T16:29:10.581Z"}
{"duration":1,"level":"info","message":"db-query","rows":26,"text":"SELECT * FROM location_types","timestamp":"2026-09-07T16:29:10.590Z"}
{"level":"info","message":"GET /api/location-types 200 3.937 ms","timestamp":"2026-09-07T16:29:10.593Z"}
{"duration":5,"level":"info","message":"db-query","rows":26,"text":"SELECT * FROM location_types","timestamp":"2026-09-07T16:29:17.841Z"}
{"level":"info","message":"GET /api/location-types 200 62.117 ms","timestamp":"2026-09-07T16:29:17.898Z"}
{"duration":172,"level":"info","message":"db-query","rows":26,"text":"SELECT * FROM location_types","timestamp":"2026-09-07T16:29:18.009Z"}
{"level":"info","message":"GET /api/location-types 200 175.310 ms","timestamp":"2026-09-07T16:29:18.013Z"}
{"duration":13,"level":"info","message":"db-query","rows":26,"text":"SELECT * FROM location_types","timestamp":"2026-09-07T16:29:20.459Z"}
{"level":"info","message":"GET /api/location-types 200 24.995 ms","timestamp":"2026-09-07T16:29:20.469Z"}
{"duration":64,"level":"info","message":"db-query","rows":26,"text":"SELECT * FROM location_types","timestamp":"2026-09-07T16:29:20.512Z"}
{"level":"info","message":"GET /api/location-types 200 65.567 ms","timestamp":"2026-09-07T16:29:20.513Z"}
{"duration":7,"level":"info","message":"db-query","rows":26,"text":"SELECT * FROM location_types","timestamp":"2026-09-07T16:29:26.327Z"}
{"level":"info","message":"GET /api/location-types 200 15.753 ms","timestamp":"2026-09-07T16:29:26.336Z"}
{"duration":1,"level":"info","message":"db-query","rows":26,"text":"SELECT * FROM location_types","timestamp":"2026-09-07T16:29:26.346Z"}
{"level":"info","message":"GET /api/location-types 200 2.549 ms","timestamp":"2026-09-07T16:29:26.347Z"}
{"duration":10,"level":"info","message":"db-query","rows":26,"text":"SELECT * FROM location_types","timestamp":"2026-09-07T16:29:37.565Z"}
{"level":"info","message":"GET /api/location-types 200 17.730 ms","timestamp":"2026-09-07T16:29:37.573Z"}
{"duration":69,"level":"info","message":"db-query","rows":26,"text":"SELECT * FROM location_types","timestamp":"2026-09-07T16:29:37.631Z"}
{"level":"info","message":"GET /api/location-types 200 70.693 ms","timestamp":"2026-09-07T16:29:37.633Z"}
{"duration":6,"level":"info","message":"db-query","rows":26,"text":"SELECT * FROM location_types","timestamp":"2026-09-07T16:29:43.717Z"}
{"level":"info","message":"GET /api/location-types 200 16.164 ms","timestamp":"2026-09-07T16:29:43.727Z"}
{"duration":59,"level":"info","message":"db-query","rows":26,"text":"SELECT * FROM location_types","timestamp":"2026-09-07T16:29:43.773Z"}
{"level":"info","message":"GET /api/location-types 200 61.255 ms","timestamp":"2026-09-07T16:29:43.774Z"}
{"duration":11,"level":"info","message":"db-query","rows":26,"text":"SELECT * FROM location_types","timestamp":"2026-09-07T16:30:27.509Z"}
{"level":"info","message":"GET /api/location-types 200 18.474 ms","timestamp":"2026-09-07T16:30:27.516Z"}
{"duration":58,"level":"info","message":"db-query","rows":26,"text":"SELECT * FROM location_types","timestamp":"2026-09-07T16:30:27.559Z"}
{"level":"info","message":"GET /api/location-types 200 59.046 ms","timestamp":"2026-09-07T16:30:27.560Z"}
{"duration":10,"level":"info","message":"db-query","rows":26,"text":"SELECT * FROM location_types","timestamp":"2026-09-07T16:30:47.661Z"}
{"level":"info","message":"GET /api/location-types 200 21.250 ms","timestamp":"2026-09-07T16:30:47.672Z"}
{"duration":62,"level":"info","message":"db-query","rows":26,"text":"SELECT * FROM location_types","timestamp":"2026-09-07T16:30:47.715Z"}
{"level":"info","message":"GET /api/location-types 200 63.628 ms","timestamp":"2026-09-07T16:30:47.717Z"}
{"duration":7,"level":"info","message":"db-query","rows":26,"text":"SELECT * FROM location_types","timestamp":"2026-09-07T16:30:56.392Z"}
{"level":"info","message":"GET /api/location-types 200 12.687 ms","timestamp":"2026-09-07T16:30:56.397Z"}
{"duration":62,"level":"info","message":"db-query","rows":26,"text":"SELECT * FROM location_types","timestamp":"2026-09-07T16:30:56.450Z"}
{"level":"info","message":"GET /api/location-types 200 63.201 ms","timestamp":"2026-09-07T16:30:56.452Z"}
{"duration":5,"level":"info","message":"db-query","rows":26,"text":"SELECT * FROM location_types","timestamp":"2026-09-07T16:30:58.895Z"}
{"level":"info","message":"GET /api/location-types 200 11.722 ms","timestamp":"2026-09-07T16:30:58.901Z"}
{"duration":56,"level":"info","message":"db-query","rows":26,"text":"SELECT * FROM location_types","timestamp":"2026-09-07T16:30:58.947Z"}
{"level":"info","message":"GET /api/location-types 200 58.350 ms","timestamp":"2026-09-07T16:30:58.950Z"}
{"duration":5,"level":"info","message":"db-query","rows":26,"text":"SELECT * FROM location_types","timestamp":"2026-09-07T16:31:03.751Z"}
{"level":"info","message":"GET /api/location-types 200 13.653 ms","timestamp":"2026-09-07T16:31:03.760Z"}
{"duration":57,"level":"info","message":"db-query","rows":26,"text":"SELECT * FROM location_types","timestamp":"2026-09-07T16:31:03.804Z"}
{"level":"info","message":"GET /api/location-types 200 60.048 ms","timestamp":"2026-09-07T16:31:03.808Z"}
{"duration":11,"level":"info","message":"db-query","rows":26,"text":"SELECT * FROM location_types","timestamp":"2026-09-07T16:31:16.946Z"}
{"level":"info","message":"GET /api/location-types 200 21.172 ms","timestamp":"2026-09-07T16:31:16.955Z"}
{"duration":56,"level":"info","message":"db-query","rows":26,"text":"SELECT * FROM location_types","timestamp":"2026-09-07T16:31:16.995Z"}
{"level":"info","message":"GET /api/location-types 200 57.065 ms","timestamp":"2026-09-07T16:31:16.996Z"}
{"duration":11,"level":"info","message":"db-query","rows":26,"text":"SELECT * FROM location_types","timestamp":"2026-09-07T16:31:21.995Z"}
{"level":"info","message":"GET /api/location-types 200 34.971 ms","timestamp":"2026-09-07T16:31:22.019Z"}
{"duration":73,"level":"info","message":"db-query","rows":26,"text":"SELECT * FROM location_types","timestamp":"2026-09-07T16:31:22.062Z"}
{"level":"info","message":"GET /api/location-types 200 75.003 ms","timestamp":"2026-09-07T16:31:22.064Z"}
{"duration":5,"level":"info","message":"db-query","rows":26,"text":"SELECT * FROM location_types","timestamp":"2026-09-07T16:31:24.253Z"}
{"level":"info","message":"GET /api/location-types 200 11.492 ms","timestamp":"2026-09-07T16:31:24.259Z"}
{"duration":0,"level":"info","message":"db-query","rows":26,"text":"SELECT * FROM location_types","timestamp":"2026-09-07T16:31:24.266Z"}
{"level":"info","message":"GET /api/location-types 200 1.910 ms","timestamp":"2026-09-07T16:31:24.267Z"}
{"duration":12,"level":"info","message":"db-query","rows":26,"text":"SELECT * FROM location_types","timestamp":"2026-09-07T16:31:28.464Z"}
{"level":"info","message":"GET /api/location-types 200 23.240 ms","timestamp":"2026-09-07T16:31:28.475Z"}
{"duration":56,"level":"info","message":"db-query","rows":26,"text":"SELECT * FROM location_types","timestamp":"2026-09-07T16:31:28.512Z"}
{"level":"info","message":"GET /api/location-types 200 58.360 ms","timestamp":"2026-09-07T16:31:28.514Z"}
{"duration":10,"level":"info","message":"db-query","rows":26,"text":"SELECT * FROM location_types","timestamp":"2026-09-07T16:31:32.042Z"}
{"level":"info","message":"GET /api/location-types 200 16.941 ms","timestamp":"2026-09-07T16:31:32.049Z"}
{"duration":162,"level":"info","message":"db-query","rows":26,"text":"SELECT * FROM location_types","timestamp":"2026-09-07T16:31:32.200Z"}
{"level":"info","message":"GET /api/location-types 200 164.317 ms","timestamp":"2026-09-07T16:31:32.201Z"}
{"duration":10,"level":"info","message":"db-query","rows":26,"text":"SELECT * FROM location_types","timestamp":"2026-09-07T16:31:36.109Z"}
{"level":"info","message":"GET /api/location-types 200 23.231 ms","timestamp":"2026-09-07T16:31:36.124Z"}
{"duration":57,"level":"info","message":"db-query","rows":26,"text":"SELECT * FROM location_types","timestamp":"2026-09-07T16:31:36.157Z"}
{"level":"info","message":"GET /api/location-types 200 59.154 ms","timestamp":"2026-09-07T16:31:36.160Z"}
{"duration":5,"level":"info","message":"db-query","rows":26,"text":"SELECT * FROM location_types","timestamp":"2026-09-07T16:31:45.196Z"}
{"level":"info","message":"GET /api/location-types 200 14.081 ms","timestamp":"2026-09-07T16:31:45.206Z"}
{"duration":1,"level":"info","message":"db-query","rows":26,"text":"SELECT * FROM location_types","timestamp":"2026-09-07T16:31:45.214Z"}
{"level":"info","message":"GET /api/location-types 200 2.206 ms","timestamp":"2026-09-07T16:31:45.215Z"}
{"duration":5,"level":"info","message":"db-query","rows":26,"text":"SELECT * FROM location_types","timestamp":"2026-09-07T16:31:48.396Z"}
{"level":"info","message":"GET /api/location-types 200 10.454 ms","timestamp":"2026-09-07T16:31:48.402Z"}
{"duration":0,"level":"info","message":"db-query","rows":26,"text":"SELECT * FROM location_types","timestamp":"2026-09-07T16:31:48.410Z"}
{"level":"info","message":"GET /api/location-types 200 2.010 ms","timestamp":"2026-09-07T16:31:48.411Z"}
{"duration":10,"level":"info","message":"db-query","rows":26,"text":"SELECT * FROM location_types","timestamp":"2026-09-07T16:31:59.717Z"}
{"level":"info","message":"GET /api/location-types 200 24.097 ms","timestamp":"2026-09-07T16:31:59.730Z"}
{"duration":62,"level":"info","message":"db-query","rows":26,"text":"SELECT * FROM location_types","timestamp":"2026-09-07T16:31:59.772Z"}
{"level":"info","message":"GET /api/location-types 200 63.533 ms","timestamp":"2026-09-07T16:31:59.774Z"}
{"duration":7,"level":"info","message":"db-query","rows":26,"text":"SELECT * FROM location_types","timestamp":"2026-09-07T16:32:03.307Z"}
{"level":"info","message":"GET /api/location-types 200 12.848 ms","timestamp":"2026-09-07T16:32:03.313Z"}
{"duration":51,"level":"info","message":"db-query","rows":26,"text":"SELECT * FROM location_types","timestamp":"2026-09-07T16:32:03.352Z"}
{"level":"info","message":"GET /api/location-types 200 52.929 ms","timestamp":"2026-09-07T16:32:03.354Z"}
{"duration":5,"level":"info","message":"db-query","rows":26,"text":"SELECT * FROM location_types","timestamp":"2026-09-07T16:32:06.131Z"}
{"level":"info","message":"GET /api/location-types 200 10.424 ms","timestamp":"2026-09-07T16:32:06.137Z"}
{"duration":65,"level":"info","message":"db-query","rows":26,"text":"SELECT * FROM location_types","timestamp":"2026-09-07T16:32:06.193Z"}
{"level":"info","message":"GET /api/location-types 200 65.941 ms","timestamp":"2026-09-07T16:32:06.194Z"}
{"duration":13,"level":"info","message":"db-query","rows":26,"text":"SELECT * FROM location_types","timestamp":"2026-09-07T16:32:16.108Z"}
{"level":"info","message":"GET /api/location-types 200 23.470 ms","timestamp":"2026-09-07T16:32:16.116Z"}
{"duration":164,"level":"info","message":"db-query","rows":26,"text":"SELECT * FROM location_types","timestamp":"2026-09-07T16:32:16.262Z"}
{"level":"info","message":"GET /api/location-types 200 165.609 ms","timestamp":"2026-09-07T16:32:16.264Z"}
{"duration":7,"level":"info","message":"db-query","rows":26,"text":"SELECT * FROM location_types","timestamp":"2026-09-07T16:32:25.540Z"}
{"level":"info","message":"GET /api/location-types 200 13.394 ms","timestamp":"2026-09-07T16:32:25.547Z"}
{"duration":55,"level":"info","message":"db-query","rows":26,"text":"SELECT * FROM location_types","timestamp":"2026-09-07T16:32:25.591Z"}
{"level":"info","message":"GET /api/location-types 200 57.147 ms","timestamp":"2026-09-07T16:32:25.593Z"}
{"duration":5,"level":"info","message":"db-query","rows":26,"text":"SELECT * FROM location_types","timestamp":"2026-09-07T16:32:27.961Z"}
{"level":"info","message":"GET /api/location-types 200 10.679 ms","timestamp":"2026-09-07T16:32:27.967Z"}
{"duration":61,"level":"info","message":"db-query","rows":26,"text":"SELECT * FROM location_types","timestamp":"2026-09-07T16:32:28.018Z"}
{"level":"info","message":"GET /api/location-types 200 64.155 ms","timestamp":"2026-09-07T16:32:28.022Z"}
{"duration":5,"level":"info","message":"db-query","rows":26,"text":"SELECT * FROM location_types","timestamp":"2026-09-07T16:32:38.633Z"}
{"level":"info","message":"GET /api/location-types 200 11.969 ms","timestamp":"2026-09-07T16:32:38.641Z"}
{"duration":50,"level":"info","message":"db-query","rows":26,"text":"SELECT * FROM location_types","timestamp":"2026-09-07T16:32:38.680Z"}
{"level":"info","message":"GET /api/location-types 200 51.699 ms","timestamp":"2026-09-07T16:32:38.682Z"}
{"duration":15,"level":"info","message":"db-query","rows":26,"text":"SELECT * FROM location_types","timestamp":"2026-09-07T16:32:43.810Z"}
{"level":"info","message":"GET /api/location-types 200 23.133 ms","timestamp":"2026-09-07T16:32:43.818Z"}
{"duration":59,"level":"info","message":"db-query","rows":26,"text":"SELECT * FROM location_types","timestamp":"2026-09-07T16:32:43.858Z"}
{"level":"info","message":"GET /api/location-types 200 60.882 ms","timestamp":"2026-09-07T16:32:43.860Z"}
{"duration":7,"level":"info","message":"db-query","rows":26,"text":"SELECT * FROM location_types","timestamp":"2026-09-07T16:32:51.460Z"}
{"level":"info","message":"GET /api/location-types 200 13.922 ms","timestamp":"2026-09-07T16:32:51.467Z"}
{"duration":55,"level":"info","message":"db-query","rows":26,"text":"SELECT * FROM location_types","timestamp":"2026-09-07T16:32:51.510Z"}
{"level":"info","message":"GET /api/location-types 200 55.677 ms","timestamp":"2026-09-07T16:32:51.511Z"}
{"duration":6,"level":"info","message":"db-query","rows":26,"text":"SELECT * FROM location_types","timestamp":"2026-09-07T16:32:57.351Z"}
{"level":"info","message":"GET /api/location-types 200 15.620 ms","timestamp":"2026-09-07T16:32:57.362Z"}
{"duration":61,"level":"info","message":"db-query","rows":26,"text":"SELECT * FROM location_types","timestamp":"2026-09-07T16:32:57.409Z"}
{"level":"info","message":"GET /api/location-types 200 62.505 ms","timestamp":"2026-09-07T16:32:57.411Z"}
{"duration":11,"level":"info","message":"db-query","rows":26,"text":"SELECT * FROM location_types","timestamp":"2026-09-07T16:33:18.898Z"}
{"level":"info","message":"GET /api/location-types 200 21.379 ms","timestamp":"2026-09-07T16:33:18.906Z"}
{"duration":57,"level":"info","message":"db-query","rows":26,"text":"SELECT * FROM location_types","timestamp":"2026-09-07T16:33:18.947Z"}
{"level":"info","message":"GET /api/location-types 200 58.492 ms","timestamp":"2026-09-07T16:33:18.948Z"}
{"duration":9,"level":"info","message":"db-query","rows":26,"text":"SELECT * FROM location_types","timestamp":"2026-09-07T16:35:04.426Z"}
{"level":"info","message":"GET /api/location-types 200 20.476 ms","timestamp":"2026-09-07T16:35:04.438Z"}
{"duration":87,"level":"info","message":"db-query","rows":26,"text":"SELECT * FROM location_types","timestamp":"2026-09-07T16:35:04.506Z"}
{"level":"info","message":"GET /api/location-types 200 90.008 ms","timestamp":"2026-09-07T16:35:04.509Z"}
{"duration":7,"level":"info","message":"db-query","rows":26,"text":"SELECT * FROM location_types","timestamp":"2026-09-07T16:35:14.859Z"}
{"level":"info","message":"GET /api/location-types 200 12.567 ms","timestamp":"2026-09-07T16:35:14.865Z"}
{"duration":149,"level":"info","message":"db-query","rows":26,"text":"SELECT * FROM location_types","timestamp":"2026-09-07T16:35:15.004Z"}
{"level":"info","message":"GET /api/location-types 200 151.001 ms","timestamp":"2026-09-07T16:35:15.006Z"}
{"duration":5,"level":"info","message":"db-query","rows":26,"text":"SELECT * FROM location_types","timestamp":"2026-09-07T16:35:54.212Z"}
{"level":"info","message":"GET /api/location-types 200 10.805 ms","timestamp":"2026-09-07T16:35:54.218Z"}
{"duration":51,"level":"info","message":"db-query","rows":26,"text":"SELECT * FROM location_types","timestamp":"2026-09-07T16:35:54.260Z"}
{"level":"info","message":"GET /api/location-types 200 52.800 ms","timestamp":"2026-09-07T16:35:54.262Z"}
{"duration":6,"level":"info","message":"db-query","rows":26,"text":"SELECT * FROM location_types","timestamp":"2026-09-07T16:35:58.513Z"}
{"level":"info","message":"GET /api/location-types 200 12.220 ms","timestamp":"2026-09-07T16:35:58.521Z"}
{"duration":65,"level":"info","message":"db-query","rows":26,"text":"SELECT * FROM location_types","timestamp":"2026-09-07T16:35:58.576Z"}
{"level":"info","message":"GET /api/location-types 200 67.584 ms","timestamp":"2026-09-07T16:35:58.578Z"}
{"duration":5,"level":"info","message":"db-query","rows":26,"text":"SELECT * FROM location_types","timestamp":"2026-09-07T16:36:00.900Z"}
{"level":"info","message":"GET /api/location-types 200 11.426 ms","timestamp":"2026-09-07T16:36:00.907Z"}
{"duration":155,"level":"info","message":"db-query","rows":26,"text":"SELECT * FROM location_types","timestamp":"2026-09-07T16:36:01.051Z"}
{"level":"info","message":"GET /api/location-types 200 156.993 ms","timestamp":"2026-09-07T16:36:01.054Z"}
{"duration":13,"level":"info","message":"db-query","rows":26,"text":"SELECT * FROM location_types","timestamp":"2026-09-07T16:36:04.773Z"}
{"level":"info","message":"GET /api/location-types 200 23.052 ms","timestamp":"2026-09-07T16:36:04.782Z"}
{"duration":64,"level":"info","message":"db-query","rows":26,"text":"SELECT * FROM location_types","timestamp":"2026-09-07T16:36:04.829Z"}
{"level":"info","message":"GET /api/location-types 200 66.237 ms","timestamp":"2026-09-07T16:36:04.830Z"}
{"duration":5,"level":"info","message":"db-query","rows":26,"text":"SELECT * FROM location_types","timestamp":"2026-09-07T16:36:12.600Z"}
{"level":"info","message":"GET /api/location-types 200 13.480 ms","timestamp":"2026-09-07T16:36:12.609Z"}
{"duration":153,"level":"info","message":"db-query","rows":26,"text":"SELECT * FROM location_types","timestamp":"2026-09-07T16:36:12.749Z"}
{"level":"info","message":"GET /api/location-types 200 153.441 ms","timestamp":"2026-09-07T16:36:12.750Z"}
{"duration":5,"level":"info","message":"db-query","rows":26,"text":"SELECT * FROM location_types","timestamp":"2026-09-07T16:36:21.619Z"}
{"level":"info","message":"GET /api/location-types 200 12.539 ms","timestamp":"2026-09-07T16:36:21.628Z"}
{"duration":65,"level":"info","message":"db-query","rows":26,"text":"SELECT * FROM location_types","timestamp":"2026-09-07T16:36:21.680Z"}
{"level":"info","message":"GET /api/location-types 200 67.553 ms","timestamp":"2026-09-07T16:36:21.683Z"}
{"duration":5,"level":"info","message":"db-query","rows":26,"text":"SELECT * FROM location_types","timestamp":"2026-09-07T16:36:25.895Z"}
{"level":"info","message":"GET /api/location-types 200 11.343 ms","timestamp":"2026-09-07T16:36:25.901Z"}
{"duration":50,"level":"info","message":"db-query","rows":26,"text":"SELECT * FROM location_types","timestamp":"2026-09-07T16:36:25.941Z"}
{"level":"info","message":"GET /api/location-types 200 51.173 ms","timestamp":"2026-09-07T16:36:25.943Z"}
{"duration":5,"level":"info","message":"db-query","rows":26,"text":"SELECT * FROM location_types","timestamp":"2026-09-07T16:36:28.860Z"}
{"level":"info","message":"GET /api/location-types 200 10.791 ms","timestamp":"2026-09-07T16:36:28.866Z"}
{"duration":45,"level":"info","message":"db-query","rows":26,"text":"SELECT * FROM location_types","timestamp":"2026-09-07T16:36:28.902Z"}
{"level":"info","message":"GET /api/location-types 200 47.458 ms","timestamp":"2026-09-07T16:36:28.904Z"}
{"duration":5,"level":"info","message":"db-query","rows":26,"text":"SELECT * FROM location_types","timestamp":"2026-09-07T16:36:36.261Z"}
{"level":"info","message":"GET /api/location-types 200 11.035 ms","timestamp":"2026-09-07T16:36:36.267Z"}
{"duration":1,"level":"info","message":"db-query","rows":26,"text":"SELECT * FROM location_types","timestamp":"2026-09-07T16:36:36.276Z"}
{"level":"info","message":"GET /api/location-types 200 2.331 ms","timestamp":"2026-09-07T16:36:36.277Z"}
{"duration":12,"level":"info","message":"db-query","rows":26,"text":"SELECT * FROM location_types","timestamp":"2026-09-07T16:36:48.686Z"}
{"level":"info","message":"GET /api/location-types 200 23.841 ms","timestamp":"2026-09-07T16:36:48.695Z"}
{"duration":68,"level":"info","message":"db-query","rows":26,"text":"SELECT * FROM location_types","timestamp":"2026-09-07T16:36:48.748Z"}
{"level":"info","message":"GET /api/location-types 200 70.524 ms","timestamp":"2026-09-07T16:36:48.750Z"}
{"duration":5,"level":"info","message":"db-query","rows":26,"text":"SELECT * FROM location_types","timestamp":"2026-09-07T16:36:51.833Z"}
{"level":"info","message":"GET /api/location-types 200 11.789 ms","timestamp":"2026-09-07T16:36:51.841Z"}
{"duration":48,"level":"info","message":"db-query","rows":26,"text":"SELECT * FROM location_types","timestamp":"2026-09-07T16:36:51.878Z"}
{"level":"info","message":"GET /api/location-types 200 49.741 ms","timestamp":"2026-09-07T16:36:51.880Z"}
{"duration":5,"level":"info","message":"db-query","rows":26,"text":"SELECT * FROM location_types","timestamp":"2026-09-07T16:36:54.530Z"}
{"level":"info","message":"GET /api/location-types 200 10.539 ms","timestamp":"2026-09-07T16:36:54.536Z"}
{"duration":51,"level":"info","message":"db-query","rows":26,"text":"SELECT * FROM location_types","timestamp":"2026-09-07T16:36:54.577Z"}
{"level":"info","message":"GET /api/location-types 200 52.227 ms","timestamp":"2026-09-07T16:36:54.578Z"}
{"duration":5,"level":"info","message":"db-query","rows":26,"text":"SELECT * FROM location_types","timestamp":"2026-09-07T16:37:01.770Z"}
{"level":"info","message":"GET /api/location-types 200 12.697 ms","timestamp":"2026-09-07T16:37:01.777Z"}
{"duration":58,"level":"info","message":"db-query","rows":26,"text":"SELECT * FROM location_types","timestamp":"2026-09-07T16:37:01.823Z"}
{"level":"info","message":"GET /api/location-types 200 58.983 ms","timestamp":"2026-09-07T16:37:01.824Z"}
{"duration":9,"level":"info","message":"db-query","rows":26,"text":"SELECT * FROM location_types","timestamp":"2026-09-07T16:37:10.965Z"}
{"level":"info","message":"GET /api/location-types 200 26.706 ms","timestamp":"2026-09-07T16:37:10.982Z"}
{"duration":57,"level":"info","message":"db-query","rows":26,"text":"SELECT * FROM location_types","timestamp":"2026-09-07T16:37:11.016Z"}
{"level":"info","message":"GET /api/location-types 200 58.460 ms","timestamp":"2026-09-07T16:37:11.018Z"}
{"duration":5,"level":"info","message":"db-query","rows":26,"text":"SELECT * FROM location_types","timestamp":"2026-09-07T16:47:00.282Z"}
{"level":"info","message":"GET /api/location-types 200 12.387 ms","timestamp":"2026-09-07T16:47:00.290Z"}
{"duration":1,"level":"info","message":"db-query","rows":26,"text":"SELECT * FROM location_types","timestamp":"2026-09-07T16:47:00.297Z"}
{"level":"info","message":"GET /api/location-types 200 2.241 ms","timestamp":"2026-09-07T16:47:00.298Z"}
{"duration":6,"level":"info","message":"db-query","rows":26,"text":"SELECT * FROM location_types","timestamp":"2026-09-07T16:47:08.987Z"}
{"level":"info","message":"GET /api/location-types 200 16.338 ms","timestamp":"2026-09-07T16:47:08.998Z"}
{"duration":76,"level":"info","message":"db-query","rows":26,"text":"SELECT * FROM location_types","timestamp":"2026-09-07T16:47:09.058Z"}
{"level":"info","message":"GET /api/location-types 200 77.415 ms","timestamp":"2026-09-07T16:47:09.060Z"}
{"duration":6,"level":"info","message":"db-query","rows":26,"text":"SELECT * FROM location_types","timestamp":"2026-09-07T16:47:16.666Z"}
{"level":"info","message":"GET /api/location-types 200 13.826 ms","timestamp":"2026-09-07T16:47:16.674Z"}
{"duration":48,"level":"info","message":"db-query","rows":26,"text":"SELECT * FROM location_types","timestamp":"2026-09-07T16:47:16.710Z"}
{"level":"info","message":"GET /api/location-types 200 49.788 ms","timestamp":"2026-09-07T16:47:16.712Z"}
{"duration":11,"level":"info","message":"db-query","rows":26,"text":"SELECT * FROM location_types","timestamp":"2026-09-07T16:51:06.750Z"}
{"level":"info","message":"GET /api/location-types 200 24.573 ms","timestamp":"2026-09-07T16:51:06.761Z"}
{"duration":59,"level":"info","message":"db-query","rows":26,"text":"SELECT * FROM location_types","timestamp":"2026-09-07T16:51:06.801Z"}
{"level":"info","message":"GET /api/location-types 200 60.476 ms","timestamp":"2026-09-07T16:51:06.803Z"}
{"duration":5,"level":"info","message":"db-query","rows":26,"text":"SELECT * FROM location_types","timestamp":"2026-09-07T16:51:22.281Z"}
{"level":"info","message":"GET /api/location-types 200 10.643 ms","timestamp":"2026-09-07T16:51:22.287Z"}
{"duration":49,"level":"info","message":"db-query","rows":26,"text":"SELECT * FROM location_types","timestamp":"2026-09-07T16:51:22.326Z"}
{"level":"info","message":"GET /api/location-types 200 50.465 ms","timestamp":"2026-09-07T16:51:22.328Z"}
{"duration":7,"level":"info","message":"db-query","rows":26,"text":"SELECT * FROM location_types","timestamp":"2026-09-07T16:51:29.580Z"}
{"level":"info","message":"GET /api/location-types 200 15.893 ms","timestamp":"2026-09-07T16:51:29.589Z"}
{"duration":52,"level":"info","message":"db-query","rows":26,"text":"SELECT * FROM location_types","timestamp":"2026-09-07T16:51:29.627Z"}
{"level":"info","message":"GET /api/location-types 200 53.090 ms","timestamp":"2026-09-07T16:51:29.628Z"}
{"duration":6,"level":"info","message":"db-query","rows":26,"text":"SELECT * FROM location_types","timestamp":"2026-09-07T16:51:41.688Z"}
{"level":"info","message":"GET /api/location-types 200 11.367 ms","timestamp":"2026-09-07T16:51:41.694Z"}
{"duration":55,"level":"info","message":"db-query","rows":26,"text":"SELECT * FROM location_types","timestamp":"2026-09-07T16:51:41.739Z"}
{"level":"info","message":"GET /api/location-types 200 56.540 ms","timestamp":"2026-09-07T16:51:41.740Z"}
{"duration":9,"level":"info","message":"db-query","rows":26,"text":"SELECT * FROM location_types","timestamp":"2026-09-07T16:51:49.001Z"}
{"level":"info","message":"GET /api/location-types 200 17.236 ms","timestamp":"2026-09-07T16:51:49.008Z"}
{"duration":52,"level":"info","message":"db-query","rows":26,"text":"SELECT * FROM location_types","timestamp":"2026-09-07T16:51:49.048Z"}
{"level":"info","message":"GET /api/location-types 200 53.740 ms","timestamp":"2026-09-07T16:51:49.050Z"}
{"duration":5,"level":"info","message":"db-query","rows":26,"text":"SELECT * FROM location_types","timestamp":"2026-09-07T16:52:16.208Z"}
{"level":"info","message":"GET /api/location-types 200 11.338 ms","timestamp":"2026-09-07T16:52:16.215Z"}
{"duration":49,"level":"info","message":"db-query","rows":26,"text":"SELECT * FROM location_types","timestamp":"2026-09-07T16:52:16.253Z"}
{"level":"info","message":"GET /api/location-types 200 50.208 ms","timestamp":"2026-09-07T16:52:16.255Z"}
{"duration":9,"level":"info","message":"db-query","rows":26,"text":"SELECT * FROM location_types","timestamp":"2026-09-07T16:52:21.403Z"}
{"level":"info","message":"GET /api/location-types 200 18.133 ms","timestamp":"2026-09-07T16:52:21.411Z"}
{"duration":53,"level":"info","message":"db-query","rows":26,"text":"SELECT * FROM location_types","timestamp":"2026-09-07T16:52:21.452Z"}
{"level":"info","message":"GET /api/location-types 200 55.258 ms","timestamp":"2026-09-07T16:52:21.454Z"}
{"duration":6,"level":"info","message":"db-query","rows":26,"text":"SELECT * FROM location_types","timestamp":"2026-09-07T16:53:43.265Z"}
{"level":"info","message":"GET /api/location-types 200 21.782 ms","timestamp":"2026-09-07T16:53:43.281Z"}
{"duration":79,"level":"info","message":"db-query","rows":26,"text":"SELECT * FROM location_types","timestamp":"2026-09-07T16:53:43.340Z"}
{"level":"info","message":"GET /api/location-types 200 80.683 ms","timestamp":"2026-09-07T16:53:43.342Z"}
{"duration":11,"level":"info","message":"db-query","rows":26,"text":"SELECT * FROM location_types","timestamp":"2026-09-07T16:53:47.938Z"}
{"level":"info","message":"GET /api/location-types 200 23.036 ms","timestamp":"2026-09-07T16:53:47.949Z"}
{"duration":55,"level":"info","message":"db-query","rows":26,"text":"SELECT * FROM location_types","timestamp":"2026-09-07T16:53:47.987Z"}
{"level":"info","message":"GET /api/location-types 200 57.123 ms","timestamp":"2026-09-07T16:53:47.989Z"}
{"duration":8,"level":"info","message":"db-query","rows":26,"text":"SELECT * FROM location_types","timestamp":"2026-09-07T16:53:53.033Z"}
{"level":"info","message":"GET /api/location-types 200 19.858 ms","timestamp":"2026-09-07T16:53:53.042Z"}
{"duration":51,"level":"info","message":"db-query","rows":26,"text":"SELECT * FROM location_types","timestamp":"2026-09-07T16:53:53.078Z"}
{"level":"info","message":"GET /api/location-types 200 52.951 ms","timestamp":"2026-09-07T16:53:53.080Z"}
{"duration":5,"level":"info","message":"db-query","rows":26,"text":"SELECT * FROM location_types","timestamp":"2026-09-07T16:54:01.421Z"}
{"level":"info","message":"GET /api/location-types 200 11.021 ms","timestamp":"2026-09-07T16:54:01.427Z"}
{"duration":51,"level":"info","message":"db-query","rows":26,"text":"SELECT * FROM location_types","timestamp":"2026-09-07T16:54:01.468Z"}
{"level":"info","message":"GET /api/location-types 200 52.191 ms","timestamp":"2026-09-07T16:54:01.470Z"}
{"duration":6,"level":"info","message":"db-query","rows":26,"text":"SELECT * FROM location_types","timestamp":"2026-09-07T16:54:06.355Z"}
{"level":"info","message":"GET /api/location-types 200 26.153 ms","timestamp":"2026-09-07T16:54:06.375Z"}
{"duration":96,"level":"info","message":"db-query","rows":26,"text":"SELECT * FROM location_types","timestamp":"2026-09-07T16:54:06.447Z"}
{"level":"info","message":"GET /api/location-types 200 97.403 ms","timestamp":"2026-09-07T16:54:06.448Z"}
{"duration":5,"level":"info","message":"db-query","rows":26,"text":"SELECT * FROM location_types","timestamp":"2026-09-07T17:03:48.466Z"}
{"level":"info","message":"GET /api/location-types 200 12.226 ms","timestamp":"2026-09-07T17:03:48.473Z"}
{"duration":51,"level":"info","message":"db-query","rows":26,"text":"SELECT * FROM location_types","timestamp":"2026-09-07T17:03:48.513Z"}
{"level":"info","message":"GET /api/location-types 200 52.494 ms","timestamp":"2026-09-07T17:03:48.515Z"}
{"duration":5,"level":"info","message":"db-query","rows":26,"text":"SELECT * FROM location_types","timestamp":"2026-09-07T17:03:51.220Z"}
{"level":"info","message":"GET /api/location-types 200 12.073 ms","timestamp":"2026-09-07T17:03:51.227Z"}
{"duration":50,"level":"info","message":"db-query","rows":26,"text":"SELECT * FROM location_types","timestamp":"2026-09-07T17:03:51.266Z"}
{"level":"info","message":"GET /api/location-types 200 51.473 ms","timestamp":"2026-09-07T17:03:51.268Z"}
{"duration":6,"level":"info","message":"db-query","rows":26,"text":"SELECT * FROM location_types","timestamp":"2026-09-07T17:03:54.049Z"}
{"level":"info","message":"GET /api/location-types 200 14.346 ms","timestamp":"2026-09-07T17:03:54.057Z"}
{"duration":70,"level":"info","message":"db-query","rows":26,"text":"SELECT * FROM location_types","timestamp":"2026-09-07T17:03:54.115Z"}
{"level":"info","message":"GET /api/location-types 200 71.370 ms","timestamp":"2026-09-07T17:03:54.116Z"}
{"duration":7,"level":"info","message":"db-query","rows":26,"text":"SELECT * FROM location_types","timestamp":"2026-09-07T17:04:25.227Z"}
{"level":"info","message":"GET /api/location-types 200 14.916 ms","timestamp":"2026-09-07T17:04:25.235Z"}
{"duration":53,"level":"info","message":"db-query","rows":26,"text":"SELECT * FROM location_types","timestamp":"2026-09-07T17:04:25.275Z"}
{"level":"info","message":"GET /api/location-types 200 54.242 ms","timestamp":"2026-09-07T17:04:25.276Z"}
{"duration":79,"level":"info","message":"db-query","rows":1,"text":"\n      SELECT *\n      FROM company_clients\n      WHERE id = $1\n      LIMIT 1\n    ","timestamp":"2026-09-07T17:23:35.671Z"}
{"level":"info","message":"GET /api/drivers/company-number/3 200 83.854 ms","timestamp":"2026-09-07T17:23:35.673Z"}
{"level":"info","message":"GET /favicon.ico 404 4.799 ms","timestamp":"2026-09-07T17:23:35.759Z"}
{"duration":6,"level":"info","message":"db-query","rows":26,"text":"SELECT * FROM location_types","timestamp":"2026-09-07T17:33:05.659Z"}
{"level":"info","message":"GET /api/location-types 200 13.337 ms","timestamp":"2026-09-07T17:33:05.666Z"}
{"duration":64,"level":"info","message":"db-query","rows":26,"text":"SELECT * FROM location_types","timestamp":"2026-09-07T17:33:05.718Z"}
{"level":"info","message":"GET /api/location-types 200 64.696 ms","timestamp":"2026-09-07T17:33:05.719Z"}
{"duration":6,"level":"info","message":"db-query","rows":26,"text":"SELECT * FROM location_types","timestamp":"2026-09-07T17:33:28.396Z"}
{"level":"info","message":"GET /api/location-types 200 12.787 ms","timestamp":"2026-09-07T17:33:28.403Z"}
{"duration":151,"level":"info","message":"db-query","rows":26,"text":"SELECT * FROM location_types","timestamp":"2026-09-07T17:33:28.542Z"}
{"level":"info","message":"GET /api/location-types 200 151.718 ms","timestamp":"2026-09-07T17:33:28.543Z"}
{"duration":127,"level":"info","message":"db-query","rows":1,"text":"\n    \nSELECT\n  b.id,\n  b.reference_number,\n  b.subsidiary_id,\n  b.booking_type_id,\n  b.booking_status_id,\n  b.journey_type_id,\n  b.account_id,\n  b.customer_id,\n  b.employee_id,\n  b.pickup,\n  b.dropoff,\n  b.pickup_date,\n  b.pickup_time,\n  b.dropoff_date,\n  b.dropoff_time,\n  b.pickup_door_number,\n  b.dropoff_door_number,\n  b.pickup_plot,\n  b.dropoff_plot,\n  b.pickup_location_type_id,\n  b.dropoff_location_type_id,\n  b.pickup_latitude,\n  b.pickup_longitude,\n  b.dropoff_latitude,\n  b.dropoff_longitude,\n  b.viapoints,\n  b.restricted_drivers,\n  b.flight_number,\n  b.arriving_from,\n  b.vehicle_type_id,\n  b.vehicle_id,\n  b.driver_id,\n  b.passengers,\n  b.luggages,\n  b.hand_luggages,\n  b.child_seat,\n  b.name,\n  b.email,\n  b.mobile,\n  b.telephone,\n  b.lead_time,\n  b.notes,\n  b.special_instructions,\n  b.payment_type_id,\n  b.company_price,\n  b.fares,\n  b.total_charges,\n  b.parking_charges,\n  b.waiting_charges,\n  b.extra_drop_charges,\n  b.credit_card_charges,\n  b.congestion_charges,\n  b.miles,\n  b.meet_and_greet,\n  b.department,\n  b.escort_id,\n  b.order_number,\n  b.booked_by,\n  b.add_return_fare,\n  b.fare_meter_status,\n  b.fare_meter,\n  b.quotation,\n  b.quoted,\n  b.dispatch,\n  b.dispatch_as,\n  b.sms,\n  b.emailflag,\n  b.trash,\n  b.hidden,\n  b.multi_booking_id,\n  b.associated_booking,\n  b.invoice_status,\n  b.commission_status,\n  b.commission,\n  b.skipped_bookings,\n  b.permanent,\n  b.toggle_driver_text,\n  b.toggle_passenger_text,\n  b.cancelled_reason,\n  b.booking_source,\n  b.on_route,\n  b.arrived,\n  b.passenger_on_board,\n  b.completed,\n  b.controller_completed,\n  b.driver_waiting_time,\n  b.dispatched_at,\n  b.booked_at,\n  b.stripe_customer_id,\n  b.stripe_payment_id,\n  b.invoice_number,\n  b.initial_subsidiary_id,\n  b.created_at,\n  b.updated_at,\n  b.eta,\n  b.fob,\n  b.future,\n\n  json_build_object(\n    'booking_status', bs.booking_status\n  ) AS booking_status,\n\n  json_build_object(\n    'booking_type', bt.booking_type\n  ) AS booking_type,\n\n  json_build_object(\n    'journey_type', jt.journey_type\n  ) AS journey_type,\n\n  json_build_object(\n    'id', s.id,\n    'name', s.name,\n    'telephone_number', s.telephone_number\n  ) AS subsidiary,\n\n  json_build_object(\n    'name', vt.name,\n    'background_color', vt.background_color,\n    'foreground_color', vt.foreground_color\n  ) AS vehicle_type,\n\n  json_build_object(\n    'id', pt.id,\n    'name', pt.name,\n    'background_color', pt.background_color,\n    'foreground_color', pt.foreground_color\n  ) AS payment_type,\n\n  json_build_object(\n    'id', a.id,\n    'name', a.name,\n    'background_color', a.background_color,\n    'foreground_color', a.foreground_color,\n    'has_vat', a.has_vat,\n    'bank_information', a.bank_information,\n    'fare_controller', a.fare_controller,\n    'account_fees_type', a.account_fees_type,\n    'account_fees', a.account_fees,\n    'account_fees_vat', a.account_fees_vat\n  ) AS account,\n\n  json_build_object(\n    'id', d.id,\n    'username', d.username,\n    'name', d.name,\n    'mobile_device_id', d.mobile_device_id,\n    'phc_vehicle_number', d.phc_vehicle_number,\n    'phc_driver_number', d.phc_driver_number,\n    'vehicle_id', d.vehicle_id,\n    'driver_commission', d.driver_commission,\n    'session_status', d.session_status,\n\n    'vehicle', json_build_object(\n      'make', v.make,\n      'model', v.model,\n      'color', v.color,\n      'vehicle_number', v.vehicle_number\n    )\n  ) AS driver,\n\n  json_build_object(\n    'door_number', c.door_number,\n    'address1', c.address1,\n    'address2', c.address2,\n    'blacklist', c.blacklist\n  ) AS customer,\n\n  json_build_object(\n    'username', e.username,\n    'role_id', e.role_id\n  ) AS employee,\n\n  json_build_object(\n    'pickup',\n    CASE\n      WHEN lp.id IS NOT NULL THEN\n        json_build_object(\n          'id', lp.id,\n          'name', lp.name,\n          'location_type', json_build_object(\n            'id', ltp.id,\n            'name', ltp.name,\n            'background_color', ltp.background_color,\n            'foreground_color', ltp.foreground_color\n          )\n        )\n      ELSE\n        json_build_object(\n          'id', null,\n          'name', null,\n          'location_type', json_build_object(\n            'id', null,\n            'name', null,\n            'background_color', null,\n            'foreground_color', null\n          )\n        )\n    END,\n\n    'dropoff',\n    CASE\n      WHEN ld.id IS NOT NULL THEN\n        json_build_object(\n          'id', ld.id,\n          'name', ld.name,\n          'location_type', json_build_object(\n            'id', ltd.id,\n            'name', ltd.name,\n            'background_color', ltd.background_color,\n            'foreground_color', ltd.foreground_color\n          )\n        )\n      ELSE\n        json_build_object(\n          'id', null,\n          'name', null,\n          'location_type', json_build_object(\n            'id', null,\n            'name', null,\n            'background_color', null,\n            'foreground_color', null\n          )\n        )\n    END\n  ) AS airport\n\nFROM bookings b\n\nLEFT JOIN booking_statuses bs\n  ON b.booking_status_id = bs.id\n\nLEFT JOIN booking_types bt\n  ON b.booking_type_id = bt.id\n\nLEFT JOIN journey_types jt\n  ON b.journey_type_id = jt.id\n\nLEFT JOIN subsidiaries s\n  ON b.subsidiary_id = s.id\n\nLEFT JOIN vehicle_types vt\n  ON b.vehicle_type_id = vt.id\n\nLEFT JOIN payment_types pt\n  ON b.payment_type_id = pt.id\n\nLEFT JOIN accounts a\n  ON b.account_id = a.id\n\nLEFT JOIN drivers d\n  ON b.driver_id = d.id\n\nLEFT JOIN vehicles v\n  ON d.vehicle_id = v.id\n\nLEFT JOIN customers c\n  ON b.customer_id = c.id\n\nLEFT JOIN employees e\n  ON b.employee_id = e.id\n\n\n-- PICKUP LOCATION\n-- Select only the most specific matching location\nLEFT JOIN LATERAL (\n  SELECT l.*\n  FROM locations l\n  WHERE l.location_type_id = 2\n    AND b.pickup ILIKE '%' || l.name || '%'\n  ORDER BY LENGTH(l.name) DESC, l.id ASC\n  LIMIT 1\n) lp ON true\n\n\n-- DROPOFF LOCATION\n-- Select only the most specific matching location\nLEFT JOIN LATERAL (\n  SELECT l.*\n  FROM locations l\n  WHERE l.location_type_id = 2\n    AND b.dropoff ILIKE '%' || l.name || '%'\n  ORDER BY LENGTH(l.name) DESC, l.id ASC\n  LIMIT 1\n) ld ON true\n\n\nLEFT JOIN location_types ltp\n  ON lp.location_type_id = ltp.id\n\nLEFT JOIN location_types ltd\n  ON ld.location_type_id = ltd.id\n\n\n    WHERE b.id = $1 OR b.associated_booking = $1\n    ORDER BY b.id ASC\n  ","timestamp":"2026-09-07T17:35:39.868Z"}
{"level":"info","message":"GET /api/bookings/getbyid/891 200 130.221 ms","timestamp":"2026-09-07T17:35:39.869Z"}
{"duration":155,"level":"info","message":"db-query","rows":1,"text":"SELECT * FROM bookings WHERE id = $1","timestamp":"2026-09-07T17:36:45.051Z"}
{"duration":3,"level":"info","message":"db-query","rows":0,"text":"SELECT * FROM driver_app_features WHERE driver_id = $1 AND company_id = $2","timestamp":"2026-09-07T17:36:45.055Z"}
{"duration":2,"level":"info","message":"db-query","rows":0,"text":"SELECT reference_number FROM bookings WHERE reference_number = $1 LIMIT 1","timestamp":"2026-09-07T17:36:45.059Z"}
{"duration":41,"level":"info","message":"db-query","rows":1,"text":"INSERT INTO bookings (reference_number,subsidiary_id,booking_type_id,booking_status_id,journey_type_id,account_id,customer_id,employee_id,pickup,dropoff,pickup_date,pickup_time,dropoff_date,dropoff_time,pickup_door_number,dropoff_door_number,pickup_plot,dropoff_plot,pickup_location_type_id,dropoff_location_type_id,pickup_latitude,pickup_longitude,dropoff_latitude,dropoff_longitude,viapoints,restricted_drivers,flight_number,arriving_from,vehicle_type_id,vehicle_id,driver_id,passengers,luggages,hand_luggages,child_seat,name,email,mobile,telephone,lead_time,notes,special_instructions,payment_type_id,company_price,fares,total_charges,parking_charges,waiting_charges,extra_drop_charges,credit_card_charges,congestion_charges,miles,meet_and_greet,department,escort_id,order_number,booked_by,add_return_fare,fare_meter_status,fare_meter,quotation,quoted,dispatch,dispatch_as,sms,emailflag,trash,hidden,multi_booking_id,associated_booking,invoice_status,commission_status,commission,skipped_bookings,permanent,toggle_driver_text,toggle_passenger_text,cancelled_reason,booking_source,on_route,arrived,passenger_on_board,completed,controller_completed,driver_waiting_time,dispatched_at,booked_at,stripe_customer_id,stripe_payment_id,invoice_number,initial_subsidiary_id,eta,company_id)\n               VALUES ($1,$2,$3,$4,$5,$6,$7,$8,$9,$10,$11,$12,$13,$14,$15,$16,$17,$18,$19,$20,$21,$22,$23,$24,$25,$26,$27,$28,$29,$30,$31,$32,$33,$34,$35,$36,$37,$38,$39,$40,$41,$42,$43,$44,$45,$46,$47,$48,$49,$50,$51,$52,$53,$54,$55,$56,$57,$58,$59,$60,$61,$62,$63,$64,$65,$66,$67,$68,$69,$70,$71,$72,$73,$74,$75,$76,$77,$78,$79,$80,$81,$82,$83,$84,$85,$86,$87,$88,$89,$90,$91,$92,$93)\n               RETURNING *;","timestamp":"2026-09-07T17:36:45.101Z"}
{"duration":7,"level":"info","message":"db-query","rows":1,"text":"SELECT * FROM fixed_fares WHERE vehicle_type_id=$1 AND company_id = $2","timestamp":"2026-09-07T17:36:45.110Z"}
{"duration":5,"level":"info","message":"db-query","rows":2,"text":"SELECT * FROM fare_configurations\n       WHERE vehicle_type_id=$1 AND company_id = $2\n       ORDER BY id ASC","timestamp":"2026-09-07T17:36:45.116Z"}
{"duration":6,"level":"info","message":"db-query","rows":1,"text":"SELECT * FROM fare_by_vehicles WHERE vehicle_type_id=$1 AND company_id=$2","timestamp":"2026-09-07T17:36:45.124Z"}
{"duration":4,"level":"info","message":"db-query","rows":3,"text":"\n      SELECT *\n      FROM fare_increments\n      WHERE company_id=$1\n      ORDER BY id DESC\n    ","timestamp":"2026-09-07T17:36:45.129Z"}
{"duration":6,"level":"info","message":"db-query","rows":1,"text":"\n      SELECT *\n      FROM surcharges\n      WHERE company_id=$1\n      AND active=true\n    ","timestamp":"2026-09-07T17:36:45.136Z"}
{"duration":4,"level":"info","message":"db-query","rows":22,"text":"SELECT * FROM locations WHERE location_type_id=2 AND company_id =$1","timestamp":"2026-09-07T17:36:45.140Z"}
{"duration":6,"level":"info","message":"db-query","rows":1,"text":"UPDATE bookings SET total_charges = $1 WHERE id = $2","timestamp":"2026-09-07T17:36:45.152Z"}
{"duration":26,"level":"info","message":"db-query","rows":1,"text":"\n    \nSELECT\n  b.id,\n  b.reference_number,\n  b.subsidiary_id,\n  b.booking_type_id,\n  b.booking_status_id,\n  b.journey_type_id,\n  b.account_id,\n  b.customer_id,\n  b.employee_id,\n  b.pickup,\n  b.dropoff,\n  b.pickup_date,\n  b.pickup_time,\n  b.dropoff_date,\n  b.dropoff_time,\n  b.pickup_door_number,\n  b.dropoff_door_number,\n  b.pickup_plot,\n  b.dropoff_plot,\n  b.pickup_location_type_id,\n  b.dropoff_location_type_id,\n  b.pickup_latitude,\n  b.pickup_longitude,\n  b.dropoff_latitude,\n  b.dropoff_longitude,\n  b.viapoints,\n  b.restricted_drivers,\n  b.flight_number,\n  b.arriving_from,\n  b.vehicle_type_id,\n  b.vehicle_id,\n  b.driver_id,\n  b.passengers,\n  b.luggages,\n  b.hand_luggages,\n  b.child_seat,\n  b.name,\n  b.email,\n  b.mobile,\n  b.telephone,\n  b.lead_time,\n  b.notes,\n  b.special_instructions,\n  b.payment_type_id,\n  b.company_price,\n  b.fares,\n  b.total_charges,\n  b.parking_charges,\n  b.waiting_charges,\n  b.extra_drop_charges,\n  b.credit_card_charges,\n  b.congestion_charges,\n  b.miles,\n  b.meet_and_greet,\n  b.department,\n  b.escort_id,\n  b.order_number,\n  b.booked_by,\n  b.add_return_fare,\n  b.fare_meter_status,\n  b.fare_meter,\n  b.quotation,\n  b.quoted,\n  b.dispatch,\n  b.dispatch_as,\n  b.sms,\n  b.emailflag,\n  b.trash,\n  b.hidden,\n  b.multi_booking_id,\n  b.associated_booking,\n  b.invoice_status,\n  b.commission_status,\n  b.commission,\n  b.skipped_bookings,\n  b.permanent,\n  b.toggle_driver_text,\n  b.toggle_passenger_text,\n  b.cancelled_reason,\n  b.booking_source,\n  b.on_route,\n  b.arrived,\n  b.passenger_on_board,\n  b.completed,\n  b.controller_completed,\n  b.driver_waiting_time,\n  b.dispatched_at,\n  b.booked_at,\n  b.stripe_customer_id,\n  b.stripe_payment_id,\n  b.invoice_number,\n  b.initial_subsidiary_id,\n  b.created_at,\n  b.updated_at,\n  b.eta,\n  b.fob,\n  b.future,\n\n  json_build_object(\n    'booking_status', bs.booking_status\n  ) AS booking_status,\n\n  json_build_object(\n    'booking_type', bt.booking_type\n  ) AS booking_type,\n\n  json_build_object(\n    'journey_type', jt.journey_type\n  ) AS journey_type,\n\n  json_build_object(\n    'id', s.id,\n    'name', s.name,\n    'telephone_number', s.telephone_number\n  ) AS subsidiary,\n\n  json_build_object(\n    'name', vt.name,\n    'background_color', vt.background_color,\n    'foreground_color', vt.foreground_color\n  ) AS vehicle_type,\n\n  json_build_object(\n    'id', pt.id,\n    'name', pt.name,\n    'background_color', pt.background_color,\n    'foreground_color', pt.foreground_color\n  ) AS payment_type,\n\n  json_build_object(\n    'id', a.id,\n    'name', a.name,\n    'background_color', a.background_color,\n    'foreground_color', a.foreground_color,\n    'has_vat', a.has_vat,\n    'bank_information', a.bank_information,\n    'fare_controller', a.fare_controller,\n    'account_fees_type', a.account_fees_type,\n    'account_fees', a.account_fees,\n    'account_fees_vat', a.account_fees_vat\n  ) AS account,\n\n  json_build_object(\n    'id', d.id,\n    'username', d.username,\n    'name', d.name,\n    'mobile_device_id', d.mobile_device_id,\n    'phc_vehicle_number', d.phc_vehicle_number,\n    'phc_driver_number', d.phc_driver_number,\n    'vehicle_id', d.vehicle_id,\n    'driver_commission', d.driver_commission,\n    'session_status', d.session_status,\n\n    'vehicle', json_build_object(\n      'make', v.make,\n      'model', v.model,\n      'color', v.color,\n      'vehicle_number', v.vehicle_number\n    )\n  ) AS driver,\n\n  json_build_object(\n    'door_number', c.door_number,\n    'address1', c.address1,\n    'address2', c.address2,\n    'blacklist', c.blacklist\n  ) AS customer,\n\n  json_build_object(\n    'username', e.username,\n    'role_id', e.role_id\n  ) AS employee,\n\n  json_build_object(\n    'pickup',\n    CASE\n      WHEN lp.id IS NOT NULL THEN\n        json_build_object(\n          'id', lp.id,\n          'name', lp.name,\n          'location_type', json_build_object(\n            'id', ltp.id,\n            'name', ltp.name,\n            'background_color', ltp.background_color,\n            'foreground_color', ltp.foreground_color\n          )\n        )\n      ELSE\n        json_build_object(\n          'id', null,\n          'name', null,\n          'location_type', json_build_object(\n            'id', null,\n            'name', null,\n            'background_color', null,\n            'foreground_color', null\n          )\n        )\n    END,\n\n    'dropoff',\n    CASE\n      WHEN ld.id IS NOT NULL THEN\n        json_build_object(\n          'id', ld.id,\n          'name', ld.name,\n          'location_type', json_build_object(\n            'id', ltd.id,\n            'name', ltd.name,\n            'background_color', ltd.background_color,\n            'foreground_color', ltd.foreground_color\n          )\n        )\n      ELSE\n        json_build_object(\n          'id', null,\n          'name', null,\n          'location_type', json_build_object(\n            'id', null,\n            'name', null,\n            'background_color', null,\n            'foreground_color', null\n          )\n        )\n    END\n  ) AS airport\n\nFROM bookings b\n\nLEFT JOIN booking_statuses bs\n  ON b.booking_status_id = bs.id\n\nLEFT JOIN booking_types bt\n  ON b.booking_type_id = bt.id\n\nLEFT JOIN journey_types jt\n  ON b.journey_type_id = jt.id\n\nLEFT JOIN subsidiaries s\n  ON b.subsidiary_id = s.id\n\nLEFT JOIN vehicle_types vt\n  ON b.vehicle_type_id = vt.id\n\nLEFT JOIN payment_types pt\n  ON b.payment_type_id = pt.id\n\nLEFT JOIN accounts a\n  ON b.account_id = a.id\n\nLEFT JOIN drivers d\n  ON b.driver_id = d.id\n\nLEFT JOIN vehicles v\n  ON d.vehicle_id = v.id\n\nLEFT JOIN customers c\n  ON b.customer_id = c.id\n\nLEFT JOIN employees e\n  ON b.employee_id = e.id\n\n\n-- PICKUP LOCATION\n-- Select only the most specific matching location\nLEFT JOIN LATERAL (\n  SELECT l.*\n  FROM locations l\n  WHERE l.location_type_id = 2\n    AND b.pickup ILIKE '%' || l.name || '%'\n  ORDER BY LENGTH(l.name) DESC, l.id ASC\n  LIMIT 1\n) lp ON true\n\n\n-- DROPOFF LOCATION\n-- Select only the most specific matching location\nLEFT JOIN LATERAL (\n  SELECT l.*\n  FROM locations l\n  WHERE l.location_type_id = 2\n    AND b.dropoff ILIKE '%' || l.name || '%'\n  ORDER BY LENGTH(l.name) DESC, l.id ASC\n  LIMIT 1\n) ld ON true\n\n\nLEFT JOIN location_types ltp\n  ON lp.location_type_id = ltp.id\n\nLEFT JOIN location_types ltd\n  ON ld.location_type_id = ltd.id\n\n\n    WHERE b.id = $1 OR b.associated_booking = $1\n    ORDER BY b.id ASC\n  ","timestamp":"2026-09-07T17:36:45.178Z"}
{"duration":1,"level":"info","message":"db-query","rows":1,"text":"SELECT fcm_token FROM drivers WHERE id = $1","timestamp":"2026-09-07T17:36:45.180Z"}
{"level":"info","message":"POST /api/bookings/cli 200 287.123 ms","timestamp":"2026-09-07T17:36:45.181Z"}
{"duration":54,"level":"info","message":"db-query","rows":1,"text":"SELECT * FROM bookings WHERE id = $1","timestamp":"2026-09-07T17:37:23.694Z"}
{"duration":3,"level":"info","message":"db-query","rows":1,"text":"SELECT * FROM driver_app_features WHERE driver_id = $1 AND company_id = $2","timestamp":"2026-09-07T17:37:23.697Z"}
{"duration":1,"level":"info","message":"db-query","rows":0,"text":"SELECT reference_number FROM bookings WHERE reference_number = $1 LIMIT 1","timestamp":"2026-09-07T17:37:23.699Z"}
{"duration":18,"level":"info","message":"db-query","rows":1,"text":"INSERT INTO bookings (reference_number,subsidiary_id,booking_type_id,booking_status_id,journey_type_id,account_id,customer_id,employee_id,pickup,dropoff,pickup_date,pickup_time,dropoff_date,dropoff_time,pickup_door_number,dropoff_door_number,pickup_plot,dropoff_plot,pickup_location_type_id,dropoff_location_type_id,pickup_latitude,pickup_longitude,dropoff_latitude,dropoff_longitude,viapoints,restricted_drivers,flight_number,arriving_from,vehicle_type_id,vehicle_id,driver_id,passengers,luggages,hand_luggages,child_seat,name,email,mobile,telephone,lead_time,notes,special_instructions,payment_type_id,company_price,fares,total_charges,parking_charges,waiting_charges,extra_drop_charges,credit_card_charges,congestion_charges,miles,meet_and_greet,department,escort_id,order_number,booked_by,add_return_fare,fare_meter_status,fare_meter,quotation,quoted,dispatch,dispatch_as,sms,emailflag,trash,hidden,multi_booking_id,associated_booking,invoice_status,commission_status,commission,skipped_bookings,permanent,toggle_driver_text,toggle_passenger_text,cancelled_reason,booking_source,on_route,arrived,passenger_on_board,completed,controller_completed,driver_waiting_time,dispatched_at,booked_at,stripe_customer_id,stripe_payment_id,invoice_number,initial_subsidiary_id,eta,company_id)\n               VALUES ($1,$2,$3,$4,$5,$6,$7,$8,$9,$10,$11,$12,$13,$14,$15,$16,$17,$18,$19,$20,$21,$22,$23,$24,$25,$26,$27,$28,$29,$30,$31,$32,$33,$34,$35,$36,$37,$38,$39,$40,$41,$42,$43,$44,$45,$46,$47,$48,$49,$50,$51,$52,$53,$54,$55,$56,$57,$58,$59,$60,$61,$62,$63,$64,$65,$66,$67,$68,$69,$70,$71,$72,$73,$74,$75,$76,$77,$78,$79,$80,$81,$82,$83,$84,$85,$86,$87,$88,$89,$90,$91,$92,$93)\n               RETURNING *;","timestamp":"2026-09-07T17:37:23.718Z"}
{"duration":2,"level":"info","message":"db-query","rows":1,"text":"SELECT * FROM fixed_fares WHERE vehicle_type_id=$1 AND company_id = $2","timestamp":"2026-09-07T17:37:23.721Z"}
{"duration":3,"level":"info","message":"db-query","rows":2,"text":"SELECT * FROM fare_configurations\n       WHERE vehicle_type_id=$1 AND company_id = $2\n       ORDER BY id ASC","timestamp":"2026-09-07T17:37:23.725Z"}
{"duration":2,"level":"info","message":"db-query","rows":3,"text":"\n      SELECT *\n      FROM fare_increments\n      WHERE company_id=$1\n      ORDER BY id DESC\n    ","timestamp":"2026-09-07T17:37:23.727Z"}
{"duration":2,"level":"info","message":"db-query","rows":1,"text":"\n      SELECT *\n      FROM surcharges\n      WHERE company_id=$1\n      AND active=true\n    ","timestamp":"2026-09-07T17:37:23.730Z"}
{"duration":2,"level":"info","message":"db-query","rows":22,"text":"SELECT * FROM locations WHERE location_type_id=2 AND company_id =$1","timestamp":"2026-09-07T17:37:23.733Z"}
{"duration":1,"level":"info","message":"db-query","rows":1,"text":"UPDATE bookings SET total_charges = $1 WHERE id = $2","timestamp":"2026-09-07T17:37:23.737Z"}
{"duration":23,"level":"info","message":"db-query","rows":1,"text":"\n    \nSELECT\n  b.id,\n  b.reference_number,\n  b.subsidiary_id,\n  b.booking_type_id,\n  b.booking_status_id,\n  b.journey_type_id,\n  b.account_id,\n  b.customer_id,\n  b.employee_id,\n  b.pickup,\n  b.dropoff,\n  b.pickup_date,\n  b.pickup_time,\n  b.dropoff_date,\n  b.dropoff_time,\n  b.pickup_door_number,\n  b.dropoff_door_number,\n  b.pickup_plot,\n  b.dropoff_plot,\n  b.pickup_location_type_id,\n  b.dropoff_location_type_id,\n  b.pickup_latitude,\n  b.pickup_longitude,\n  b.dropoff_latitude,\n  b.dropoff_longitude,\n  b.viapoints,\n  b.restricted_drivers,\n  b.flight_number,\n  b.arriving_from,\n  b.vehicle_type_id,\n  b.vehicle_id,\n  b.driver_id,\n  b.passengers,\n  b.luggages,\n  b.hand_luggages,\n  b.child_seat,\n  b.name,\n  b.email,\n  b.mobile,\n  b.telephone,\n  b.lead_time,\n  b.notes,\n  b.special_instructions,\n  b.payment_type_id,\n  b.company_price,\n  b.fares,\n  b.total_charges,\n  b.parking_charges,\n  b.waiting_charges,\n  b.extra_drop_charges,\n  b.credit_card_charges,\n  b.congestion_charges,\n  b.miles,\n  b.meet_and_greet,\n  b.department,\n  b.escort_id,\n  b.order_number,\n  b.booked_by,\n  b.add_return_fare,\n  b.fare_meter_status,\n  b.fare_meter,\n  b.quotation,\n  b.quoted,\n  b.dispatch,\n  b.dispatch_as,\n  b.sms,\n  b.emailflag,\n  b.trash,\n  b.hidden,\n  b.multi_booking_id,\n  b.associated_booking,\n  b.invoice_status,\n  b.commission_status,\n  b.commission,\n  b.skipped_bookings,\n  b.permanent,\n  b.toggle_driver_text,\n  b.toggle_passenger_text,\n  b.cancelled_reason,\n  b.booking_source,\n  b.on_route,\n  b.arrived,\n  b.passenger_on_board,\n  b.completed,\n  b.controller_completed,\n  b.driver_waiting_time,\n  b.dispatched_at,\n  b.booked_at,\n  b.stripe_customer_id,\n  b.stripe_payment_id,\n  b.invoice_number,\n  b.initial_subsidiary_id,\n  b.created_at,\n  b.updated_at,\n  b.eta,\n  b.fob,\n  b.future,\n\n  json_build_object(\n    'booking_status', bs.booking_status\n  ) AS booking_status,\n\n  json_build_object(\n    'booking_type', bt.booking_type\n  ) AS booking_type,\n\n  json_build_object(\n    'journey_type', jt.journey_type\n  ) AS journey_type,\n\n  json_build_object(\n    'id', s.id,\n    'name', s.name,\n    'telephone_number', s.telephone_number\n  ) AS subsidiary,\n\n  json_build_object(\n    'name', vt.name,\n    'background_color', vt.background_color,\n    'foreground_color', vt.foreground_color\n  ) AS vehicle_type,\n\n  json_build_object(\n    'id', pt.id,\n    'name', pt.name,\n    'background_color', pt.background_color,\n    'foreground_color', pt.foreground_color\n  ) AS payment_type,\n\n  json_build_object(\n    'id', a.id,\n    'name', a.name,\n    'background_color', a.background_color,\n    'foreground_color', a.foreground_color,\n    'has_vat', a.has_vat,\n    'bank_information', a.bank_information,\n    'fare_controller', a.fare_controller,\n    'account_fees_type', a.account_fees_type,\n    'account_fees', a.account_fees,\n    'account_fees_vat', a.account_fees_vat\n  ) AS account,\n\n  json_build_object(\n    'id', d.id,\n    'username', d.username,\n    'name', d.name,\n    'mobile_device_id', d.mobile_device_id,\n    'phc_vehicle_number', d.phc_vehicle_number,\n    'phc_driver_number', d.phc_driver_number,\n    'vehicle_id', d.vehicle_id,\n    'driver_commission', d.driver_commission,\n    'session_status', d.session_status,\n\n    'vehicle', json_build_object(\n      'make', v.make,\n      'model', v.model,\n      'color', v.color,\n      'vehicle_number', v.vehicle_number\n    )\n  ) AS driver,\n\n  json_build_object(\n    'door_number', c.door_number,\n    'address1', c.address1,\n    'address2', c.address2,\n    'blacklist', c.blacklist\n  ) AS customer,\n\n  json_build_object(\n    'username', e.username,\n    'role_id', e.role_id\n  ) AS employee,\n\n  json_build_object(\n    'pickup',\n    CASE\n      WHEN lp.id IS NOT NULL THEN\n        json_build_object(\n          'id', lp.id,\n          'name', lp.name,\n          'location_type', json_build_object(\n            'id', ltp.id,\n            'name', ltp.name,\n            'background_color', ltp.background_color,\n            'foreground_color', ltp.foreground_color\n          )\n        )\n      ELSE\n        json_build_object(\n          'id', null,\n          'name', null,\n          'location_type', json_build_object(\n            'id', null,\n            'name', null,\n            'background_color', null,\n            'foreground_color', null\n          )\n        )\n    END,\n\n    'dropoff',\n    CASE\n      WHEN ld.id IS NOT NULL THEN\n        json_build_object(\n          'id', ld.id,\n          'name', ld.name,\n          'location_type', json_build_object(\n            'id', ltd.id,\n            'name', ltd.name,\n            'background_color', ltd.background_color,\n            'foreground_color', ltd.foreground_color\n          )\n        )\n      ELSE\n        json_build_object(\n          'id', null,\n          'name', null,\n          'location_type', json_build_object(\n            'id', null,\n            'name', null,\n            'background_color', null,\n            'foreground_color', null\n          )\n        )\n    END\n  ) AS airport\n\nFROM bookings b\n\nLEFT JOIN booking_statuses bs\n  ON b.booking_status_id = bs.id\n\nLEFT JOIN booking_types bt\n  ON b.booking_type_id = bt.id\n\nLEFT JOIN journey_types jt\n  ON b.journey_type_id = jt.id\n\nLEFT JOIN subsidiaries s\n  ON b.subsidiary_id = s.id\n\nLEFT JOIN vehicle_types vt\n  ON b.vehicle_type_id = vt.id\n\nLEFT JOIN payment_types pt\n  ON b.payment_type_id = pt.id\n\nLEFT JOIN accounts a\n  ON b.account_id = a.id\n\nLEFT JOIN drivers d\n  ON b.driver_id = d.id\n\nLEFT JOIN vehicles v\n  ON d.vehicle_id = v.id\n\nLEFT JOIN customers c\n  ON b.customer_id = c.id\n\nLEFT JOIN employees e\n  ON b.employee_id = e.id\n\n\n-- PICKUP LOCATION\n-- Select only the most specific matching location\nLEFT JOIN LATERAL (\n  SELECT l.*\n  FROM locations l\n  WHERE l.location_type_id = 2\n    AND b.pickup ILIKE '%' || l.name || '%'\n  ORDER BY LENGTH(l.name) DESC, l.id ASC\n  LIMIT 1\n) lp ON true\n\n\n-- DROPOFF LOCATION\n-- Select only the most specific matching location\nLEFT JOIN LATERAL (\n  SELECT l.*\n  FROM locations l\n  WHERE l.location_type_id = 2\n    AND b.dropoff ILIKE '%' || l.name || '%'\n  ORDER BY LENGTH(l.name) DESC, l.id ASC\n  LIMIT 1\n) ld ON true\n\n\nLEFT JOIN location_types ltp\n  ON lp.location_type_id = ltp.id\n\nLEFT JOIN location_types ltd\n  ON ld.location_type_id = ltd.id\n\n\n    WHERE b.id = $1 OR b.associated_booking = $1\n    ORDER BY b.id ASC\n  ","timestamp":"2026-09-07T17:37:23.760Z"}
{"duration":1,"level":"info","message":"db-query","rows":1,"text":"SELECT fcm_token FROM drivers WHERE id = $1","timestamp":"2026-09-07T17:37:23.762Z"}
{"level":"info","message":"POST /api/bookings/cli 200 124.133 ms","timestamp":"2026-09-07T17:37:23.763Z"}
{"duration":13,"level":"info","message":"db-query","rows":26,"text":"SELECT * FROM location_types","timestamp":"2026-09-07T18:03:41.486Z"}
{"level":"info","message":"GET /api/location-types 200 29.896 ms","timestamp":"2026-09-07T18:03:41.501Z"}
{"duration":68,"level":"info","message":"db-query","rows":26,"text":"SELECT * FROM location_types","timestamp":"2026-09-07T18:03:41.545Z"}
{"level":"info","message":"GET /api/location-types 200 69.902 ms","timestamp":"2026-09-07T18:03:41.547Z"}
{"duration":6,"level":"info","message":"db-query","rows":26,"text":"SELECT * FROM location_types","timestamp":"2026-09-07T18:14:32.982Z"}
{"level":"info","message":"GET /api/location-types 200 11.378 ms","timestamp":"2026-09-07T18:14:32.989Z"}
{"duration":48,"level":"info","message":"db-query","rows":26,"text":"SELECT * FROM location_types","timestamp":"2026-09-07T18:14:33.027Z"}
{"level":"info","message":"GET /api/location-types 200 48.997 ms","timestamp":"2026-09-07T18:14:33.028Z"}
{"duration":8,"level":"info","message":"db-query","rows":26,"text":"SELECT * FROM location_types","timestamp":"2026-09-07T18:14:37.370Z"}
{"level":"info","message":"GET /api/location-types 200 14.432 ms","timestamp":"2026-09-07T18:14:37.377Z"}
{"duration":66,"level":"info","message":"db-query","rows":26,"text":"SELECT * FROM location_types","timestamp":"2026-09-07T18:14:37.431Z"}
{"level":"info","message":"GET /api/location-types 200 67.182 ms","timestamp":"2026-09-07T18:14:37.432Z"}
{"duration":7,"level":"info","message":"db-query","rows":26,"text":"SELECT * FROM location_types","timestamp":"2026-09-07T18:14:41.228Z"}
{"level":"info","message":"GET /api/location-types 200 14.363 ms","timestamp":"2026-09-07T18:14:41.234Z"}
{"duration":48,"level":"info","message":"db-query","rows":26,"text":"SELECT * FROM location_types","timestamp":"2026-09-07T18:14:41.272Z"}
{"level":"info","message":"GET /api/location-types 200 49.107 ms","timestamp":"2026-09-07T18:14:41.273Z"}
{"duration":9,"level":"info","message":"db-query","rows":26,"text":"SELECT * FROM location_types","timestamp":"2026-09-07T18:15:17.106Z"}
{"level":"info","message":"GET /api/location-types 200 17.522 ms","timestamp":"2026-09-07T18:15:17.115Z"}
{"duration":53,"level":"info","message":"db-query","rows":26,"text":"SELECT * FROM location_types","timestamp":"2026-09-07T18:15:17.154Z"}
{"level":"info","message":"GET /api/location-types 200 54.616 ms","timestamp":"2026-09-07T18:15:17.155Z"}
{"duration":11,"level":"info","message":"db-query","rows":26,"text":"SELECT * FROM location_types","timestamp":"2026-09-07T18:15:36.502Z"}
{"level":"info","message":"GET /api/location-types 200 23.934 ms","timestamp":"2026-09-07T18:15:36.514Z"}
{"duration":57,"level":"info","message":"db-query","rows":26,"text":"SELECT * FROM location_types","timestamp":"2026-09-07T18:15:36.551Z"}
{"level":"info","message":"GET /api/location-types 200 57.685 ms","timestamp":"2026-09-07T18:15:36.552Z"}
{"duration":5,"level":"info","message":"db-query","rows":26,"text":"SELECT * FROM location_types","timestamp":"2026-09-07T18:15:45.326Z"}
{"level":"info","message":"GET /api/location-types 200 10.298 ms","timestamp":"2026-09-07T18:15:45.332Z"}
{"duration":44,"level":"info","message":"db-query","rows":26,"text":"SELECT * FROM location_types","timestamp":"2026-09-07T18:15:45.367Z"}
{"level":"info","message":"GET /api/location-types 200 45.648 ms","timestamp":"2026-09-07T18:15:45.369Z"}
{"duration":6,"level":"info","message":"db-query","rows":26,"text":"SELECT * FROM location_types","timestamp":"2026-09-07T18:15:48.384Z"}
{"level":"info","message":"GET /api/location-types 200 11.330 ms","timestamp":"2026-09-07T18:15:48.390Z"}
{"duration":1,"level":"info","message":"db-query","rows":26,"text":"SELECT * FROM location_types","timestamp":"2026-09-07T18:15:48.406Z"}
{"level":"info","message":"GET /api/location-types 200 2.346 ms","timestamp":"2026-09-07T18:15:48.407Z"}
{"duration":5,"level":"info","message":"db-query","rows":26,"text":"SELECT * FROM location_types","timestamp":"2026-09-07T18:15:55.127Z"}
{"level":"info","message":"GET /api/location-types 200 10.747 ms","timestamp":"2026-09-07T18:15:55.133Z"}
{"duration":53,"level":"info","message":"db-query","rows":26,"text":"SELECT * FROM location_types","timestamp":"2026-09-07T18:15:55.176Z"}
{"level":"info","message":"GET /api/location-types 200 55.179 ms","timestamp":"2026-09-07T18:15:55.179Z"}
{"duration":10,"level":"info","message":"db-query","rows":26,"text":"SELECT * FROM location_types","timestamp":"2026-09-07T18:15:59.363Z"}
{"level":"info","message":"GET /api/location-types 200 23.481 ms","timestamp":"2026-09-07T18:15:59.375Z"}
{"duration":181,"level":"info","message":"db-query","rows":26,"text":"SELECT * FROM location_types","timestamp":"2026-09-07T18:15:59.537Z"}
{"level":"info","message":"GET /api/location-types 200 182.986 ms","timestamp":"2026-09-07T18:15:59.539Z"}
{"level":"info","message":"GET /api/fare-configuration-mileage/add 404 1.833 ms","timestamp":"2026-09-07T18:16:10.599Z"}
{"level":"info","message":"POST /api/fare-configuration-mileage/add 500 169.970 ms","timestamp":"2026-09-07T18:16:15.612Z"}
{"level":"info","message":"POST /api/fare-configuration-mileage/add 500 15.578 ms","timestamp":"2026-09-07T18:16:29.203Z"}
{"duration":48,"level":"info","message":"db-query","rows":26,"text":"SELECT * FROM location_types","timestamp":"2026-09-07T18:16:29.379Z"}
{"level":"info","message":"GET /api/location-types 200 50.180 ms","timestamp":"2026-09-07T18:16:29.380Z"}
{"duration":54,"level":"info","message":"db-query","rows":26,"text":"SELECT * FROM location_types","timestamp":"2026-09-07T18:16:29.385Z"}
{"level":"info","message":"GET /api/location-types 200 54.692 ms","timestamp":"2026-09-07T18:16:29.386Z"}
{"duration":12,"level":"info","message":"db-query","rows":26,"text":"SELECT * FROM location_types","timestamp":"2026-09-07T18:17:15.422Z"}
{"level":"info","message":"GET /api/location-types 200 22.517 ms","timestamp":"2026-09-07T18:17:15.430Z"}
{"duration":172,"level":"info","message":"db-query","rows":26,"text":"SELECT * FROM location_types","timestamp":"2026-09-07T18:17:15.586Z"}
{"level":"info","message":"GET /api/location-types 200 174.034 ms","timestamp":"2026-09-07T18:17:15.587Z"}
{"duration":5,"level":"info","message":"db-query","rows":26,"text":"SELECT * FROM location_types","timestamp":"2026-09-07T18:17:19.770Z"}
{"level":"info","message":"GET /api/location-types 200 11.062 ms","timestamp":"2026-09-07T18:17:19.775Z"}
{"duration":44,"level":"info","message":"db-query","rows":26,"text":"SELECT * FROM location_types","timestamp":"2026-09-07T18:17:19.810Z"}
{"level":"info","message":"GET /api/location-types 200 45.209 ms","timestamp":"2026-09-07T18:17:19.811Z"}
{"level":"info","message":"POST /api/fare-configuration-mileage/add 500 9.001 ms","timestamp":"2026-09-07T18:17:29.128Z"}
{"duration":5,"level":"info","message":"db-query","rows":26,"text":"SELECT * FROM location_types","timestamp":"2026-09-07T18:18:43.440Z"}
{"level":"info","message":"GET /api/location-types 200 10.169 ms","timestamp":"2026-09-07T18:18:43.446Z"}
{"duration":173,"level":"info","message":"db-query","rows":26,"text":"SELECT * FROM location_types","timestamp":"2026-09-07T18:18:43.609Z"}
{"level":"info","message":"GET /api/location-types 200 173.869 ms","timestamp":"2026-09-07T18:18:43.611Z"}
{"duration":5,"level":"info","message":"db-query","rows":26,"text":"SELECT * FROM location_types","timestamp":"2026-09-07T18:18:46.020Z"}
{"level":"info","message":"GET /api/location-types 200 11.139 ms","timestamp":"2026-09-07T18:18:46.027Z"}
{"duration":86,"level":"info","message":"db-query","rows":26,"text":"SELECT * FROM location_types","timestamp":"2026-09-07T18:18:46.104Z"}
{"level":"info","message":"GET /api/location-types 200 87.248 ms","timestamp":"2026-09-07T18:18:46.105Z"}
{"level":"info","message":"POST /api/fare-configuration-mileage/add 500 6.115 ms","timestamp":"2026-09-07T18:18:48.351Z"}
{"duration":16,"level":"info","message":"db-query","rows":26,"text":"SELECT * FROM location_types","timestamp":"2026-09-07T18:19:12.664Z"}
{"level":"info","message":"GET /api/location-types 200 30.297 ms","timestamp":"2026-09-07T18:19:12.678Z"}
{"duration":182,"level":"info","message":"db-query","rows":26,"text":"SELECT * FROM location_types","timestamp":"2026-09-07T18:19:12.834Z"}
{"level":"info","message":"GET /api/location-types 200 184.329 ms","timestamp":"2026-09-07T18:19:12.836Z"}
{"duration":159,"level":"info","message":"db-query","rows":1,"text":"\n    INSERT INTO fare_configuration_mileage (company_id, maximum_miles, minimum_miles, fares, created_at, updated_at)\n    VALUES ($1, $2, $3, $4, $5, $6)\n    RETURNING *\n  ","timestamp":"2026-09-07T18:19:23.672Z"}
{"level":"info","message":"POST /api/fare-configuration-mileage/add 201 161.437 ms","timestamp":"2026-09-07T18:19:23.673Z"}
{"duration":7,"level":"info","message":"db-query","rows":26,"text":"SELECT * FROM location_types","timestamp":"2026-09-07T18:19:48.526Z"}
{"level":"info","message":"GET /api/location-types 200 19.626 ms","timestamp":"2026-09-07T18:19:48.541Z"}
{"duration":57,"level":"info","message":"db-query","rows":26,"text":"SELECT * FROM location_types","timestamp":"2026-09-07T18:19:48.578Z"}
{"level":"info","message":"GET /api/location-types 200 58.770 ms","timestamp":"2026-09-07T18:19:48.580Z"}
{"duration":6,"level":"info","message":"db-query","rows":26,"text":"SELECT * FROM location_types","timestamp":"2026-09-07T18:20:01.134Z"}
{"level":"info","message":"GET /api/location-types 200 12.227 ms","timestamp":"2026-09-07T18:20:01.140Z"}
{"duration":45,"level":"info","message":"db-query","rows":26,"text":"SELECT * FROM location_types","timestamp":"2026-09-07T18:20:01.175Z"}
{"level":"info","message":"GET /api/location-types 200 46.161 ms","timestamp":"2026-09-07T18:20:01.176Z"}
{"duration":6,"level":"info","message":"db-query","rows":26,"text":"SELECT * FROM location_types","timestamp":"2026-09-07T18:20:25.046Z"}
{"level":"info","message":"GET /api/location-types 200 12.078 ms","timestamp":"2026-09-07T18:20:25.052Z"}
{"duration":157,"level":"info","message":"db-query","rows":26,"text":"SELECT * FROM location_types","timestamp":"2026-09-07T18:20:25.199Z"}
{"level":"info","message":"GET /api/location-types 200 158.593 ms","timestamp":"2026-09-07T18:20:25.200Z"}
{"duration":5,"level":"info","message":"db-query","rows":26,"text":"SELECT * FROM location_types","timestamp":"2026-09-07T18:20:30.002Z"}
{"level":"info","message":"GET /api/location-types 200 10.854 ms","timestamp":"2026-09-07T18:20:30.008Z"}
{"duration":52,"level":"info","message":"db-query","rows":26,"text":"SELECT * FROM location_types","timestamp":"2026-09-07T18:20:30.050Z"}
{"level":"info","message":"GET /api/location-types 200 53.732 ms","timestamp":"2026-09-07T18:20:30.052Z"}
{"duration":13,"level":"info","message":"db-query","rows":26,"text":"SELECT * FROM location_types","timestamp":"2026-09-07T18:20:32.435Z"}
{"level":"info","message":"GET /api/location-types 200 22.557 ms","timestamp":"2026-09-07T18:20:32.443Z"}
{"duration":59,"level":"info","message":"db-query","rows":26,"text":"SELECT * FROM location_types","timestamp":"2026-09-07T18:20:32.485Z"}
{"level":"info","message":"GET /api/location-types 200 61.280 ms","timestamp":"2026-09-07T18:20:32.487Z"}
{"duration":8,"level":"info","message":"db-query","rows":26,"text":"SELECT * FROM location_types","timestamp":"2026-09-07T18:20:38.853Z"}
{"level":"info","message":"GET /api/location-types 200 18.704 ms","timestamp":"2026-09-07T18:20:38.864Z"}
{"duration":60,"level":"info","message":"db-query","rows":26,"text":"SELECT * FROM location_types","timestamp":"2026-09-07T18:20:38.907Z"}
{"level":"info","message":"GET /api/location-types 200 61.152 ms","timestamp":"2026-09-07T18:20:38.908Z"}
{"duration":13,"level":"info","message":"db-query","rows":26,"text":"SELECT * FROM location_types","timestamp":"2026-09-07T18:20:43.280Z"}
{"level":"info","message":"GET /api/location-types 200 30.317 ms","timestamp":"2026-09-07T18:20:43.297Z"}
{"duration":62,"level":"info","message":"db-query","rows":26,"text":"SELECT * FROM location_types","timestamp":"2026-09-07T18:20:43.333Z"}
{"level":"info","message":"GET /api/location-types 200 63.293 ms","timestamp":"2026-09-07T18:20:43.334Z"}
{"duration":6,"level":"info","message":"db-query","rows":26,"text":"SELECT * FROM location_types","timestamp":"2026-09-07T18:20:46.318Z"}
{"level":"info","message":"GET /api/location-types 200 10.854 ms","timestamp":"2026-09-07T18:20:46.325Z"}
{"duration":48,"level":"info","message":"db-query","rows":26,"text":"SELECT * FROM location_types","timestamp":"2026-09-07T18:20:46.362Z"}
{"level":"info","message":"GET /api/location-types 200 48.951 ms","timestamp":"2026-09-07T18:20:46.364Z"}
{"duration":9,"level":"info","message":"db-query","rows":1,"text":"\n    INSERT INTO fare_configuration_mileage (company_id, maximum_miles, minimum_miles, fares, created_at, updated_at)\n    VALUES ($1, $2, $3, $4, $5, $6)\n    RETURNING *\n  ","timestamp":"2026-09-07T18:20:47.572Z"}
{"level":"info","message":"POST /api/fare-configuration-mileage/add 200 78.718 ms","timestamp":"2026-09-07T18:20:47.605Z"}
{"duration":2,"level":"info","message":"db-query","rows":1,"text":"\n    INSERT INTO fare_configuration_mileage (company_id, maximum_miles, minimum_miles, fares, created_at, updated_at)\n    VALUES ($1, $2, $3, $4, $5, $6)\n    RETURNING *\n  ","timestamp":"2026-09-07T18:20:54.170Z"}
{"level":"info","message":"POST /api/fare-configuration-mileage/add 200 3.554 ms","timestamp":"2026-09-07T18:20:54.171Z"}
{"duration":14,"level":"info","message":"db-query","rows":26,"text":"SELECT * FROM location_types","timestamp":"2026-09-07T18:21:19.955Z"}
{"level":"info","message":"GET /api/location-types 200 22.444 ms","timestamp":"2026-09-07T18:21:19.962Z"}
{"duration":57,"level":"info","message":"db-query","rows":26,"text":"SELECT * FROM location_types","timestamp":"2026-09-07T18:21:20.003Z"}
{"level":"info","message":"GET /api/location-types 200 59.071 ms","timestamp":"2026-09-07T18:21:20.005Z"}
{"duration":5,"level":"info","message":"db-query","rows":26,"text":"SELECT * FROM location_types","timestamp":"2026-09-07T18:21:32.413Z"}
{"level":"info","message":"GET /api/location-types 200 10.567 ms","timestamp":"2026-09-07T18:21:32.419Z"}
{"duration":47,"level":"info","message":"db-query","rows":26,"text":"SELECT * FROM location_types","timestamp":"2026-09-07T18:21:32.457Z"}
{"level":"info","message":"GET /api/location-types 200 48.719 ms","timestamp":"2026-09-07T18:21:32.459Z"}
{"duration":12,"level":"info","message":"db-query","rows":26,"text":"SELECT * FROM location_types","timestamp":"2026-09-07T18:21:35.440Z"}
{"level":"info","message":"GET /api/location-types 200 27.359 ms","timestamp":"2026-09-07T18:21:35.452Z"}
{"duration":60,"level":"info","message":"db-query","rows":26,"text":"SELECT * FROM location_types","timestamp":"2026-09-07T18:21:35.491Z"}
{"level":"info","message":"GET /api/location-types 200 61.432 ms","timestamp":"2026-09-07T18:21:35.492Z"}
{"duration":6,"level":"info","message":"db-query","rows":26,"text":"SELECT * FROM location_types","timestamp":"2026-09-07T18:21:40.734Z"}
{"level":"info","message":"GET /api/location-types 200 12.708 ms","timestamp":"2026-09-07T18:21:40.740Z"}
{"duration":61,"level":"info","message":"db-query","rows":26,"text":"SELECT * FROM location_types","timestamp":"2026-09-07T18:21:40.791Z"}
{"level":"info","message":"GET /api/location-types 200 74.220 ms","timestamp":"2026-09-07T18:21:40.804Z"}
{"duration":9,"level":"info","message":"db-query","rows":26,"text":"SELECT * FROM location_types","timestamp":"2026-09-07T18:21:43.363Z"}
{"level":"info","message":"GET /api/location-types 200 19.351 ms","timestamp":"2026-09-07T18:21:43.372Z"}
{"duration":61,"level":"info","message":"db-query","rows":26,"text":"SELECT * FROM location_types","timestamp":"2026-09-07T18:21:43.419Z"}
{"level":"info","message":"GET /api/location-types 200 63.779 ms","timestamp":"2026-09-07T18:21:43.421Z"}
{"duration":7,"level":"info","message":"db-query","rows":26,"text":"SELECT * FROM location_types","timestamp":"2026-09-07T18:21:46.585Z"}
{"level":"info","message":"GET /api/location-types 200 12.200 ms","timestamp":"2026-09-07T18:21:46.592Z"}
{"duration":49,"level":"info","message":"db-query","rows":26,"text":"SELECT * FROM location_types","timestamp":"2026-09-07T18:21:46.628Z"}
{"level":"info","message":"GET /api/location-types 200 49.345 ms","timestamp":"2026-09-07T18:21:46.629Z"}
{"duration":5,"level":"info","message":"db-query","rows":26,"text":"SELECT * FROM location_types","timestamp":"2026-09-07T18:30:17.943Z"}
{"level":"info","message":"GET /api/location-types 200 10.526 ms","timestamp":"2026-09-07T18:30:17.949Z"}
{"duration":45,"level":"info","message":"db-query","rows":26,"text":"SELECT * FROM location_types","timestamp":"2026-09-07T18:30:17.985Z"}
{"level":"info","message":"GET /api/location-types 200 46.098 ms","timestamp":"2026-09-07T18:30:17.986Z"}
{"duration":6,"level":"info","message":"db-query","rows":26,"text":"SELECT * FROM location_types","timestamp":"2026-09-07T18:32:26.212Z"}
{"level":"info","message":"GET /api/location-types 200 11.539 ms","timestamp":"2026-09-07T18:32:26.218Z"}
{"duration":1,"level":"info","message":"db-query","rows":26,"text":"SELECT * FROM location_types","timestamp":"2026-09-07T18:32:26.226Z"}
{"level":"info","message":"GET /api/location-types 200 3.768 ms","timestamp":"2026-09-07T18:32:26.229Z"}
{"duration":5,"level":"info","message":"db-query","rows":26,"text":"SELECT * FROM location_types","timestamp":"2026-09-07T18:33:07.876Z"}
{"level":"info","message":"GET /api/location-types 200 10.292 ms","timestamp":"2026-09-07T18:33:07.882Z"}
{"duration":46,"level":"info","message":"db-query","rows":26,"text":"SELECT * FROM location_types","timestamp":"2026-09-07T18:33:07.919Z"}
{"level":"info","message":"GET /api/location-types 200 47.806 ms","timestamp":"2026-09-07T18:33:07.921Z"}
{"duration":11,"level":"info","message":"db-query","rows":26,"text":"SELECT * FROM location_types","timestamp":"2026-09-07T18:33:17.223Z"}
{"level":"info","message":"GET /api/location-types 200 19.640 ms","timestamp":"2026-09-07T18:33:17.231Z"}
{"duration":167,"level":"info","message":"db-query","rows":26,"text":"SELECT * FROM location_types","timestamp":"2026-09-07T18:33:17.383Z"}
{"level":"info","message":"GET /api/location-types 200 168.913 ms","timestamp":"2026-09-07T18:33:17.385Z"}
{"duration":56,"level":"info","message":"db-query","rows":26,"text":"SELECT * FROM location_types","timestamp":"2026-09-07T18:33:31.655Z"}
{"level":"info","message":"GET /api/location-types 200 96.569 ms","timestamp":"2026-09-07T18:33:31.697Z"}
{"duration":99,"level":"info","message":"db-query","rows":26,"text":"SELECT * FROM location_types","timestamp":"2026-09-07T18:33:31.751Z"}
{"level":"info","message":"GET /api/location-types 200 100.178 ms","timestamp":"2026-09-07T18:33:31.753Z"}
{"duration":5,"level":"info","message":"db-query","rows":26,"text":"SELECT * FROM location_types","timestamp":"2026-09-07T18:33:41.530Z"}
{"level":"info","message":"GET /api/location-types 200 11.490 ms","timestamp":"2026-09-07T18:33:41.536Z"}
{"duration":47,"level":"info","message":"db-query","rows":26,"text":"SELECT * FROM location_types","timestamp":"2026-09-07T18:33:41.573Z"}
{"level":"info","message":"GET /api/location-types 200 48.501 ms","timestamp":"2026-09-07T18:33:41.575Z"}
