{"duration":76,"level":"info","message":"db-query","rows":1,"text":"\n    SELECT company_id\n    FROM company_subscriptions\n    WHERE payment_status != 'PAID'\n      AND status != 'CANCELLED'\n      AND (\n        (grace_until IS NOT NULL AND NOW() > grace_until)\n        OR\n        (grace_until IS NULL AND NOW() > expiry_at)\n      )\n  ","timestamp":"2026-08-17T19:00:00.093Z"}
{"duration":81,"level":"info","message":"db-query","rows":26,"text":"SELECT * FROM location_types","timestamp":"2026-08-18T11:17:40.552Z"}
{"level":"info","message":"GET /api/location-types 200 86.907 ms","timestamp":"2026-08-18T11:17:40.559Z"}
{"duration":95,"level":"info","message":"db-query","rows":26,"text":"SELECT * FROM location_types","timestamp":"2026-08-18T11:17:40.562Z"}
{"level":"info","message":"GET /api/location-types 200 97.129 ms","timestamp":"2026-08-18T11:17:40.564Z"}
{"duration":16,"level":"info","message":"db-query","rows":1,"text":"SELECT id, name, duration_days FROM subscription_plans WHERE id = $1","timestamp":"2026-08-18T11:17:45.495Z"}
{"duration":23,"level":"info","message":"db-query","rows":1,"text":"UPDATE company_subscriptions SET status = 'CANCELLED' WHERE company_id = $1","timestamp":"2026-08-18T11:17:45.534Z"}
{"duration":20,"level":"info","message":"db-query","rows":1,"text":"\n      INSERT INTO company_subscriptions (company_id, plan_id, start_at, expiry_at, status, payment_status)\n      VALUES ($1, $2, $3, $4, $5, $6)\n      RETURNING *;\n    ","timestamp":"2026-08-18T11:17:45.576Z"}
{"level":"info","message":"POST /api/client-subscriptions/create-subscription 200 123.586 ms","timestamp":"2026-08-18T11:17:45.601Z"}
{"duration":7,"level":"info","message":"db-query","rows":26,"text":"SELECT * FROM location_types","timestamp":"2026-08-18T11:33:56.533Z"}
{"level":"info","message":"GET /api/location-types 200 14.339 ms","timestamp":"2026-08-18T11:33:56.541Z"}
{"duration":59,"level":"info","message":"db-query","rows":26,"text":"SELECT * FROM location_types","timestamp":"2026-08-18T11:33:56.587Z"}
{"level":"info","message":"GET /api/location-types 200 60.617 ms","timestamp":"2026-08-18T11:33:56.589Z"}
{"duration":7,"level":"info","message":"db-query","rows":26,"text":"SELECT * FROM location_types","timestamp":"2026-08-18T11:34:21.765Z"}
{"level":"info","message":"GET /api/location-types 200 25.737 ms","timestamp":"2026-08-18T11:34:21.784Z"}
{"duration":115,"level":"info","message":"db-query","rows":26,"text":"SELECT * FROM location_types","timestamp":"2026-08-18T11:34:21.876Z"}
{"level":"info","message":"GET /api/location-types 200 116.852 ms","timestamp":"2026-08-18T11:34:21.878Z"}
{"duration":12,"level":"info","message":"db-query","rows":26,"text":"SELECT * FROM location_types","timestamp":"2026-08-18T11:35:34.567Z"}
{"level":"info","message":"GET /api/location-types 200 26.610 ms","timestamp":"2026-08-18T11:35:34.624Z"}
{"duration":156,"level":"info","message":"db-query","rows":26,"text":"SELECT * FROM location_types","timestamp":"2026-08-18T11:35:34.717Z"}
{"level":"info","message":"GET /api/location-types 200 185.810 ms","timestamp":"2026-08-18T11:35:34.747Z"}
{"duration":6,"level":"info","message":"db-query","rows":26,"text":"SELECT * FROM location_types","timestamp":"2026-08-18T11:35:41.703Z"}
{"level":"info","message":"GET /api/location-types 200 12.436 ms","timestamp":"2026-08-18T11:35:41.709Z"}
{"duration":61,"level":"info","message":"db-query","rows":26,"text":"SELECT * FROM location_types","timestamp":"2026-08-18T11:35:41.760Z"}
{"level":"info","message":"GET /api/location-types 200 61.726 ms","timestamp":"2026-08-18T11:35:41.761Z"}
{"duration":6,"level":"info","message":"db-query","rows":26,"text":"SELECT * FROM location_types","timestamp":"2026-08-18T11:36:06.265Z"}
{"level":"info","message":"GET /api/location-types 200 12.714 ms","timestamp":"2026-08-18T11:36:06.271Z"}
{"duration":125,"level":"info","message":"db-query","rows":26,"text":"SELECT * FROM location_types","timestamp":"2026-08-18T11:36:06.386Z"}
{"level":"info","message":"GET /api/location-types 200 126.432 ms","timestamp":"2026-08-18T11:36:06.388Z"}
{"duration":6,"level":"info","message":"db-query","rows":26,"text":"SELECT * FROM location_types","timestamp":"2026-08-18T11:36:09.724Z"}
{"level":"info","message":"GET /api/location-types 200 11.173 ms","timestamp":"2026-08-18T11:36:09.730Z"}
{"duration":49,"level":"info","message":"db-query","rows":26,"text":"SELECT * FROM location_types","timestamp":"2026-08-18T11:36:09.769Z"}
{"level":"info","message":"GET /api/location-types 200 50.167 ms","timestamp":"2026-08-18T11:36:09.771Z"}
{"duration":10,"level":"info","message":"db-query","rows":26,"text":"SELECT * FROM location_types","timestamp":"2026-08-18T11:36:57.316Z"}
{"level":"info","message":"GET /api/location-types 200 20.475 ms","timestamp":"2026-08-18T11:36:57.328Z"}
{"duration":62,"level":"info","message":"db-query","rows":26,"text":"SELECT * FROM location_types","timestamp":"2026-08-18T11:36:57.371Z"}
{"level":"info","message":"GET /api/location-types 200 64.397 ms","timestamp":"2026-08-18T11:36:57.374Z"}
{"duration":102,"level":"info","message":"db-query","rows":0,"text":"\n    SELECT *\n    FROM employees\n    WHERE LOWER(username)=LOWER($1)\n      AND company_id=$2\n    LIMIT 1\n  ","timestamp":"2026-08-18T11:40:21.960Z"}
{"level":"info","message":"POST /api/employees/login 401 159.545 ms","timestamp":"2026-08-18T11:40:21.966Z"}
{"duration":55,"level":"info","message":"db-query","rows":1,"text":"UPDATE employees SET password = $1, confirmpassword = $2, updated_at = now() WHERE id = $3 RETURNING *","timestamp":"2026-08-18T11:41:31.350Z"}
{"duration":7,"level":"info","message":"db-query","rows":1,"text":"SELECT name FROM roles WHERE id = $1","timestamp":"2026-08-18T11:41:31.358Z"}
{"duration":4,"level":"info","message":"db-query","rows":1,"text":"SELECT name FROM subsidiaries WHERE id = $1","timestamp":"2026-08-18T11:41:31.362Z"}
{"level":"info","message":"POST /api/employees/update/34 200 158.857 ms","timestamp":"2026-08-18T11:41:31.365Z"}
{"duration":60,"level":"info","message":"db-query","rows":0,"text":"\n    SELECT *\n    FROM employees\n    WHERE LOWER(username)=LOWER($1)\n      AND company_id=$2\n    LIMIT 1\n  ","timestamp":"2026-08-18T11:41:43.495Z"}
{"level":"info","message":"POST /api/employees/login 401 62.211 ms","timestamp":"2026-08-18T11:41:43.496Z"}
{"duration":56,"level":"info","message":"db-query","rows":1,"text":"\n    SELECT *\n    FROM employees\n    WHERE LOWER(username)=LOWER($1)\n      AND company_id=$2\n    LIMIT 1\n  ","timestamp":"2026-08-18T11:42:07.065Z"}
{"duration":50,"level":"info","message":"db-query","rows":1,"text":"\n    SELECT \n      cs.*,\n      CASE \n        -- 1. Expiry ke baad Grace Period active hai\n        WHEN cs.grace_until IS NOT NULL AND cs.grace_until >= NOW() THEN 'GRACE'\n        -- 2. Expiry ho chuki hai aur Grace Period bhi khatam/null hai\n        WHEN (cs.status = 'EXPIRED' OR cs.expiry_at <= NOW()) \n             AND (cs.grace_until IS NULL OR cs.grace_until < NOW()) THEN 'LOCKED'\n        -- 3. Subscription active hai\n        ELSE 'ACTIVE'\n      END AS calculated_status\n    FROM company_subscriptions cs\n    WHERE cs.company_id = $1\n    ORDER BY cs.id DESC\n    LIMIT 1;\n  ","timestamp":"2026-08-18T11:42:07.188Z"}
{"level":"info","message":"POST /api/employees/login 400 187.054 ms","timestamp":"2026-08-18T11:42:07.190Z"}
{"duration":57,"level":"info","message":"db-query","rows":1,"text":"\n    SELECT *\n    FROM employees\n    WHERE LOWER(username)=LOWER($1)\n      AND company_id=$2\n    LIMIT 1\n  ","timestamp":"2026-08-18T11:42:38.090Z"}
{"duration":3,"level":"info","message":"db-query","rows":0,"text":"\n    SELECT \n      cs.*,\n      CASE \n        -- 1. Expiry ke baad Grace Period active hai\n        WHEN cs.grace_until IS NOT NULL AND cs.grace_until >= NOW() THEN 'GRACE'\n        -- 2. Expiry ho chuki hai aur Grace Period bhi khatam/null hai\n        WHEN (cs.status = 'EXPIRED' OR cs.expiry_at <= NOW()) \n             AND (cs.grace_until IS NULL OR cs.grace_until < NOW()) THEN 'LOCKED'\n        -- 3. Subscription active hai\n        ELSE 'ACTIVE'\n      END AS calculated_status\n    FROM company_subscriptions cs\n    WHERE cs.company_id = $1\n    ORDER BY cs.id DESC\n    LIMIT 1;\n  ","timestamp":"2026-08-18T11:42:38.167Z"}
{"duration":10,"level":"info","message":"db-query","rows":1,"text":"\n    SELECT *\n    FROM employee_shift_history\n    WHERE employee_id = $1\n    AND logout_datetime IS NULL\n    ORDER BY id DESC\n    LIMIT 1;\n  ","timestamp":"2026-08-18T11:42:38.177Z"}
{"duration":3,"level":"info","message":"db-query","rows":1,"text":"UPDATE employees \n         SET web_device_id = $1 \n         WHERE id = $2","timestamp":"2026-08-18T11:42:38.180Z"}
{"duration":2,"level":"info","message":"db-query","rows":1,"text":"SELECT name FROM roles WHERE id = $1","timestamp":"2026-08-18T11:42:38.183Z"}
{"duration":3,"level":"info","message":"db-query","rows":1,"text":"SELECT name FROM subsidiaries WHERE id = $1","timestamp":"2026-08-18T11:42:38.187Z"}
{"duration":9,"level":"info","message":"db-query","rows":1,"text":"\n      SELECT ee.*, \n        json_build_object(\n          'id', e.id,\n          'username', e.username\n        ) AS employee\n      FROM employee_extensions ee\n      LEFT JOIN employees e ON e.id = ee.employee_id\n      WHERE ee.employee_id = $1\n    ","timestamp":"2026-08-18T11:42:38.197Z"}
{"level":"info","message":"POST /api/employees/login 200 168.738 ms","timestamp":"2026-08-18T11:42:38.201Z"}
{"duration":59,"level":"info","message":"db-query","rows":0,"text":"\n    SELECT id\n    FROM company_clients\n    WHERE mobile = $1\n    AND status='active'\n    LIMIT 1\n    ","timestamp":"2026-08-18T12:40:30.738Z"}
{"level":"info","message":"POST /api/ivr/main 200 62.014 ms","timestamp":"2026-08-18T12:40:30.740Z"}
{"duration":6,"level":"info","message":"db-query","rows":26,"text":"SELECT * FROM location_types","timestamp":"2026-08-18T12:41:57.084Z"}
{"level":"info","message":"GET /api/location-types 200 13.135 ms","timestamp":"2026-08-18T12:41:57.091Z"}
{"duration":56,"level":"info","message":"db-query","rows":26,"text":"SELECT * FROM location_types","timestamp":"2026-08-18T12:41:57.135Z"}
{"level":"info","message":"GET /api/location-types 200 57.511 ms","timestamp":"2026-08-18T12:41:57.137Z"}
{"duration":4,"level":"info","message":"db-query","rows":0,"text":"\n    SELECT id\n    FROM company_clients\n    WHERE mobile = $1\n    AND status='active'\n    LIMIT 1\n    ","timestamp":"2026-08-18T12:42:01.143Z"}
{"level":"info","message":"POST /api/ivr/main 200 51.608 ms","timestamp":"2026-08-18T12:42:01.171Z"}
{"duration":60,"level":"info","message":"db-query","rows":1,"text":"\n    SELECT id\n    FROM company_clients\n    WHERE mobile = $1\n    AND status='active'\n    LIMIT 1\n    ","timestamp":"2026-08-18T12:42:53.520Z"}
{"duration":8,"level":"info","message":"db-query","rows":0,"text":"SELECT id FROM drivers WHERE mobile = $1 AND company_id=$2","timestamp":"2026-08-18T12:42:53.529Z"}
{"duration":5,"level":"info","message":"db-query","rows":0,"text":"SELECT id FROM customers WHERE mobile = $1 AND company_id=$2","timestamp":"2026-08-18T12:42:53.534Z"}
{"level":"info","message":"POST /api/ivr/main 200 76.123 ms","timestamp":"2026-08-18T12:42:53.536Z"}
{"duration":13,"level":"info","message":"db-query","rows":26,"text":"SELECT * FROM location_types","timestamp":"2026-08-18T12:46:33.916Z"}
{"level":"info","message":"GET /api/location-types 200 27.325 ms","timestamp":"2026-08-18T12:46:33.930Z"}
{"duration":75,"level":"info","message":"db-query","rows":26,"text":"SELECT * FROM location_types","timestamp":"2026-08-18T12:46:33.983Z"}
{"level":"info","message":"GET /api/location-types 200 76.866 ms","timestamp":"2026-08-18T12:46:33.984Z"}
{"duration":200,"level":"info","message":"db-query","rows":1,"text":"\n    SELECT COUNT(*) AS total\n    FROM bookings b\n    \n    WHERE b.trash = false AND \n    TO_DATE(b.pickup_date, 'YYYY-FMMM-FMDD')\n    >= TO_DATE($1, 'YYYY-MM-DD')\n   AND \n    TO_DATE(b.pickup_date, 'YYYY-FMMM-FMDD')\n    <= TO_DATE($2, 'YYYY-MM-DD')\n   AND TRIM(b.pickup_time)::time >= $3::time AND TRIM(b.pickup_time)::time <= $4::time AND b.booking_status_id = ANY($5::int[]) AND b.payment_type_id = ANY($6::int[]) AND b.driver_id = $7\n  \n  ","timestamp":"2026-08-18T12:49:07.310Z"}
{"duration":9,"level":"info","message":"db-query","rows":1,"text":"\n    SELECT\n      COUNT(*) AS total_bookings,\n\n      COALESCE(SUM(b.fares), 0) AS total_earnings,\n\n      COALESCE(\n        SUM(\n          CASE\n            WHEN b.account_id IS NOT NULL\n            THEN b.fares\n            ELSE 0\n          END\n        ),\n        0\n      ) AS total_account_earnings\n\n    FROM bookings b\n    \n    WHERE b.trash = false AND \n    TO_DATE(b.pickup_date, 'YYYY-FMMM-FMDD')\n    >= TO_DATE($1, 'YYYY-MM-DD')\n   AND \n    TO_DATE(b.pickup_date, 'YYYY-FMMM-FMDD')\n    <= TO_DATE($2, 'YYYY-MM-DD')\n   AND TRIM(b.pickup_time)::time >= $3::time AND TRIM(b.pickup_time)::time <= $4::time AND b.booking_status_id = ANY($5::int[]) AND b.payment_type_id = ANY($6::int[]) AND b.driver_id = $7\n  \n  ","timestamp":"2026-08-18T12:49:07.320Z"}
{"duration":135,"level":"info","message":"db-query","rows":50,"text":"\n  \nSELECT\n  b.id,\n  b.reference_number,\n  b.subsidiary_id,\n  b.booking_type_id,\n  b.booking_status_id,\n  b.journey_type_id,\n  b.account_id,\n  b.customer_id,\n  b.employee_id,\n  b.pickup,\n  b.dropoff,\n  b.pickup_date,\n  b.pickup_time,\n  b.dropoff_date,\n  b.dropoff_time,\n  b.pickup_door_number,\n  b.dropoff_door_number,\n  b.pickup_plot,\n  b.dropoff_plot,\n  b.pickup_location_type_id,\n  b.dropoff_location_type_id,\n  b.pickup_latitude,\n  b.pickup_longitude,\n  b.dropoff_latitude,\n  b.dropoff_longitude,\n  b.viapoints,\n  b.restricted_drivers,\n  b.flight_number,\n  b.arriving_from,\n  b.vehicle_type_id,\n  b.vehicle_id,\n  b.driver_id,\n  b.passengers,\n  b.luggages,\n  b.hand_luggages,\n  b.child_seat,\n  b.name,\n  b.email,\n  b.mobile,\n  b.telephone,\n  b.lead_time,\n  b.notes,\n  b.special_instructions,\n  b.payment_type_id,\n  b.company_price,\n  b.fares,\n  b.total_charges,\n  b.parking_charges,\n  b.waiting_charges,\n  b.extra_drop_charges,\n  b.credit_card_charges,\n  b.congestion_charges,\n  b.miles,\n  b.meet_and_greet,\n  b.department,\n  b.escort_id,\n  b.order_number,\n  b.booked_by,\n  b.add_return_fare,\n  b.fare_meter_status,\n  b.fare_meter,\n  b.quotation,\n  b.quoted,\n  b.dispatch,\n  b.dispatch_as,\n  b.sms,\n  b.emailflag,\n  b.trash,\n  b.hidden,\n  b.multi_booking_id,\n  b.associated_booking,\n  b.invoice_status,\n  b.commission_status,\n  b.commission,\n  b.skipped_bookings,\n  b.permanent,\n  b.toggle_driver_text,\n  b.toggle_passenger_text,\n  b.cancelled_reason,\n  b.booking_source,\n  b.on_route,\n  b.arrived,\n  b.passenger_on_board,\n  b.completed,\n  b.controller_completed,\n  b.driver_waiting_time,\n  b.dispatched_at,\n  b.booked_at,\n  b.stripe_customer_id,\n  b.stripe_payment_id,\n  b.invoice_number,\n  b.initial_subsidiary_id,\n  b.created_at,\n  b.updated_at,\n  b.eta,\n  b.fob,\n  b.future,\n\n  json_build_object(\n    'booking_status', bs.booking_status\n  ) AS booking_status,\n\n  json_build_object(\n    'booking_type', bt.booking_type\n  ) AS booking_type,\n\n  json_build_object(\n    'journey_type', jt.journey_type\n  ) AS journey_type,\n\n  json_build_object(\n    'id', s.id,\n    'name', s.name,\n    'telephone_number', s.telephone_number\n  ) AS subsidiary,\n\n  json_build_object(\n    'name', vt.name,\n    'background_color', vt.background_color,\n    'foreground_color', vt.foreground_color\n  ) AS vehicle_type,\n\n  json_build_object(\n    'id', pt.id,\n    'name', pt.name,\n    'background_color', pt.background_color,\n    'foreground_color', pt.foreground_color\n  ) AS payment_type,\n\n  json_build_object(\n    'id', a.id,\n    'name', a.name,\n    'background_color', a.background_color,\n    'foreground_color', a.foreground_color,\n    'has_vat', a.has_vat,\n    'bank_information', a.bank_information,\n    'fare_controller', a.fare_controller,\n    'account_fees_type', a.account_fees_type,\n    'account_fees', a.account_fees,\n    'account_fees_vat', a.account_fees_vat\n  ) AS account,\n\n  json_build_object(\n    'id', d.id,\n    'username', d.username,\n    'name', d.name,\n    'mobile_device_id', d.mobile_device_id,\n    'phc_vehicle_number', d.phc_vehicle_number,\n    'phc_driver_number', d.phc_driver_number,\n    'vehicle_id', d.vehicle_id,\n    'driver_commission', d.driver_commission,\n    'session_status', d.session_status,\n\n    'vehicle', json_build_object(\n      'make', v.make,\n      'model', v.model,\n      'color', v.color,\n      'vehicle_number', v.vehicle_number\n    )\n  ) AS driver,\n\n  json_build_object(\n    'door_number', c.door_number,\n    'address1', c.address1,\n    'address2', c.address2,\n    'blacklist', c.blacklist\n  ) AS customer,\n\n  json_build_object(\n    'username', e.username,\n    'role_id', e.role_id\n  ) AS employee,\n\n  json_build_object(\n    'pickup',\n    CASE\n      WHEN lp.id IS NOT NULL THEN\n        json_build_object(\n          'id', lp.id,\n          'name', lp.name,\n          'location_type', json_build_object(\n            'id', ltp.id,\n            'name', ltp.name,\n            'background_color', ltp.background_color,\n            'foreground_color', ltp.foreground_color\n          )\n        )\n      ELSE\n        json_build_object(\n          'id', null,\n          'name', null,\n          'location_type', json_build_object(\n            'id', null,\n            'name', null,\n            'background_color', null,\n            'foreground_color', null\n          )\n        )\n    END,\n\n    'dropoff',\n    CASE\n      WHEN ld.id IS NOT NULL THEN\n        json_build_object(\n          'id', ld.id,\n          'name', ld.name,\n          'location_type', json_build_object(\n            'id', ltd.id,\n            'name', ltd.name,\n            'background_color', ltd.background_color,\n            'foreground_color', ltd.foreground_color\n          )\n        )\n      ELSE\n        json_build_object(\n          'id', null,\n          'name', null,\n          'location_type', json_build_object(\n            'id', null,\n            'name', null,\n            'background_color', null,\n            'foreground_color', null\n          )\n        )\n    END\n  ) AS airport\n\nFROM bookings b\n\nLEFT JOIN booking_statuses bs\n  ON b.booking_status_id = bs.id\n\nLEFT JOIN booking_types bt\n  ON b.booking_type_id = bt.id\n\nLEFT JOIN journey_types jt\n  ON b.journey_type_id = jt.id\n\nLEFT JOIN subsidiaries s\n  ON b.subsidiary_id = s.id\n\nLEFT JOIN vehicle_types vt\n  ON b.vehicle_type_id = vt.id\n\nLEFT JOIN payment_types pt\n  ON b.payment_type_id = pt.id\n\nLEFT JOIN accounts a\n  ON b.account_id = a.id\n\nLEFT JOIN drivers d\n  ON b.driver_id = d.id\n\nLEFT JOIN vehicles v\n  ON d.vehicle_id = v.id\n\nLEFT JOIN customers c\n  ON b.customer_id = c.id\n\nLEFT JOIN employees e\n  ON b.employee_id = e.id\n\n\n-- PICKUP LOCATION\n-- Select only the most specific matching location\nLEFT JOIN LATERAL (\n  SELECT l.*\n  FROM locations l\n  WHERE l.location_type_id = 2\n    AND b.pickup ILIKE '%' || l.name || '%'\n  ORDER BY LENGTH(l.name) DESC, l.id ASC\n  LIMIT 1\n) lp ON true\n\n\n-- DROPOFF LOCATION\n-- Select only the most specific matching location\nLEFT JOIN LATERAL (\n  SELECT l.*\n  FROM locations l\n  WHERE l.location_type_id = 2\n    AND b.dropoff ILIKE '%' || l.name || '%'\n  ORDER BY LENGTH(l.name) DESC, l.id ASC\n  LIMIT 1\n) ld ON true\n\n\nLEFT JOIN location_types ltp\n  ON lp.location_type_id = ltp.id\n\nLEFT JOIN location_types ltd\n  ON ld.location_type_id = ltd.id\n\n\n  \n    WHERE b.trash = false AND \n    TO_DATE(b.pickup_date, 'YYYY-FMMM-FMDD')\n    >= TO_DATE($1, 'YYYY-MM-DD')\n   AND \n    TO_DATE(b.pickup_date, 'YYYY-FMMM-FMDD')\n    <= TO_DATE($2, 'YYYY-MM-DD')\n   AND TRIM(b.pickup_time)::time >= $3::time AND TRIM(b.pickup_time)::time <= $4::time AND b.booking_status_id = ANY($5::int[]) AND b.payment_type_id = ANY($6::int[]) AND b.driver_id = $7\n  \n  ORDER BY (\n    TO_DATE(b.pickup_date,'YYYY-FMMM-FMDD')\n    +\n    TRIM(b.pickup_time)::time\n) ASC\n  OFFSET $8\n  LIMIT $9\n","timestamp":"2026-08-18T12:49:07.456Z"}
{"level":"info","message":"GET /api/bookings/booking-statistics?from_date=2020-07-01&to_date=2026-07-20&from_time=00:00&to_time=23:59&payment_type_id=1,2,3,4&booking_status_id=1,3,4,5,6,8,10,12,13,14,15&sort_order=ASC&sort_by=datetime&driver_id=167 200 352.738 ms","timestamp":"2026-08-18T12:49:07.461Z"}
{"level":"info","message":"GET /favicon.ico 404 4.771 ms","timestamp":"2026-08-18T12:49:07.594Z"}
{"duration":12,"level":"info","message":"db-query","rows":26,"text":"SELECT * FROM location_types","timestamp":"2026-08-18T13:06:23.431Z"}
{"level":"info","message":"GET /api/location-types 200 19.499 ms","timestamp":"2026-08-18T13:06:23.438Z"}
{"duration":79,"level":"info","message":"db-query","rows":26,"text":"SELECT * FROM location_types","timestamp":"2026-08-18T13:06:23.502Z"}
{"level":"info","message":"GET /api/location-types 200 80.825 ms","timestamp":"2026-08-18T13:06:23.504Z"}
{"duration":5,"level":"info","message":"db-query","rows":26,"text":"SELECT * FROM location_types","timestamp":"2026-08-18T13:06:37.834Z"}
{"level":"info","message":"GET /api/location-types 200 10.848 ms","timestamp":"2026-08-18T13:06:37.840Z"}
{"duration":53,"level":"info","message":"db-query","rows":26,"text":"SELECT * FROM location_types","timestamp":"2026-08-18T13:06:37.883Z"}
{"level":"info","message":"GET /api/location-types 200 54.296 ms","timestamp":"2026-08-18T13:06:37.884Z"}
{"duration":5,"level":"info","message":"db-query","rows":26,"text":"SELECT * FROM location_types","timestamp":"2026-08-18T13:07:30.291Z"}
{"level":"info","message":"GET /api/location-types 200 13.913 ms","timestamp":"2026-08-18T13:07:30.300Z"}
{"duration":57,"level":"info","message":"db-query","rows":26,"text":"SELECT * FROM location_types","timestamp":"2026-08-18T13:07:30.344Z"}
{"level":"info","message":"GET /api/location-types 200 58.498 ms","timestamp":"2026-08-18T13:07:30.346Z"}
{"duration":6,"level":"info","message":"db-query","rows":26,"text":"SELECT * FROM location_types","timestamp":"2026-08-18T13:07:41.587Z"}
{"level":"info","message":"GET /api/location-types 200 12.286 ms","timestamp":"2026-08-18T13:07:41.595Z"}
{"duration":156,"level":"info","message":"db-query","rows":26,"text":"SELECT * FROM location_types","timestamp":"2026-08-18T13:07:41.740Z"}
{"level":"info","message":"GET /api/location-types 200 157.656 ms","timestamp":"2026-08-18T13:07:41.742Z"}
{"duration":6,"level":"info","message":"db-query","rows":26,"text":"SELECT * FROM location_types","timestamp":"2026-08-18T13:07:49.739Z"}
{"level":"info","message":"GET /api/location-types 200 12.724 ms","timestamp":"2026-08-18T13:07:49.747Z"}
{"duration":62,"level":"info","message":"db-query","rows":26,"text":"SELECT * FROM location_types","timestamp":"2026-08-18T13:07:49.797Z"}
{"level":"info","message":"GET /api/location-types 200 62.849 ms","timestamp":"2026-08-18T13:07:49.798Z"}
{"duration":7,"level":"info","message":"db-query","rows":26,"text":"SELECT * FROM location_types","timestamp":"2026-08-18T13:08:13.312Z"}
{"level":"info","message":"GET /api/location-types 200 13.008 ms","timestamp":"2026-08-18T13:08:13.318Z"}
{"duration":54,"level":"info","message":"db-query","rows":26,"text":"SELECT * FROM location_types","timestamp":"2026-08-18T13:08:13.360Z"}
{"level":"info","message":"GET /api/location-types 200 55.349 ms","timestamp":"2026-08-18T13:08:13.362Z"}
{"duration":5,"level":"info","message":"db-query","rows":26,"text":"SELECT * FROM location_types","timestamp":"2026-08-18T13:09:37.276Z"}
{"level":"info","message":"GET /api/location-types 200 13.377 ms","timestamp":"2026-08-18T13:09:37.284Z"}
{"duration":63,"level":"info","message":"db-query","rows":26,"text":"SELECT * FROM location_types","timestamp":"2026-08-18T13:09:37.335Z"}
{"level":"info","message":"GET /api/location-types 200 64.657 ms","timestamp":"2026-08-18T13:09:37.337Z"}
{"duration":6,"level":"info","message":"db-query","rows":26,"text":"SELECT * FROM location_types","timestamp":"2026-08-18T13:10:20.142Z"}
{"level":"info","message":"GET /api/location-types 200 14.638 ms","timestamp":"2026-08-18T13:10:20.149Z"}
{"duration":58,"level":"info","message":"db-query","rows":26,"text":"SELECT * FROM location_types","timestamp":"2026-08-18T13:10:20.195Z"}
{"level":"info","message":"GET /api/location-types 200 60.166 ms","timestamp":"2026-08-18T13:10:20.196Z"}
{"duration":6,"level":"info","message":"db-query","rows":26,"text":"SELECT * FROM location_types","timestamp":"2026-08-18T13:10:36.793Z"}
{"level":"info","message":"GET /api/location-types 200 13.059 ms","timestamp":"2026-08-18T13:10:36.800Z"}
{"duration":59,"level":"info","message":"db-query","rows":26,"text":"SELECT * FROM location_types","timestamp":"2026-08-18T13:10:36.847Z"}
{"level":"info","message":"GET /api/location-types 200 60.415 ms","timestamp":"2026-08-18T13:10:36.848Z"}
{"duration":8,"level":"info","message":"db-query","rows":26,"text":"SELECT * FROM location_types","timestamp":"2026-08-18T13:11:10.853Z"}
{"level":"info","message":"GET /api/location-types 200 21.663 ms","timestamp":"2026-08-18T13:11:10.864Z"}
{"duration":61,"level":"info","message":"db-query","rows":26,"text":"SELECT * FROM location_types","timestamp":"2026-08-18T13:11:10.910Z"}
{"level":"info","message":"GET /api/location-types 200 64.096 ms","timestamp":"2026-08-18T13:11:10.912Z"}
{"duration":6,"level":"info","message":"db-query","rows":26,"text":"SELECT * FROM location_types","timestamp":"2026-08-18T13:13:57.794Z"}
{"level":"info","message":"GET /api/location-types 200 15.014 ms","timestamp":"2026-08-18T13:13:57.803Z"}
{"duration":80,"level":"info","message":"db-query","rows":26,"text":"SELECT * FROM location_types","timestamp":"2026-08-18T13:13:57.869Z"}
{"level":"info","message":"GET /api/location-types 200 81.288 ms","timestamp":"2026-08-18T13:13:57.871Z"}
{"duration":5,"level":"info","message":"db-query","rows":26,"text":"SELECT * FROM location_types","timestamp":"2026-08-18T13:14:02.474Z"}
{"level":"info","message":"GET /api/location-types 200 10.897 ms","timestamp":"2026-08-18T13:14:02.480Z"}
{"duration":1,"level":"info","message":"db-query","rows":26,"text":"SELECT * FROM location_types","timestamp":"2026-08-18T13:14:02.487Z"}
{"level":"info","message":"GET /api/location-types 200 2.647 ms","timestamp":"2026-08-18T13:14:02.489Z"}
{"duration":13,"level":"info","message":"db-query","rows":26,"text":"SELECT * FROM location_types","timestamp":"2026-08-18T13:22:51.692Z"}
{"level":"info","message":"GET /api/location-types 200 27.319 ms","timestamp":"2026-08-18T13:22:51.707Z"}
{"duration":70,"level":"info","message":"db-query","rows":26,"text":"SELECT * FROM location_types","timestamp":"2026-08-18T13:22:51.754Z"}
{"level":"info","message":"GET /api/location-types 200 71.903 ms","timestamp":"2026-08-18T13:22:51.755Z"}
{"duration":9,"level":"info","message":"db-query","rows":26,"text":"SELECT * FROM location_types","timestamp":"2026-08-18T13:22:57.142Z"}
{"level":"info","message":"GET /api/location-types 200 25.009 ms","timestamp":"2026-08-18T13:22:57.151Z"}
{"duration":68,"level":"info","message":"db-query","rows":26,"text":"SELECT * FROM location_types","timestamp":"2026-08-18T13:22:57.205Z"}
{"level":"info","message":"GET /api/location-types 200 69.807 ms","timestamp":"2026-08-18T13:22:57.207Z"}
{"duration":153,"level":"info","message":"db-query","rows":1,"text":"\n    SELECT id, company_name\n    FROM company_clients\n    WHERE mobile = $1\n    AND status='active'\n    LIMIT 1\n    ","timestamp":"2026-08-18T13:23:21.811Z"}
{"duration":4,"level":"info","message":"db-query","rows":0,"text":"SELECT id FROM drivers WHERE mobile = $1 AND company_id=$2","timestamp":"2026-08-18T13:23:21.816Z"}
{"duration":4,"level":"info","message":"db-query","rows":0,"text":"SELECT id FROM customers WHERE mobile = $1 AND company_id=$2","timestamp":"2026-08-18T13:23:21.821Z"}
{"level":"info","message":"POST /api/ivr/main 200 166.006 ms","timestamp":"2026-08-18T13:23:21.823Z"}
{"duration":159,"level":"info","message":"db-query","rows":1,"text":"\n    SELECT id, company_name\n    FROM company_clients\n    WHERE mobile = $1\n    AND status='active'\n    LIMIT 1\n    ","timestamp":"2026-08-18T13:24:08.196Z"}
{"duration":4,"level":"info","message":"db-query","rows":0,"text":"SELECT id FROM drivers WHERE mobile = $1 AND company_id=$2","timestamp":"2026-08-18T13:24:08.202Z"}
{"duration":5,"level":"info","message":"db-query","rows":0,"text":"SELECT id FROM customers WHERE mobile = $1 AND company_id=$2","timestamp":"2026-08-18T13:24:08.207Z"}
{"level":"info","message":"POST /api/ivr/main 200 174.500 ms","timestamp":"2026-08-18T13:24:08.211Z"}
{"duration":57,"level":"info","message":"db-query","rows":1,"text":"\n    SELECT id, company_name\n    FROM company_clients\n    WHERE mobile = $1\n    AND status='active'\n    LIMIT 1\n    ","timestamp":"2026-08-18T13:25:03.940Z"}
{"duration":5,"level":"info","message":"db-query","rows":0,"text":"SELECT id FROM drivers WHERE mobile = $1 AND company_id=$2","timestamp":"2026-08-18T13:25:03.946Z"}
{"duration":4,"level":"info","message":"db-query","rows":0,"text":"SELECT id FROM customers WHERE mobile = $1 AND company_id=$2","timestamp":"2026-08-18T13:25:03.950Z"}
{"level":"info","message":"POST /api/ivr/main 200 68.464 ms","timestamp":"2026-08-18T13:25:03.952Z"}
{"duration":56,"level":"info","message":"db-query","rows":26,"text":"SELECT * FROM location_types","timestamp":"2026-08-18T14:42:56.069Z"}
{"level":"info","message":"GET /api/location-types 200 59.965 ms","timestamp":"2026-08-18T14:42:56.072Z"}
{"duration":58,"level":"info","message":"db-query","rows":26,"text":"SELECT * FROM location_types","timestamp":"2026-08-18T16:02:56.064Z"}
{"level":"info","message":"GET /api/location-types 200 62.065 ms","timestamp":"2026-08-18T16:02:56.068Z"}
{"duration":5,"level":"info","message":"db-query","rows":26,"text":"SELECT * FROM location_types","timestamp":"2026-08-18T16:39:35.872Z"}
{"level":"info","message":"GET /api/location-types 200 10.944 ms","timestamp":"2026-08-18T16:39:35.878Z"}
{"duration":1,"level":"info","message":"db-query","rows":26,"text":"SELECT * FROM location_types","timestamp":"2026-08-18T16:39:35.887Z"}
{"level":"info","message":"GET /api/location-types 200 2.391 ms","timestamp":"2026-08-18T16:39:35.888Z"}
{"duration":6,"level":"info","message":"db-query","rows":26,"text":"SELECT * FROM location_types","timestamp":"2026-08-18T16:40:55.293Z"}
{"level":"info","message":"GET /api/location-types 200 15.601 ms","timestamp":"2026-08-18T16:40:55.301Z"}
{"duration":78,"level":"info","message":"db-query","rows":26,"text":"SELECT * FROM location_types","timestamp":"2026-08-18T16:40:55.367Z"}
{"level":"info","message":"GET /api/location-types 200 79.867 ms","timestamp":"2026-08-18T16:40:55.369Z"}
{"duration":6,"level":"info","message":"db-query","rows":26,"text":"SELECT * FROM location_types","timestamp":"2026-08-18T16:41:11.902Z"}
{"level":"info","message":"GET /api/location-types 200 11.950 ms","timestamp":"2026-08-18T16:41:11.908Z"}
{"duration":51,"level":"info","message":"db-query","rows":26,"text":"SELECT * FROM location_types","timestamp":"2026-08-18T16:41:11.949Z"}
{"level":"info","message":"GET /api/location-types 200 52.594 ms","timestamp":"2026-08-18T16:41:11.951Z"}
{"duration":6,"level":"info","message":"db-query","rows":26,"text":"SELECT * FROM location_types","timestamp":"2026-08-18T16:41:15.834Z"}
{"level":"info","message":"GET /api/location-types 200 12.545 ms","timestamp":"2026-08-18T16:41:15.841Z"}
{"duration":57,"level":"info","message":"db-query","rows":26,"text":"SELECT * FROM location_types","timestamp":"2026-08-18T16:41:15.887Z"}
{"level":"info","message":"GET /api/location-types 200 60.251 ms","timestamp":"2026-08-18T16:41:15.890Z"}
{"duration":8,"level":"info","message":"db-query","rows":26,"text":"SELECT * FROM location_types","timestamp":"2026-08-18T16:41:23.732Z"}
{"level":"info","message":"GET /api/location-types 200 15.849 ms","timestamp":"2026-08-18T16:41:23.740Z"}
{"duration":168,"level":"info","message":"db-query","rows":26,"text":"SELECT * FROM location_types","timestamp":"2026-08-18T16:41:23.894Z"}
{"level":"info","message":"GET /api/location-types 200 168.885 ms","timestamp":"2026-08-18T16:41:23.895Z"}
{"duration":7,"level":"info","message":"db-query","rows":26,"text":"SELECT * FROM location_types","timestamp":"2026-08-18T16:41:41.282Z"}
{"level":"info","message":"GET /api/location-types 200 15.817 ms","timestamp":"2026-08-18T16:41:41.291Z"}
{"duration":154,"level":"info","message":"db-query","rows":26,"text":"SELECT * FROM location_types","timestamp":"2026-08-18T16:41:41.430Z"}
{"level":"info","message":"GET /api/location-types 200 154.760 ms","timestamp":"2026-08-18T16:41:41.432Z"}
{"duration":9,"level":"info","message":"db-query","rows":26,"text":"SELECT * FROM location_types","timestamp":"2026-08-18T16:41:57.025Z"}
{"level":"info","message":"GET /api/location-types 200 21.036 ms","timestamp":"2026-08-18T16:41:57.037Z"}
{"duration":157,"level":"info","message":"db-query","rows":26,"text":"SELECT * FROM location_types","timestamp":"2026-08-18T16:41:57.176Z"}
{"level":"info","message":"GET /api/location-types 200 158.327 ms","timestamp":"2026-08-18T16:41:57.177Z"}
{"duration":10,"level":"info","message":"db-query","rows":26,"text":"SELECT * FROM location_types","timestamp":"2026-08-18T16:42:01.349Z"}
{"level":"info","message":"GET /api/location-types 200 19.104 ms","timestamp":"2026-08-18T16:42:01.359Z"}
{"duration":165,"level":"info","message":"db-query","rows":26,"text":"SELECT * FROM location_types","timestamp":"2026-08-18T16:42:01.507Z"}
{"level":"info","message":"GET /api/location-types 200 167.039 ms","timestamp":"2026-08-18T16:42:01.509Z"}
{"duration":67,"level":"info","message":"db-query","rows":0,"text":"\n    SELECT\n      dsh.id,\n      dsh.driver_id,\n\n      dsh.login_date,\n      dsh.login_latitude,\n      dsh.login_longitude,\n\n      dsh.logout_date,\n      dsh.logout_latitude,\n      dsh.logout_longitude,\n\n      dsh.booking,\n\n      dsh.login_time,\n      dsh.logout_time,\n\n      json_build_object(\n        'username',\n        d.username\n      ) AS driver\n\n    FROM driver_shift_histories dsh\n\n    LEFT JOIN drivers d\n    ON d.id = dsh.driver_id\n\n    WHERE 1=1\n  \n      AND dsh.driver_id = $1\n    \n    ORDER BY dsh.id DESC\n  ","timestamp":"2026-08-18T16:46:04.562Z"}
{"level":"info","message":"GET /api/driver_shift_history/login?from_date=2026-05-13&driver_id=178 200 69.935 ms","timestamp":"2026-08-18T16:46:04.565Z"}
{"duration":59,"level":"info","message":"db-query","rows":0,"text":"\n    SELECT\n      dsh.id,\n      dsh.driver_id,\n\n      dsh.login_date,\n      dsh.login_latitude,\n      dsh.login_longitude,\n\n      dsh.logout_date,\n      dsh.logout_latitude,\n      dsh.logout_longitude,\n\n      dsh.booking,\n\n      dsh.login_time,\n      dsh.logout_time,\n\n      json_build_object(\n        'username',\n        d.username\n      ) AS driver\n\n    FROM driver_shift_histories dsh\n\n    LEFT JOIN drivers d\n    ON d.id = dsh.driver_id\n\n    WHERE 1=1\n  \n      AND dsh.driver_id = $1\n    \n    ORDER BY dsh.id DESC\n  ","timestamp":"2026-08-18T16:46:55.670Z"}
{"level":"info","message":"GET /api/driver_shift_history/login?from_date=2026-05-13&driver_id=178 200 61.029 ms","timestamp":"2026-08-18T16:46:55.671Z"}
{"duration":1,"level":"info","message":"db-query","rows":2,"text":"\n    SELECT\n      dsh.id,\n      dsh.driver_id,\n\n      dsh.login_date,\n      dsh.login_latitude,\n      dsh.login_longitude,\n\n      dsh.logout_date,\n      dsh.logout_latitude,\n      dsh.logout_longitude,\n\n      dsh.booking,\n\n      dsh.login_time,\n      dsh.logout_time,\n\n      json_build_object(\n        'username',\n        d.username\n      ) AS driver\n\n    FROM driver_shift_histories dsh\n\n    LEFT JOIN drivers d\n    ON d.id = dsh.driver_id\n\n    WHERE 1=1\n  \n      AND dsh.driver_id = $1\n    \n    ORDER BY dsh.id DESC\n  ","timestamp":"2026-08-18T16:47:00.623Z"}
{"level":"info","message":"GET /api/driver_shift_history/login?from_date=2026-05-13&driver_id=167 200 2.496 ms","timestamp":"2026-08-18T16:47:00.624Z"}
{"duration":65,"level":"info","message":"db-query","rows":2,"text":"\n    SELECT\n      dsh.id,\n      dsh.driver_id,\n\n      dsh.login_date,\n      dsh.login_latitude,\n      dsh.login_longitude,\n\n      dsh.logout_date,\n      dsh.logout_latitude,\n      dsh.logout_longitude,\n\n      dsh.booking,\n\n      dsh.login_time,\n      dsh.logout_time,\n\n      json_build_object(\n        'username',\n        d.username\n      ) AS driver\n\n    FROM driver_shift_histories dsh\n\n    LEFT JOIN drivers d\n    ON d.id = dsh.driver_id\n\n    WHERE 1=1\n  \n      AND dsh.driver_id = $1\n    \n      AND dsh.login_date\n      BETWEEN $2\n      AND $3\n    \n      AND dsh.login_time\n      BETWEEN $4\n      AND $5\n    \n    ORDER BY dsh.id DESC\n  ","timestamp":"2026-08-18T16:54:30.421Z"}
{"level":"info","message":"GET /api/driver_shift_history/login?driver_id=167&from_date=2026-05-13&to_date=2026-08-18&from_time=00:00&to_time=23:59 200 66.033 ms","timestamp":"2026-08-18T16:54:30.423Z"}
{"duration":59,"level":"info","message":"db-query","rows":2,"text":"\n    SELECT\n      dsh.id,\n      dsh.driver_id,\n\n      dsh.login_date,\n      dsh.login_latitude,\n      dsh.login_longitude,\n\n      dsh.logout_date,\n      dsh.logout_latitude,\n      dsh.logout_longitude,\n\n      dsh.booking,\n\n      dsh.login_time,\n      dsh.logout_time,\n\n      json_build_object(\n        'username',\n        d.username\n      ) AS driver\n\n    FROM driver_shift_histories dsh\n\n    LEFT JOIN drivers d\n    ON d.id = dsh.driver_id\n\n    WHERE 1=1\n  \n      AND dsh.driver_id = $1\n    \n      AND dsh.login_date\n      BETWEEN $2\n      AND $3\n    \n      AND dsh.login_time\n      BETWEEN $4\n      AND $5\n    \n      AND d.username ILIKE $6\n    \n    ORDER BY dsh.id DESC\n  ","timestamp":"2026-08-18T16:54:49.138Z"}
{"level":"info","message":"GET /api/driver_shift_history/login?driver_id=167&username=mark&from_date=2026-05-13&to_date=2026-08-18&from_time=00:00&to_time=23:59 200 60.281 ms","timestamp":"2026-08-18T16:54:49.140Z"}
{"duration":52,"level":"info","message":"db-query","rows":2,"text":"\n    SELECT\n      dsh.id,\n      dsh.driver_id,\n\n      dsh.login_date,\n      dsh.login_latitude,\n      dsh.login_longitude,\n\n      dsh.logout_date,\n      dsh.logout_latitude,\n      dsh.logout_longitude,\n\n      dsh.booking,\n\n      dsh.login_time,\n      dsh.logout_time,\n\n      json_build_object(\n        'username',\n        d.username\n      ) AS driver\n\n    FROM driver_shift_histories dsh\n\n    LEFT JOIN drivers d\n    ON d.id = dsh.driver_id\n\n    WHERE 1=1\n  \n      AND dsh.driver_id = $1\n    \n      AND dsh.login_date\n      BETWEEN $2\n      AND $3\n    \n      AND dsh.login_time\n      BETWEEN $4\n      AND $5\n    \n    ORDER BY dsh.id DESC\n  ","timestamp":"2026-08-18T16:56:20.127Z"}
{"level":"info","message":"GET /api/driver_shift_history/login?driver_id=167&from_date=2026-05-13&to_date=2026-08-18&from_time=00:00&to_time=23:59 200 52.394 ms","timestamp":"2026-08-18T16:56:20.128Z"}
{"level":"info","message":"GET /api/driver_shift_history/login?driver_id=167&from_date=2026-05-13&to_date=2026-08-18&from_time=00:00&to_time=23:59&booking=5 500 68.354 ms","timestamp":"2026-08-18T16:56:42.942Z"}
{"duration":56,"level":"info","message":"db-query","rows":2,"text":"\n    SELECT\n      dsh.id,\n      dsh.driver_id,\n\n      dsh.login_date,\n      dsh.login_latitude,\n      dsh.login_longitude,\n\n      dsh.logout_date,\n      dsh.logout_latitude,\n      dsh.logout_longitude,\n\n      dsh.booking,\n\n      dsh.login_time,\n      dsh.logout_time,\n\n      json_build_object(\n        'username',\n        d.username\n      ) AS driver\n\n    FROM driver_shift_histories dsh\n\n    LEFT JOIN drivers d\n    ON d.id = dsh.driver_id\n\n    WHERE 1=1\n  \n      AND dsh.driver_id = $1\n    \n      AND dsh.login_date\n      BETWEEN $2\n      AND $3\n    \n      AND dsh.login_time\n      BETWEEN $4\n      AND $5\n    \n    ORDER BY dsh.id DESC\n  ","timestamp":"2026-08-18T16:57:22.877Z"}
{"level":"info","message":"GET /api/driver_shift_history/login?driver_id=167&from_date=2026-05-13&to_date=2026-08-18&from_time=00:00&to_time=23:59 200 56.784 ms","timestamp":"2026-08-18T16:57:22.879Z"}
{"duration":11,"level":"info","message":"db-query","rows":26,"text":"SELECT * FROM location_types","timestamp":"2026-08-18T17:15:33.257Z"}
{"level":"info","message":"GET /api/location-types 200 20.450 ms","timestamp":"2026-08-18T17:15:33.266Z"}
{"duration":104,"level":"info","message":"db-query","rows":26,"text":"SELECT * FROM location_types","timestamp":"2026-08-18T17:15:33.356Z"}
{"level":"info","message":"GET /api/location-types 200 108.385 ms","timestamp":"2026-08-18T17:15:33.360Z"}
{"duration":8,"level":"info","message":"db-query","rows":2,"text":"\n    SELECT\n      dsh.id,\n      dsh.driver_id,\n\n      dsh.login_date,\n      dsh.login_latitude,\n      dsh.login_longitude,\n\n      dsh.logout_date,\n      dsh.logout_latitude,\n      dsh.logout_longitude,\n\n      dsh.booking,\n\n      dsh.login_time,\n      dsh.logout_time,\n\n      json_build_object(\n        'username',\n        d.username\n      ) AS driver\n\n    FROM driver_shift_histories dsh\n\n    LEFT JOIN drivers d\n    ON d.id = dsh.driver_id\n\n    WHERE 1=1\n  \n      AND dsh.driver_id = $1\n    \n      AND dsh.login_date\n      BETWEEN $2\n      AND $3\n    \n      AND dsh.login_time\n      BETWEEN $4\n      AND $5\n    \n    ORDER BY dsh.id DESC\n  ","timestamp":"2026-08-18T17:15:35.186Z"}
{"level":"info","message":"GET /api/driver_shift_history/login?driver_id=167&from_date=2026-05-13&to_date=2026-08-18&from_time=00:00&to_time=23:59 200 34.663 ms","timestamp":"2026-08-18T17:15:35.212Z"}
{"duration":51,"level":"info","message":"db-query","rows":1,"text":"\n    SELECT\n      dsh.id,\n      dsh.driver_id,\n\n      dsh.login_date,\n      dsh.login_latitude,\n      dsh.login_longitude,\n\n      dsh.logout_date,\n      dsh.logout_latitude,\n      dsh.logout_longitude,\n\n      dsh.booking,\n\n      dsh.login_time,\n      dsh.logout_time,\n\n      json_build_object(\n        'username',\n        d.username\n      ) AS driver\n\n    FROM driver_shift_histories dsh\n\n    LEFT JOIN drivers d\n    ON d.id = dsh.driver_id\n\n    WHERE 1=1\n  \n      AND dsh.driver_id = $1\n    \n      AND dsh.login_date\n      BETWEEN $2\n      AND $3\n    \n      AND dsh.login_time\n      BETWEEN $4\n      AND $5\n    \n    AND COALESCE(cardinality(dsh.booking), 0) = $6\n  \n    ORDER BY dsh.id DESC\n  ","timestamp":"2026-08-18T17:15:49.944Z"}
{"level":"info","message":"GET /api/driver_shift_history/login?driver_id=167&from_date=2026-05-13&to_date=2026-08-18&from_time=00:00&to_time=23:59&booking=5 200 53.742 ms","timestamp":"2026-08-18T17:15:49.946Z"}
{"duration":1,"level":"info","message":"db-query","rows":1,"text":"\n    SELECT\n      dsh.id,\n      dsh.driver_id,\n\n      dsh.login_date,\n      dsh.login_latitude,\n      dsh.login_longitude,\n\n      dsh.logout_date,\n      dsh.logout_latitude,\n      dsh.logout_longitude,\n\n      dsh.booking,\n\n      dsh.login_time,\n      dsh.logout_time,\n\n      json_build_object(\n        'username',\n        d.username\n      ) AS driver\n\n    FROM driver_shift_histories dsh\n\n    LEFT JOIN drivers d\n    ON d.id = dsh.driver_id\n\n    WHERE 1=1\n  \n      AND dsh.driver_id = $1\n    \n      AND dsh.login_date\n      BETWEEN $2\n      AND $3\n    \n      AND dsh.login_time\n      BETWEEN $4\n      AND $5\n    \n    AND COALESCE(cardinality(dsh.booking), 0) = $6\n  \n    ORDER BY dsh.id DESC\n  ","timestamp":"2026-08-18T17:15:58.590Z"}
{"level":"info","message":"GET /api/driver_shift_history/login?driver_id=167&from_date=2026-05-13&to_date=2026-08-18&from_time=00:00&to_time=23:59&booking=2 200 2.613 ms","timestamp":"2026-08-18T17:15:58.592Z"}
{"duration":54,"level":"info","message":"db-query","rows":2,"text":"\n    SELECT\n      dsh.id,\n      dsh.driver_id,\n\n      dsh.login_date,\n      dsh.login_latitude,\n      dsh.login_longitude,\n\n      dsh.logout_date,\n      dsh.logout_latitude,\n      dsh.logout_longitude,\n\n      dsh.booking,\n\n      dsh.login_time,\n      dsh.logout_time,\n\n      json_build_object(\n        'username',\n        d.username\n      ) AS driver\n\n    FROM driver_shift_histories dsh\n\n    LEFT JOIN drivers d\n    ON d.id = dsh.driver_id\n\n    WHERE 1=1\n  \n      AND dsh.driver_id = $1\n    \n      AND dsh.login_date\n      BETWEEN $2\n      AND $3\n    \n      AND dsh.login_time\n      BETWEEN $4\n      AND $5\n    \n      AND d.username ILIKE $6\n    \n    ORDER BY dsh.id DESC\n  ","timestamp":"2026-08-18T17:16:25.758Z"}
{"level":"info","message":"GET /api/driver_shift_history/login?driver_id=167&username=mark&from_date=2026-05-13&to_date=2026-08-18&from_time=00:00&to_time=23:59 200 55.054 ms","timestamp":"2026-08-18T17:16:25.759Z"}
{"duration":166,"level":"info","message":"db-query","rows":1,"text":"\n    SELECT\n      dsh.id,\n      dsh.driver_id,\n\n      dsh.login_date,\n      dsh.login_latitude,\n      dsh.login_longitude,\n\n      dsh.logout_date,\n      dsh.logout_latitude,\n      dsh.logout_longitude,\n\n      dsh.booking,\n\n      dsh.login_time,\n      dsh.logout_time,\n\n      json_build_object(\n        'username',\n        d.username\n      ) AS driver\n\n    FROM driver_shift_histories dsh\n\n    LEFT JOIN drivers d\n    ON d.id = dsh.driver_id\n\n    WHERE 1=1\n  \n      AND dsh.driver_id = $1\n    \n      AND dsh.login_date\n      BETWEEN $2\n      AND $3\n    \n      AND dsh.login_time\n      BETWEEN $4\n      AND $5\n    \n      AND d.username ILIKE $6\n    \n      AND dsh.login_date ILIKE $7\n    \n    ORDER BY dsh.id DESC\n  ","timestamp":"2026-08-18T17:16:44.696Z"}
{"level":"info","message":"GET /api/driver_shift_history/login?driver_id=167&username=mark&from_date=2026-05-13&to_date=2026-08-18&from_time=00:00&to_time=23:59&login_date=2026-07-15 200 166.549 ms","timestamp":"2026-08-18T17:16:44.698Z"}
{"duration":2,"level":"info","message":"db-query","rows":2,"text":"\n    SELECT\n      dsh.id,\n      dsh.driver_id,\n\n      dsh.login_date,\n      dsh.login_latitude,\n      dsh.login_longitude,\n\n      dsh.logout_date,\n      dsh.logout_latitude,\n      dsh.logout_longitude,\n\n      dsh.booking,\n\n      dsh.login_time,\n      dsh.logout_time,\n\n      json_build_object(\n        'username',\n        d.username\n      ) AS driver\n\n    FROM driver_shift_histories dsh\n\n    LEFT JOIN drivers d\n    ON d.id = dsh.driver_id\n\n    WHERE 1=1\n  \n      AND dsh.driver_id = $1\n    \n      AND dsh.login_date\n      BETWEEN $2\n      AND $3\n    \n      AND dsh.login_time\n      BETWEEN $4\n      AND $5\n    \n      AND d.username ILIKE $6\n    \n    ORDER BY dsh.id DESC\n  ","timestamp":"2026-08-18T17:16:53.351Z"}
{"level":"info","message":"GET /api/driver_shift_history/login?driver_id=167&username=mark&from_date=2026-05-13&to_date=2026-08-18&from_time=00:00&to_time=23:59 200 3.403 ms","timestamp":"2026-08-18T17:16:53.353Z"}
{"duration":53,"level":"info","message":"db-query","rows":1,"text":"\n    SELECT\n      dsh.id,\n      dsh.driver_id,\n\n      dsh.login_date,\n      dsh.login_latitude,\n      dsh.login_longitude,\n\n      dsh.logout_date,\n      dsh.logout_latitude,\n      dsh.logout_longitude,\n\n      dsh.booking,\n\n      dsh.login_time,\n      dsh.logout_time,\n\n      json_build_object(\n        'username',\n        d.username\n      ) AS driver\n\n    FROM driver_shift_histories dsh\n\n    LEFT JOIN drivers d\n    ON d.id = dsh.driver_id\n\n    WHERE 1=1\n  \n      AND dsh.driver_id = $1\n    \n      AND dsh.login_date\n      BETWEEN $2\n      AND $3\n    \n      AND dsh.login_time\n      BETWEEN $4\n      AND $5\n    \n      AND d.username ILIKE $6\n    \n      AND dsh.logout_date ILIKE $7\n    \n    ORDER BY dsh.id DESC\n  ","timestamp":"2026-08-18T17:17:18.028Z"}
{"level":"info","message":"GET /api/driver_shift_history/login?driver_id=167&username=mark&from_date=2026-05-13&to_date=2026-08-18&from_time=00:00&to_time=23:59&logout_date=2026-07-16 200 54.249 ms","timestamp":"2026-08-18T17:17:18.029Z"}
{"duration":5,"level":"info","message":"db-query","rows":26,"text":"SELECT * FROM location_types","timestamp":"2026-08-18T17:20:32.962Z"}
{"level":"info","message":"GET /api/location-types 200 11.120 ms","timestamp":"2026-08-18T17:20:32.968Z"}
{"duration":79,"level":"info","message":"db-query","rows":26,"text":"SELECT * FROM location_types","timestamp":"2026-08-18T17:20:33.037Z"}
{"level":"info","message":"GET /api/location-types 200 112.567 ms","timestamp":"2026-08-18T17:20:33.071Z"}
{"duration":128,"level":"info","message":"db-query","rows":0,"text":"\n    \nSELECT\n  b.id,\n  b.reference_number,\n  b.subsidiary_id,\n  b.booking_type_id,\n  b.booking_status_id,\n  b.journey_type_id,\n  b.account_id,\n  b.customer_id,\n  b.employee_id,\n  b.pickup,\n  b.dropoff,\n  b.pickup_date,\n  b.pickup_time,\n  b.dropoff_date,\n  b.dropoff_time,\n  b.pickup_door_number,\n  b.dropoff_door_number,\n  b.pickup_plot,\n  b.dropoff_plot,\n  b.pickup_location_type_id,\n  b.dropoff_location_type_id,\n  b.pickup_latitude,\n  b.pickup_longitude,\n  b.dropoff_latitude,\n  b.dropoff_longitude,\n  b.viapoints,\n  b.restricted_drivers,\n  b.flight_number,\n  b.arriving_from,\n  b.vehicle_type_id,\n  b.vehicle_id,\n  b.driver_id,\n  b.passengers,\n  b.luggages,\n  b.hand_luggages,\n  b.child_seat,\n  b.name,\n  b.email,\n  b.mobile,\n  b.telephone,\n  b.lead_time,\n  b.notes,\n  b.special_instructions,\n  b.payment_type_id,\n  b.company_price,\n  b.fares,\n  b.total_charges,\n  b.parking_charges,\n  b.waiting_charges,\n  b.extra_drop_charges,\n  b.credit_card_charges,\n  b.congestion_charges,\n  b.miles,\n  b.meet_and_greet,\n  b.department,\n  b.escort_id,\n  b.order_number,\n  b.booked_by,\n  b.add_return_fare,\n  b.fare_meter_status,\n  b.fare_meter,\n  b.quotation,\n  b.quoted,\n  b.dispatch,\n  b.dispatch_as,\n  b.sms,\n  b.emailflag,\n  b.trash,\n  b.hidden,\n  b.multi_booking_id,\n  b.associated_booking,\n  b.invoice_status,\n  b.commission_status,\n  b.commission,\n  b.skipped_bookings,\n  b.permanent,\n  b.toggle_driver_text,\n  b.toggle_passenger_text,\n  b.cancelled_reason,\n  b.booking_source,\n  b.on_route,\n  b.arrived,\n  b.passenger_on_board,\n  b.completed,\n  b.controller_completed,\n  b.driver_waiting_time,\n  b.dispatched_at,\n  b.booked_at,\n  b.stripe_customer_id,\n  b.stripe_payment_id,\n  b.invoice_number,\n  b.initial_subsidiary_id,\n  b.created_at,\n  b.updated_at,\n  b.eta,\n  b.fob,\n  b.future,\n\n  json_build_object(\n    'booking_status', bs.booking_status\n  ) AS booking_status,\n\n  json_build_object(\n    'booking_type', bt.booking_type\n  ) AS booking_type,\n\n  json_build_object(\n    'journey_type', jt.journey_type\n  ) AS journey_type,\n\n  json_build_object(\n    'id', s.id,\n    'name', s.name,\n    'telephone_number', s.telephone_number\n  ) AS subsidiary,\n\n  json_build_object(\n    'name', vt.name,\n    'background_color', vt.background_color,\n    'foreground_color', vt.foreground_color\n  ) AS vehicle_type,\n\n  json_build_object(\n    'id', pt.id,\n    'name', pt.name,\n    'background_color', pt.background_color,\n    'foreground_color', pt.foreground_color\n  ) AS payment_type,\n\n  json_build_object(\n    'id', a.id,\n    'name', a.name,\n    'background_color', a.background_color,\n    'foreground_color', a.foreground_color,\n    'has_vat', a.has_vat,\n    'bank_information', a.bank_information,\n    'fare_controller', a.fare_controller,\n    'account_fees_type', a.account_fees_type,\n    'account_fees', a.account_fees,\n    'account_fees_vat', a.account_fees_vat\n  ) AS account,\n\n  json_build_object(\n    'id', d.id,\n    'username', d.username,\n    'name', d.name,\n    'mobile_device_id', d.mobile_device_id,\n    'phc_vehicle_number', d.phc_vehicle_number,\n    'phc_driver_number', d.phc_driver_number,\n    'vehicle_id', d.vehicle_id,\n    'driver_commission', d.driver_commission,\n    'session_status', d.session_status,\n\n    'vehicle', json_build_object(\n      'make', v.make,\n      'model', v.model,\n      'color', v.color,\n      'vehicle_number', v.vehicle_number\n    )\n  ) AS driver,\n\n  json_build_object(\n    'door_number', c.door_number,\n    'address1', c.address1,\n    'address2', c.address2,\n    'blacklist', c.blacklist\n  ) AS customer,\n\n  json_build_object(\n    'username', e.username,\n    'role_id', e.role_id\n  ) AS employee,\n\n  json_build_object(\n    'pickup',\n    CASE\n      WHEN lp.id IS NOT NULL THEN\n        json_build_object(\n          'id', lp.id,\n          'name', lp.name,\n          'location_type', json_build_object(\n            'id', ltp.id,\n            'name', ltp.name,\n            'background_color', ltp.background_color,\n            'foreground_color', ltp.foreground_color\n          )\n        )\n      ELSE\n        json_build_object(\n          'id', null,\n          'name', null,\n          'location_type', json_build_object(\n            'id', null,\n            'name', null,\n            'background_color', null,\n            'foreground_color', null\n          )\n        )\n    END,\n\n    'dropoff',\n    CASE\n      WHEN ld.id IS NOT NULL THEN\n        json_build_object(\n          'id', ld.id,\n          'name', ld.name,\n          'location_type', json_build_object(\n            'id', ltd.id,\n            'name', ltd.name,\n            'background_color', ltd.background_color,\n            'foreground_color', ltd.foreground_color\n          )\n        )\n      ELSE\n        json_build_object(\n          'id', null,\n          'name', null,\n          'location_type', json_build_object(\n            'id', null,\n            'name', null,\n            'background_color', null,\n            'foreground_color', null\n          )\n        )\n    END\n  ) AS airport\n\nFROM bookings b\n\nLEFT JOIN booking_statuses bs\n  ON b.booking_status_id = bs.id\n\nLEFT JOIN booking_types bt\n  ON b.booking_type_id = bt.id\n\nLEFT JOIN journey_types jt\n  ON b.journey_type_id = jt.id\n\nLEFT JOIN subsidiaries s\n  ON b.subsidiary_id = s.id\n\nLEFT JOIN vehicle_types vt\n  ON b.vehicle_type_id = vt.id\n\nLEFT JOIN payment_types pt\n  ON b.payment_type_id = pt.id\n\nLEFT JOIN accounts a\n  ON b.account_id = a.id\n\nLEFT JOIN drivers d\n  ON b.driver_id = d.id\n\nLEFT JOIN vehicles v\n  ON d.vehicle_id = v.id\n\nLEFT JOIN customers c\n  ON b.customer_id = c.id\n\nLEFT JOIN employees e\n  ON b.employee_id = e.id\n\n\n-- PICKUP LOCATION\n-- Select only the most specific matching location\nLEFT JOIN LATERAL (\n  SELECT l.*\n  FROM locations l\n  WHERE l.location_type_id = 2\n    AND b.pickup ILIKE '%' || l.name || '%'\n  ORDER BY LENGTH(l.name) DESC, l.id ASC\n  LIMIT 1\n) lp ON true\n\n\n-- DROPOFF LOCATION\n-- Select only the most specific matching location\nLEFT JOIN LATERAL (\n  SELECT l.*\n  FROM locations l\n  WHERE l.location_type_id = 2\n    AND b.dropoff ILIKE '%' || l.name || '%'\n  ORDER BY LENGTH(l.name) DESC, l.id ASC\n  LIMIT 1\n) ld ON true\n\n\nLEFT JOIN location_types ltp\n  ON lp.location_type_id = ltp.id\n\nLEFT JOIN location_types ltd\n  ON ld.location_type_id = ltd.id\n\n\n    \n    WHERE b.driver_id = $1\n    AND b.booking_status_id = 11\n  \n    AND b.pickup_date::DATE\n    BETWEEN $2::DATE AND $3::DATE\n  \n      AND b.pickup_time BETWEEN $4 AND $5\n    \n    ORDER BY\n      b.pickup_date DESC,\n      b.pickup_time DESC\n  ","timestamp":"2026-08-18T17:20:54.743Z"}
{"level":"info","message":"GET /api/bookings/driver-logs?driver_id=178&from_date=2026-06-01&to_date=2026-07-20&from_time=00:00&to_time=23:59 404 130.961 ms","timestamp":"2026-08-18T17:20:54.744Z"}
{"duration":95,"level":"info","message":"db-query","rows":14,"text":"\n    \nSELECT\n  b.id,\n  b.reference_number,\n  b.subsidiary_id,\n  b.booking_type_id,\n  b.booking_status_id,\n  b.journey_type_id,\n  b.account_id,\n  b.customer_id,\n  b.employee_id,\n  b.pickup,\n  b.dropoff,\n  b.pickup_date,\n  b.pickup_time,\n  b.dropoff_date,\n  b.dropoff_time,\n  b.pickup_door_number,\n  b.dropoff_door_number,\n  b.pickup_plot,\n  b.dropoff_plot,\n  b.pickup_location_type_id,\n  b.dropoff_location_type_id,\n  b.pickup_latitude,\n  b.pickup_longitude,\n  b.dropoff_latitude,\n  b.dropoff_longitude,\n  b.viapoints,\n  b.restricted_drivers,\n  b.flight_number,\n  b.arriving_from,\n  b.vehicle_type_id,\n  b.vehicle_id,\n  b.driver_id,\n  b.passengers,\n  b.luggages,\n  b.hand_luggages,\n  b.child_seat,\n  b.name,\n  b.email,\n  b.mobile,\n  b.telephone,\n  b.lead_time,\n  b.notes,\n  b.special_instructions,\n  b.payment_type_id,\n  b.company_price,\n  b.fares,\n  b.total_charges,\n  b.parking_charges,\n  b.waiting_charges,\n  b.extra_drop_charges,\n  b.credit_card_charges,\n  b.congestion_charges,\n  b.miles,\n  b.meet_and_greet,\n  b.department,\n  b.escort_id,\n  b.order_number,\n  b.booked_by,\n  b.add_return_fare,\n  b.fare_meter_status,\n  b.fare_meter,\n  b.quotation,\n  b.quoted,\n  b.dispatch,\n  b.dispatch_as,\n  b.sms,\n  b.emailflag,\n  b.trash,\n  b.hidden,\n  b.multi_booking_id,\n  b.associated_booking,\n  b.invoice_status,\n  b.commission_status,\n  b.commission,\n  b.skipped_bookings,\n  b.permanent,\n  b.toggle_driver_text,\n  b.toggle_passenger_text,\n  b.cancelled_reason,\n  b.booking_source,\n  b.on_route,\n  b.arrived,\n  b.passenger_on_board,\n  b.completed,\n  b.controller_completed,\n  b.driver_waiting_time,\n  b.dispatched_at,\n  b.booked_at,\n  b.stripe_customer_id,\n  b.stripe_payment_id,\n  b.invoice_number,\n  b.initial_subsidiary_id,\n  b.created_at,\n  b.updated_at,\n  b.eta,\n  b.fob,\n  b.future,\n\n  json_build_object(\n    'booking_status', bs.booking_status\n  ) AS booking_status,\n\n  json_build_object(\n    'booking_type', bt.booking_type\n  ) AS booking_type,\n\n  json_build_object(\n    'journey_type', jt.journey_type\n  ) AS journey_type,\n\n  json_build_object(\n    'id', s.id,\n    'name', s.name,\n    'telephone_number', s.telephone_number\n  ) AS subsidiary,\n\n  json_build_object(\n    'name', vt.name,\n    'background_color', vt.background_color,\n    'foreground_color', vt.foreground_color\n  ) AS vehicle_type,\n\n  json_build_object(\n    'id', pt.id,\n    'name', pt.name,\n    'background_color', pt.background_color,\n    'foreground_color', pt.foreground_color\n  ) AS payment_type,\n\n  json_build_object(\n    'id', a.id,\n    'name', a.name,\n    'background_color', a.background_color,\n    'foreground_color', a.foreground_color,\n    'has_vat', a.has_vat,\n    'bank_information', a.bank_information,\n    'fare_controller', a.fare_controller,\n    'account_fees_type', a.account_fees_type,\n    'account_fees', a.account_fees,\n    'account_fees_vat', a.account_fees_vat\n  ) AS account,\n\n  json_build_object(\n    'id', d.id,\n    'username', d.username,\n    'name', d.name,\n    'mobile_device_id', d.mobile_device_id,\n    'phc_vehicle_number', d.phc_vehicle_number,\n    'phc_driver_number', d.phc_driver_number,\n    'vehicle_id', d.vehicle_id,\n    'driver_commission', d.driver_commission,\n    'session_status', d.session_status,\n\n    'vehicle', json_build_object(\n      'make', v.make,\n      'model', v.model,\n      'color', v.color,\n      'vehicle_number', v.vehicle_number\n    )\n  ) AS driver,\n\n  json_build_object(\n    'door_number', c.door_number,\n    'address1', c.address1,\n    'address2', c.address2,\n    'blacklist', c.blacklist\n  ) AS customer,\n\n  json_build_object(\n    'username', e.username,\n    'role_id', e.role_id\n  ) AS employee,\n\n  json_build_object(\n    'pickup',\n    CASE\n      WHEN lp.id IS NOT NULL THEN\n        json_build_object(\n          'id', lp.id,\n          'name', lp.name,\n          'location_type', json_build_object(\n            'id', ltp.id,\n            'name', ltp.name,\n            'background_color', ltp.background_color,\n            'foreground_color', ltp.foreground_color\n          )\n        )\n      ELSE\n        json_build_object(\n          'id', null,\n          'name', null,\n          'location_type', json_build_object(\n            'id', null,\n            'name', null,\n            'background_color', null,\n            'foreground_color', null\n          )\n        )\n    END,\n\n    'dropoff',\n    CASE\n      WHEN ld.id IS NOT NULL THEN\n        json_build_object(\n          'id', ld.id,\n          'name', ld.name,\n          'location_type', json_build_object(\n            'id', ltd.id,\n            'name', ltd.name,\n            'background_color', ltd.background_color,\n            'foreground_color', ltd.foreground_color\n          )\n        )\n      ELSE\n        json_build_object(\n          'id', null,\n          'name', null,\n          'location_type', json_build_object(\n            'id', null,\n            'name', null,\n            'background_color', null,\n            'foreground_color', null\n          )\n        )\n    END\n  ) AS airport\n\nFROM bookings b\n\nLEFT JOIN booking_statuses bs\n  ON b.booking_status_id = bs.id\n\nLEFT JOIN booking_types bt\n  ON b.booking_type_id = bt.id\n\nLEFT JOIN journey_types jt\n  ON b.journey_type_id = jt.id\n\nLEFT JOIN subsidiaries s\n  ON b.subsidiary_id = s.id\n\nLEFT JOIN vehicle_types vt\n  ON b.vehicle_type_id = vt.id\n\nLEFT JOIN payment_types pt\n  ON b.payment_type_id = pt.id\n\nLEFT JOIN accounts a\n  ON b.account_id = a.id\n\nLEFT JOIN drivers d\n  ON b.driver_id = d.id\n\nLEFT JOIN vehicles v\n  ON d.vehicle_id = v.id\n\nLEFT JOIN customers c\n  ON b.customer_id = c.id\n\nLEFT JOIN employees e\n  ON b.employee_id = e.id\n\n\n-- PICKUP LOCATION\n-- Select only the most specific matching location\nLEFT JOIN LATERAL (\n  SELECT l.*\n  FROM locations l\n  WHERE l.location_type_id = 2\n    AND b.pickup ILIKE '%' || l.name || '%'\n  ORDER BY LENGTH(l.name) DESC, l.id ASC\n  LIMIT 1\n) lp ON true\n\n\n-- DROPOFF LOCATION\n-- Select only the most specific matching location\nLEFT JOIN LATERAL (\n  SELECT l.*\n  FROM locations l\n  WHERE l.location_type_id = 2\n    AND b.dropoff ILIKE '%' || l.name || '%'\n  ORDER BY LENGTH(l.name) DESC, l.id ASC\n  LIMIT 1\n) ld ON true\n\n\nLEFT JOIN location_types ltp\n  ON lp.location_type_id = ltp.id\n\nLEFT JOIN location_types ltd\n  ON ld.location_type_id = ltd.id\n\n\n    \n    WHERE b.driver_id = $1\n    AND b.booking_status_id = 11\n  \n    AND b.pickup_date::DATE\n    BETWEEN $2::DATE AND $3::DATE\n  \n      AND b.pickup_time BETWEEN $4 AND $5\n    \n    ORDER BY\n      b.pickup_date DESC,\n      b.pickup_time DESC\n  ","timestamp":"2026-08-18T17:21:06.171Z"}
{"level":"info","message":"GET /api/bookings/driver-logs?driver_id=167&from_date=2026-06-01&to_date=2026-07-20&from_time=00:00&to_time=23:59 200 97.503 ms","timestamp":"2026-08-18T17:21:06.173Z"}
{"duration":106,"level":"info","message":"db-query","rows":14,"text":"\n    \nSELECT\n  b.id,\n  b.reference_number,\n  b.subsidiary_id,\n  b.booking_type_id,\n  b.booking_status_id,\n  b.journey_type_id,\n  b.account_id,\n  b.customer_id,\n  b.employee_id,\n  b.pickup,\n  b.dropoff,\n  b.pickup_date,\n  b.pickup_time,\n  b.dropoff_date,\n  b.dropoff_time,\n  b.pickup_door_number,\n  b.dropoff_door_number,\n  b.pickup_plot,\n  b.dropoff_plot,\n  b.pickup_location_type_id,\n  b.dropoff_location_type_id,\n  b.pickup_latitude,\n  b.pickup_longitude,\n  b.dropoff_latitude,\n  b.dropoff_longitude,\n  b.viapoints,\n  b.restricted_drivers,\n  b.flight_number,\n  b.arriving_from,\n  b.vehicle_type_id,\n  b.vehicle_id,\n  b.driver_id,\n  b.passengers,\n  b.luggages,\n  b.hand_luggages,\n  b.child_seat,\n  b.name,\n  b.email,\n  b.mobile,\n  b.telephone,\n  b.lead_time,\n  b.notes,\n  b.special_instructions,\n  b.payment_type_id,\n  b.company_price,\n  b.fares,\n  b.total_charges,\n  b.parking_charges,\n  b.waiting_charges,\n  b.extra_drop_charges,\n  b.credit_card_charges,\n  b.congestion_charges,\n  b.miles,\n  b.meet_and_greet,\n  b.department,\n  b.escort_id,\n  b.order_number,\n  b.booked_by,\n  b.add_return_fare,\n  b.fare_meter_status,\n  b.fare_meter,\n  b.quotation,\n  b.quoted,\n  b.dispatch,\n  b.dispatch_as,\n  b.sms,\n  b.emailflag,\n  b.trash,\n  b.hidden,\n  b.multi_booking_id,\n  b.associated_booking,\n  b.invoice_status,\n  b.commission_status,\n  b.commission,\n  b.skipped_bookings,\n  b.permanent,\n  b.toggle_driver_text,\n  b.toggle_passenger_text,\n  b.cancelled_reason,\n  b.booking_source,\n  b.on_route,\n  b.arrived,\n  b.passenger_on_board,\n  b.completed,\n  b.controller_completed,\n  b.driver_waiting_time,\n  b.dispatched_at,\n  b.booked_at,\n  b.stripe_customer_id,\n  b.stripe_payment_id,\n  b.invoice_number,\n  b.initial_subsidiary_id,\n  b.created_at,\n  b.updated_at,\n  b.eta,\n  b.fob,\n  b.future,\n\n  json_build_object(\n    'booking_status', bs.booking_status\n  ) AS booking_status,\n\n  json_build_object(\n    'booking_type', bt.booking_type\n  ) AS booking_type,\n\n  json_build_object(\n    'journey_type', jt.journey_type\n  ) AS journey_type,\n\n  json_build_object(\n    'id', s.id,\n    'name', s.name,\n    'telephone_number', s.telephone_number\n  ) AS subsidiary,\n\n  json_build_object(\n    'name', vt.name,\n    'background_color', vt.background_color,\n    'foreground_color', vt.foreground_color\n  ) AS vehicle_type,\n\n  json_build_object(\n    'id', pt.id,\n    'name', pt.name,\n    'background_color', pt.background_color,\n    'foreground_color', pt.foreground_color\n  ) AS payment_type,\n\n  json_build_object(\n    'id', a.id,\n    'name', a.name,\n    'background_color', a.background_color,\n    'foreground_color', a.foreground_color,\n    'has_vat', a.has_vat,\n    'bank_information', a.bank_information,\n    'fare_controller', a.fare_controller,\n    'account_fees_type', a.account_fees_type,\n    'account_fees', a.account_fees,\n    'account_fees_vat', a.account_fees_vat\n  ) AS account,\n\n  json_build_object(\n    'id', d.id,\n    'username', d.username,\n    'name', d.name,\n    'mobile_device_id', d.mobile_device_id,\n    'phc_vehicle_number', d.phc_vehicle_number,\n    'phc_driver_number', d.phc_driver_number,\n    'vehicle_id', d.vehicle_id,\n    'driver_commission', d.driver_commission,\n    'session_status', d.session_status,\n\n    'vehicle', json_build_object(\n      'make', v.make,\n      'model', v.model,\n      'color', v.color,\n      'vehicle_number', v.vehicle_number\n    )\n  ) AS driver,\n\n  json_build_object(\n    'door_number', c.door_number,\n    'address1', c.address1,\n    'address2', c.address2,\n    'blacklist', c.blacklist\n  ) AS customer,\n\n  json_build_object(\n    'username', e.username,\n    'role_id', e.role_id\n  ) AS employee,\n\n  json_build_object(\n    'pickup',\n    CASE\n      WHEN lp.id IS NOT NULL THEN\n        json_build_object(\n          'id', lp.id,\n          'name', lp.name,\n          'location_type', json_build_object(\n            'id', ltp.id,\n            'name', ltp.name,\n            'background_color', ltp.background_color,\n            'foreground_color', ltp.foreground_color\n          )\n        )\n      ELSE\n        json_build_object(\n          'id', null,\n          'name', null,\n          'location_type', json_build_object(\n            'id', null,\n            'name', null,\n            'background_color', null,\n            'foreground_color', null\n          )\n        )\n    END,\n\n    'dropoff',\n    CASE\n      WHEN ld.id IS NOT NULL THEN\n        json_build_object(\n          'id', ld.id,\n          'name', ld.name,\n          'location_type', json_build_object(\n            'id', ltd.id,\n            'name', ltd.name,\n            'background_color', ltd.background_color,\n            'foreground_color', ltd.foreground_color\n          )\n        )\n      ELSE\n        json_build_object(\n          'id', null,\n          'name', null,\n          'location_type', json_build_object(\n            'id', null,\n            'name', null,\n            'background_color', null,\n            'foreground_color', null\n          )\n        )\n    END\n  ) AS airport\n\nFROM bookings b\n\nLEFT JOIN booking_statuses bs\n  ON b.booking_status_id = bs.id\n\nLEFT JOIN booking_types bt\n  ON b.booking_type_id = bt.id\n\nLEFT JOIN journey_types jt\n  ON b.journey_type_id = jt.id\n\nLEFT JOIN subsidiaries s\n  ON b.subsidiary_id = s.id\n\nLEFT JOIN vehicle_types vt\n  ON b.vehicle_type_id = vt.id\n\nLEFT JOIN payment_types pt\n  ON b.payment_type_id = pt.id\n\nLEFT JOIN accounts a\n  ON b.account_id = a.id\n\nLEFT JOIN drivers d\n  ON b.driver_id = d.id\n\nLEFT JOIN vehicles v\n  ON d.vehicle_id = v.id\n\nLEFT JOIN customers c\n  ON b.customer_id = c.id\n\nLEFT JOIN employees e\n  ON b.employee_id = e.id\n\n\n-- PICKUP LOCATION\n-- Select only the most specific matching location\nLEFT JOIN LATERAL (\n  SELECT l.*\n  FROM locations l\n  WHERE l.location_type_id = 2\n    AND b.pickup ILIKE '%' || l.name || '%'\n  ORDER BY LENGTH(l.name) DESC, l.id ASC\n  LIMIT 1\n) lp ON true\n\n\n-- DROPOFF LOCATION\n-- Select only the most specific matching location\nLEFT JOIN LATERAL (\n  SELECT l.*\n  FROM locations l\n  WHERE l.location_type_id = 2\n    AND b.dropoff ILIKE '%' || l.name || '%'\n  ORDER BY LENGTH(l.name) DESC, l.id ASC\n  LIMIT 1\n) ld ON true\n\n\nLEFT JOIN location_types ltp\n  ON lp.location_type_id = ltp.id\n\nLEFT JOIN location_types ltd\n  ON ld.location_type_id = ltd.id\n\n\n    \n    WHERE b.driver_id = $1\n    AND b.booking_status_id = 11\n  \n    AND b.pickup_date::DATE\n    BETWEEN $2::DATE AND $3::DATE\n  \n      AND b.pickup_time BETWEEN $4 AND $5\n    \n    ORDER BY\n      b.pickup_date DESC,\n      b.pickup_time DESC\n  ","timestamp":"2026-08-18T17:21:47.465Z"}
{"level":"info","message":"GET /api/bookings/driver-logs?driver_id=167&from_date=2026-06-01&to_date=2026-07-20&from_time=00:00&to_time=23:59&ref=&vehicle= 200 109.841 ms","timestamp":"2026-08-18T17:21:47.469Z"}
{"duration":85,"level":"info","message":"db-query","rows":1,"text":"\n    \nSELECT\n  b.id,\n  b.reference_number,\n  b.subsidiary_id,\n  b.booking_type_id,\n  b.booking_status_id,\n  b.journey_type_id,\n  b.account_id,\n  b.customer_id,\n  b.employee_id,\n  b.pickup,\n  b.dropoff,\n  b.pickup_date,\n  b.pickup_time,\n  b.dropoff_date,\n  b.dropoff_time,\n  b.pickup_door_number,\n  b.dropoff_door_number,\n  b.pickup_plot,\n  b.dropoff_plot,\n  b.pickup_location_type_id,\n  b.dropoff_location_type_id,\n  b.pickup_latitude,\n  b.pickup_longitude,\n  b.dropoff_latitude,\n  b.dropoff_longitude,\n  b.viapoints,\n  b.restricted_drivers,\n  b.flight_number,\n  b.arriving_from,\n  b.vehicle_type_id,\n  b.vehicle_id,\n  b.driver_id,\n  b.passengers,\n  b.luggages,\n  b.hand_luggages,\n  b.child_seat,\n  b.name,\n  b.email,\n  b.mobile,\n  b.telephone,\n  b.lead_time,\n  b.notes,\n  b.special_instructions,\n  b.payment_type_id,\n  b.company_price,\n  b.fares,\n  b.total_charges,\n  b.parking_charges,\n  b.waiting_charges,\n  b.extra_drop_charges,\n  b.credit_card_charges,\n  b.congestion_charges,\n  b.miles,\n  b.meet_and_greet,\n  b.department,\n  b.escort_id,\n  b.order_number,\n  b.booked_by,\n  b.add_return_fare,\n  b.fare_meter_status,\n  b.fare_meter,\n  b.quotation,\n  b.quoted,\n  b.dispatch,\n  b.dispatch_as,\n  b.sms,\n  b.emailflag,\n  b.trash,\n  b.hidden,\n  b.multi_booking_id,\n  b.associated_booking,\n  b.invoice_status,\n  b.commission_status,\n  b.commission,\n  b.skipped_bookings,\n  b.permanent,\n  b.toggle_driver_text,\n  b.toggle_passenger_text,\n  b.cancelled_reason,\n  b.booking_source,\n  b.on_route,\n  b.arrived,\n  b.passenger_on_board,\n  b.completed,\n  b.controller_completed,\n  b.driver_waiting_time,\n  b.dispatched_at,\n  b.booked_at,\n  b.stripe_customer_id,\n  b.stripe_payment_id,\n  b.invoice_number,\n  b.initial_subsidiary_id,\n  b.created_at,\n  b.updated_at,\n  b.eta,\n  b.fob,\n  b.future,\n\n  json_build_object(\n    'booking_status', bs.booking_status\n  ) AS booking_status,\n\n  json_build_object(\n    'booking_type', bt.booking_type\n  ) AS booking_type,\n\n  json_build_object(\n    'journey_type', jt.journey_type\n  ) AS journey_type,\n\n  json_build_object(\n    'id', s.id,\n    'name', s.name,\n    'telephone_number', s.telephone_number\n  ) AS subsidiary,\n\n  json_build_object(\n    'name', vt.name,\n    'background_color', vt.background_color,\n    'foreground_color', vt.foreground_color\n  ) AS vehicle_type,\n\n  json_build_object(\n    'id', pt.id,\n    'name', pt.name,\n    'background_color', pt.background_color,\n    'foreground_color', pt.foreground_color\n  ) AS payment_type,\n\n  json_build_object(\n    'id', a.id,\n    'name', a.name,\n    'background_color', a.background_color,\n    'foreground_color', a.foreground_color,\n    'has_vat', a.has_vat,\n    'bank_information', a.bank_information,\n    'fare_controller', a.fare_controller,\n    'account_fees_type', a.account_fees_type,\n    'account_fees', a.account_fees,\n    'account_fees_vat', a.account_fees_vat\n  ) AS account,\n\n  json_build_object(\n    'id', d.id,\n    'username', d.username,\n    'name', d.name,\n    'mobile_device_id', d.mobile_device_id,\n    'phc_vehicle_number', d.phc_vehicle_number,\n    'phc_driver_number', d.phc_driver_number,\n    'vehicle_id', d.vehicle_id,\n    'driver_commission', d.driver_commission,\n    'session_status', d.session_status,\n\n    'vehicle', json_build_object(\n      'make', v.make,\n      'model', v.model,\n      'color', v.color,\n      'vehicle_number', v.vehicle_number\n    )\n  ) AS driver,\n\n  json_build_object(\n    'door_number', c.door_number,\n    'address1', c.address1,\n    'address2', c.address2,\n    'blacklist', c.blacklist\n  ) AS customer,\n\n  json_build_object(\n    'username', e.username,\n    'role_id', e.role_id\n  ) AS employee,\n\n  json_build_object(\n    'pickup',\n    CASE\n      WHEN lp.id IS NOT NULL THEN\n        json_build_object(\n          'id', lp.id,\n          'name', lp.name,\n          'location_type', json_build_object(\n            'id', ltp.id,\n            'name', ltp.name,\n            'background_color', ltp.background_color,\n            'foreground_color', ltp.foreground_color\n          )\n        )\n      ELSE\n        json_build_object(\n          'id', null,\n          'name', null,\n          'location_type', json_build_object(\n            'id', null,\n            'name', null,\n            'background_color', null,\n            'foreground_color', null\n          )\n        )\n    END,\n\n    'dropoff',\n    CASE\n      WHEN ld.id IS NOT NULL THEN\n        json_build_object(\n          'id', ld.id,\n          'name', ld.name,\n          'location_type', json_build_object(\n            'id', ltd.id,\n            'name', ltd.name,\n            'background_color', ltd.background_color,\n            'foreground_color', ltd.foreground_color\n          )\n        )\n      ELSE\n        json_build_object(\n          'id', null,\n          'name', null,\n          'location_type', json_build_object(\n            'id', null,\n            'name', null,\n            'background_color', null,\n            'foreground_color', null\n          )\n        )\n    END\n  ) AS airport\n\nFROM bookings b\n\nLEFT JOIN booking_statuses bs\n  ON b.booking_status_id = bs.id\n\nLEFT JOIN booking_types bt\n  ON b.booking_type_id = bt.id\n\nLEFT JOIN journey_types jt\n  ON b.journey_type_id = jt.id\n\nLEFT JOIN subsidiaries s\n  ON b.subsidiary_id = s.id\n\nLEFT JOIN vehicle_types vt\n  ON b.vehicle_type_id = vt.id\n\nLEFT JOIN payment_types pt\n  ON b.payment_type_id = pt.id\n\nLEFT JOIN accounts a\n  ON b.account_id = a.id\n\nLEFT JOIN drivers d\n  ON b.driver_id = d.id\n\nLEFT JOIN vehicles v\n  ON d.vehicle_id = v.id\n\nLEFT JOIN customers c\n  ON b.customer_id = c.id\n\nLEFT JOIN employees e\n  ON b.employee_id = e.id\n\n\n-- PICKUP LOCATION\n-- Select only the most specific matching location\nLEFT JOIN LATERAL (\n  SELECT l.*\n  FROM locations l\n  WHERE l.location_type_id = 2\n    AND b.pickup ILIKE '%' || l.name || '%'\n  ORDER BY LENGTH(l.name) DESC, l.id ASC\n  LIMIT 1\n) lp ON true\n\n\n-- DROPOFF LOCATION\n-- Select only the most specific matching location\nLEFT JOIN LATERAL (\n  SELECT l.*\n  FROM locations l\n  WHERE l.location_type_id = 2\n    AND b.dropoff ILIKE '%' || l.name || '%'\n  ORDER BY LENGTH(l.name) DESC, l.id ASC\n  LIMIT 1\n) ld ON true\n\n\nLEFT JOIN location_types ltp\n  ON lp.location_type_id = ltp.id\n\nLEFT JOIN location_types ltd\n  ON ld.location_type_id = ltd.id\n\n\n    \n    WHERE b.driver_id = $1\n    AND b.booking_status_id = 11\n  \n    AND b.pickup_date::DATE\n    BETWEEN $2::DATE AND $3::DATE\n  \n      AND b.pickup_time BETWEEN $4 AND $5\n    \n      AND b.reference_number ILIKE $6\n    \n    ORDER BY\n      b.pickup_date DESC,\n      b.pickup_time DESC\n  ","timestamp":"2026-08-18T17:24:02.047Z"}
{"level":"info","message":"GET /api/bookings/driver-logs?driver_id=167&from_date=2026-06-01&to_date=2026-07-20&from_time=00:00&to_time=23:59&ref=NTG35898 200 86.280 ms","timestamp":"2026-08-18T17:24:02.049Z"}
{"duration":13,"level":"info","message":"db-query","rows":13,"text":"\n    \nSELECT\n  b.id,\n  b.reference_number,\n  b.subsidiary_id,\n  b.booking_type_id,\n  b.booking_status_id,\n  b.journey_type_id,\n  b.account_id,\n  b.customer_id,\n  b.employee_id,\n  b.pickup,\n  b.dropoff,\n  b.pickup_date,\n  b.pickup_time,\n  b.dropoff_date,\n  b.dropoff_time,\n  b.pickup_door_number,\n  b.dropoff_door_number,\n  b.pickup_plot,\n  b.dropoff_plot,\n  b.pickup_location_type_id,\n  b.dropoff_location_type_id,\n  b.pickup_latitude,\n  b.pickup_longitude,\n  b.dropoff_latitude,\n  b.dropoff_longitude,\n  b.viapoints,\n  b.restricted_drivers,\n  b.flight_number,\n  b.arriving_from,\n  b.vehicle_type_id,\n  b.vehicle_id,\n  b.driver_id,\n  b.passengers,\n  b.luggages,\n  b.hand_luggages,\n  b.child_seat,\n  b.name,\n  b.email,\n  b.mobile,\n  b.telephone,\n  b.lead_time,\n  b.notes,\n  b.special_instructions,\n  b.payment_type_id,\n  b.company_price,\n  b.fares,\n  b.total_charges,\n  b.parking_charges,\n  b.waiting_charges,\n  b.extra_drop_charges,\n  b.credit_card_charges,\n  b.congestion_charges,\n  b.miles,\n  b.meet_and_greet,\n  b.department,\n  b.escort_id,\n  b.order_number,\n  b.booked_by,\n  b.add_return_fare,\n  b.fare_meter_status,\n  b.fare_meter,\n  b.quotation,\n  b.quoted,\n  b.dispatch,\n  b.dispatch_as,\n  b.sms,\n  b.emailflag,\n  b.trash,\n  b.hidden,\n  b.multi_booking_id,\n  b.associated_booking,\n  b.invoice_status,\n  b.commission_status,\n  b.commission,\n  b.skipped_bookings,\n  b.permanent,\n  b.toggle_driver_text,\n  b.toggle_passenger_text,\n  b.cancelled_reason,\n  b.booking_source,\n  b.on_route,\n  b.arrived,\n  b.passenger_on_board,\n  b.completed,\n  b.controller_completed,\n  b.driver_waiting_time,\n  b.dispatched_at,\n  b.booked_at,\n  b.stripe_customer_id,\n  b.stripe_payment_id,\n  b.invoice_number,\n  b.initial_subsidiary_id,\n  b.created_at,\n  b.updated_at,\n  b.eta,\n  b.fob,\n  b.future,\n\n  json_build_object(\n    'booking_status', bs.booking_status\n  ) AS booking_status,\n\n  json_build_object(\n    'booking_type', bt.booking_type\n  ) AS booking_type,\n\n  json_build_object(\n    'journey_type', jt.journey_type\n  ) AS journey_type,\n\n  json_build_object(\n    'id', s.id,\n    'name', s.name,\n    'telephone_number', s.telephone_number\n  ) AS subsidiary,\n\n  json_build_object(\n    'name', vt.name,\n    'background_color', vt.background_color,\n    'foreground_color', vt.foreground_color\n  ) AS vehicle_type,\n\n  json_build_object(\n    'id', pt.id,\n    'name', pt.name,\n    'background_color', pt.background_color,\n    'foreground_color', pt.foreground_color\n  ) AS payment_type,\n\n  json_build_object(\n    'id', a.id,\n    'name', a.name,\n    'background_color', a.background_color,\n    'foreground_color', a.foreground_color,\n    'has_vat', a.has_vat,\n    'bank_information', a.bank_information,\n    'fare_controller', a.fare_controller,\n    'account_fees_type', a.account_fees_type,\n    'account_fees', a.account_fees,\n    'account_fees_vat', a.account_fees_vat\n  ) AS account,\n\n  json_build_object(\n    'id', d.id,\n    'username', d.username,\n    'name', d.name,\n    'mobile_device_id', d.mobile_device_id,\n    'phc_vehicle_number', d.phc_vehicle_number,\n    'phc_driver_number', d.phc_driver_number,\n    'vehicle_id', d.vehicle_id,\n    'driver_commission', d.driver_commission,\n    'session_status', d.session_status,\n\n    'vehicle', json_build_object(\n      'make', v.make,\n      'model', v.model,\n      'color', v.color,\n      'vehicle_number', v.vehicle_number\n    )\n  ) AS driver,\n\n  json_build_object(\n    'door_number', c.door_number,\n    'address1', c.address1,\n    'address2', c.address2,\n    'blacklist', c.blacklist\n  ) AS customer,\n\n  json_build_object(\n    'username', e.username,\n    'role_id', e.role_id\n  ) AS employee,\n\n  json_build_object(\n    'pickup',\n    CASE\n      WHEN lp.id IS NOT NULL THEN\n        json_build_object(\n          'id', lp.id,\n          'name', lp.name,\n          'location_type', json_build_object(\n            'id', ltp.id,\n            'name', ltp.name,\n            'background_color', ltp.background_color,\n            'foreground_color', ltp.foreground_color\n          )\n        )\n      ELSE\n        json_build_object(\n          'id', null,\n          'name', null,\n          'location_type', json_build_object(\n            'id', null,\n            'name', null,\n            'background_color', null,\n            'foreground_color', null\n          )\n        )\n    END,\n\n    'dropoff',\n    CASE\n      WHEN ld.id IS NOT NULL THEN\n        json_build_object(\n          'id', ld.id,\n          'name', ld.name,\n          'location_type', json_build_object(\n            'id', ltd.id,\n            'name', ltd.name,\n            'background_color', ltd.background_color,\n            'foreground_color', ltd.foreground_color\n          )\n        )\n      ELSE\n        json_build_object(\n          'id', null,\n          'name', null,\n          'location_type', json_build_object(\n            'id', null,\n            'name', null,\n            'background_color', null,\n            'foreground_color', null\n          )\n        )\n    END\n  ) AS airport\n\nFROM bookings b\n\nLEFT JOIN booking_statuses bs\n  ON b.booking_status_id = bs.id\n\nLEFT JOIN booking_types bt\n  ON b.booking_type_id = bt.id\n\nLEFT JOIN journey_types jt\n  ON b.journey_type_id = jt.id\n\nLEFT JOIN subsidiaries s\n  ON b.subsidiary_id = s.id\n\nLEFT JOIN vehicle_types vt\n  ON b.vehicle_type_id = vt.id\n\nLEFT JOIN payment_types pt\n  ON b.payment_type_id = pt.id\n\nLEFT JOIN accounts a\n  ON b.account_id = a.id\n\nLEFT JOIN drivers d\n  ON b.driver_id = d.id\n\nLEFT JOIN vehicles v\n  ON d.vehicle_id = v.id\n\nLEFT JOIN customers c\n  ON b.customer_id = c.id\n\nLEFT JOIN employees e\n  ON b.employee_id = e.id\n\n\n-- PICKUP LOCATION\n-- Select only the most specific matching location\nLEFT JOIN LATERAL (\n  SELECT l.*\n  FROM locations l\n  WHERE l.location_type_id = 2\n    AND b.pickup ILIKE '%' || l.name || '%'\n  ORDER BY LENGTH(l.name) DESC, l.id ASC\n  LIMIT 1\n) lp ON true\n\n\n-- DROPOFF LOCATION\n-- Select only the most specific matching location\nLEFT JOIN LATERAL (\n  SELECT l.*\n  FROM locations l\n  WHERE l.location_type_id = 2\n    AND b.dropoff ILIKE '%' || l.name || '%'\n  ORDER BY LENGTH(l.name) DESC, l.id ASC\n  LIMIT 1\n) ld ON true\n\n\nLEFT JOIN location_types ltp\n  ON lp.location_type_id = ltp.id\n\nLEFT JOIN location_types ltd\n  ON ld.location_type_id = ltd.id\n\n\n    \n    WHERE b.driver_id = $1\n    AND b.booking_status_id = 11\n  \n    AND b.pickup_date::DATE\n    BETWEEN $2::DATE AND $3::DATE\n  \n      AND b.pickup_time BETWEEN $4 AND $5\n    \n      AND vt.name ILIKE $6\n    \n    ORDER BY\n      b.pickup_date DESC,\n      b.pickup_time DESC\n  ","timestamp":"2026-08-18T17:24:09.706Z"}
{"level":"info","message":"GET /api/bookings/driver-logs?driver_id=167&from_date=2026-06-01&to_date=2026-07-20&from_time=00:00&to_time=23:59&vehicle=SALOON 200 15.897 ms","timestamp":"2026-08-18T17:24:09.709Z"}
{"duration":14,"level":"info","message":"db-query","rows":13,"text":"\n    \nSELECT\n  b.id,\n  b.reference_number,\n  b.subsidiary_id,\n  b.booking_type_id,\n  b.booking_status_id,\n  b.journey_type_id,\n  b.account_id,\n  b.customer_id,\n  b.employee_id,\n  b.pickup,\n  b.dropoff,\n  b.pickup_date,\n  b.pickup_time,\n  b.dropoff_date,\n  b.dropoff_time,\n  b.pickup_door_number,\n  b.dropoff_door_number,\n  b.pickup_plot,\n  b.dropoff_plot,\n  b.pickup_location_type_id,\n  b.dropoff_location_type_id,\n  b.pickup_latitude,\n  b.pickup_longitude,\n  b.dropoff_latitude,\n  b.dropoff_longitude,\n  b.viapoints,\n  b.restricted_drivers,\n  b.flight_number,\n  b.arriving_from,\n  b.vehicle_type_id,\n  b.vehicle_id,\n  b.driver_id,\n  b.passengers,\n  b.luggages,\n  b.hand_luggages,\n  b.child_seat,\n  b.name,\n  b.email,\n  b.mobile,\n  b.telephone,\n  b.lead_time,\n  b.notes,\n  b.special_instructions,\n  b.payment_type_id,\n  b.company_price,\n  b.fares,\n  b.total_charges,\n  b.parking_charges,\n  b.waiting_charges,\n  b.extra_drop_charges,\n  b.credit_card_charges,\n  b.congestion_charges,\n  b.miles,\n  b.meet_and_greet,\n  b.department,\n  b.escort_id,\n  b.order_number,\n  b.booked_by,\n  b.add_return_fare,\n  b.fare_meter_status,\n  b.fare_meter,\n  b.quotation,\n  b.quoted,\n  b.dispatch,\n  b.dispatch_as,\n  b.sms,\n  b.emailflag,\n  b.trash,\n  b.hidden,\n  b.multi_booking_id,\n  b.associated_booking,\n  b.invoice_status,\n  b.commission_status,\n  b.commission,\n  b.skipped_bookings,\n  b.permanent,\n  b.toggle_driver_text,\n  b.toggle_passenger_text,\n  b.cancelled_reason,\n  b.booking_source,\n  b.on_route,\n  b.arrived,\n  b.passenger_on_board,\n  b.completed,\n  b.controller_completed,\n  b.driver_waiting_time,\n  b.dispatched_at,\n  b.booked_at,\n  b.stripe_customer_id,\n  b.stripe_payment_id,\n  b.invoice_number,\n  b.initial_subsidiary_id,\n  b.created_at,\n  b.updated_at,\n  b.eta,\n  b.fob,\n  b.future,\n\n  json_build_object(\n    'booking_status', bs.booking_status\n  ) AS booking_status,\n\n  json_build_object(\n    'booking_type', bt.booking_type\n  ) AS booking_type,\n\n  json_build_object(\n    'journey_type', jt.journey_type\n  ) AS journey_type,\n\n  json_build_object(\n    'id', s.id,\n    'name', s.name,\n    'telephone_number', s.telephone_number\n  ) AS subsidiary,\n\n  json_build_object(\n    'name', vt.name,\n    'background_color', vt.background_color,\n    'foreground_color', vt.foreground_color\n  ) AS vehicle_type,\n\n  json_build_object(\n    'id', pt.id,\n    'name', pt.name,\n    'background_color', pt.background_color,\n    'foreground_color', pt.foreground_color\n  ) AS payment_type,\n\n  json_build_object(\n    'id', a.id,\n    'name', a.name,\n    'background_color', a.background_color,\n    'foreground_color', a.foreground_color,\n    'has_vat', a.has_vat,\n    'bank_information', a.bank_information,\n    'fare_controller', a.fare_controller,\n    'account_fees_type', a.account_fees_type,\n    'account_fees', a.account_fees,\n    'account_fees_vat', a.account_fees_vat\n  ) AS account,\n\n  json_build_object(\n    'id', d.id,\n    'username', d.username,\n    'name', d.name,\n    'mobile_device_id', d.mobile_device_id,\n    'phc_vehicle_number', d.phc_vehicle_number,\n    'phc_driver_number', d.phc_driver_number,\n    'vehicle_id', d.vehicle_id,\n    'driver_commission', d.driver_commission,\n    'session_status', d.session_status,\n\n    'vehicle', json_build_object(\n      'make', v.make,\n      'model', v.model,\n      'color', v.color,\n      'vehicle_number', v.vehicle_number\n    )\n  ) AS driver,\n\n  json_build_object(\n    'door_number', c.door_number,\n    'address1', c.address1,\n    'address2', c.address2,\n    'blacklist', c.blacklist\n  ) AS customer,\n\n  json_build_object(\n    'username', e.username,\n    'role_id', e.role_id\n  ) AS employee,\n\n  json_build_object(\n    'pickup',\n    CASE\n      WHEN lp.id IS NOT NULL THEN\n        json_build_object(\n          'id', lp.id,\n          'name', lp.name,\n          'location_type', json_build_object(\n            'id', ltp.id,\n            'name', ltp.name,\n            'background_color', ltp.background_color,\n            'foreground_color', ltp.foreground_color\n          )\n        )\n      ELSE\n        json_build_object(\n          'id', null,\n          'name', null,\n          'location_type', json_build_object(\n            'id', null,\n            'name', null,\n            'background_color', null,\n            'foreground_color', null\n          )\n        )\n    END,\n\n    'dropoff',\n    CASE\n      WHEN ld.id IS NOT NULL THEN\n        json_build_object(\n          'id', ld.id,\n          'name', ld.name,\n          'location_type', json_build_object(\n            'id', ltd.id,\n            'name', ltd.name,\n            'background_color', ltd.background_color,\n            'foreground_color', ltd.foreground_color\n          )\n        )\n      ELSE\n        json_build_object(\n          'id', null,\n          'name', null,\n          'location_type', json_build_object(\n            'id', null,\n            'name', null,\n            'background_color', null,\n            'foreground_color', null\n          )\n        )\n    END\n  ) AS airport\n\nFROM bookings b\n\nLEFT JOIN booking_statuses bs\n  ON b.booking_status_id = bs.id\n\nLEFT JOIN booking_types bt\n  ON b.booking_type_id = bt.id\n\nLEFT JOIN journey_types jt\n  ON b.journey_type_id = jt.id\n\nLEFT JOIN subsidiaries s\n  ON b.subsidiary_id = s.id\n\nLEFT JOIN vehicle_types vt\n  ON b.vehicle_type_id = vt.id\n\nLEFT JOIN payment_types pt\n  ON b.payment_type_id = pt.id\n\nLEFT JOIN accounts a\n  ON b.account_id = a.id\n\nLEFT JOIN drivers d\n  ON b.driver_id = d.id\n\nLEFT JOIN vehicles v\n  ON d.vehicle_id = v.id\n\nLEFT JOIN customers c\n  ON b.customer_id = c.id\n\nLEFT JOIN employees e\n  ON b.employee_id = e.id\n\n\n-- PICKUP LOCATION\n-- Select only the most specific matching location\nLEFT JOIN LATERAL (\n  SELECT l.*\n  FROM locations l\n  WHERE l.location_type_id = 2\n    AND b.pickup ILIKE '%' || l.name || '%'\n  ORDER BY LENGTH(l.name) DESC, l.id ASC\n  LIMIT 1\n) lp ON true\n\n\n-- DROPOFF LOCATION\n-- Select only the most specific matching location\nLEFT JOIN LATERAL (\n  SELECT l.*\n  FROM locations l\n  WHERE l.location_type_id = 2\n    AND b.dropoff ILIKE '%' || l.name || '%'\n  ORDER BY LENGTH(l.name) DESC, l.id ASC\n  LIMIT 1\n) ld ON true\n\n\nLEFT JOIN location_types ltp\n  ON lp.location_type_id = ltp.id\n\nLEFT JOIN location_types ltd\n  ON ld.location_type_id = ltd.id\n\n\n    \n    WHERE b.driver_id = $1\n    AND b.booking_status_id = 11\n  \n    AND b.pickup_date::DATE\n    BETWEEN $2::DATE AND $3::DATE\n  \n      AND b.pickup_time BETWEEN $4 AND $5\n    \n      AND vt.name ILIKE $6\n    \n    ORDER BY\n      b.pickup_date DESC,\n      b.pickup_time DESC\n  ","timestamp":"2026-08-18T17:24:12.792Z"}
{"level":"info","message":"GET /api/bookings/driver-logs?driver_id=167&from_date=2026-06-01&to_date=2026-07-20&from_time=00:00&to_time=23:59&vehicle=SALO 200 15.730 ms","timestamp":"2026-08-18T17:24:12.795Z"}
{"duration":11,"level":"info","message":"db-query","rows":0,"text":"\n    \nSELECT\n  b.id,\n  b.reference_number,\n  b.subsidiary_id,\n  b.booking_type_id,\n  b.booking_status_id,\n  b.journey_type_id,\n  b.account_id,\n  b.customer_id,\n  b.employee_id,\n  b.pickup,\n  b.dropoff,\n  b.pickup_date,\n  b.pickup_time,\n  b.dropoff_date,\n  b.dropoff_time,\n  b.pickup_door_number,\n  b.dropoff_door_number,\n  b.pickup_plot,\n  b.dropoff_plot,\n  b.pickup_location_type_id,\n  b.dropoff_location_type_id,\n  b.pickup_latitude,\n  b.pickup_longitude,\n  b.dropoff_latitude,\n  b.dropoff_longitude,\n  b.viapoints,\n  b.restricted_drivers,\n  b.flight_number,\n  b.arriving_from,\n  b.vehicle_type_id,\n  b.vehicle_id,\n  b.driver_id,\n  b.passengers,\n  b.luggages,\n  b.hand_luggages,\n  b.child_seat,\n  b.name,\n  b.email,\n  b.mobile,\n  b.telephone,\n  b.lead_time,\n  b.notes,\n  b.special_instructions,\n  b.payment_type_id,\n  b.company_price,\n  b.fares,\n  b.total_charges,\n  b.parking_charges,\n  b.waiting_charges,\n  b.extra_drop_charges,\n  b.credit_card_charges,\n  b.congestion_charges,\n  b.miles,\n  b.meet_and_greet,\n  b.department,\n  b.escort_id,\n  b.order_number,\n  b.booked_by,\n  b.add_return_fare,\n  b.fare_meter_status,\n  b.fare_meter,\n  b.quotation,\n  b.quoted,\n  b.dispatch,\n  b.dispatch_as,\n  b.sms,\n  b.emailflag,\n  b.trash,\n  b.hidden,\n  b.multi_booking_id,\n  b.associated_booking,\n  b.invoice_status,\n  b.commission_status,\n  b.commission,\n  b.skipped_bookings,\n  b.permanent,\n  b.toggle_driver_text,\n  b.toggle_passenger_text,\n  b.cancelled_reason,\n  b.booking_source,\n  b.on_route,\n  b.arrived,\n  b.passenger_on_board,\n  b.completed,\n  b.controller_completed,\n  b.driver_waiting_time,\n  b.dispatched_at,\n  b.booked_at,\n  b.stripe_customer_id,\n  b.stripe_payment_id,\n  b.invoice_number,\n  b.initial_subsidiary_id,\n  b.created_at,\n  b.updated_at,\n  b.eta,\n  b.fob,\n  b.future,\n\n  json_build_object(\n    'booking_status', bs.booking_status\n  ) AS booking_status,\n\n  json_build_object(\n    'booking_type', bt.booking_type\n  ) AS booking_type,\n\n  json_build_object(\n    'journey_type', jt.journey_type\n  ) AS journey_type,\n\n  json_build_object(\n    'id', s.id,\n    'name', s.name,\n    'telephone_number', s.telephone_number\n  ) AS subsidiary,\n\n  json_build_object(\n    'name', vt.name,\n    'background_color', vt.background_color,\n    'foreground_color', vt.foreground_color\n  ) AS vehicle_type,\n\n  json_build_object(\n    'id', pt.id,\n    'name', pt.name,\n    'background_color', pt.background_color,\n    'foreground_color', pt.foreground_color\n  ) AS payment_type,\n\n  json_build_object(\n    'id', a.id,\n    'name', a.name,\n    'background_color', a.background_color,\n    'foreground_color', a.foreground_color,\n    'has_vat', a.has_vat,\n    'bank_information', a.bank_information,\n    'fare_controller', a.fare_controller,\n    'account_fees_type', a.account_fees_type,\n    'account_fees', a.account_fees,\n    'account_fees_vat', a.account_fees_vat\n  ) AS account,\n\n  json_build_object(\n    'id', d.id,\n    'username', d.username,\n    'name', d.name,\n    'mobile_device_id', d.mobile_device_id,\n    'phc_vehicle_number', d.phc_vehicle_number,\n    'phc_driver_number', d.phc_driver_number,\n    'vehicle_id', d.vehicle_id,\n    'driver_commission', d.driver_commission,\n    'session_status', d.session_status,\n\n    'vehicle', json_build_object(\n      'make', v.make,\n      'model', v.model,\n      'color', v.color,\n      'vehicle_number', v.vehicle_number\n    )\n  ) AS driver,\n\n  json_build_object(\n    'door_number', c.door_number,\n    'address1', c.address1,\n    'address2', c.address2,\n    'blacklist', c.blacklist\n  ) AS customer,\n\n  json_build_object(\n    'username', e.username,\n    'role_id', e.role_id\n  ) AS employee,\n\n  json_build_object(\n    'pickup',\n    CASE\n      WHEN lp.id IS NOT NULL THEN\n        json_build_object(\n          'id', lp.id,\n          'name', lp.name,\n          'location_type', json_build_object(\n            'id', ltp.id,\n            'name', ltp.name,\n            'background_color', ltp.background_color,\n            'foreground_color', ltp.foreground_color\n          )\n        )\n      ELSE\n        json_build_object(\n          'id', null,\n          'name', null,\n          'location_type', json_build_object(\n            'id', null,\n            'name', null,\n            'background_color', null,\n            'foreground_color', null\n          )\n        )\n    END,\n\n    'dropoff',\n    CASE\n      WHEN ld.id IS NOT NULL THEN\n        json_build_object(\n          'id', ld.id,\n          'name', ld.name,\n          'location_type', json_build_object(\n            'id', ltd.id,\n            'name', ltd.name,\n            'background_color', ltd.background_color,\n            'foreground_color', ltd.foreground_color\n          )\n        )\n      ELSE\n        json_build_object(\n          'id', null,\n          'name', null,\n          'location_type', json_build_object(\n            'id', null,\n            'name', null,\n            'background_color', null,\n            'foreground_color', null\n          )\n        )\n    END\n  ) AS airport\n\nFROM bookings b\n\nLEFT JOIN booking_statuses bs\n  ON b.booking_status_id = bs.id\n\nLEFT JOIN booking_types bt\n  ON b.booking_type_id = bt.id\n\nLEFT JOIN journey_types jt\n  ON b.journey_type_id = jt.id\n\nLEFT JOIN subsidiaries s\n  ON b.subsidiary_id = s.id\n\nLEFT JOIN vehicle_types vt\n  ON b.vehicle_type_id = vt.id\n\nLEFT JOIN payment_types pt\n  ON b.payment_type_id = pt.id\n\nLEFT JOIN accounts a\n  ON b.account_id = a.id\n\nLEFT JOIN drivers d\n  ON b.driver_id = d.id\n\nLEFT JOIN vehicles v\n  ON d.vehicle_id = v.id\n\nLEFT JOIN customers c\n  ON b.customer_id = c.id\n\nLEFT JOIN employees e\n  ON b.employee_id = e.id\n\n\n-- PICKUP LOCATION\n-- Select only the most specific matching location\nLEFT JOIN LATERAL (\n  SELECT l.*\n  FROM locations l\n  WHERE l.location_type_id = 2\n    AND b.pickup ILIKE '%' || l.name || '%'\n  ORDER BY LENGTH(l.name) DESC, l.id ASC\n  LIMIT 1\n) lp ON true\n\n\n-- DROPOFF LOCATION\n-- Select only the most specific matching location\nLEFT JOIN LATERAL (\n  SELECT l.*\n  FROM locations l\n  WHERE l.location_type_id = 2\n    AND b.dropoff ILIKE '%' || l.name || '%'\n  ORDER BY LENGTH(l.name) DESC, l.id ASC\n  LIMIT 1\n) ld ON true\n\n\nLEFT JOIN location_types ltp\n  ON lp.location_type_id = ltp.id\n\nLEFT JOIN location_types ltd\n  ON ld.location_type_id = ltd.id\n\n\n    \n    WHERE b.driver_id = $1\n    AND b.booking_status_id = 11\n  \n    AND b.pickup_date::DATE\n    BETWEEN $2::DATE AND $3::DATE\n  \n      AND b.pickup_time BETWEEN $4 AND $5\n    \n      AND vt.name ILIKE $6\n    \n    ORDER BY\n      b.pickup_date DESC,\n      b.pickup_time DESC\n  ","timestamp":"2026-08-18T17:24:18.909Z"}
{"level":"info","message":"GET /api/bookings/driver-logs?driver_id=167&from_date=2026-06-01&to_date=2026-07-20&from_time=00:00&to_time=23:59&vehicle=RKR 404 12.895 ms","timestamp":"2026-08-18T17:24:18.911Z"}
{"duration":99,"level":"info","message":"db-query","rows":13,"text":"\n    \nSELECT\n  b.id,\n  b.reference_number,\n  b.subsidiary_id,\n  b.booking_type_id,\n  b.booking_status_id,\n  b.journey_type_id,\n  b.account_id,\n  b.customer_id,\n  b.employee_id,\n  b.pickup,\n  b.dropoff,\n  b.pickup_date,\n  b.pickup_time,\n  b.dropoff_date,\n  b.dropoff_time,\n  b.pickup_door_number,\n  b.dropoff_door_number,\n  b.pickup_plot,\n  b.dropoff_plot,\n  b.pickup_location_type_id,\n  b.dropoff_location_type_id,\n  b.pickup_latitude,\n  b.pickup_longitude,\n  b.dropoff_latitude,\n  b.dropoff_longitude,\n  b.viapoints,\n  b.restricted_drivers,\n  b.flight_number,\n  b.arriving_from,\n  b.vehicle_type_id,\n  b.vehicle_id,\n  b.driver_id,\n  b.passengers,\n  b.luggages,\n  b.hand_luggages,\n  b.child_seat,\n  b.name,\n  b.email,\n  b.mobile,\n  b.telephone,\n  b.lead_time,\n  b.notes,\n  b.special_instructions,\n  b.payment_type_id,\n  b.company_price,\n  b.fares,\n  b.total_charges,\n  b.parking_charges,\n  b.waiting_charges,\n  b.extra_drop_charges,\n  b.credit_card_charges,\n  b.congestion_charges,\n  b.miles,\n  b.meet_and_greet,\n  b.department,\n  b.escort_id,\n  b.order_number,\n  b.booked_by,\n  b.add_return_fare,\n  b.fare_meter_status,\n  b.fare_meter,\n  b.quotation,\n  b.quoted,\n  b.dispatch,\n  b.dispatch_as,\n  b.sms,\n  b.emailflag,\n  b.trash,\n  b.hidden,\n  b.multi_booking_id,\n  b.associated_booking,\n  b.invoice_status,\n  b.commission_status,\n  b.commission,\n  b.skipped_bookings,\n  b.permanent,\n  b.toggle_driver_text,\n  b.toggle_passenger_text,\n  b.cancelled_reason,\n  b.booking_source,\n  b.on_route,\n  b.arrived,\n  b.passenger_on_board,\n  b.completed,\n  b.controller_completed,\n  b.driver_waiting_time,\n  b.dispatched_at,\n  b.booked_at,\n  b.stripe_customer_id,\n  b.stripe_payment_id,\n  b.invoice_number,\n  b.initial_subsidiary_id,\n  b.created_at,\n  b.updated_at,\n  b.eta,\n  b.fob,\n  b.future,\n\n  json_build_object(\n    'booking_status', bs.booking_status\n  ) AS booking_status,\n\n  json_build_object(\n    'booking_type', bt.booking_type\n  ) AS booking_type,\n\n  json_build_object(\n    'journey_type', jt.journey_type\n  ) AS journey_type,\n\n  json_build_object(\n    'id', s.id,\n    'name', s.name,\n    'telephone_number', s.telephone_number\n  ) AS subsidiary,\n\n  json_build_object(\n    'name', vt.name,\n    'background_color', vt.background_color,\n    'foreground_color', vt.foreground_color\n  ) AS vehicle_type,\n\n  json_build_object(\n    'id', pt.id,\n    'name', pt.name,\n    'background_color', pt.background_color,\n    'foreground_color', pt.foreground_color\n  ) AS payment_type,\n\n  json_build_object(\n    'id', a.id,\n    'name', a.name,\n    'background_color', a.background_color,\n    'foreground_color', a.foreground_color,\n    'has_vat', a.has_vat,\n    'bank_information', a.bank_information,\n    'fare_controller', a.fare_controller,\n    'account_fees_type', a.account_fees_type,\n    'account_fees', a.account_fees,\n    'account_fees_vat', a.account_fees_vat\n  ) AS account,\n\n  json_build_object(\n    'id', d.id,\n    'username', d.username,\n    'name', d.name,\n    'mobile_device_id', d.mobile_device_id,\n    'phc_vehicle_number', d.phc_vehicle_number,\n    'phc_driver_number', d.phc_driver_number,\n    'vehicle_id', d.vehicle_id,\n    'driver_commission', d.driver_commission,\n    'session_status', d.session_status,\n\n    'vehicle', json_build_object(\n      'make', v.make,\n      'model', v.model,\n      'color', v.color,\n      'vehicle_number', v.vehicle_number\n    )\n  ) AS driver,\n\n  json_build_object(\n    'door_number', c.door_number,\n    'address1', c.address1,\n    'address2', c.address2,\n    'blacklist', c.blacklist\n  ) AS customer,\n\n  json_build_object(\n    'username', e.username,\n    'role_id', e.role_id\n  ) AS employee,\n\n  json_build_object(\n    'pickup',\n    CASE\n      WHEN lp.id IS NOT NULL THEN\n        json_build_object(\n          'id', lp.id,\n          'name', lp.name,\n          'location_type', json_build_object(\n            'id', ltp.id,\n            'name', ltp.name,\n            'background_color', ltp.background_color,\n            'foreground_color', ltp.foreground_color\n          )\n        )\n      ELSE\n        json_build_object(\n          'id', null,\n          'name', null,\n          'location_type', json_build_object(\n            'id', null,\n            'name', null,\n            'background_color', null,\n            'foreground_color', null\n          )\n        )\n    END,\n\n    'dropoff',\n    CASE\n      WHEN ld.id IS NOT NULL THEN\n        json_build_object(\n          'id', ld.id,\n          'name', ld.name,\n          'location_type', json_build_object(\n            'id', ltd.id,\n            'name', ltd.name,\n            'background_color', ltd.background_color,\n            'foreground_color', ltd.foreground_color\n          )\n        )\n      ELSE\n        json_build_object(\n          'id', null,\n          'name', null,\n          'location_type', json_build_object(\n            'id', null,\n            'name', null,\n            'background_color', null,\n            'foreground_color', null\n          )\n        )\n    END\n  ) AS airport\n\nFROM bookings b\n\nLEFT JOIN booking_statuses bs\n  ON b.booking_status_id = bs.id\n\nLEFT JOIN booking_types bt\n  ON b.booking_type_id = bt.id\n\nLEFT JOIN journey_types jt\n  ON b.journey_type_id = jt.id\n\nLEFT JOIN subsidiaries s\n  ON b.subsidiary_id = s.id\n\nLEFT JOIN vehicle_types vt\n  ON b.vehicle_type_id = vt.id\n\nLEFT JOIN payment_types pt\n  ON b.payment_type_id = pt.id\n\nLEFT JOIN accounts a\n  ON b.account_id = a.id\n\nLEFT JOIN drivers d\n  ON b.driver_id = d.id\n\nLEFT JOIN vehicles v\n  ON d.vehicle_id = v.id\n\nLEFT JOIN customers c\n  ON b.customer_id = c.id\n\nLEFT JOIN employees e\n  ON b.employee_id = e.id\n\n\n-- PICKUP LOCATION\n-- Select only the most specific matching location\nLEFT JOIN LATERAL (\n  SELECT l.*\n  FROM locations l\n  WHERE l.location_type_id = 2\n    AND b.pickup ILIKE '%' || l.name || '%'\n  ORDER BY LENGTH(l.name) DESC, l.id ASC\n  LIMIT 1\n) lp ON true\n\n\n-- DROPOFF LOCATION\n-- Select only the most specific matching location\nLEFT JOIN LATERAL (\n  SELECT l.*\n  FROM locations l\n  WHERE l.location_type_id = 2\n    AND b.dropoff ILIKE '%' || l.name || '%'\n  ORDER BY LENGTH(l.name) DESC, l.id ASC\n  LIMIT 1\n) ld ON true\n\n\nLEFT JOIN location_types ltp\n  ON lp.location_type_id = ltp.id\n\nLEFT JOIN location_types ltd\n  ON ld.location_type_id = ltd.id\n\n\n    \n    WHERE b.driver_id = $1\n    AND b.booking_status_id = 11\n  \n    AND b.pickup_date::DATE\n    BETWEEN $2::DATE AND $3::DATE\n  \n      AND b.pickup_time BETWEEN $4 AND $5\n    \n      AND vt.name ILIKE $6\n    \n    ORDER BY\n      b.pickup_date DESC,\n      b.pickup_time DESC\n  ","timestamp":"2026-08-18T17:24:36.395Z"}
{"level":"info","message":"GET /api/bookings/driver-logs?driver_id=167&from_date=2026-06-01&to_date=2026-07-20&from_time=00:00&to_time=23:59&vehicle=SALOON 200 101.121 ms","timestamp":"2026-08-18T17:24:36.397Z"}
{"duration":13,"level":"info","message":"db-query","rows":14,"text":"\n    \nSELECT\n  b.id,\n  b.reference_number,\n  b.subsidiary_id,\n  b.booking_type_id,\n  b.booking_status_id,\n  b.journey_type_id,\n  b.account_id,\n  b.customer_id,\n  b.employee_id,\n  b.pickup,\n  b.dropoff,\n  b.pickup_date,\n  b.pickup_time,\n  b.dropoff_date,\n  b.dropoff_time,\n  b.pickup_door_number,\n  b.dropoff_door_number,\n  b.pickup_plot,\n  b.dropoff_plot,\n  b.pickup_location_type_id,\n  b.dropoff_location_type_id,\n  b.pickup_latitude,\n  b.pickup_longitude,\n  b.dropoff_latitude,\n  b.dropoff_longitude,\n  b.viapoints,\n  b.restricted_drivers,\n  b.flight_number,\n  b.arriving_from,\n  b.vehicle_type_id,\n  b.vehicle_id,\n  b.driver_id,\n  b.passengers,\n  b.luggages,\n  b.hand_luggages,\n  b.child_seat,\n  b.name,\n  b.email,\n  b.mobile,\n  b.telephone,\n  b.lead_time,\n  b.notes,\n  b.special_instructions,\n  b.payment_type_id,\n  b.company_price,\n  b.fares,\n  b.total_charges,\n  b.parking_charges,\n  b.waiting_charges,\n  b.extra_drop_charges,\n  b.credit_card_charges,\n  b.congestion_charges,\n  b.miles,\n  b.meet_and_greet,\n  b.department,\n  b.escort_id,\n  b.order_number,\n  b.booked_by,\n  b.add_return_fare,\n  b.fare_meter_status,\n  b.fare_meter,\n  b.quotation,\n  b.quoted,\n  b.dispatch,\n  b.dispatch_as,\n  b.sms,\n  b.emailflag,\n  b.trash,\n  b.hidden,\n  b.multi_booking_id,\n  b.associated_booking,\n  b.invoice_status,\n  b.commission_status,\n  b.commission,\n  b.skipped_bookings,\n  b.permanent,\n  b.toggle_driver_text,\n  b.toggle_passenger_text,\n  b.cancelled_reason,\n  b.booking_source,\n  b.on_route,\n  b.arrived,\n  b.passenger_on_board,\n  b.completed,\n  b.controller_completed,\n  b.driver_waiting_time,\n  b.dispatched_at,\n  b.booked_at,\n  b.stripe_customer_id,\n  b.stripe_payment_id,\n  b.invoice_number,\n  b.initial_subsidiary_id,\n  b.created_at,\n  b.updated_at,\n  b.eta,\n  b.fob,\n  b.future,\n\n  json_build_object(\n    'booking_status', bs.booking_status\n  ) AS booking_status,\n\n  json_build_object(\n    'booking_type', bt.booking_type\n  ) AS booking_type,\n\n  json_build_object(\n    'journey_type', jt.journey_type\n  ) AS journey_type,\n\n  json_build_object(\n    'id', s.id,\n    'name', s.name,\n    'telephone_number', s.telephone_number\n  ) AS subsidiary,\n\n  json_build_object(\n    'name', vt.name,\n    'background_color', vt.background_color,\n    'foreground_color', vt.foreground_color\n  ) AS vehicle_type,\n\n  json_build_object(\n    'id', pt.id,\n    'name', pt.name,\n    'background_color', pt.background_color,\n    'foreground_color', pt.foreground_color\n  ) AS payment_type,\n\n  json_build_object(\n    'id', a.id,\n    'name', a.name,\n    'background_color', a.background_color,\n    'foreground_color', a.foreground_color,\n    'has_vat', a.has_vat,\n    'bank_information', a.bank_information,\n    'fare_controller', a.fare_controller,\n    'account_fees_type', a.account_fees_type,\n    'account_fees', a.account_fees,\n    'account_fees_vat', a.account_fees_vat\n  ) AS account,\n\n  json_build_object(\n    'id', d.id,\n    'username', d.username,\n    'name', d.name,\n    'mobile_device_id', d.mobile_device_id,\n    'phc_vehicle_number', d.phc_vehicle_number,\n    'phc_driver_number', d.phc_driver_number,\n    'vehicle_id', d.vehicle_id,\n    'driver_commission', d.driver_commission,\n    'session_status', d.session_status,\n\n    'vehicle', json_build_object(\n      'make', v.make,\n      'model', v.model,\n      'color', v.color,\n      'vehicle_number', v.vehicle_number\n    )\n  ) AS driver,\n\n  json_build_object(\n    'door_number', c.door_number,\n    'address1', c.address1,\n    'address2', c.address2,\n    'blacklist', c.blacklist\n  ) AS customer,\n\n  json_build_object(\n    'username', e.username,\n    'role_id', e.role_id\n  ) AS employee,\n\n  json_build_object(\n    'pickup',\n    CASE\n      WHEN lp.id IS NOT NULL THEN\n        json_build_object(\n          'id', lp.id,\n          'name', lp.name,\n          'location_type', json_build_object(\n            'id', ltp.id,\n            'name', ltp.name,\n            'background_color', ltp.background_color,\n            'foreground_color', ltp.foreground_color\n          )\n        )\n      ELSE\n        json_build_object(\n          'id', null,\n          'name', null,\n          'location_type', json_build_object(\n            'id', null,\n            'name', null,\n            'background_color', null,\n            'foreground_color', null\n          )\n        )\n    END,\n\n    'dropoff',\n    CASE\n      WHEN ld.id IS NOT NULL THEN\n        json_build_object(\n          'id', ld.id,\n          'name', ld.name,\n          'location_type', json_build_object(\n            'id', ltd.id,\n            'name', ltd.name,\n            'background_color', ltd.background_color,\n            'foreground_color', ltd.foreground_color\n          )\n        )\n      ELSE\n        json_build_object(\n          'id', null,\n          'name', null,\n          'location_type', json_build_object(\n            'id', null,\n            'name', null,\n            'background_color', null,\n            'foreground_color', null\n          )\n        )\n    END\n  ) AS airport\n\nFROM bookings b\n\nLEFT JOIN booking_statuses bs\n  ON b.booking_status_id = bs.id\n\nLEFT JOIN booking_types bt\n  ON b.booking_type_id = bt.id\n\nLEFT JOIN journey_types jt\n  ON b.journey_type_id = jt.id\n\nLEFT JOIN subsidiaries s\n  ON b.subsidiary_id = s.id\n\nLEFT JOIN vehicle_types vt\n  ON b.vehicle_type_id = vt.id\n\nLEFT JOIN payment_types pt\n  ON b.payment_type_id = pt.id\n\nLEFT JOIN accounts a\n  ON b.account_id = a.id\n\nLEFT JOIN drivers d\n  ON b.driver_id = d.id\n\nLEFT JOIN vehicles v\n  ON d.vehicle_id = v.id\n\nLEFT JOIN customers c\n  ON b.customer_id = c.id\n\nLEFT JOIN employees e\n  ON b.employee_id = e.id\n\n\n-- PICKUP LOCATION\n-- Select only the most specific matching location\nLEFT JOIN LATERAL (\n  SELECT l.*\n  FROM locations l\n  WHERE l.location_type_id = 2\n    AND b.pickup ILIKE '%' || l.name || '%'\n  ORDER BY LENGTH(l.name) DESC, l.id ASC\n  LIMIT 1\n) lp ON true\n\n\n-- DROPOFF LOCATION\n-- Select only the most specific matching location\nLEFT JOIN LATERAL (\n  SELECT l.*\n  FROM locations l\n  WHERE l.location_type_id = 2\n    AND b.dropoff ILIKE '%' || l.name || '%'\n  ORDER BY LENGTH(l.name) DESC, l.id ASC\n  LIMIT 1\n) ld ON true\n\n\nLEFT JOIN location_types ltp\n  ON lp.location_type_id = ltp.id\n\nLEFT JOIN location_types ltd\n  ON ld.location_type_id = ltd.id\n\n\n    \n    WHERE b.driver_id = $1\n    AND b.booking_status_id = 11\n  \n    AND b.pickup_date::DATE\n    BETWEEN $2::DATE AND $3::DATE\n  \n      AND b.pickup_time BETWEEN $4 AND $5\n    \n      AND b.pickup ILIKE $6\n    \n    ORDER BY\n      b.pickup_date DESC,\n      b.pickup_time DESC\n  ","timestamp":"2026-08-18T17:24:41.145Z"}
{"level":"info","message":"GET /api/bookings/driver-logs?driver_id=167&from_date=2026-06-01&to_date=2026-07-20&from_time=00:00&to_time=23:59&pickup=Heathrow%20Terminal%201%20TW6%201EW 200 15.587 ms","timestamp":"2026-08-18T17:24:41.148Z"}
{"duration":16,"level":"info","message":"db-query","rows":14,"text":"\n    \nSELECT\n  b.id,\n  b.reference_number,\n  b.subsidiary_id,\n  b.booking_type_id,\n  b.booking_status_id,\n  b.journey_type_id,\n  b.account_id,\n  b.customer_id,\n  b.employee_id,\n  b.pickup,\n  b.dropoff,\n  b.pickup_date,\n  b.pickup_time,\n  b.dropoff_date,\n  b.dropoff_time,\n  b.pickup_door_number,\n  b.dropoff_door_number,\n  b.pickup_plot,\n  b.dropoff_plot,\n  b.pickup_location_type_id,\n  b.dropoff_location_type_id,\n  b.pickup_latitude,\n  b.pickup_longitude,\n  b.dropoff_latitude,\n  b.dropoff_longitude,\n  b.viapoints,\n  b.restricted_drivers,\n  b.flight_number,\n  b.arriving_from,\n  b.vehicle_type_id,\n  b.vehicle_id,\n  b.driver_id,\n  b.passengers,\n  b.luggages,\n  b.hand_luggages,\n  b.child_seat,\n  b.name,\n  b.email,\n  b.mobile,\n  b.telephone,\n  b.lead_time,\n  b.notes,\n  b.special_instructions,\n  b.payment_type_id,\n  b.company_price,\n  b.fares,\n  b.total_charges,\n  b.parking_charges,\n  b.waiting_charges,\n  b.extra_drop_charges,\n  b.credit_card_charges,\n  b.congestion_charges,\n  b.miles,\n  b.meet_and_greet,\n  b.department,\n  b.escort_id,\n  b.order_number,\n  b.booked_by,\n  b.add_return_fare,\n  b.fare_meter_status,\n  b.fare_meter,\n  b.quotation,\n  b.quoted,\n  b.dispatch,\n  b.dispatch_as,\n  b.sms,\n  b.emailflag,\n  b.trash,\n  b.hidden,\n  b.multi_booking_id,\n  b.associated_booking,\n  b.invoice_status,\n  b.commission_status,\n  b.commission,\n  b.skipped_bookings,\n  b.permanent,\n  b.toggle_driver_text,\n  b.toggle_passenger_text,\n  b.cancelled_reason,\n  b.booking_source,\n  b.on_route,\n  b.arrived,\n  b.passenger_on_board,\n  b.completed,\n  b.controller_completed,\n  b.driver_waiting_time,\n  b.dispatched_at,\n  b.booked_at,\n  b.stripe_customer_id,\n  b.stripe_payment_id,\n  b.invoice_number,\n  b.initial_subsidiary_id,\n  b.created_at,\n  b.updated_at,\n  b.eta,\n  b.fob,\n  b.future,\n\n  json_build_object(\n    'booking_status', bs.booking_status\n  ) AS booking_status,\n\n  json_build_object(\n    'booking_type', bt.booking_type\n  ) AS booking_type,\n\n  json_build_object(\n    'journey_type', jt.journey_type\n  ) AS journey_type,\n\n  json_build_object(\n    'id', s.id,\n    'name', s.name,\n    'telephone_number', s.telephone_number\n  ) AS subsidiary,\n\n  json_build_object(\n    'name', vt.name,\n    'background_color', vt.background_color,\n    'foreground_color', vt.foreground_color\n  ) AS vehicle_type,\n\n  json_build_object(\n    'id', pt.id,\n    'name', pt.name,\n    'background_color', pt.background_color,\n    'foreground_color', pt.foreground_color\n  ) AS payment_type,\n\n  json_build_object(\n    'id', a.id,\n    'name', a.name,\n    'background_color', a.background_color,\n    'foreground_color', a.foreground_color,\n    'has_vat', a.has_vat,\n    'bank_information', a.bank_information,\n    'fare_controller', a.fare_controller,\n    'account_fees_type', a.account_fees_type,\n    'account_fees', a.account_fees,\n    'account_fees_vat', a.account_fees_vat\n  ) AS account,\n\n  json_build_object(\n    'id', d.id,\n    'username', d.username,\n    'name', d.name,\n    'mobile_device_id', d.mobile_device_id,\n    'phc_vehicle_number', d.phc_vehicle_number,\n    'phc_driver_number', d.phc_driver_number,\n    'vehicle_id', d.vehicle_id,\n    'driver_commission', d.driver_commission,\n    'session_status', d.session_status,\n\n    'vehicle', json_build_object(\n      'make', v.make,\n      'model', v.model,\n      'color', v.color,\n      'vehicle_number', v.vehicle_number\n    )\n  ) AS driver,\n\n  json_build_object(\n    'door_number', c.door_number,\n    'address1', c.address1,\n    'address2', c.address2,\n    'blacklist', c.blacklist\n  ) AS customer,\n\n  json_build_object(\n    'username', e.username,\n    'role_id', e.role_id\n  ) AS employee,\n\n  json_build_object(\n    'pickup',\n    CASE\n      WHEN lp.id IS NOT NULL THEN\n        json_build_object(\n          'id', lp.id,\n          'name', lp.name,\n          'location_type', json_build_object(\n            'id', ltp.id,\n            'name', ltp.name,\n            'background_color', ltp.background_color,\n            'foreground_color', ltp.foreground_color\n          )\n        )\n      ELSE\n        json_build_object(\n          'id', null,\n          'name', null,\n          'location_type', json_build_object(\n            'id', null,\n            'name', null,\n            'background_color', null,\n            'foreground_color', null\n          )\n        )\n    END,\n\n    'dropoff',\n    CASE\n      WHEN ld.id IS NOT NULL THEN\n        json_build_object(\n          'id', ld.id,\n          'name', ld.name,\n          'location_type', json_build_object(\n            'id', ltd.id,\n            'name', ltd.name,\n            'background_color', ltd.background_color,\n            'foreground_color', ltd.foreground_color\n          )\n        )\n      ELSE\n        json_build_object(\n          'id', null,\n          'name', null,\n          'location_type', json_build_object(\n            'id', null,\n            'name', null,\n            'background_color', null,\n            'foreground_color', null\n          )\n        )\n    END\n  ) AS airport\n\nFROM bookings b\n\nLEFT JOIN booking_statuses bs\n  ON b.booking_status_id = bs.id\n\nLEFT JOIN booking_types bt\n  ON b.booking_type_id = bt.id\n\nLEFT JOIN journey_types jt\n  ON b.journey_type_id = jt.id\n\nLEFT JOIN subsidiaries s\n  ON b.subsidiary_id = s.id\n\nLEFT JOIN vehicle_types vt\n  ON b.vehicle_type_id = vt.id\n\nLEFT JOIN payment_types pt\n  ON b.payment_type_id = pt.id\n\nLEFT JOIN accounts a\n  ON b.account_id = a.id\n\nLEFT JOIN drivers d\n  ON b.driver_id = d.id\n\nLEFT JOIN vehicles v\n  ON d.vehicle_id = v.id\n\nLEFT JOIN customers c\n  ON b.customer_id = c.id\n\nLEFT JOIN employees e\n  ON b.employee_id = e.id\n\n\n-- PICKUP LOCATION\n-- Select only the most specific matching location\nLEFT JOIN LATERAL (\n  SELECT l.*\n  FROM locations l\n  WHERE l.location_type_id = 2\n    AND b.pickup ILIKE '%' || l.name || '%'\n  ORDER BY LENGTH(l.name) DESC, l.id ASC\n  LIMIT 1\n) lp ON true\n\n\n-- DROPOFF LOCATION\n-- Select only the most specific matching location\nLEFT JOIN LATERAL (\n  SELECT l.*\n  FROM locations l\n  WHERE l.location_type_id = 2\n    AND b.dropoff ILIKE '%' || l.name || '%'\n  ORDER BY LENGTH(l.name) DESC, l.id ASC\n  LIMIT 1\n) ld ON true\n\n\nLEFT JOIN location_types ltp\n  ON lp.location_type_id = ltp.id\n\nLEFT JOIN location_types ltd\n  ON ld.location_type_id = ltd.id\n\n\n    \n    WHERE b.driver_id = $1\n    AND b.booking_status_id = 11\n  \n    AND b.pickup_date::DATE\n    BETWEEN $2::DATE AND $3::DATE\n  \n      AND b.pickup_time BETWEEN $4 AND $5\n    \n      AND b.pickup ILIKE $6\n    \n    ORDER BY\n      b.pickup_date DESC,\n      b.pickup_time DESC\n  ","timestamp":"2026-08-18T17:24:48.343Z"}
{"level":"info","message":"GET /api/bookings/driver-logs?driver_id=167&from_date=2026-06-01&to_date=2026-07-20&from_time=00:00&to_time=23:59&pickup=%20TW6%201EW 200 16.935 ms","timestamp":"2026-08-18T17:24:48.345Z"}
{"duration":14,"level":"info","message":"db-query","rows":14,"text":"\n    \nSELECT\n  b.id,\n  b.reference_number,\n  b.subsidiary_id,\n  b.booking_type_id,\n  b.booking_status_id,\n  b.journey_type_id,\n  b.account_id,\n  b.customer_id,\n  b.employee_id,\n  b.pickup,\n  b.dropoff,\n  b.pickup_date,\n  b.pickup_time,\n  b.dropoff_date,\n  b.dropoff_time,\n  b.pickup_door_number,\n  b.dropoff_door_number,\n  b.pickup_plot,\n  b.dropoff_plot,\n  b.pickup_location_type_id,\n  b.dropoff_location_type_id,\n  b.pickup_latitude,\n  b.pickup_longitude,\n  b.dropoff_latitude,\n  b.dropoff_longitude,\n  b.viapoints,\n  b.restricted_drivers,\n  b.flight_number,\n  b.arriving_from,\n  b.vehicle_type_id,\n  b.vehicle_id,\n  b.driver_id,\n  b.passengers,\n  b.luggages,\n  b.hand_luggages,\n  b.child_seat,\n  b.name,\n  b.email,\n  b.mobile,\n  b.telephone,\n  b.lead_time,\n  b.notes,\n  b.special_instructions,\n  b.payment_type_id,\n  b.company_price,\n  b.fares,\n  b.total_charges,\n  b.parking_charges,\n  b.waiting_charges,\n  b.extra_drop_charges,\n  b.credit_card_charges,\n  b.congestion_charges,\n  b.miles,\n  b.meet_and_greet,\n  b.department,\n  b.escort_id,\n  b.order_number,\n  b.booked_by,\n  b.add_return_fare,\n  b.fare_meter_status,\n  b.fare_meter,\n  b.quotation,\n  b.quoted,\n  b.dispatch,\n  b.dispatch_as,\n  b.sms,\n  b.emailflag,\n  b.trash,\n  b.hidden,\n  b.multi_booking_id,\n  b.associated_booking,\n  b.invoice_status,\n  b.commission_status,\n  b.commission,\n  b.skipped_bookings,\n  b.permanent,\n  b.toggle_driver_text,\n  b.toggle_passenger_text,\n  b.cancelled_reason,\n  b.booking_source,\n  b.on_route,\n  b.arrived,\n  b.passenger_on_board,\n  b.completed,\n  b.controller_completed,\n  b.driver_waiting_time,\n  b.dispatched_at,\n  b.booked_at,\n  b.stripe_customer_id,\n  b.stripe_payment_id,\n  b.invoice_number,\n  b.initial_subsidiary_id,\n  b.created_at,\n  b.updated_at,\n  b.eta,\n  b.fob,\n  b.future,\n\n  json_build_object(\n    'booking_status', bs.booking_status\n  ) AS booking_status,\n\n  json_build_object(\n    'booking_type', bt.booking_type\n  ) AS booking_type,\n\n  json_build_object(\n    'journey_type', jt.journey_type\n  ) AS journey_type,\n\n  json_build_object(\n    'id', s.id,\n    'name', s.name,\n    'telephone_number', s.telephone_number\n  ) AS subsidiary,\n\n  json_build_object(\n    'name', vt.name,\n    'background_color', vt.background_color,\n    'foreground_color', vt.foreground_color\n  ) AS vehicle_type,\n\n  json_build_object(\n    'id', pt.id,\n    'name', pt.name,\n    'background_color', pt.background_color,\n    'foreground_color', pt.foreground_color\n  ) AS payment_type,\n\n  json_build_object(\n    'id', a.id,\n    'name', a.name,\n    'background_color', a.background_color,\n    'foreground_color', a.foreground_color,\n    'has_vat', a.has_vat,\n    'bank_information', a.bank_information,\n    'fare_controller', a.fare_controller,\n    'account_fees_type', a.account_fees_type,\n    'account_fees', a.account_fees,\n    'account_fees_vat', a.account_fees_vat\n  ) AS account,\n\n  json_build_object(\n    'id', d.id,\n    'username', d.username,\n    'name', d.name,\n    'mobile_device_id', d.mobile_device_id,\n    'phc_vehicle_number', d.phc_vehicle_number,\n    'phc_driver_number', d.phc_driver_number,\n    'vehicle_id', d.vehicle_id,\n    'driver_commission', d.driver_commission,\n    'session_status', d.session_status,\n\n    'vehicle', json_build_object(\n      'make', v.make,\n      'model', v.model,\n      'color', v.color,\n      'vehicle_number', v.vehicle_number\n    )\n  ) AS driver,\n\n  json_build_object(\n    'door_number', c.door_number,\n    'address1', c.address1,\n    'address2', c.address2,\n    'blacklist', c.blacklist\n  ) AS customer,\n\n  json_build_object(\n    'username', e.username,\n    'role_id', e.role_id\n  ) AS employee,\n\n  json_build_object(\n    'pickup',\n    CASE\n      WHEN lp.id IS NOT NULL THEN\n        json_build_object(\n          'id', lp.id,\n          'name', lp.name,\n          'location_type', json_build_object(\n            'id', ltp.id,\n            'name', ltp.name,\n            'background_color', ltp.background_color,\n            'foreground_color', ltp.foreground_color\n          )\n        )\n      ELSE\n        json_build_object(\n          'id', null,\n          'name', null,\n          'location_type', json_build_object(\n            'id', null,\n            'name', null,\n            'background_color', null,\n            'foreground_color', null\n          )\n        )\n    END,\n\n    'dropoff',\n    CASE\n      WHEN ld.id IS NOT NULL THEN\n        json_build_object(\n          'id', ld.id,\n          'name', ld.name,\n          'location_type', json_build_object(\n            'id', ltd.id,\n            'name', ltd.name,\n            'background_color', ltd.background_color,\n            'foreground_color', ltd.foreground_color\n          )\n        )\n      ELSE\n        json_build_object(\n          'id', null,\n          'name', null,\n          'location_type', json_build_object(\n            'id', null,\n            'name', null,\n            'background_color', null,\n            'foreground_color', null\n          )\n        )\n    END\n  ) AS airport\n\nFROM bookings b\n\nLEFT JOIN booking_statuses bs\n  ON b.booking_status_id = bs.id\n\nLEFT JOIN booking_types bt\n  ON b.booking_type_id = bt.id\n\nLEFT JOIN journey_types jt\n  ON b.journey_type_id = jt.id\n\nLEFT JOIN subsidiaries s\n  ON b.subsidiary_id = s.id\n\nLEFT JOIN vehicle_types vt\n  ON b.vehicle_type_id = vt.id\n\nLEFT JOIN payment_types pt\n  ON b.payment_type_id = pt.id\n\nLEFT JOIN accounts a\n  ON b.account_id = a.id\n\nLEFT JOIN drivers d\n  ON b.driver_id = d.id\n\nLEFT JOIN vehicles v\n  ON d.vehicle_id = v.id\n\nLEFT JOIN customers c\n  ON b.customer_id = c.id\n\nLEFT JOIN employees e\n  ON b.employee_id = e.id\n\n\n-- PICKUP LOCATION\n-- Select only the most specific matching location\nLEFT JOIN LATERAL (\n  SELECT l.*\n  FROM locations l\n  WHERE l.location_type_id = 2\n    AND b.pickup ILIKE '%' || l.name || '%'\n  ORDER BY LENGTH(l.name) DESC, l.id ASC\n  LIMIT 1\n) lp ON true\n\n\n-- DROPOFF LOCATION\n-- Select only the most specific matching location\nLEFT JOIN LATERAL (\n  SELECT l.*\n  FROM locations l\n  WHERE l.location_type_id = 2\n    AND b.dropoff ILIKE '%' || l.name || '%'\n  ORDER BY LENGTH(l.name) DESC, l.id ASC\n  LIMIT 1\n) ld ON true\n\n\nLEFT JOIN location_types ltp\n  ON lp.location_type_id = ltp.id\n\nLEFT JOIN location_types ltd\n  ON ld.location_type_id = ltd.id\n\n\n    \n    WHERE b.driver_id = $1\n    AND b.booking_status_id = 11\n  \n    AND b.pickup_date::DATE\n    BETWEEN $2::DATE AND $3::DATE\n  \n      AND b.pickup_time BETWEEN $4 AND $5\n    \n      AND b.pickup ILIKE $6\n    \n    ORDER BY\n      b.pickup_date DESC,\n      b.pickup_time DESC\n  ","timestamp":"2026-08-18T17:24:55.973Z"}
{"level":"info","message":"GET /api/bookings/driver-logs?driver_id=167&from_date=2026-06-01&to_date=2026-07-20&from_time=00:00&to_time=23:59&pickup=Heathrow%20Terminal%201%20TW6%201EW 200 14.896 ms","timestamp":"2026-08-18T17:24:55.975Z"}
{"duration":14,"level":"info","message":"db-query","rows":14,"text":"\n    \nSELECT\n  b.id,\n  b.reference_number,\n  b.subsidiary_id,\n  b.booking_type_id,\n  b.booking_status_id,\n  b.journey_type_id,\n  b.account_id,\n  b.customer_id,\n  b.employee_id,\n  b.pickup,\n  b.dropoff,\n  b.pickup_date,\n  b.pickup_time,\n  b.dropoff_date,\n  b.dropoff_time,\n  b.pickup_door_number,\n  b.dropoff_door_number,\n  b.pickup_plot,\n  b.dropoff_plot,\n  b.pickup_location_type_id,\n  b.dropoff_location_type_id,\n  b.pickup_latitude,\n  b.pickup_longitude,\n  b.dropoff_latitude,\n  b.dropoff_longitude,\n  b.viapoints,\n  b.restricted_drivers,\n  b.flight_number,\n  b.arriving_from,\n  b.vehicle_type_id,\n  b.vehicle_id,\n  b.driver_id,\n  b.passengers,\n  b.luggages,\n  b.hand_luggages,\n  b.child_seat,\n  b.name,\n  b.email,\n  b.mobile,\n  b.telephone,\n  b.lead_time,\n  b.notes,\n  b.special_instructions,\n  b.payment_type_id,\n  b.company_price,\n  b.fares,\n  b.total_charges,\n  b.parking_charges,\n  b.waiting_charges,\n  b.extra_drop_charges,\n  b.credit_card_charges,\n  b.congestion_charges,\n  b.miles,\n  b.meet_and_greet,\n  b.department,\n  b.escort_id,\n  b.order_number,\n  b.booked_by,\n  b.add_return_fare,\n  b.fare_meter_status,\n  b.fare_meter,\n  b.quotation,\n  b.quoted,\n  b.dispatch,\n  b.dispatch_as,\n  b.sms,\n  b.emailflag,\n  b.trash,\n  b.hidden,\n  b.multi_booking_id,\n  b.associated_booking,\n  b.invoice_status,\n  b.commission_status,\n  b.commission,\n  b.skipped_bookings,\n  b.permanent,\n  b.toggle_driver_text,\n  b.toggle_passenger_text,\n  b.cancelled_reason,\n  b.booking_source,\n  b.on_route,\n  b.arrived,\n  b.passenger_on_board,\n  b.completed,\n  b.controller_completed,\n  b.driver_waiting_time,\n  b.dispatched_at,\n  b.booked_at,\n  b.stripe_customer_id,\n  b.stripe_payment_id,\n  b.invoice_number,\n  b.initial_subsidiary_id,\n  b.created_at,\n  b.updated_at,\n  b.eta,\n  b.fob,\n  b.future,\n\n  json_build_object(\n    'booking_status', bs.booking_status\n  ) AS booking_status,\n\n  json_build_object(\n    'booking_type', bt.booking_type\n  ) AS booking_type,\n\n  json_build_object(\n    'journey_type', jt.journey_type\n  ) AS journey_type,\n\n  json_build_object(\n    'id', s.id,\n    'name', s.name,\n    'telephone_number', s.telephone_number\n  ) AS subsidiary,\n\n  json_build_object(\n    'name', vt.name,\n    'background_color', vt.background_color,\n    'foreground_color', vt.foreground_color\n  ) AS vehicle_type,\n\n  json_build_object(\n    'id', pt.id,\n    'name', pt.name,\n    'background_color', pt.background_color,\n    'foreground_color', pt.foreground_color\n  ) AS payment_type,\n\n  json_build_object(\n    'id', a.id,\n    'name', a.name,\n    'background_color', a.background_color,\n    'foreground_color', a.foreground_color,\n    'has_vat', a.has_vat,\n    'bank_information', a.bank_information,\n    'fare_controller', a.fare_controller,\n    'account_fees_type', a.account_fees_type,\n    'account_fees', a.account_fees,\n    'account_fees_vat', a.account_fees_vat\n  ) AS account,\n\n  json_build_object(\n    'id', d.id,\n    'username', d.username,\n    'name', d.name,\n    'mobile_device_id', d.mobile_device_id,\n    'phc_vehicle_number', d.phc_vehicle_number,\n    'phc_driver_number', d.phc_driver_number,\n    'vehicle_id', d.vehicle_id,\n    'driver_commission', d.driver_commission,\n    'session_status', d.session_status,\n\n    'vehicle', json_build_object(\n      'make', v.make,\n      'model', v.model,\n      'color', v.color,\n      'vehicle_number', v.vehicle_number\n    )\n  ) AS driver,\n\n  json_build_object(\n    'door_number', c.door_number,\n    'address1', c.address1,\n    'address2', c.address2,\n    'blacklist', c.blacklist\n  ) AS customer,\n\n  json_build_object(\n    'username', e.username,\n    'role_id', e.role_id\n  ) AS employee,\n\n  json_build_object(\n    'pickup',\n    CASE\n      WHEN lp.id IS NOT NULL THEN\n        json_build_object(\n          'id', lp.id,\n          'name', lp.name,\n          'location_type', json_build_object(\n            'id', ltp.id,\n            'name', ltp.name,\n            'background_color', ltp.background_color,\n            'foreground_color', ltp.foreground_color\n          )\n        )\n      ELSE\n        json_build_object(\n          'id', null,\n          'name', null,\n          'location_type', json_build_object(\n            'id', null,\n            'name', null,\n            'background_color', null,\n            'foreground_color', null\n          )\n        )\n    END,\n\n    'dropoff',\n    CASE\n      WHEN ld.id IS NOT NULL THEN\n        json_build_object(\n          'id', ld.id,\n          'name', ld.name,\n          'location_type', json_build_object(\n            'id', ltd.id,\n            'name', ltd.name,\n            'background_color', ltd.background_color,\n            'foreground_color', ltd.foreground_color\n          )\n        )\n      ELSE\n        json_build_object(\n          'id', null,\n          'name', null,\n          'location_type', json_build_object(\n            'id', null,\n            'name', null,\n            'background_color', null,\n            'foreground_color', null\n          )\n        )\n    END\n  ) AS airport\n\nFROM bookings b\n\nLEFT JOIN booking_statuses bs\n  ON b.booking_status_id = bs.id\n\nLEFT JOIN booking_types bt\n  ON b.booking_type_id = bt.id\n\nLEFT JOIN journey_types jt\n  ON b.journey_type_id = jt.id\n\nLEFT JOIN subsidiaries s\n  ON b.subsidiary_id = s.id\n\nLEFT JOIN vehicle_types vt\n  ON b.vehicle_type_id = vt.id\n\nLEFT JOIN payment_types pt\n  ON b.payment_type_id = pt.id\n\nLEFT JOIN accounts a\n  ON b.account_id = a.id\n\nLEFT JOIN drivers d\n  ON b.driver_id = d.id\n\nLEFT JOIN vehicles v\n  ON d.vehicle_id = v.id\n\nLEFT JOIN customers c\n  ON b.customer_id = c.id\n\nLEFT JOIN employees e\n  ON b.employee_id = e.id\n\n\n-- PICKUP LOCATION\n-- Select only the most specific matching location\nLEFT JOIN LATERAL (\n  SELECT l.*\n  FROM locations l\n  WHERE l.location_type_id = 2\n    AND b.pickup ILIKE '%' || l.name || '%'\n  ORDER BY LENGTH(l.name) DESC, l.id ASC\n  LIMIT 1\n) lp ON true\n\n\n-- DROPOFF LOCATION\n-- Select only the most specific matching location\nLEFT JOIN LATERAL (\n  SELECT l.*\n  FROM locations l\n  WHERE l.location_type_id = 2\n    AND b.dropoff ILIKE '%' || l.name || '%'\n  ORDER BY LENGTH(l.name) DESC, l.id ASC\n  LIMIT 1\n) ld ON true\n\n\nLEFT JOIN location_types ltp\n  ON lp.location_type_id = ltp.id\n\nLEFT JOIN location_types ltd\n  ON ld.location_type_id = ltd.id\n\n\n    \n    WHERE b.driver_id = $1\n    AND b.booking_status_id = 11\n  \n    AND b.pickup_date::DATE\n    BETWEEN $2::DATE AND $3::DATE\n  \n      AND b.pickup_time BETWEEN $4 AND $5\n    \n      AND b.dropoff ILIKE $6\n    \n    ORDER BY\n      b.pickup_date DESC,\n      b.pickup_time DESC\n  ","timestamp":"2026-08-18T17:25:00.922Z"}
{"level":"info","message":"GET /api/bookings/driver-logs?driver_id=167&from_date=2026-06-01&to_date=2026-07-20&from_time=00:00&to_time=23:59&dropoff=Birmingham%20Airport%20B26%203QJ 200 15.722 ms","timestamp":"2026-08-18T17:25:00.924Z"}
{"duration":14,"level":"info","message":"db-query","rows":14,"text":"\n    \nSELECT\n  b.id,\n  b.reference_number,\n  b.subsidiary_id,\n  b.booking_type_id,\n  b.booking_status_id,\n  b.journey_type_id,\n  b.account_id,\n  b.customer_id,\n  b.employee_id,\n  b.pickup,\n  b.dropoff,\n  b.pickup_date,\n  b.pickup_time,\n  b.dropoff_date,\n  b.dropoff_time,\n  b.pickup_door_number,\n  b.dropoff_door_number,\n  b.pickup_plot,\n  b.dropoff_plot,\n  b.pickup_location_type_id,\n  b.dropoff_location_type_id,\n  b.pickup_latitude,\n  b.pickup_longitude,\n  b.dropoff_latitude,\n  b.dropoff_longitude,\n  b.viapoints,\n  b.restricted_drivers,\n  b.flight_number,\n  b.arriving_from,\n  b.vehicle_type_id,\n  b.vehicle_id,\n  b.driver_id,\n  b.passengers,\n  b.luggages,\n  b.hand_luggages,\n  b.child_seat,\n  b.name,\n  b.email,\n  b.mobile,\n  b.telephone,\n  b.lead_time,\n  b.notes,\n  b.special_instructions,\n  b.payment_type_id,\n  b.company_price,\n  b.fares,\n  b.total_charges,\n  b.parking_charges,\n  b.waiting_charges,\n  b.extra_drop_charges,\n  b.credit_card_charges,\n  b.congestion_charges,\n  b.miles,\n  b.meet_and_greet,\n  b.department,\n  b.escort_id,\n  b.order_number,\n  b.booked_by,\n  b.add_return_fare,\n  b.fare_meter_status,\n  b.fare_meter,\n  b.quotation,\n  b.quoted,\n  b.dispatch,\n  b.dispatch_as,\n  b.sms,\n  b.emailflag,\n  b.trash,\n  b.hidden,\n  b.multi_booking_id,\n  b.associated_booking,\n  b.invoice_status,\n  b.commission_status,\n  b.commission,\n  b.skipped_bookings,\n  b.permanent,\n  b.toggle_driver_text,\n  b.toggle_passenger_text,\n  b.cancelled_reason,\n  b.booking_source,\n  b.on_route,\n  b.arrived,\n  b.passenger_on_board,\n  b.completed,\n  b.controller_completed,\n  b.driver_waiting_time,\n  b.dispatched_at,\n  b.booked_at,\n  b.stripe_customer_id,\n  b.stripe_payment_id,\n  b.invoice_number,\n  b.initial_subsidiary_id,\n  b.created_at,\n  b.updated_at,\n  b.eta,\n  b.fob,\n  b.future,\n\n  json_build_object(\n    'booking_status', bs.booking_status\n  ) AS booking_status,\n\n  json_build_object(\n    'booking_type', bt.booking_type\n  ) AS booking_type,\n\n  json_build_object(\n    'journey_type', jt.journey_type\n  ) AS journey_type,\n\n  json_build_object(\n    'id', s.id,\n    'name', s.name,\n    'telephone_number', s.telephone_number\n  ) AS subsidiary,\n\n  json_build_object(\n    'name', vt.name,\n    'background_color', vt.background_color,\n    'foreground_color', vt.foreground_color\n  ) AS vehicle_type,\n\n  json_build_object(\n    'id', pt.id,\n    'name', pt.name,\n    'background_color', pt.background_color,\n    'foreground_color', pt.foreground_color\n  ) AS payment_type,\n\n  json_build_object(\n    'id', a.id,\n    'name', a.name,\n    'background_color', a.background_color,\n    'foreground_color', a.foreground_color,\n    'has_vat', a.has_vat,\n    'bank_information', a.bank_information,\n    'fare_controller', a.fare_controller,\n    'account_fees_type', a.account_fees_type,\n    'account_fees', a.account_fees,\n    'account_fees_vat', a.account_fees_vat\n  ) AS account,\n\n  json_build_object(\n    'id', d.id,\n    'username', d.username,\n    'name', d.name,\n    'mobile_device_id', d.mobile_device_id,\n    'phc_vehicle_number', d.phc_vehicle_number,\n    'phc_driver_number', d.phc_driver_number,\n    'vehicle_id', d.vehicle_id,\n    'driver_commission', d.driver_commission,\n    'session_status', d.session_status,\n\n    'vehicle', json_build_object(\n      'make', v.make,\n      'model', v.model,\n      'color', v.color,\n      'vehicle_number', v.vehicle_number\n    )\n  ) AS driver,\n\n  json_build_object(\n    'door_number', c.door_number,\n    'address1', c.address1,\n    'address2', c.address2,\n    'blacklist', c.blacklist\n  ) AS customer,\n\n  json_build_object(\n    'username', e.username,\n    'role_id', e.role_id\n  ) AS employee,\n\n  json_build_object(\n    'pickup',\n    CASE\n      WHEN lp.id IS NOT NULL THEN\n        json_build_object(\n          'id', lp.id,\n          'name', lp.name,\n          'location_type', json_build_object(\n            'id', ltp.id,\n            'name', ltp.name,\n            'background_color', ltp.background_color,\n            'foreground_color', ltp.foreground_color\n          )\n        )\n      ELSE\n        json_build_object(\n          'id', null,\n          'name', null,\n          'location_type', json_build_object(\n            'id', null,\n            'name', null,\n            'background_color', null,\n            'foreground_color', null\n          )\n        )\n    END,\n\n    'dropoff',\n    CASE\n      WHEN ld.id IS NOT NULL THEN\n        json_build_object(\n          'id', ld.id,\n          'name', ld.name,\n          'location_type', json_build_object(\n            'id', ltd.id,\n            'name', ltd.name,\n            'background_color', ltd.background_color,\n            'foreground_color', ltd.foreground_color\n          )\n        )\n      ELSE\n        json_build_object(\n          'id', null,\n          'name', null,\n          'location_type', json_build_object(\n            'id', null,\n            'name', null,\n            'background_color', null,\n            'foreground_color', null\n          )\n        )\n    END\n  ) AS airport\n\nFROM bookings b\n\nLEFT JOIN booking_statuses bs\n  ON b.booking_status_id = bs.id\n\nLEFT JOIN booking_types bt\n  ON b.booking_type_id = bt.id\n\nLEFT JOIN journey_types jt\n  ON b.journey_type_id = jt.id\n\nLEFT JOIN subsidiaries s\n  ON b.subsidiary_id = s.id\n\nLEFT JOIN vehicle_types vt\n  ON b.vehicle_type_id = vt.id\n\nLEFT JOIN payment_types pt\n  ON b.payment_type_id = pt.id\n\nLEFT JOIN accounts a\n  ON b.account_id = a.id\n\nLEFT JOIN drivers d\n  ON b.driver_id = d.id\n\nLEFT JOIN vehicles v\n  ON d.vehicle_id = v.id\n\nLEFT JOIN customers c\n  ON b.customer_id = c.id\n\nLEFT JOIN employees e\n  ON b.employee_id = e.id\n\n\n-- PICKUP LOCATION\n-- Select only the most specific matching location\nLEFT JOIN LATERAL (\n  SELECT l.*\n  FROM locations l\n  WHERE l.location_type_id = 2\n    AND b.pickup ILIKE '%' || l.name || '%'\n  ORDER BY LENGTH(l.name) DESC, l.id ASC\n  LIMIT 1\n) lp ON true\n\n\n-- DROPOFF LOCATION\n-- Select only the most specific matching location\nLEFT JOIN LATERAL (\n  SELECT l.*\n  FROM locations l\n  WHERE l.location_type_id = 2\n    AND b.dropoff ILIKE '%' || l.name || '%'\n  ORDER BY LENGTH(l.name) DESC, l.id ASC\n  LIMIT 1\n) ld ON true\n\n\nLEFT JOIN location_types ltp\n  ON lp.location_type_id = ltp.id\n\nLEFT JOIN location_types ltd\n  ON ld.location_type_id = ltd.id\n\n\n    \n    WHERE b.driver_id = $1\n    AND b.booking_status_id = 11\n  \n    AND b.pickup_date::DATE\n    BETWEEN $2::DATE AND $3::DATE\n  \n      AND b.pickup_time BETWEEN $4 AND $5\n    \n      AND b.dropoff ILIKE $6\n    \n      AND CAST(b.fares AS TEXT) ILIKE $7\n    \n    ORDER BY\n      b.pickup_date DESC,\n      b.pickup_time DESC\n  ","timestamp":"2026-08-18T17:25:07.343Z"}
{"level":"info","message":"GET /api/bookings/driver-logs?driver_id=167&from_date=2026-06-01&to_date=2026-07-20&from_time=00:00&to_time=23:59&dropoff=Birmingham%20Airport%20B26%203QJ&fares=140.90 200 15.766 ms","timestamp":"2026-08-18T17:25:07.345Z"}
{"duration":12,"level":"info","message":"db-query","rows":0,"text":"\n    \nSELECT\n  b.id,\n  b.reference_number,\n  b.subsidiary_id,\n  b.booking_type_id,\n  b.booking_status_id,\n  b.journey_type_id,\n  b.account_id,\n  b.customer_id,\n  b.employee_id,\n  b.pickup,\n  b.dropoff,\n  b.pickup_date,\n  b.pickup_time,\n  b.dropoff_date,\n  b.dropoff_time,\n  b.pickup_door_number,\n  b.dropoff_door_number,\n  b.pickup_plot,\n  b.dropoff_plot,\n  b.pickup_location_type_id,\n  b.dropoff_location_type_id,\n  b.pickup_latitude,\n  b.pickup_longitude,\n  b.dropoff_latitude,\n  b.dropoff_longitude,\n  b.viapoints,\n  b.restricted_drivers,\n  b.flight_number,\n  b.arriving_from,\n  b.vehicle_type_id,\n  b.vehicle_id,\n  b.driver_id,\n  b.passengers,\n  b.luggages,\n  b.hand_luggages,\n  b.child_seat,\n  b.name,\n  b.email,\n  b.mobile,\n  b.telephone,\n  b.lead_time,\n  b.notes,\n  b.special_instructions,\n  b.payment_type_id,\n  b.company_price,\n  b.fares,\n  b.total_charges,\n  b.parking_charges,\n  b.waiting_charges,\n  b.extra_drop_charges,\n  b.credit_card_charges,\n  b.congestion_charges,\n  b.miles,\n  b.meet_and_greet,\n  b.department,\n  b.escort_id,\n  b.order_number,\n  b.booked_by,\n  b.add_return_fare,\n  b.fare_meter_status,\n  b.fare_meter,\n  b.quotation,\n  b.quoted,\n  b.dispatch,\n  b.dispatch_as,\n  b.sms,\n  b.emailflag,\n  b.trash,\n  b.hidden,\n  b.multi_booking_id,\n  b.associated_booking,\n  b.invoice_status,\n  b.commission_status,\n  b.commission,\n  b.skipped_bookings,\n  b.permanent,\n  b.toggle_driver_text,\n  b.toggle_passenger_text,\n  b.cancelled_reason,\n  b.booking_source,\n  b.on_route,\n  b.arrived,\n  b.passenger_on_board,\n  b.completed,\n  b.controller_completed,\n  b.driver_waiting_time,\n  b.dispatched_at,\n  b.booked_at,\n  b.stripe_customer_id,\n  b.stripe_payment_id,\n  b.invoice_number,\n  b.initial_subsidiary_id,\n  b.created_at,\n  b.updated_at,\n  b.eta,\n  b.fob,\n  b.future,\n\n  json_build_object(\n    'booking_status', bs.booking_status\n  ) AS booking_status,\n\n  json_build_object(\n    'booking_type', bt.booking_type\n  ) AS booking_type,\n\n  json_build_object(\n    'journey_type', jt.journey_type\n  ) AS journey_type,\n\n  json_build_object(\n    'id', s.id,\n    'name', s.name,\n    'telephone_number', s.telephone_number\n  ) AS subsidiary,\n\n  json_build_object(\n    'name', vt.name,\n    'background_color', vt.background_color,\n    'foreground_color', vt.foreground_color\n  ) AS vehicle_type,\n\n  json_build_object(\n    'id', pt.id,\n    'name', pt.name,\n    'background_color', pt.background_color,\n    'foreground_color', pt.foreground_color\n  ) AS payment_type,\n\n  json_build_object(\n    'id', a.id,\n    'name', a.name,\n    'background_color', a.background_color,\n    'foreground_color', a.foreground_color,\n    'has_vat', a.has_vat,\n    'bank_information', a.bank_information,\n    'fare_controller', a.fare_controller,\n    'account_fees_type', a.account_fees_type,\n    'account_fees', a.account_fees,\n    'account_fees_vat', a.account_fees_vat\n  ) AS account,\n\n  json_build_object(\n    'id', d.id,\n    'username', d.username,\n    'name', d.name,\n    'mobile_device_id', d.mobile_device_id,\n    'phc_vehicle_number', d.phc_vehicle_number,\n    'phc_driver_number', d.phc_driver_number,\n    'vehicle_id', d.vehicle_id,\n    'driver_commission', d.driver_commission,\n    'session_status', d.session_status,\n\n    'vehicle', json_build_object(\n      'make', v.make,\n      'model', v.model,\n      'color', v.color,\n      'vehicle_number', v.vehicle_number\n    )\n  ) AS driver,\n\n  json_build_object(\n    'door_number', c.door_number,\n    'address1', c.address1,\n    'address2', c.address2,\n    'blacklist', c.blacklist\n  ) AS customer,\n\n  json_build_object(\n    'username', e.username,\n    'role_id', e.role_id\n  ) AS employee,\n\n  json_build_object(\n    'pickup',\n    CASE\n      WHEN lp.id IS NOT NULL THEN\n        json_build_object(\n          'id', lp.id,\n          'name', lp.name,\n          'location_type', json_build_object(\n            'id', ltp.id,\n            'name', ltp.name,\n            'background_color', ltp.background_color,\n            'foreground_color', ltp.foreground_color\n          )\n        )\n      ELSE\n        json_build_object(\n          'id', null,\n          'name', null,\n          'location_type', json_build_object(\n            'id', null,\n            'name', null,\n            'background_color', null,\n            'foreground_color', null\n          )\n        )\n    END,\n\n    'dropoff',\n    CASE\n      WHEN ld.id IS NOT NULL THEN\n        json_build_object(\n          'id', ld.id,\n          'name', ld.name,\n          'location_type', json_build_object(\n            'id', ltd.id,\n            'name', ltd.name,\n            'background_color', ltd.background_color,\n            'foreground_color', ltd.foreground_color\n          )\n        )\n      ELSE\n        json_build_object(\n          'id', null,\n          'name', null,\n          'location_type', json_build_object(\n            'id', null,\n            'name', null,\n            'background_color', null,\n            'foreground_color', null\n          )\n        )\n    END\n  ) AS airport\n\nFROM bookings b\n\nLEFT JOIN booking_statuses bs\n  ON b.booking_status_id = bs.id\n\nLEFT JOIN booking_types bt\n  ON b.booking_type_id = bt.id\n\nLEFT JOIN journey_types jt\n  ON b.journey_type_id = jt.id\n\nLEFT JOIN subsidiaries s\n  ON b.subsidiary_id = s.id\n\nLEFT JOIN vehicle_types vt\n  ON b.vehicle_type_id = vt.id\n\nLEFT JOIN payment_types pt\n  ON b.payment_type_id = pt.id\n\nLEFT JOIN accounts a\n  ON b.account_id = a.id\n\nLEFT JOIN drivers d\n  ON b.driver_id = d.id\n\nLEFT JOIN vehicles v\n  ON d.vehicle_id = v.id\n\nLEFT JOIN customers c\n  ON b.customer_id = c.id\n\nLEFT JOIN employees e\n  ON b.employee_id = e.id\n\n\n-- PICKUP LOCATION\n-- Select only the most specific matching location\nLEFT JOIN LATERAL (\n  SELECT l.*\n  FROM locations l\n  WHERE l.location_type_id = 2\n    AND b.pickup ILIKE '%' || l.name || '%'\n  ORDER BY LENGTH(l.name) DESC, l.id ASC\n  LIMIT 1\n) lp ON true\n\n\n-- DROPOFF LOCATION\n-- Select only the most specific matching location\nLEFT JOIN LATERAL (\n  SELECT l.*\n  FROM locations l\n  WHERE l.location_type_id = 2\n    AND b.dropoff ILIKE '%' || l.name || '%'\n  ORDER BY LENGTH(l.name) DESC, l.id ASC\n  LIMIT 1\n) ld ON true\n\n\nLEFT JOIN location_types ltp\n  ON lp.location_type_id = ltp.id\n\nLEFT JOIN location_types ltd\n  ON ld.location_type_id = ltd.id\n\n\n    \n    WHERE b.driver_id = $1\n    AND b.booking_status_id = 11\n  \n    AND b.pickup_date::DATE\n    BETWEEN $2::DATE AND $3::DATE\n  \n      AND b.pickup_time BETWEEN $4 AND $5\n    \n      AND b.dropoff ILIKE $6\n    \n      AND CAST(b.fares AS TEXT) ILIKE $7\n    \n    ORDER BY\n      b.pickup_date DESC,\n      b.pickup_time DESC\n  ","timestamp":"2026-08-18T17:25:12.151Z"}
{"level":"info","message":"GET /api/bookings/driver-logs?driver_id=167&from_date=2026-06-01&to_date=2026-07-20&from_time=00:00&to_time=23:59&dropoff=Birmingham%20Airport%20B26%203QJ&fares=141 404 12.707 ms","timestamp":"2026-08-18T17:25:12.153Z"}
{"duration":14,"level":"info","message":"db-query","rows":14,"text":"\n    \nSELECT\n  b.id,\n  b.reference_number,\n  b.subsidiary_id,\n  b.booking_type_id,\n  b.booking_status_id,\n  b.journey_type_id,\n  b.account_id,\n  b.customer_id,\n  b.employee_id,\n  b.pickup,\n  b.dropoff,\n  b.pickup_date,\n  b.pickup_time,\n  b.dropoff_date,\n  b.dropoff_time,\n  b.pickup_door_number,\n  b.dropoff_door_number,\n  b.pickup_plot,\n  b.dropoff_plot,\n  b.pickup_location_type_id,\n  b.dropoff_location_type_id,\n  b.pickup_latitude,\n  b.pickup_longitude,\n  b.dropoff_latitude,\n  b.dropoff_longitude,\n  b.viapoints,\n  b.restricted_drivers,\n  b.flight_number,\n  b.arriving_from,\n  b.vehicle_type_id,\n  b.vehicle_id,\n  b.driver_id,\n  b.passengers,\n  b.luggages,\n  b.hand_luggages,\n  b.child_seat,\n  b.name,\n  b.email,\n  b.mobile,\n  b.telephone,\n  b.lead_time,\n  b.notes,\n  b.special_instructions,\n  b.payment_type_id,\n  b.company_price,\n  b.fares,\n  b.total_charges,\n  b.parking_charges,\n  b.waiting_charges,\n  b.extra_drop_charges,\n  b.credit_card_charges,\n  b.congestion_charges,\n  b.miles,\n  b.meet_and_greet,\n  b.department,\n  b.escort_id,\n  b.order_number,\n  b.booked_by,\n  b.add_return_fare,\n  b.fare_meter_status,\n  b.fare_meter,\n  b.quotation,\n  b.quoted,\n  b.dispatch,\n  b.dispatch_as,\n  b.sms,\n  b.emailflag,\n  b.trash,\n  b.hidden,\n  b.multi_booking_id,\n  b.associated_booking,\n  b.invoice_status,\n  b.commission_status,\n  b.commission,\n  b.skipped_bookings,\n  b.permanent,\n  b.toggle_driver_text,\n  b.toggle_passenger_text,\n  b.cancelled_reason,\n  b.booking_source,\n  b.on_route,\n  b.arrived,\n  b.passenger_on_board,\n  b.completed,\n  b.controller_completed,\n  b.driver_waiting_time,\n  b.dispatched_at,\n  b.booked_at,\n  b.stripe_customer_id,\n  b.stripe_payment_id,\n  b.invoice_number,\n  b.initial_subsidiary_id,\n  b.created_at,\n  b.updated_at,\n  b.eta,\n  b.fob,\n  b.future,\n\n  json_build_object(\n    'booking_status', bs.booking_status\n  ) AS booking_status,\n\n  json_build_object(\n    'booking_type', bt.booking_type\n  ) AS booking_type,\n\n  json_build_object(\n    'journey_type', jt.journey_type\n  ) AS journey_type,\n\n  json_build_object(\n    'id', s.id,\n    'name', s.name,\n    'telephone_number', s.telephone_number\n  ) AS subsidiary,\n\n  json_build_object(\n    'name', vt.name,\n    'background_color', vt.background_color,\n    'foreground_color', vt.foreground_color\n  ) AS vehicle_type,\n\n  json_build_object(\n    'id', pt.id,\n    'name', pt.name,\n    'background_color', pt.background_color,\n    'foreground_color', pt.foreground_color\n  ) AS payment_type,\n\n  json_build_object(\n    'id', a.id,\n    'name', a.name,\n    'background_color', a.background_color,\n    'foreground_color', a.foreground_color,\n    'has_vat', a.has_vat,\n    'bank_information', a.bank_information,\n    'fare_controller', a.fare_controller,\n    'account_fees_type', a.account_fees_type,\n    'account_fees', a.account_fees,\n    'account_fees_vat', a.account_fees_vat\n  ) AS account,\n\n  json_build_object(\n    'id', d.id,\n    'username', d.username,\n    'name', d.name,\n    'mobile_device_id', d.mobile_device_id,\n    'phc_vehicle_number', d.phc_vehicle_number,\n    'phc_driver_number', d.phc_driver_number,\n    'vehicle_id', d.vehicle_id,\n    'driver_commission', d.driver_commission,\n    'session_status', d.session_status,\n\n    'vehicle', json_build_object(\n      'make', v.make,\n      'model', v.model,\n      'color', v.color,\n      'vehicle_number', v.vehicle_number\n    )\n  ) AS driver,\n\n  json_build_object(\n    'door_number', c.door_number,\n    'address1', c.address1,\n    'address2', c.address2,\n    'blacklist', c.blacklist\n  ) AS customer,\n\n  json_build_object(\n    'username', e.username,\n    'role_id', e.role_id\n  ) AS employee,\n\n  json_build_object(\n    'pickup',\n    CASE\n      WHEN lp.id IS NOT NULL THEN\n        json_build_object(\n          'id', lp.id,\n          'name', lp.name,\n          'location_type', json_build_object(\n            'id', ltp.id,\n            'name', ltp.name,\n            'background_color', ltp.background_color,\n            'foreground_color', ltp.foreground_color\n          )\n        )\n      ELSE\n        json_build_object(\n          'id', null,\n          'name', null,\n          'location_type', json_build_object(\n            'id', null,\n            'name', null,\n            'background_color', null,\n            'foreground_color', null\n          )\n        )\n    END,\n\n    'dropoff',\n    CASE\n      WHEN ld.id IS NOT NULL THEN\n        json_build_object(\n          'id', ld.id,\n          'name', ld.name,\n          'location_type', json_build_object(\n            'id', ltd.id,\n            'name', ltd.name,\n            'background_color', ltd.background_color,\n            'foreground_color', ltd.foreground_color\n          )\n        )\n      ELSE\n        json_build_object(\n          'id', null,\n          'name', null,\n          'location_type', json_build_object(\n            'id', null,\n            'name', null,\n            'background_color', null,\n            'foreground_color', null\n          )\n        )\n    END\n  ) AS airport\n\nFROM bookings b\n\nLEFT JOIN booking_statuses bs\n  ON b.booking_status_id = bs.id\n\nLEFT JOIN booking_types bt\n  ON b.booking_type_id = bt.id\n\nLEFT JOIN journey_types jt\n  ON b.journey_type_id = jt.id\n\nLEFT JOIN subsidiaries s\n  ON b.subsidiary_id = s.id\n\nLEFT JOIN vehicle_types vt\n  ON b.vehicle_type_id = vt.id\n\nLEFT JOIN payment_types pt\n  ON b.payment_type_id = pt.id\n\nLEFT JOIN accounts a\n  ON b.account_id = a.id\n\nLEFT JOIN drivers d\n  ON b.driver_id = d.id\n\nLEFT JOIN vehicles v\n  ON d.vehicle_id = v.id\n\nLEFT JOIN customers c\n  ON b.customer_id = c.id\n\nLEFT JOIN employees e\n  ON b.employee_id = e.id\n\n\n-- PICKUP LOCATION\n-- Select only the most specific matching location\nLEFT JOIN LATERAL (\n  SELECT l.*\n  FROM locations l\n  WHERE l.location_type_id = 2\n    AND b.pickup ILIKE '%' || l.name || '%'\n  ORDER BY LENGTH(l.name) DESC, l.id ASC\n  LIMIT 1\n) lp ON true\n\n\n-- DROPOFF LOCATION\n-- Select only the most specific matching location\nLEFT JOIN LATERAL (\n  SELECT l.*\n  FROM locations l\n  WHERE l.location_type_id = 2\n    AND b.dropoff ILIKE '%' || l.name || '%'\n  ORDER BY LENGTH(l.name) DESC, l.id ASC\n  LIMIT 1\n) ld ON true\n\n\nLEFT JOIN location_types ltp\n  ON lp.location_type_id = ltp.id\n\nLEFT JOIN location_types ltd\n  ON ld.location_type_id = ltd.id\n\n\n    \n    WHERE b.driver_id = $1\n    AND b.booking_status_id = 11\n  \n    AND b.pickup_date::DATE\n    BETWEEN $2::DATE AND $3::DATE\n  \n      AND b.pickup_time BETWEEN $4 AND $5\n    \n      AND b.dropoff ILIKE $6\n    \n      AND CAST(b.fares AS TEXT) ILIKE $7\n    \n    ORDER BY\n      b.pickup_date DESC,\n      b.pickup_time DESC\n  ","timestamp":"2026-08-18T17:25:17.359Z"}
{"level":"info","message":"GET /api/bookings/driver-logs?driver_id=167&from_date=2026-06-01&to_date=2026-07-20&from_time=00:00&to_time=23:59&dropoff=Birmingham%20Airport%20B26%203QJ&fares=140 200 15.848 ms","timestamp":"2026-08-18T17:25:17.361Z"}
{"duration":218,"level":"info","message":"db-query","rows":7,"text":"\n    \nSELECT\n  b.id,\n  b.reference_number,\n  b.subsidiary_id,\n  b.booking_type_id,\n  b.booking_status_id,\n  b.journey_type_id,\n  b.account_id,\n  b.customer_id,\n  b.employee_id,\n  b.pickup,\n  b.dropoff,\n  b.pickup_date,\n  b.pickup_time,\n  b.dropoff_date,\n  b.dropoff_time,\n  b.pickup_door_number,\n  b.dropoff_door_number,\n  b.pickup_plot,\n  b.dropoff_plot,\n  b.pickup_location_type_id,\n  b.dropoff_location_type_id,\n  b.pickup_latitude,\n  b.pickup_longitude,\n  b.dropoff_latitude,\n  b.dropoff_longitude,\n  b.viapoints,\n  b.restricted_drivers,\n  b.flight_number,\n  b.arriving_from,\n  b.vehicle_type_id,\n  b.vehicle_id,\n  b.driver_id,\n  b.passengers,\n  b.luggages,\n  b.hand_luggages,\n  b.child_seat,\n  b.name,\n  b.email,\n  b.mobile,\n  b.telephone,\n  b.lead_time,\n  b.notes,\n  b.special_instructions,\n  b.payment_type_id,\n  b.company_price,\n  b.fares,\n  b.total_charges,\n  b.parking_charges,\n  b.waiting_charges,\n  b.extra_drop_charges,\n  b.credit_card_charges,\n  b.congestion_charges,\n  b.miles,\n  b.meet_and_greet,\n  b.department,\n  b.escort_id,\n  b.order_number,\n  b.booked_by,\n  b.add_return_fare,\n  b.fare_meter_status,\n  b.fare_meter,\n  b.quotation,\n  b.quoted,\n  b.dispatch,\n  b.dispatch_as,\n  b.sms,\n  b.emailflag,\n  b.trash,\n  b.hidden,\n  b.multi_booking_id,\n  b.associated_booking,\n  b.invoice_status,\n  b.commission_status,\n  b.commission,\n  b.skipped_bookings,\n  b.permanent,\n  b.toggle_driver_text,\n  b.toggle_passenger_text,\n  b.cancelled_reason,\n  b.booking_source,\n  b.on_route,\n  b.arrived,\n  b.passenger_on_board,\n  b.completed,\n  b.controller_completed,\n  b.driver_waiting_time,\n  b.dispatched_at,\n  b.booked_at,\n  b.stripe_customer_id,\n  b.stripe_payment_id,\n  b.invoice_number,\n  b.initial_subsidiary_id,\n  b.created_at,\n  b.updated_at,\n  b.eta,\n  b.fob,\n  b.future,\n\n  json_build_object(\n    'booking_status', bs.booking_status\n  ) AS booking_status,\n\n  json_build_object(\n    'booking_type', bt.booking_type\n  ) AS booking_type,\n\n  json_build_object(\n    'journey_type', jt.journey_type\n  ) AS journey_type,\n\n  json_build_object(\n    'id', s.id,\n    'name', s.name,\n    'telephone_number', s.telephone_number\n  ) AS subsidiary,\n\n  json_build_object(\n    'name', vt.name,\n    'background_color', vt.background_color,\n    'foreground_color', vt.foreground_color\n  ) AS vehicle_type,\n\n  json_build_object(\n    'id', pt.id,\n    'name', pt.name,\n    'background_color', pt.background_color,\n    'foreground_color', pt.foreground_color\n  ) AS payment_type,\n\n  json_build_object(\n    'id', a.id,\n    'name', a.name,\n    'background_color', a.background_color,\n    'foreground_color', a.foreground_color,\n    'has_vat', a.has_vat,\n    'bank_information', a.bank_information,\n    'fare_controller', a.fare_controller,\n    'account_fees_type', a.account_fees_type,\n    'account_fees', a.account_fees,\n    'account_fees_vat', a.account_fees_vat\n  ) AS account,\n\n  json_build_object(\n    'id', d.id,\n    'username', d.username,\n    'name', d.name,\n    'mobile_device_id', d.mobile_device_id,\n    'phc_vehicle_number', d.phc_vehicle_number,\n    'phc_driver_number', d.phc_driver_number,\n    'vehicle_id', d.vehicle_id,\n    'driver_commission', d.driver_commission,\n    'session_status', d.session_status,\n\n    'vehicle', json_build_object(\n      'make', v.make,\n      'model', v.model,\n      'color', v.color,\n      'vehicle_number', v.vehicle_number\n    )\n  ) AS driver,\n\n  json_build_object(\n    'door_number', c.door_number,\n    'address1', c.address1,\n    'address2', c.address2,\n    'blacklist', c.blacklist\n  ) AS customer,\n\n  json_build_object(\n    'username', e.username,\n    'role_id', e.role_id\n  ) AS employee,\n\n  json_build_object(\n    'pickup',\n    CASE\n      WHEN lp.id IS NOT NULL THEN\n        json_build_object(\n          'id', lp.id,\n          'name', lp.name,\n          'location_type', json_build_object(\n            'id', ltp.id,\n            'name', ltp.name,\n            'background_color', ltp.background_color,\n            'foreground_color', ltp.foreground_color\n          )\n        )\n      ELSE\n        json_build_object(\n          'id', null,\n          'name', null,\n          'location_type', json_build_object(\n            'id', null,\n            'name', null,\n            'background_color', null,\n            'foreground_color', null\n          )\n        )\n    END,\n\n    'dropoff',\n    CASE\n      WHEN ld.id IS NOT NULL THEN\n        json_build_object(\n          'id', ld.id,\n          'name', ld.name,\n          'location_type', json_build_object(\n            'id', ltd.id,\n            'name', ltd.name,\n            'background_color', ltd.background_color,\n            'foreground_color', ltd.foreground_color\n          )\n        )\n      ELSE\n        json_build_object(\n          'id', null,\n          'name', null,\n          'location_type', json_build_object(\n            'id', null,\n            'name', null,\n            'background_color', null,\n            'foreground_color', null\n          )\n        )\n    END\n  ) AS airport\n\nFROM bookings b\n\nLEFT JOIN booking_statuses bs\n  ON b.booking_status_id = bs.id\n\nLEFT JOIN booking_types bt\n  ON b.booking_type_id = bt.id\n\nLEFT JOIN journey_types jt\n  ON b.journey_type_id = jt.id\n\nLEFT JOIN subsidiaries s\n  ON b.subsidiary_id = s.id\n\nLEFT JOIN vehicle_types vt\n  ON b.vehicle_type_id = vt.id\n\nLEFT JOIN payment_types pt\n  ON b.payment_type_id = pt.id\n\nLEFT JOIN accounts a\n  ON b.account_id = a.id\n\nLEFT JOIN drivers d\n  ON b.driver_id = d.id\n\nLEFT JOIN vehicles v\n  ON d.vehicle_id = v.id\n\nLEFT JOIN customers c\n  ON b.customer_id = c.id\n\nLEFT JOIN employees e\n  ON b.employee_id = e.id\n\n\n-- PICKUP LOCATION\n-- Select only the most specific matching location\nLEFT JOIN LATERAL (\n  SELECT l.*\n  FROM locations l\n  WHERE l.location_type_id = 2\n    AND b.pickup ILIKE '%' || l.name || '%'\n  ORDER BY LENGTH(l.name) DESC, l.id ASC\n  LIMIT 1\n) lp ON true\n\n\n-- DROPOFF LOCATION\n-- Select only the most specific matching location\nLEFT JOIN LATERAL (\n  SELECT l.*\n  FROM locations l\n  WHERE l.location_type_id = 2\n    AND b.dropoff ILIKE '%' || l.name || '%'\n  ORDER BY LENGTH(l.name) DESC, l.id ASC\n  LIMIT 1\n) ld ON true\n\n\nLEFT JOIN location_types ltp\n  ON lp.location_type_id = ltp.id\n\nLEFT JOIN location_types ltd\n  ON ld.location_type_id = ltd.id\n\n\n    \n    WHERE b.driver_id = $1\n    AND b.booking_status_id = 11\n  \n    AND b.pickup_date::DATE\n    BETWEEN $2::DATE AND $3::DATE\n  \n      AND b.pickup_time BETWEEN $4 AND $5\n    \n      AND vt.name ILIKE $6\n    \n      AND b.pickup ILIKE $7\n    \n      AND b.dropoff ILIKE $8\n    \n      AND CAST(b.fares AS TEXT) ILIKE $9\n    \n      AND (\n        TO_CHAR(b.pickup_date::DATE, 'YYYY-MM-DD') || ' ' ||\n        TO_CHAR(b.pickup_time::TIME, 'HH24:MI')\n      ) ILIKE $10\n    \n    ORDER BY\n      b.pickup_date DESC,\n      b.pickup_time DESC\n  ","timestamp":"2026-08-18T17:25:28.613Z"}
{"level":"info","message":"GET /api/bookings/driver-logs?driver_id=167&from_date=2026-06-01&to_date=2026-07-20&from_time=00:00&to_time=23:59&vehicle=SALOON&pickup=Heathrow%20Terminal%201%20TW6%201EW&dropoff=Birmingham%20Airport%20B26%203QJ&fares=140&datetime=2026-06-03 200 220.858 ms","timestamp":"2026-08-18T17:25:28.616Z"}
{"duration":12,"level":"info","message":"db-query","rows":7,"text":"\n    \nSELECT\n  b.id,\n  b.reference_number,\n  b.subsidiary_id,\n  b.booking_type_id,\n  b.booking_status_id,\n  b.journey_type_id,\n  b.account_id,\n  b.customer_id,\n  b.employee_id,\n  b.pickup,\n  b.dropoff,\n  b.pickup_date,\n  b.pickup_time,\n  b.dropoff_date,\n  b.dropoff_time,\n  b.pickup_door_number,\n  b.dropoff_door_number,\n  b.pickup_plot,\n  b.dropoff_plot,\n  b.pickup_location_type_id,\n  b.dropoff_location_type_id,\n  b.pickup_latitude,\n  b.pickup_longitude,\n  b.dropoff_latitude,\n  b.dropoff_longitude,\n  b.viapoints,\n  b.restricted_drivers,\n  b.flight_number,\n  b.arriving_from,\n  b.vehicle_type_id,\n  b.vehicle_id,\n  b.driver_id,\n  b.passengers,\n  b.luggages,\n  b.hand_luggages,\n  b.child_seat,\n  b.name,\n  b.email,\n  b.mobile,\n  b.telephone,\n  b.lead_time,\n  b.notes,\n  b.special_instructions,\n  b.payment_type_id,\n  b.company_price,\n  b.fares,\n  b.total_charges,\n  b.parking_charges,\n  b.waiting_charges,\n  b.extra_drop_charges,\n  b.credit_card_charges,\n  b.congestion_charges,\n  b.miles,\n  b.meet_and_greet,\n  b.department,\n  b.escort_id,\n  b.order_number,\n  b.booked_by,\n  b.add_return_fare,\n  b.fare_meter_status,\n  b.fare_meter,\n  b.quotation,\n  b.quoted,\n  b.dispatch,\n  b.dispatch_as,\n  b.sms,\n  b.emailflag,\n  b.trash,\n  b.hidden,\n  b.multi_booking_id,\n  b.associated_booking,\n  b.invoice_status,\n  b.commission_status,\n  b.commission,\n  b.skipped_bookings,\n  b.permanent,\n  b.toggle_driver_text,\n  b.toggle_passenger_text,\n  b.cancelled_reason,\n  b.booking_source,\n  b.on_route,\n  b.arrived,\n  b.passenger_on_board,\n  b.completed,\n  b.controller_completed,\n  b.driver_waiting_time,\n  b.dispatched_at,\n  b.booked_at,\n  b.stripe_customer_id,\n  b.stripe_payment_id,\n  b.invoice_number,\n  b.initial_subsidiary_id,\n  b.created_at,\n  b.updated_at,\n  b.eta,\n  b.fob,\n  b.future,\n\n  json_build_object(\n    'booking_status', bs.booking_status\n  ) AS booking_status,\n\n  json_build_object(\n    'booking_type', bt.booking_type\n  ) AS booking_type,\n\n  json_build_object(\n    'journey_type', jt.journey_type\n  ) AS journey_type,\n\n  json_build_object(\n    'id', s.id,\n    'name', s.name,\n    'telephone_number', s.telephone_number\n  ) AS subsidiary,\n\n  json_build_object(\n    'name', vt.name,\n    'background_color', vt.background_color,\n    'foreground_color', vt.foreground_color\n  ) AS vehicle_type,\n\n  json_build_object(\n    'id', pt.id,\n    'name', pt.name,\n    'background_color', pt.background_color,\n    'foreground_color', pt.foreground_color\n  ) AS payment_type,\n\n  json_build_object(\n    'id', a.id,\n    'name', a.name,\n    'background_color', a.background_color,\n    'foreground_color', a.foreground_color,\n    'has_vat', a.has_vat,\n    'bank_information', a.bank_information,\n    'fare_controller', a.fare_controller,\n    'account_fees_type', a.account_fees_type,\n    'account_fees', a.account_fees,\n    'account_fees_vat', a.account_fees_vat\n  ) AS account,\n\n  json_build_object(\n    'id', d.id,\n    'username', d.username,\n    'name', d.name,\n    'mobile_device_id', d.mobile_device_id,\n    'phc_vehicle_number', d.phc_vehicle_number,\n    'phc_driver_number', d.phc_driver_number,\n    'vehicle_id', d.vehicle_id,\n    'driver_commission', d.driver_commission,\n    'session_status', d.session_status,\n\n    'vehicle', json_build_object(\n      'make', v.make,\n      'model', v.model,\n      'color', v.color,\n      'vehicle_number', v.vehicle_number\n    )\n  ) AS driver,\n\n  json_build_object(\n    'door_number', c.door_number,\n    'address1', c.address1,\n    'address2', c.address2,\n    'blacklist', c.blacklist\n  ) AS customer,\n\n  json_build_object(\n    'username', e.username,\n    'role_id', e.role_id\n  ) AS employee,\n\n  json_build_object(\n    'pickup',\n    CASE\n      WHEN lp.id IS NOT NULL THEN\n        json_build_object(\n          'id', lp.id,\n          'name', lp.name,\n          'location_type', json_build_object(\n            'id', ltp.id,\n            'name', ltp.name,\n            'background_color', ltp.background_color,\n            'foreground_color', ltp.foreground_color\n          )\n        )\n      ELSE\n        json_build_object(\n          'id', null,\n          'name', null,\n          'location_type', json_build_object(\n            'id', null,\n            'name', null,\n            'background_color', null,\n            'foreground_color', null\n          )\n        )\n    END,\n\n    'dropoff',\n    CASE\n      WHEN ld.id IS NOT NULL THEN\n        json_build_object(\n          'id', ld.id,\n          'name', ld.name,\n          'location_type', json_build_object(\n            'id', ltd.id,\n            'name', ltd.name,\n            'background_color', ltd.background_color,\n            'foreground_color', ltd.foreground_color\n          )\n        )\n      ELSE\n        json_build_object(\n          'id', null,\n          'name', null,\n          'location_type', json_build_object(\n            'id', null,\n            'name', null,\n            'background_color', null,\n            'foreground_color', null\n          )\n        )\n    END\n  ) AS airport\n\nFROM bookings b\n\nLEFT JOIN booking_statuses bs\n  ON b.booking_status_id = bs.id\n\nLEFT JOIN booking_types bt\n  ON b.booking_type_id = bt.id\n\nLEFT JOIN journey_types jt\n  ON b.journey_type_id = jt.id\n\nLEFT JOIN subsidiaries s\n  ON b.subsidiary_id = s.id\n\nLEFT JOIN vehicle_types vt\n  ON b.vehicle_type_id = vt.id\n\nLEFT JOIN payment_types pt\n  ON b.payment_type_id = pt.id\n\nLEFT JOIN accounts a\n  ON b.account_id = a.id\n\nLEFT JOIN drivers d\n  ON b.driver_id = d.id\n\nLEFT JOIN vehicles v\n  ON d.vehicle_id = v.id\n\nLEFT JOIN customers c\n  ON b.customer_id = c.id\n\nLEFT JOIN employees e\n  ON b.employee_id = e.id\n\n\n-- PICKUP LOCATION\n-- Select only the most specific matching location\nLEFT JOIN LATERAL (\n  SELECT l.*\n  FROM locations l\n  WHERE l.location_type_id = 2\n    AND b.pickup ILIKE '%' || l.name || '%'\n  ORDER BY LENGTH(l.name) DESC, l.id ASC\n  LIMIT 1\n) lp ON true\n\n\n-- DROPOFF LOCATION\n-- Select only the most specific matching location\nLEFT JOIN LATERAL (\n  SELECT l.*\n  FROM locations l\n  WHERE l.location_type_id = 2\n    AND b.dropoff ILIKE '%' || l.name || '%'\n  ORDER BY LENGTH(l.name) DESC, l.id ASC\n  LIMIT 1\n) ld ON true\n\n\nLEFT JOIN location_types ltp\n  ON lp.location_type_id = ltp.id\n\nLEFT JOIN location_types ltd\n  ON ld.location_type_id = ltd.id\n\n\n    \n    WHERE b.driver_id = $1\n    AND b.booking_status_id = 11\n  \n    AND b.pickup_date::DATE\n    BETWEEN $2::DATE AND $3::DATE\n  \n      AND b.pickup_time BETWEEN $4 AND $5\n    \n      AND (\n        TO_CHAR(b.pickup_date::DATE, 'YYYY-MM-DD') || ' ' ||\n        TO_CHAR(b.pickup_time::TIME, 'HH24:MI')\n      ) ILIKE $6\n    \n    ORDER BY\n      b.pickup_date DESC,\n      b.pickup_time DESC\n  ","timestamp":"2026-08-18T17:25:36.822Z"}
{"level":"info","message":"GET /api/bookings/driver-logs?driver_id=167&from_date=2026-06-01&to_date=2026-07-20&from_time=00:00&to_time=23:59&datetime=2026-06-03 200 13.380 ms","timestamp":"2026-08-18T17:25:36.823Z"}
{"duration":11,"level":"info","message":"db-query","rows":26,"text":"SELECT * FROM location_types","timestamp":"2026-08-18T17:35:04.682Z"}
{"level":"info","message":"GET /api/location-types 200 19.555 ms","timestamp":"2026-08-18T17:35:04.688Z"}
{"duration":59,"level":"info","message":"db-query","rows":26,"text":"SELECT * FROM location_types","timestamp":"2026-08-18T17:35:04.734Z"}
{"level":"info","message":"GET /api/location-types 200 60.778 ms","timestamp":"2026-08-18T17:35:04.736Z"}
{"duration":5,"level":"info","message":"db-query","rows":26,"text":"SELECT * FROM location_types","timestamp":"2026-08-18T17:36:10.184Z"}
{"level":"info","message":"GET /api/location-types 200 12.441 ms","timestamp":"2026-08-18T17:36:10.191Z"}
{"duration":74,"level":"info","message":"db-query","rows":26,"text":"SELECT * FROM location_types","timestamp":"2026-08-18T17:36:10.253Z"}
{"level":"info","message":"GET /api/location-types 200 87.072 ms","timestamp":"2026-08-18T17:36:10.267Z"}
{"duration":6,"level":"info","message":"db-query","rows":26,"text":"SELECT * FROM location_types","timestamp":"2026-08-18T17:37:12.388Z"}
{"level":"info","message":"GET /api/location-types 200 12.638 ms","timestamp":"2026-08-18T17:37:12.394Z"}
{"duration":52,"level":"info","message":"db-query","rows":26,"text":"SELECT * FROM location_types","timestamp":"2026-08-18T17:37:12.436Z"}
{"level":"info","message":"GET /api/location-types 200 53.188 ms","timestamp":"2026-08-18T17:37:12.438Z"}
{"duration":5,"level":"info","message":"db-query","rows":26,"text":"SELECT * FROM location_types","timestamp":"2026-08-18T17:37:22.764Z"}
{"level":"info","message":"GET /api/location-types 200 11.923 ms","timestamp":"2026-08-18T17:37:22.770Z"}
{"duration":62,"level":"info","message":"db-query","rows":26,"text":"SELECT * FROM location_types","timestamp":"2026-08-18T17:37:22.822Z"}
{"level":"info","message":"GET /api/location-types 200 63.371 ms","timestamp":"2026-08-18T17:37:22.823Z"}
{"duration":11,"level":"info","message":"db-query","rows":26,"text":"SELECT * FROM location_types","timestamp":"2026-08-18T17:37:57.448Z"}
{"level":"info","message":"GET /api/location-types 200 20.960 ms","timestamp":"2026-08-18T17:37:57.458Z"}
{"duration":74,"level":"info","message":"db-query","rows":26,"text":"SELECT * FROM location_types","timestamp":"2026-08-18T17:37:57.516Z"}
{"level":"info","message":"GET /api/location-types 200 75.585 ms","timestamp":"2026-08-18T17:37:57.518Z"}
{"duration":13,"level":"info","message":"db-query","rows":26,"text":"SELECT * FROM location_types","timestamp":"2026-08-18T17:38:34.588Z"}
{"level":"info","message":"GET /api/location-types 200 24.144 ms","timestamp":"2026-08-18T17:38:34.597Z"}
{"duration":161,"level":"info","message":"db-query","rows":26,"text":"SELECT * FROM location_types","timestamp":"2026-08-18T17:38:34.739Z"}
{"level":"info","message":"GET /api/location-types 200 162.501 ms","timestamp":"2026-08-18T17:38:34.740Z"}
{"duration":6,"level":"info","message":"db-query","rows":26,"text":"SELECT * FROM location_types","timestamp":"2026-08-18T17:39:08.340Z"}
{"level":"info","message":"GET /api/location-types 200 12.373 ms","timestamp":"2026-08-18T17:39:08.346Z"}
{"duration":58,"level":"info","message":"db-query","rows":26,"text":"SELECT * FROM location_types","timestamp":"2026-08-18T17:39:08.394Z"}
{"level":"info","message":"GET /api/location-types 200 59.032 ms","timestamp":"2026-08-18T17:39:08.396Z"}
{"duration":118,"level":"info","message":"db-query","rows":1,"text":"\n    SELECT COUNT(*) AS total\n    FROM bookings b\n    LEFT JOIN vehicle_types vt ON b.vehicle_type_id = vt.id\n    \n    WHERE b.trash = false AND \n    TO_DATE(b.pickup_date, 'YYYY-FMMM-FMDD')\n    >= TO_DATE($1, 'YYYY-MM-DD')\n   AND \n    TO_DATE(b.pickup_date, 'YYYY-FMMM-FMDD')\n    <= TO_DATE($2, 'YYYY-MM-DD')\n   AND TRIM(b.pickup_time)::time >= $3::time AND TRIM(b.pickup_time)::time <= $4::time AND b.booking_status_id = ANY($5::int[]) AND b.payment_type_id = ANY($6::int[]) AND b.driver_id = $7\n  \n  ","timestamp":"2026-08-18T17:40:25.690Z"}
{"duration":3,"level":"info","message":"db-query","rows":1,"text":"\n    SELECT\n      COUNT(*) AS total_bookings,\n      COALESCE(SUM(b.fares), 0) AS total_earnings,\n      COALESCE(\n        SUM(\n          CASE\n            WHEN b.account_id IS NOT NULL\n            THEN b.fares\n            ELSE 0\n          END\n        ),\n        0\n      ) AS total_account_earnings\n    FROM bookings b\n    LEFT JOIN vehicle_types vt ON b.vehicle_type_id = vt.id\n    \n    WHERE b.trash = false AND \n    TO_DATE(b.pickup_date, 'YYYY-FMMM-FMDD')\n    >= TO_DATE($1, 'YYYY-MM-DD')\n   AND \n    TO_DATE(b.pickup_date, 'YYYY-FMMM-FMDD')\n    <= TO_DATE($2, 'YYYY-MM-DD')\n   AND TRIM(b.pickup_time)::time >= $3::time AND TRIM(b.pickup_time)::time <= $4::time AND b.booking_status_id = ANY($5::int[]) AND b.payment_type_id = ANY($6::int[]) AND b.driver_id = $7\n  \n  ","timestamp":"2026-08-18T17:40:25.693Z"}
{"duration":53,"level":"info","message":"db-query","rows":50,"text":"\n  \nSELECT\n  b.id,\n  b.reference_number,\n  b.subsidiary_id,\n  b.booking_type_id,\n  b.booking_status_id,\n  b.journey_type_id,\n  b.account_id,\n  b.customer_id,\n  b.employee_id,\n  b.pickup,\n  b.dropoff,\n  b.pickup_date,\n  b.pickup_time,\n  b.dropoff_date,\n  b.dropoff_time,\n  b.pickup_door_number,\n  b.dropoff_door_number,\n  b.pickup_plot,\n  b.dropoff_plot,\n  b.pickup_location_type_id,\n  b.dropoff_location_type_id,\n  b.pickup_latitude,\n  b.pickup_longitude,\n  b.dropoff_latitude,\n  b.dropoff_longitude,\n  b.viapoints,\n  b.restricted_drivers,\n  b.flight_number,\n  b.arriving_from,\n  b.vehicle_type_id,\n  b.vehicle_id,\n  b.driver_id,\n  b.passengers,\n  b.luggages,\n  b.hand_luggages,\n  b.child_seat,\n  b.name,\n  b.email,\n  b.mobile,\n  b.telephone,\n  b.lead_time,\n  b.notes,\n  b.special_instructions,\n  b.payment_type_id,\n  b.company_price,\n  b.fares,\n  b.total_charges,\n  b.parking_charges,\n  b.waiting_charges,\n  b.extra_drop_charges,\n  b.credit_card_charges,\n  b.congestion_charges,\n  b.miles,\n  b.meet_and_greet,\n  b.department,\n  b.escort_id,\n  b.order_number,\n  b.booked_by,\n  b.add_return_fare,\n  b.fare_meter_status,\n  b.fare_meter,\n  b.quotation,\n  b.quoted,\n  b.dispatch,\n  b.dispatch_as,\n  b.sms,\n  b.emailflag,\n  b.trash,\n  b.hidden,\n  b.multi_booking_id,\n  b.associated_booking,\n  b.invoice_status,\n  b.commission_status,\n  b.commission,\n  b.skipped_bookings,\n  b.permanent,\n  b.toggle_driver_text,\n  b.toggle_passenger_text,\n  b.cancelled_reason,\n  b.booking_source,\n  b.on_route,\n  b.arrived,\n  b.passenger_on_board,\n  b.completed,\n  b.controller_completed,\n  b.driver_waiting_time,\n  b.dispatched_at,\n  b.booked_at,\n  b.stripe_customer_id,\n  b.stripe_payment_id,\n  b.invoice_number,\n  b.initial_subsidiary_id,\n  b.created_at,\n  b.updated_at,\n  b.eta,\n  b.fob,\n  b.future,\n\n  json_build_object(\n    'booking_status', bs.booking_status\n  ) AS booking_status,\n\n  json_build_object(\n    'booking_type', bt.booking_type\n  ) AS booking_type,\n\n  json_build_object(\n    'journey_type', jt.journey_type\n  ) AS journey_type,\n\n  json_build_object(\n    'id', s.id,\n    'name', s.name,\n    'telephone_number', s.telephone_number\n  ) AS subsidiary,\n\n  json_build_object(\n    'name', vt.name,\n    'background_color', vt.background_color,\n    'foreground_color', vt.foreground_color\n  ) AS vehicle_type,\n\n  json_build_object(\n    'id', pt.id,\n    'name', pt.name,\n    'background_color', pt.background_color,\n    'foreground_color', pt.foreground_color\n  ) AS payment_type,\n\n  json_build_object(\n    'id', a.id,\n    'name', a.name,\n    'background_color', a.background_color,\n    'foreground_color', a.foreground_color,\n    'has_vat', a.has_vat,\n    'bank_information', a.bank_information,\n    'fare_controller', a.fare_controller,\n    'account_fees_type', a.account_fees_type,\n    'account_fees', a.account_fees,\n    'account_fees_vat', a.account_fees_vat\n  ) AS account,\n\n  json_build_object(\n    'id', d.id,\n    'username', d.username,\n    'name', d.name,\n    'mobile_device_id', d.mobile_device_id,\n    'phc_vehicle_number', d.phc_vehicle_number,\n    'phc_driver_number', d.phc_driver_number,\n    'vehicle_id', d.vehicle_id,\n    'driver_commission', d.driver_commission,\n    'session_status', d.session_status,\n\n    'vehicle', json_build_object(\n      'make', v.make,\n      'model', v.model,\n      'color', v.color,\n      'vehicle_number', v.vehicle_number\n    )\n  ) AS driver,\n\n  json_build_object(\n    'door_number', c.door_number,\n    'address1', c.address1,\n    'address2', c.address2,\n    'blacklist', c.blacklist\n  ) AS customer,\n\n  json_build_object(\n    'username', e.username,\n    'role_id', e.role_id\n  ) AS employee,\n\n  json_build_object(\n    'pickup',\n    CASE\n      WHEN lp.id IS NOT NULL THEN\n        json_build_object(\n          'id', lp.id,\n          'name', lp.name,\n          'location_type', json_build_object(\n            'id', ltp.id,\n            'name', ltp.name,\n            'background_color', ltp.background_color,\n            'foreground_color', ltp.foreground_color\n          )\n        )\n      ELSE\n        json_build_object(\n          'id', null,\n          'name', null,\n          'location_type', json_build_object(\n            'id', null,\n            'name', null,\n            'background_color', null,\n            'foreground_color', null\n          )\n        )\n    END,\n\n    'dropoff',\n    CASE\n      WHEN ld.id IS NOT NULL THEN\n        json_build_object(\n          'id', ld.id,\n          'name', ld.name,\n          'location_type', json_build_object(\n            'id', ltd.id,\n            'name', ltd.name,\n            'background_color', ltd.background_color,\n            'foreground_color', ltd.foreground_color\n          )\n        )\n      ELSE\n        json_build_object(\n          'id', null,\n          'name', null,\n          'location_type', json_build_object(\n            'id', null,\n            'name', null,\n            'background_color', null,\n            'foreground_color', null\n          )\n        )\n    END\n  ) AS airport\n\nFROM bookings b\n\nLEFT JOIN booking_statuses bs\n  ON b.booking_status_id = bs.id\n\nLEFT JOIN booking_types bt\n  ON b.booking_type_id = bt.id\n\nLEFT JOIN journey_types jt\n  ON b.journey_type_id = jt.id\n\nLEFT JOIN subsidiaries s\n  ON b.subsidiary_id = s.id\n\nLEFT JOIN vehicle_types vt\n  ON b.vehicle_type_id = vt.id\n\nLEFT JOIN payment_types pt\n  ON b.payment_type_id = pt.id\n\nLEFT JOIN accounts a\n  ON b.account_id = a.id\n\nLEFT JOIN drivers d\n  ON b.driver_id = d.id\n\nLEFT JOIN vehicles v\n  ON d.vehicle_id = v.id\n\nLEFT JOIN customers c\n  ON b.customer_id = c.id\n\nLEFT JOIN employees e\n  ON b.employee_id = e.id\n\n\n-- PICKUP LOCATION\n-- Select only the most specific matching location\nLEFT JOIN LATERAL (\n  SELECT l.*\n  FROM locations l\n  WHERE l.location_type_id = 2\n    AND b.pickup ILIKE '%' || l.name || '%'\n  ORDER BY LENGTH(l.name) DESC, l.id ASC\n  LIMIT 1\n) lp ON true\n\n\n-- DROPOFF LOCATION\n-- Select only the most specific matching location\nLEFT JOIN LATERAL (\n  SELECT l.*\n  FROM locations l\n  WHERE l.location_type_id = 2\n    AND b.dropoff ILIKE '%' || l.name || '%'\n  ORDER BY LENGTH(l.name) DESC, l.id ASC\n  LIMIT 1\n) ld ON true\n\n\nLEFT JOIN location_types ltp\n  ON lp.location_type_id = ltp.id\n\nLEFT JOIN location_types ltd\n  ON ld.location_type_id = ltd.id\n\n\n  \n    WHERE b.trash = false AND \n    TO_DATE(b.pickup_date, 'YYYY-FMMM-FMDD')\n    >= TO_DATE($1, 'YYYY-MM-DD')\n   AND \n    TO_DATE(b.pickup_date, 'YYYY-FMMM-FMDD')\n    <= TO_DATE($2, 'YYYY-MM-DD')\n   AND TRIM(b.pickup_time)::time >= $3::time AND TRIM(b.pickup_time)::time <= $4::time AND b.booking_status_id = ANY($5::int[]) AND b.payment_type_id = ANY($6::int[]) AND b.driver_id = $7\n  \n  ORDER BY (\n    TO_DATE(b.pickup_date,'YYYY-FMMM-FMDD')\n    +\n    TRIM(b.pickup_time)::time\n) ASC\n  OFFSET $8\n  LIMIT $9\n","timestamp":"2026-08-18T17:40:25.747Z"}
{"level":"info","message":"GET /api/bookings/booking-statistics?from_date=2020-07-01&to_date=2026-07-20&from_time=00:00&to_time=23:59&payment_type_id=1,2,3,4&booking_status_id=1,3,4,5,6,8,10,12,13,14,15&sort_order=ASC&sort_by=datetime&driver_id=167 200 181.138 ms","timestamp":"2026-08-18T17:40:25.752Z"}
{"duration":56,"level":"info","message":"db-query","rows":1,"text":"\n    SELECT COUNT(*) AS total\n    FROM bookings b\n    LEFT JOIN vehicle_types vt ON b.vehicle_type_id = vt.id\n    \n    WHERE b.trash = false AND \n    TO_DATE(b.pickup_date, 'YYYY-FMMM-FMDD')\n    >= TO_DATE($1, 'YYYY-MM-DD')\n   AND \n    TO_DATE(b.pickup_date, 'YYYY-FMMM-FMDD')\n    <= TO_DATE($2, 'YYYY-MM-DD')\n   AND TRIM(b.pickup_time)::time >= $3::time AND TRIM(b.pickup_time)::time <= $4::time AND b.booking_status_id = ANY($5::int[]) AND b.payment_type_id = ANY($6::int[]) AND b.pickup ILIKE $7 AND b.driver_id = $8 AND b.invoice_number ILIKE $9\n  \n  ","timestamp":"2026-08-18T17:41:33.537Z"}
{"duration":2,"level":"info","message":"db-query","rows":1,"text":"\n    SELECT\n      COUNT(*) AS total_bookings,\n      COALESCE(SUM(b.fares), 0) AS total_earnings,\n      COALESCE(\n        SUM(\n          CASE\n            WHEN b.account_id IS NOT NULL\n            THEN b.fares\n            ELSE 0\n          END\n        ),\n        0\n      ) AS total_account_earnings\n    FROM bookings b\n    LEFT JOIN vehicle_types vt ON b.vehicle_type_id = vt.id\n    \n    WHERE b.trash = false AND \n    TO_DATE(b.pickup_date, 'YYYY-FMMM-FMDD')\n    >= TO_DATE($1, 'YYYY-MM-DD')\n   AND \n    TO_DATE(b.pickup_date, 'YYYY-FMMM-FMDD')\n    <= TO_DATE($2, 'YYYY-MM-DD')\n   AND TRIM(b.pickup_time)::time >= $3::time AND TRIM(b.pickup_time)::time <= $4::time AND b.booking_status_id = ANY($5::int[]) AND b.payment_type_id = ANY($6::int[]) AND b.pickup ILIKE $7 AND b.driver_id = $8 AND b.invoice_number ILIKE $9\n  \n  ","timestamp":"2026-08-18T17:41:33.540Z"}
{"duration":63,"level":"info","message":"db-query","rows":1,"text":"\n  \nSELECT\n  b.id,\n  b.reference_number,\n  b.subsidiary_id,\n  b.booking_type_id,\n  b.booking_status_id,\n  b.journey_type_id,\n  b.account_id,\n  b.customer_id,\n  b.employee_id,\n  b.pickup,\n  b.dropoff,\n  b.pickup_date,\n  b.pickup_time,\n  b.dropoff_date,\n  b.dropoff_time,\n  b.pickup_door_number,\n  b.dropoff_door_number,\n  b.pickup_plot,\n  b.dropoff_plot,\n  b.pickup_location_type_id,\n  b.dropoff_location_type_id,\n  b.pickup_latitude,\n  b.pickup_longitude,\n  b.dropoff_latitude,\n  b.dropoff_longitude,\n  b.viapoints,\n  b.restricted_drivers,\n  b.flight_number,\n  b.arriving_from,\n  b.vehicle_type_id,\n  b.vehicle_id,\n  b.driver_id,\n  b.passengers,\n  b.luggages,\n  b.hand_luggages,\n  b.child_seat,\n  b.name,\n  b.email,\n  b.mobile,\n  b.telephone,\n  b.lead_time,\n  b.notes,\n  b.special_instructions,\n  b.payment_type_id,\n  b.company_price,\n  b.fares,\n  b.total_charges,\n  b.parking_charges,\n  b.waiting_charges,\n  b.extra_drop_charges,\n  b.credit_card_charges,\n  b.congestion_charges,\n  b.miles,\n  b.meet_and_greet,\n  b.department,\n  b.escort_id,\n  b.order_number,\n  b.booked_by,\n  b.add_return_fare,\n  b.fare_meter_status,\n  b.fare_meter,\n  b.quotation,\n  b.quoted,\n  b.dispatch,\n  b.dispatch_as,\n  b.sms,\n  b.emailflag,\n  b.trash,\n  b.hidden,\n  b.multi_booking_id,\n  b.associated_booking,\n  b.invoice_status,\n  b.commission_status,\n  b.commission,\n  b.skipped_bookings,\n  b.permanent,\n  b.toggle_driver_text,\n  b.toggle_passenger_text,\n  b.cancelled_reason,\n  b.booking_source,\n  b.on_route,\n  b.arrived,\n  b.passenger_on_board,\n  b.completed,\n  b.controller_completed,\n  b.driver_waiting_time,\n  b.dispatched_at,\n  b.booked_at,\n  b.stripe_customer_id,\n  b.stripe_payment_id,\n  b.invoice_number,\n  b.initial_subsidiary_id,\n  b.created_at,\n  b.updated_at,\n  b.eta,\n  b.fob,\n  b.future,\n\n  json_build_object(\n    'booking_status', bs.booking_status\n  ) AS booking_status,\n\n  json_build_object(\n    'booking_type', bt.booking_type\n  ) AS booking_type,\n\n  json_build_object(\n    'journey_type', jt.journey_type\n  ) AS journey_type,\n\n  json_build_object(\n    'id', s.id,\n    'name', s.name,\n    'telephone_number', s.telephone_number\n  ) AS subsidiary,\n\n  json_build_object(\n    'name', vt.name,\n    'background_color', vt.background_color,\n    'foreground_color', vt.foreground_color\n  ) AS vehicle_type,\n\n  json_build_object(\n    'id', pt.id,\n    'name', pt.name,\n    'background_color', pt.background_color,\n    'foreground_color', pt.foreground_color\n  ) AS payment_type,\n\n  json_build_object(\n    'id', a.id,\n    'name', a.name,\n    'background_color', a.background_color,\n    'foreground_color', a.foreground_color,\n    'has_vat', a.has_vat,\n    'bank_information', a.bank_information,\n    'fare_controller', a.fare_controller,\n    'account_fees_type', a.account_fees_type,\n    'account_fees', a.account_fees,\n    'account_fees_vat', a.account_fees_vat\n  ) AS account,\n\n  json_build_object(\n    'id', d.id,\n    'username', d.username,\n    'name', d.name,\n    'mobile_device_id', d.mobile_device_id,\n    'phc_vehicle_number', d.phc_vehicle_number,\n    'phc_driver_number', d.phc_driver_number,\n    'vehicle_id', d.vehicle_id,\n    'driver_commission', d.driver_commission,\n    'session_status', d.session_status,\n\n    'vehicle', json_build_object(\n      'make', v.make,\n      'model', v.model,\n      'color', v.color,\n      'vehicle_number', v.vehicle_number\n    )\n  ) AS driver,\n\n  json_build_object(\n    'door_number', c.door_number,\n    'address1', c.address1,\n    'address2', c.address2,\n    'blacklist', c.blacklist\n  ) AS customer,\n\n  json_build_object(\n    'username', e.username,\n    'role_id', e.role_id\n  ) AS employee,\n\n  json_build_object(\n    'pickup',\n    CASE\n      WHEN lp.id IS NOT NULL THEN\n        json_build_object(\n          'id', lp.id,\n          'name', lp.name,\n          'location_type', json_build_object(\n            'id', ltp.id,\n            'name', ltp.name,\n            'background_color', ltp.background_color,\n            'foreground_color', ltp.foreground_color\n          )\n        )\n      ELSE\n        json_build_object(\n          'id', null,\n          'name', null,\n          'location_type', json_build_object(\n            'id', null,\n            'name', null,\n            'background_color', null,\n            'foreground_color', null\n          )\n        )\n    END,\n\n    'dropoff',\n    CASE\n      WHEN ld.id IS NOT NULL THEN\n        json_build_object(\n          'id', ld.id,\n          'name', ld.name,\n          'location_type', json_build_object(\n            'id', ltd.id,\n            'name', ltd.name,\n            'background_color', ltd.background_color,\n            'foreground_color', ltd.foreground_color\n          )\n        )\n      ELSE\n        json_build_object(\n          'id', null,\n          'name', null,\n          'location_type', json_build_object(\n            'id', null,\n            'name', null,\n            'background_color', null,\n            'foreground_color', null\n          )\n        )\n    END\n  ) AS airport\n\nFROM bookings b\n\nLEFT JOIN booking_statuses bs\n  ON b.booking_status_id = bs.id\n\nLEFT JOIN booking_types bt\n  ON b.booking_type_id = bt.id\n\nLEFT JOIN journey_types jt\n  ON b.journey_type_id = jt.id\n\nLEFT JOIN subsidiaries s\n  ON b.subsidiary_id = s.id\n\nLEFT JOIN vehicle_types vt\n  ON b.vehicle_type_id = vt.id\n\nLEFT JOIN payment_types pt\n  ON b.payment_type_id = pt.id\n\nLEFT JOIN accounts a\n  ON b.account_id = a.id\n\nLEFT JOIN drivers d\n  ON b.driver_id = d.id\n\nLEFT JOIN vehicles v\n  ON d.vehicle_id = v.id\n\nLEFT JOIN customers c\n  ON b.customer_id = c.id\n\nLEFT JOIN employees e\n  ON b.employee_id = e.id\n\n\n-- PICKUP LOCATION\n-- Select only the most specific matching location\nLEFT JOIN LATERAL (\n  SELECT l.*\n  FROM locations l\n  WHERE l.location_type_id = 2\n    AND b.pickup ILIKE '%' || l.name || '%'\n  ORDER BY LENGTH(l.name) DESC, l.id ASC\n  LIMIT 1\n) lp ON true\n\n\n-- DROPOFF LOCATION\n-- Select only the most specific matching location\nLEFT JOIN LATERAL (\n  SELECT l.*\n  FROM locations l\n  WHERE l.location_type_id = 2\n    AND b.dropoff ILIKE '%' || l.name || '%'\n  ORDER BY LENGTH(l.name) DESC, l.id ASC\n  LIMIT 1\n) ld ON true\n\n\nLEFT JOIN location_types ltp\n  ON lp.location_type_id = ltp.id\n\nLEFT JOIN location_types ltd\n  ON ld.location_type_id = ltd.id\n\n\n  \n    WHERE b.trash = false AND \n    TO_DATE(b.pickup_date, 'YYYY-FMMM-FMDD')\n    >= TO_DATE($1, 'YYYY-MM-DD')\n   AND \n    TO_DATE(b.pickup_date, 'YYYY-FMMM-FMDD')\n    <= TO_DATE($2, 'YYYY-MM-DD')\n   AND TRIM(b.pickup_time)::time >= $3::time AND TRIM(b.pickup_time)::time <= $4::time AND b.booking_status_id = ANY($5::int[]) AND b.payment_type_id = ANY($6::int[]) AND b.pickup ILIKE $7 AND b.driver_id = $8 AND b.invoice_number ILIKE $9\n  \n  ORDER BY (\n    TO_DATE(b.pickup_date,'YYYY-FMMM-FMDD')\n    +\n    TRIM(b.pickup_time)::time\n) ASC\n  OFFSET $10\n  LIMIT $11\n","timestamp":"2026-08-18T17:41:33.603Z"}
{"level":"info","message":"GET /api/bookings/booking-statistics?from_date=2020-07-01&to_date=2026-07-20&from_time=00:00&to_time=23:59&pickup=Tn30,%20Ashford%20Road,%20St.%20Michaels,%20Tenterden%20TN30%206BT&payment_type_id=1,2,3,4&booking_status_id=1,3,4,5,6,8,10,12,13,14,15&sort_order=ASC&sort_by=datetime&driver_id=167&invoice_number=UL17809110643424 200 123.796 ms","timestamp":"2026-08-18T17:41:33.604Z"}
{"duration":62,"level":"info","message":"db-query","rows":1,"text":"\n    SELECT COUNT(*) AS total\n    FROM bookings b\n    LEFT JOIN vehicle_types vt ON b.vehicle_type_id = vt.id\n    \n    WHERE b.trash = false AND \n    TO_DATE(b.pickup_date, 'YYYY-FMMM-FMDD')\n    >= TO_DATE($1, 'YYYY-MM-DD')\n   AND \n    TO_DATE(b.pickup_date, 'YYYY-FMMM-FMDD')\n    <= TO_DATE($2, 'YYYY-MM-DD')\n   AND TRIM(b.pickup_time)::time >= $3::time AND TRIM(b.pickup_time)::time <= $4::time AND b.booking_status_id = ANY($5::int[]) AND b.payment_type_id = ANY($6::int[]) AND b.pickup ILIKE $7 AND b.driver_id = $8\n  \n  ","timestamp":"2026-08-18T17:44:35.236Z"}
{"duration":1,"level":"info","message":"db-query","rows":1,"text":"\n    SELECT\n      COUNT(*) AS total_bookings,\n      COALESCE(SUM(b.fares), 0) AS total_earnings,\n      COALESCE(\n        SUM(\n          CASE\n            WHEN b.account_id IS NOT NULL\n            THEN b.fares\n            ELSE 0\n          END\n        ),\n        0\n      ) AS total_account_earnings\n    FROM bookings b\n    LEFT JOIN vehicle_types vt ON b.vehicle_type_id = vt.id\n    \n    WHERE b.trash = false AND \n    TO_DATE(b.pickup_date, 'YYYY-FMMM-FMDD')\n    >= TO_DATE($1, 'YYYY-MM-DD')\n   AND \n    TO_DATE(b.pickup_date, 'YYYY-FMMM-FMDD')\n    <= TO_DATE($2, 'YYYY-MM-DD')\n   AND TRIM(b.pickup_time)::time >= $3::time AND TRIM(b.pickup_time)::time <= $4::time AND b.booking_status_id = ANY($5::int[]) AND b.payment_type_id = ANY($6::int[]) AND b.pickup ILIKE $7 AND b.driver_id = $8\n  \n  ","timestamp":"2026-08-18T17:44:35.239Z"}
{"duration":45,"level":"info","message":"db-query","rows":16,"text":"\n  \nSELECT\n  b.id,\n  b.reference_number,\n  b.subsidiary_id,\n  b.booking_type_id,\n  b.booking_status_id,\n  b.journey_type_id,\n  b.account_id,\n  b.customer_id,\n  b.employee_id,\n  b.pickup,\n  b.dropoff,\n  b.pickup_date,\n  b.pickup_time,\n  b.dropoff_date,\n  b.dropoff_time,\n  b.pickup_door_number,\n  b.dropoff_door_number,\n  b.pickup_plot,\n  b.dropoff_plot,\n  b.pickup_location_type_id,\n  b.dropoff_location_type_id,\n  b.pickup_latitude,\n  b.pickup_longitude,\n  b.dropoff_latitude,\n  b.dropoff_longitude,\n  b.viapoints,\n  b.restricted_drivers,\n  b.flight_number,\n  b.arriving_from,\n  b.vehicle_type_id,\n  b.vehicle_id,\n  b.driver_id,\n  b.passengers,\n  b.luggages,\n  b.hand_luggages,\n  b.child_seat,\n  b.name,\n  b.email,\n  b.mobile,\n  b.telephone,\n  b.lead_time,\n  b.notes,\n  b.special_instructions,\n  b.payment_type_id,\n  b.company_price,\n  b.fares,\n  b.total_charges,\n  b.parking_charges,\n  b.waiting_charges,\n  b.extra_drop_charges,\n  b.credit_card_charges,\n  b.congestion_charges,\n  b.miles,\n  b.meet_and_greet,\n  b.department,\n  b.escort_id,\n  b.order_number,\n  b.booked_by,\n  b.add_return_fare,\n  b.fare_meter_status,\n  b.fare_meter,\n  b.quotation,\n  b.quoted,\n  b.dispatch,\n  b.dispatch_as,\n  b.sms,\n  b.emailflag,\n  b.trash,\n  b.hidden,\n  b.multi_booking_id,\n  b.associated_booking,\n  b.invoice_status,\n  b.commission_status,\n  b.commission,\n  b.skipped_bookings,\n  b.permanent,\n  b.toggle_driver_text,\n  b.toggle_passenger_text,\n  b.cancelled_reason,\n  b.booking_source,\n  b.on_route,\n  b.arrived,\n  b.passenger_on_board,\n  b.completed,\n  b.controller_completed,\n  b.driver_waiting_time,\n  b.dispatched_at,\n  b.booked_at,\n  b.stripe_customer_id,\n  b.stripe_payment_id,\n  b.invoice_number,\n  b.initial_subsidiary_id,\n  b.created_at,\n  b.updated_at,\n  b.eta,\n  b.fob,\n  b.future,\n\n  json_build_object(\n    'booking_status', bs.booking_status\n  ) AS booking_status,\n\n  json_build_object(\n    'booking_type', bt.booking_type\n  ) AS booking_type,\n\n  json_build_object(\n    'journey_type', jt.journey_type\n  ) AS journey_type,\n\n  json_build_object(\n    'id', s.id,\n    'name', s.name,\n    'telephone_number', s.telephone_number\n  ) AS subsidiary,\n\n  json_build_object(\n    'name', vt.name,\n    'background_color', vt.background_color,\n    'foreground_color', vt.foreground_color\n  ) AS vehicle_type,\n\n  json_build_object(\n    'id', pt.id,\n    'name', pt.name,\n    'background_color', pt.background_color,\n    'foreground_color', pt.foreground_color\n  ) AS payment_type,\n\n  json_build_object(\n    'id', a.id,\n    'name', a.name,\n    'background_color', a.background_color,\n    'foreground_color', a.foreground_color,\n    'has_vat', a.has_vat,\n    'bank_information', a.bank_information,\n    'fare_controller', a.fare_controller,\n    'account_fees_type', a.account_fees_type,\n    'account_fees', a.account_fees,\n    'account_fees_vat', a.account_fees_vat\n  ) AS account,\n\n  json_build_object(\n    'id', d.id,\n    'username', d.username,\n    'name', d.name,\n    'mobile_device_id', d.mobile_device_id,\n    'phc_vehicle_number', d.phc_vehicle_number,\n    'phc_driver_number', d.phc_driver_number,\n    'vehicle_id', d.vehicle_id,\n    'driver_commission', d.driver_commission,\n    'session_status', d.session_status,\n\n    'vehicle', json_build_object(\n      'make', v.make,\n      'model', v.model,\n      'color', v.color,\n      'vehicle_number', v.vehicle_number\n    )\n  ) AS driver,\n\n  json_build_object(\n    'door_number', c.door_number,\n    'address1', c.address1,\n    'address2', c.address2,\n    'blacklist', c.blacklist\n  ) AS customer,\n\n  json_build_object(\n    'username', e.username,\n    'role_id', e.role_id\n  ) AS employee,\n\n  json_build_object(\n    'pickup',\n    CASE\n      WHEN lp.id IS NOT NULL THEN\n        json_build_object(\n          'id', lp.id,\n          'name', lp.name,\n          'location_type', json_build_object(\n            'id', ltp.id,\n            'name', ltp.name,\n            'background_color', ltp.background_color,\n            'foreground_color', ltp.foreground_color\n          )\n        )\n      ELSE\n        json_build_object(\n          'id', null,\n          'name', null,\n          'location_type', json_build_object(\n            'id', null,\n            'name', null,\n            'background_color', null,\n            'foreground_color', null\n          )\n        )\n    END,\n\n    'dropoff',\n    CASE\n      WHEN ld.id IS NOT NULL THEN\n        json_build_object(\n          'id', ld.id,\n          'name', ld.name,\n          'location_type', json_build_object(\n            'id', ltd.id,\n            'name', ltd.name,\n            'background_color', ltd.background_color,\n            'foreground_color', ltd.foreground_color\n          )\n        )\n      ELSE\n        json_build_object(\n          'id', null,\n          'name', null,\n          'location_type', json_build_object(\n            'id', null,\n            'name', null,\n            'background_color', null,\n            'foreground_color', null\n          )\n        )\n    END\n  ) AS airport\n\nFROM bookings b\n\nLEFT JOIN booking_statuses bs\n  ON b.booking_status_id = bs.id\n\nLEFT JOIN booking_types bt\n  ON b.booking_type_id = bt.id\n\nLEFT JOIN journey_types jt\n  ON b.journey_type_id = jt.id\n\nLEFT JOIN subsidiaries s\n  ON b.subsidiary_id = s.id\n\nLEFT JOIN vehicle_types vt\n  ON b.vehicle_type_id = vt.id\n\nLEFT JOIN payment_types pt\n  ON b.payment_type_id = pt.id\n\nLEFT JOIN accounts a\n  ON b.account_id = a.id\n\nLEFT JOIN drivers d\n  ON b.driver_id = d.id\n\nLEFT JOIN vehicles v\n  ON d.vehicle_id = v.id\n\nLEFT JOIN customers c\n  ON b.customer_id = c.id\n\nLEFT JOIN employees e\n  ON b.employee_id = e.id\n\n\n-- PICKUP LOCATION\n-- Select only the most specific matching location\nLEFT JOIN LATERAL (\n  SELECT l.*\n  FROM locations l\n  WHERE l.location_type_id = 2\n    AND b.pickup ILIKE '%' || l.name || '%'\n  ORDER BY LENGTH(l.name) DESC, l.id ASC\n  LIMIT 1\n) lp ON true\n\n\n-- DROPOFF LOCATION\n-- Select only the most specific matching location\nLEFT JOIN LATERAL (\n  SELECT l.*\n  FROM locations l\n  WHERE l.location_type_id = 2\n    AND b.dropoff ILIKE '%' || l.name || '%'\n  ORDER BY LENGTH(l.name) DESC, l.id ASC\n  LIMIT 1\n) ld ON true\n\n\nLEFT JOIN location_types ltp\n  ON lp.location_type_id = ltp.id\n\nLEFT JOIN location_types ltd\n  ON ld.location_type_id = ltd.id\n\n\n  \n    WHERE b.trash = false AND \n    TO_DATE(b.pickup_date, 'YYYY-FMMM-FMDD')\n    >= TO_DATE($1, 'YYYY-MM-DD')\n   AND \n    TO_DATE(b.pickup_date, 'YYYY-FMMM-FMDD')\n    <= TO_DATE($2, 'YYYY-MM-DD')\n   AND TRIM(b.pickup_time)::time >= $3::time AND TRIM(b.pickup_time)::time <= $4::time AND b.booking_status_id = ANY($5::int[]) AND b.payment_type_id = ANY($6::int[]) AND b.pickup ILIKE $7 AND b.driver_id = $8\n  \n  ORDER BY (\n    TO_DATE(b.pickup_date,'YYYY-FMMM-FMDD')\n    +\n    TRIM(b.pickup_time)::time\n) ASC\n  OFFSET $9\n  LIMIT $10\n","timestamp":"2026-08-18T17:44:35.284Z"}
{"level":"info","message":"GET /api/bookings/booking-statistics?from_date=2020-07-01&to_date=2026-07-20&from_time=00:00&to_time=23:59&pickup=Tn30,%20Ashford%20Road,%20St.%20Michaels,%20Tenterden%20TN30%206BT&payment_type_id=1,2,3,4&booking_status_id=1,3,4,5,6,8,10,12,13,14,15&sort_order=ASC&sort_by=datetime&driver_id=167 200 111.324 ms","timestamp":"2026-08-18T17:44:35.286Z"}
{"duration":58,"level":"info","message":"db-query","rows":1,"text":"\n    SELECT COUNT(*) AS total\n    FROM bookings b\n    LEFT JOIN vehicle_types vt ON b.vehicle_type_id = vt.id\n    \n    WHERE b.trash = false AND \n    TO_DATE(b.pickup_date, 'YYYY-FMMM-FMDD')\n    >= TO_DATE($1, 'YYYY-MM-DD')\n   AND \n    TO_DATE(b.pickup_date, 'YYYY-FMMM-FMDD')\n    <= TO_DATE($2, 'YYYY-MM-DD')\n   AND TRIM(b.pickup_time)::time >= $3::time AND TRIM(b.pickup_time)::time <= $4::time AND b.booking_status_id = ANY($5::int[]) AND b.payment_type_id = ANY($6::int[]) AND b.pickup ILIKE $7 AND b.driver_id = $8\n  \n  ","timestamp":"2026-08-18T17:44:58.368Z"}
{"duration":2,"level":"info","message":"db-query","rows":1,"text":"\n    SELECT\n      COUNT(*) AS total_bookings,\n      COALESCE(SUM(b.fares), 0) AS total_earnings,\n      COALESCE(\n        SUM(\n          CASE\n            WHEN b.account_id IS NOT NULL\n            THEN b.fares\n            ELSE 0\n          END\n        ),\n        0\n      ) AS total_account_earnings\n    FROM bookings b\n    LEFT JOIN vehicle_types vt ON b.vehicle_type_id = vt.id\n    \n    WHERE b.trash = false AND \n    TO_DATE(b.pickup_date, 'YYYY-FMMM-FMDD')\n    >= TO_DATE($1, 'YYYY-MM-DD')\n   AND \n    TO_DATE(b.pickup_date, 'YYYY-FMMM-FMDD')\n    <= TO_DATE($2, 'YYYY-MM-DD')\n   AND TRIM(b.pickup_time)::time >= $3::time AND TRIM(b.pickup_time)::time <= $4::time AND b.booking_status_id = ANY($5::int[]) AND b.payment_type_id = ANY($6::int[]) AND b.pickup ILIKE $7 AND b.driver_id = $8\n  \n  ","timestamp":"2026-08-18T17:44:58.370Z"}
{"duration":40,"level":"info","message":"db-query","rows":16,"text":"\n  \nSELECT\n  b.id,\n  b.reference_number,\n  b.subsidiary_id,\n  b.booking_type_id,\n  b.booking_status_id,\n  b.journey_type_id,\n  b.account_id,\n  b.customer_id,\n  b.employee_id,\n  b.pickup,\n  b.dropoff,\n  b.pickup_date,\n  b.pickup_time,\n  b.dropoff_date,\n  b.dropoff_time,\n  b.pickup_door_number,\n  b.dropoff_door_number,\n  b.pickup_plot,\n  b.dropoff_plot,\n  b.pickup_location_type_id,\n  b.dropoff_location_type_id,\n  b.pickup_latitude,\n  b.pickup_longitude,\n  b.dropoff_latitude,\n  b.dropoff_longitude,\n  b.viapoints,\n  b.restricted_drivers,\n  b.flight_number,\n  b.arriving_from,\n  b.vehicle_type_id,\n  b.vehicle_id,\n  b.driver_id,\n  b.passengers,\n  b.luggages,\n  b.hand_luggages,\n  b.child_seat,\n  b.name,\n  b.email,\n  b.mobile,\n  b.telephone,\n  b.lead_time,\n  b.notes,\n  b.special_instructions,\n  b.payment_type_id,\n  b.company_price,\n  b.fares,\n  b.total_charges,\n  b.parking_charges,\n  b.waiting_charges,\n  b.extra_drop_charges,\n  b.credit_card_charges,\n  b.congestion_charges,\n  b.miles,\n  b.meet_and_greet,\n  b.department,\n  b.escort_id,\n  b.order_number,\n  b.booked_by,\n  b.add_return_fare,\n  b.fare_meter_status,\n  b.fare_meter,\n  b.quotation,\n  b.quoted,\n  b.dispatch,\n  b.dispatch_as,\n  b.sms,\n  b.emailflag,\n  b.trash,\n  b.hidden,\n  b.multi_booking_id,\n  b.associated_booking,\n  b.invoice_status,\n  b.commission_status,\n  b.commission,\n  b.skipped_bookings,\n  b.permanent,\n  b.toggle_driver_text,\n  b.toggle_passenger_text,\n  b.cancelled_reason,\n  b.booking_source,\n  b.on_route,\n  b.arrived,\n  b.passenger_on_board,\n  b.completed,\n  b.controller_completed,\n  b.driver_waiting_time,\n  b.dispatched_at,\n  b.booked_at,\n  b.stripe_customer_id,\n  b.stripe_payment_id,\n  b.invoice_number,\n  b.initial_subsidiary_id,\n  b.created_at,\n  b.updated_at,\n  b.eta,\n  b.fob,\n  b.future,\n\n  json_build_object(\n    'booking_status', bs.booking_status\n  ) AS booking_status,\n\n  json_build_object(\n    'booking_type', bt.booking_type\n  ) AS booking_type,\n\n  json_build_object(\n    'journey_type', jt.journey_type\n  ) AS journey_type,\n\n  json_build_object(\n    'id', s.id,\n    'name', s.name,\n    'telephone_number', s.telephone_number\n  ) AS subsidiary,\n\n  json_build_object(\n    'name', vt.name,\n    'background_color', vt.background_color,\n    'foreground_color', vt.foreground_color\n  ) AS vehicle_type,\n\n  json_build_object(\n    'id', pt.id,\n    'name', pt.name,\n    'background_color', pt.background_color,\n    'foreground_color', pt.foreground_color\n  ) AS payment_type,\n\n  json_build_object(\n    'id', a.id,\n    'name', a.name,\n    'background_color', a.background_color,\n    'foreground_color', a.foreground_color,\n    'has_vat', a.has_vat,\n    'bank_information', a.bank_information,\n    'fare_controller', a.fare_controller,\n    'account_fees_type', a.account_fees_type,\n    'account_fees', a.account_fees,\n    'account_fees_vat', a.account_fees_vat\n  ) AS account,\n\n  json_build_object(\n    'id', d.id,\n    'username', d.username,\n    'name', d.name,\n    'mobile_device_id', d.mobile_device_id,\n    'phc_vehicle_number', d.phc_vehicle_number,\n    'phc_driver_number', d.phc_driver_number,\n    'vehicle_id', d.vehicle_id,\n    'driver_commission', d.driver_commission,\n    'session_status', d.session_status,\n\n    'vehicle', json_build_object(\n      'make', v.make,\n      'model', v.model,\n      'color', v.color,\n      'vehicle_number', v.vehicle_number\n    )\n  ) AS driver,\n\n  json_build_object(\n    'door_number', c.door_number,\n    'address1', c.address1,\n    'address2', c.address2,\n    'blacklist', c.blacklist\n  ) AS customer,\n\n  json_build_object(\n    'username', e.username,\n    'role_id', e.role_id\n  ) AS employee,\n\n  json_build_object(\n    'pickup',\n    CASE\n      WHEN lp.id IS NOT NULL THEN\n        json_build_object(\n          'id', lp.id,\n          'name', lp.name,\n          'location_type', json_build_object(\n            'id', ltp.id,\n            'name', ltp.name,\n            'background_color', ltp.background_color,\n            'foreground_color', ltp.foreground_color\n          )\n        )\n      ELSE\n        json_build_object(\n          'id', null,\n          'name', null,\n          'location_type', json_build_object(\n            'id', null,\n            'name', null,\n            'background_color', null,\n            'foreground_color', null\n          )\n        )\n    END,\n\n    'dropoff',\n    CASE\n      WHEN ld.id IS NOT NULL THEN\n        json_build_object(\n          'id', ld.id,\n          'name', ld.name,\n          'location_type', json_build_object(\n            'id', ltd.id,\n            'name', ltd.name,\n            'background_color', ltd.background_color,\n            'foreground_color', ltd.foreground_color\n          )\n        )\n      ELSE\n        json_build_object(\n          'id', null,\n          'name', null,\n          'location_type', json_build_object(\n            'id', null,\n            'name', null,\n            'background_color', null,\n            'foreground_color', null\n          )\n        )\n    END\n  ) AS airport\n\nFROM bookings b\n\nLEFT JOIN booking_statuses bs\n  ON b.booking_status_id = bs.id\n\nLEFT JOIN booking_types bt\n  ON b.booking_type_id = bt.id\n\nLEFT JOIN journey_types jt\n  ON b.journey_type_id = jt.id\n\nLEFT JOIN subsidiaries s\n  ON b.subsidiary_id = s.id\n\nLEFT JOIN vehicle_types vt\n  ON b.vehicle_type_id = vt.id\n\nLEFT JOIN payment_types pt\n  ON b.payment_type_id = pt.id\n\nLEFT JOIN accounts a\n  ON b.account_id = a.id\n\nLEFT JOIN drivers d\n  ON b.driver_id = d.id\n\nLEFT JOIN vehicles v\n  ON d.vehicle_id = v.id\n\nLEFT JOIN customers c\n  ON b.customer_id = c.id\n\nLEFT JOIN employees e\n  ON b.employee_id = e.id\n\n\n-- PICKUP LOCATION\n-- Select only the most specific matching location\nLEFT JOIN LATERAL (\n  SELECT l.*\n  FROM locations l\n  WHERE l.location_type_id = 2\n    AND b.pickup ILIKE '%' || l.name || '%'\n  ORDER BY LENGTH(l.name) DESC, l.id ASC\n  LIMIT 1\n) lp ON true\n\n\n-- DROPOFF LOCATION\n-- Select only the most specific matching location\nLEFT JOIN LATERAL (\n  SELECT l.*\n  FROM locations l\n  WHERE l.location_type_id = 2\n    AND b.dropoff ILIKE '%' || l.name || '%'\n  ORDER BY LENGTH(l.name) DESC, l.id ASC\n  LIMIT 1\n) ld ON true\n\n\nLEFT JOIN location_types ltp\n  ON lp.location_type_id = ltp.id\n\nLEFT JOIN location_types ltd\n  ON ld.location_type_id = ltd.id\n\n\n  \n    WHERE b.trash = false AND \n    TO_DATE(b.pickup_date, 'YYYY-FMMM-FMDD')\n    >= TO_DATE($1, 'YYYY-MM-DD')\n   AND \n    TO_DATE(b.pickup_date, 'YYYY-FMMM-FMDD')\n    <= TO_DATE($2, 'YYYY-MM-DD')\n   AND TRIM(b.pickup_time)::time >= $3::time AND TRIM(b.pickup_time)::time <= $4::time AND b.booking_status_id = ANY($5::int[]) AND b.payment_type_id = ANY($6::int[]) AND b.pickup ILIKE $7 AND b.driver_id = $8\n  \n  ORDER BY (\n    TO_DATE(b.pickup_date,'YYYY-FMMM-FMDD')\n    +\n    TRIM(b.pickup_time)::time\n) ASC\n  OFFSET $9\n  LIMIT $10\n","timestamp":"2026-08-18T17:44:58.410Z"}
{"level":"info","message":"GET /api/bookings/booking-statistics?from_date=2020-07-01&to_date=2026-07-20&from_time=00:00&to_time=23:59&pickup=Tn30,%20Ashford%20Road,%20St.%20Michaels,%20Tenterden%20TN30%206BT&payment_type_id=1,2,3,4&booking_status_id=1,3,4,5,6,8,10,12,13,14,15&sort_order=ASC&sort_by=datetime&driver_id=167&fares=213.59 200 101.195 ms","timestamp":"2026-08-18T17:44:58.412Z"}
{"duration":2,"level":"info","message":"db-query","rows":1,"text":"\n    SELECT COUNT(*) AS total\n    FROM bookings b\n    LEFT JOIN vehicle_types vt ON b.vehicle_type_id = vt.id\n    \n    WHERE b.trash = false AND \n    TO_DATE(b.pickup_date, 'YYYY-FMMM-FMDD')\n    >= TO_DATE($1, 'YYYY-MM-DD')\n   AND \n    TO_DATE(b.pickup_date, 'YYYY-FMMM-FMDD')\n    <= TO_DATE($2, 'YYYY-MM-DD')\n   AND TRIM(b.pickup_time)::time >= $3::time AND TRIM(b.pickup_time)::time <= $4::time AND b.booking_status_id = ANY($5::int[]) AND b.payment_type_id = ANY($6::int[]) AND b.pickup ILIKE $7 AND b.driver_id = $8 AND b.fares::text ILIKE $9\n  \n  ","timestamp":"2026-08-18T17:45:04.413Z"}
{"duration":2,"level":"info","message":"db-query","rows":1,"text":"\n    SELECT\n      COUNT(*) AS total_bookings,\n      COALESCE(SUM(b.fares), 0) AS total_earnings,\n      COALESCE(\n        SUM(\n          CASE\n            WHEN b.account_id IS NOT NULL\n            THEN b.fares\n            ELSE 0\n          END\n        ),\n        0\n      ) AS total_account_earnings\n    FROM bookings b\n    LEFT JOIN vehicle_types vt ON b.vehicle_type_id = vt.id\n    \n    WHERE b.trash = false AND \n    TO_DATE(b.pickup_date, 'YYYY-FMMM-FMDD')\n    >= TO_DATE($1, 'YYYY-MM-DD')\n   AND \n    TO_DATE(b.pickup_date, 'YYYY-FMMM-FMDD')\n    <= TO_DATE($2, 'YYYY-MM-DD')\n   AND TRIM(b.pickup_time)::time >= $3::time AND TRIM(b.pickup_time)::time <= $4::time AND b.booking_status_id = ANY($5::int[]) AND b.payment_type_id = ANY($6::int[]) AND b.pickup ILIKE $7 AND b.driver_id = $8 AND b.fares::text ILIKE $9\n  \n  ","timestamp":"2026-08-18T17:45:04.415Z"}
{"duration":16,"level":"info","message":"db-query","rows":8,"text":"\n  \nSELECT\n  b.id,\n  b.reference_number,\n  b.subsidiary_id,\n  b.booking_type_id,\n  b.booking_status_id,\n  b.journey_type_id,\n  b.account_id,\n  b.customer_id,\n  b.employee_id,\n  b.pickup,\n  b.dropoff,\n  b.pickup_date,\n  b.pickup_time,\n  b.dropoff_date,\n  b.dropoff_time,\n  b.pickup_door_number,\n  b.dropoff_door_number,\n  b.pickup_plot,\n  b.dropoff_plot,\n  b.pickup_location_type_id,\n  b.dropoff_location_type_id,\n  b.pickup_latitude,\n  b.pickup_longitude,\n  b.dropoff_latitude,\n  b.dropoff_longitude,\n  b.viapoints,\n  b.restricted_drivers,\n  b.flight_number,\n  b.arriving_from,\n  b.vehicle_type_id,\n  b.vehicle_id,\n  b.driver_id,\n  b.passengers,\n  b.luggages,\n  b.hand_luggages,\n  b.child_seat,\n  b.name,\n  b.email,\n  b.mobile,\n  b.telephone,\n  b.lead_time,\n  b.notes,\n  b.special_instructions,\n  b.payment_type_id,\n  b.company_price,\n  b.fares,\n  b.total_charges,\n  b.parking_charges,\n  b.waiting_charges,\n  b.extra_drop_charges,\n  b.credit_card_charges,\n  b.congestion_charges,\n  b.miles,\n  b.meet_and_greet,\n  b.department,\n  b.escort_id,\n  b.order_number,\n  b.booked_by,\n  b.add_return_fare,\n  b.fare_meter_status,\n  b.fare_meter,\n  b.quotation,\n  b.quoted,\n  b.dispatch,\n  b.dispatch_as,\n  b.sms,\n  b.emailflag,\n  b.trash,\n  b.hidden,\n  b.multi_booking_id,\n  b.associated_booking,\n  b.invoice_status,\n  b.commission_status,\n  b.commission,\n  b.skipped_bookings,\n  b.permanent,\n  b.toggle_driver_text,\n  b.toggle_passenger_text,\n  b.cancelled_reason,\n  b.booking_source,\n  b.on_route,\n  b.arrived,\n  b.passenger_on_board,\n  b.completed,\n  b.controller_completed,\n  b.driver_waiting_time,\n  b.dispatched_at,\n  b.booked_at,\n  b.stripe_customer_id,\n  b.stripe_payment_id,\n  b.invoice_number,\n  b.initial_subsidiary_id,\n  b.created_at,\n  b.updated_at,\n  b.eta,\n  b.fob,\n  b.future,\n\n  json_build_object(\n    'booking_status', bs.booking_status\n  ) AS booking_status,\n\n  json_build_object(\n    'booking_type', bt.booking_type\n  ) AS booking_type,\n\n  json_build_object(\n    'journey_type', jt.journey_type\n  ) AS journey_type,\n\n  json_build_object(\n    'id', s.id,\n    'name', s.name,\n    'telephone_number', s.telephone_number\n  ) AS subsidiary,\n\n  json_build_object(\n    'name', vt.name,\n    'background_color', vt.background_color,\n    'foreground_color', vt.foreground_color\n  ) AS vehicle_type,\n\n  json_build_object(\n    'id', pt.id,\n    'name', pt.name,\n    'background_color', pt.background_color,\n    'foreground_color', pt.foreground_color\n  ) AS payment_type,\n\n  json_build_object(\n    'id', a.id,\n    'name', a.name,\n    'background_color', a.background_color,\n    'foreground_color', a.foreground_color,\n    'has_vat', a.has_vat,\n    'bank_information', a.bank_information,\n    'fare_controller', a.fare_controller,\n    'account_fees_type', a.account_fees_type,\n    'account_fees', a.account_fees,\n    'account_fees_vat', a.account_fees_vat\n  ) AS account,\n\n  json_build_object(\n    'id', d.id,\n    'username', d.username,\n    'name', d.name,\n    'mobile_device_id', d.mobile_device_id,\n    'phc_vehicle_number', d.phc_vehicle_number,\n    'phc_driver_number', d.phc_driver_number,\n    'vehicle_id', d.vehicle_id,\n    'driver_commission', d.driver_commission,\n    'session_status', d.session_status,\n\n    'vehicle', json_build_object(\n      'make', v.make,\n      'model', v.model,\n      'color', v.color,\n      'vehicle_number', v.vehicle_number\n    )\n  ) AS driver,\n\n  json_build_object(\n    'door_number', c.door_number,\n    'address1', c.address1,\n    'address2', c.address2,\n    'blacklist', c.blacklist\n  ) AS customer,\n\n  json_build_object(\n    'username', e.username,\n    'role_id', e.role_id\n  ) AS employee,\n\n  json_build_object(\n    'pickup',\n    CASE\n      WHEN lp.id IS NOT NULL THEN\n        json_build_object(\n          'id', lp.id,\n          'name', lp.name,\n          'location_type', json_build_object(\n            'id', ltp.id,\n            'name', ltp.name,\n            'background_color', ltp.background_color,\n            'foreground_color', ltp.foreground_color\n          )\n        )\n      ELSE\n        json_build_object(\n          'id', null,\n          'name', null,\n          'location_type', json_build_object(\n            'id', null,\n            'name', null,\n            'background_color', null,\n            'foreground_color', null\n          )\n        )\n    END,\n\n    'dropoff',\n    CASE\n      WHEN ld.id IS NOT NULL THEN\n        json_build_object(\n          'id', ld.id,\n          'name', ld.name,\n          'location_type', json_build_object(\n            'id', ltd.id,\n            'name', ltd.name,\n            'background_color', ltd.background_color,\n            'foreground_color', ltd.foreground_color\n          )\n        )\n      ELSE\n        json_build_object(\n          'id', null,\n          'name', null,\n          'location_type', json_build_object(\n            'id', null,\n            'name', null,\n            'background_color', null,\n            'foreground_color', null\n          )\n        )\n    END\n  ) AS airport\n\nFROM bookings b\n\nLEFT JOIN booking_statuses bs\n  ON b.booking_status_id = bs.id\n\nLEFT JOIN booking_types bt\n  ON b.booking_type_id = bt.id\n\nLEFT JOIN journey_types jt\n  ON b.journey_type_id = jt.id\n\nLEFT JOIN subsidiaries s\n  ON b.subsidiary_id = s.id\n\nLEFT JOIN vehicle_types vt\n  ON b.vehicle_type_id = vt.id\n\nLEFT JOIN payment_types pt\n  ON b.payment_type_id = pt.id\n\nLEFT JOIN accounts a\n  ON b.account_id = a.id\n\nLEFT JOIN drivers d\n  ON b.driver_id = d.id\n\nLEFT JOIN vehicles v\n  ON d.vehicle_id = v.id\n\nLEFT JOIN customers c\n  ON b.customer_id = c.id\n\nLEFT JOIN employees e\n  ON b.employee_id = e.id\n\n\n-- PICKUP LOCATION\n-- Select only the most specific matching location\nLEFT JOIN LATERAL (\n  SELECT l.*\n  FROM locations l\n  WHERE l.location_type_id = 2\n    AND b.pickup ILIKE '%' || l.name || '%'\n  ORDER BY LENGTH(l.name) DESC, l.id ASC\n  LIMIT 1\n) lp ON true\n\n\n-- DROPOFF LOCATION\n-- Select only the most specific matching location\nLEFT JOIN LATERAL (\n  SELECT l.*\n  FROM locations l\n  WHERE l.location_type_id = 2\n    AND b.dropoff ILIKE '%' || l.name || '%'\n  ORDER BY LENGTH(l.name) DESC, l.id ASC\n  LIMIT 1\n) ld ON true\n\n\nLEFT JOIN location_types ltp\n  ON lp.location_type_id = ltp.id\n\nLEFT JOIN location_types ltd\n  ON ld.location_type_id = ltd.id\n\n\n  \n    WHERE b.trash = false AND \n    TO_DATE(b.pickup_date, 'YYYY-FMMM-FMDD')\n    >= TO_DATE($1, 'YYYY-MM-DD')\n   AND \n    TO_DATE(b.pickup_date, 'YYYY-FMMM-FMDD')\n    <= TO_DATE($2, 'YYYY-MM-DD')\n   AND TRIM(b.pickup_time)::time >= $3::time AND TRIM(b.pickup_time)::time <= $4::time AND b.booking_status_id = ANY($5::int[]) AND b.payment_type_id = ANY($6::int[]) AND b.pickup ILIKE $7 AND b.driver_id = $8 AND b.fares::text ILIKE $9\n  \n  ORDER BY (\n    TO_DATE(b.pickup_date,'YYYY-FMMM-FMDD')\n    +\n    TRIM(b.pickup_time)::time\n) ASC\n  OFFSET $10\n  LIMIT $11\n","timestamp":"2026-08-18T17:45:04.432Z"}
{"level":"info","message":"GET /api/bookings/booking-statistics?from_date=2020-07-01&to_date=2026-07-20&from_time=00:00&to_time=23:59&pickup=Tn30,%20Ashford%20Road,%20St.%20Michaels,%20Tenterden%20TN30%206BT&payment_type_id=1,2,3,4&booking_status_id=1,3,4,5,6,8,10,12,13,14,15&sort_order=ASC&sort_by=datetime&driver_id=167&fare=213.59 200 22.727 ms","timestamp":"2026-08-18T17:45:04.434Z"}
{"level":"info","message":"GET /api/bookings/booking-statistics?from_date=2020-07-01&to_date=2026-07-20&from_time=00:00&to_time=23:59&pickup=Tn30,%20Ashford%20Road,%20St.%20Michaels,%20Tenterden%20TN30%206BT&payment_type_id=1,2,3,4&booking_status_id=1,3,4,5,6,8,10,12,13,14,15&sort_order=ASC&sort_by=datetime&driver_id=167&fare=213.59&journey_type=o 500 50.717 ms","timestamp":"2026-08-18T17:46:54.626Z"}
{"duration":55,"level":"info","message":"db-query","rows":1,"text":"\n    SELECT COUNT(*) AS total\n    FROM bookings b\n    LEFT JOIN vehicle_types vt ON b.vehicle_type_id = vt.id\n    \n    WHERE b.trash = false AND \n    TO_DATE(b.pickup_date, 'YYYY-FMMM-FMDD')\n    >= TO_DATE($1, 'YYYY-MM-DD')\n   AND \n    TO_DATE(b.pickup_date, 'YYYY-FMMM-FMDD')\n    <= TO_DATE($2, 'YYYY-MM-DD')\n   AND TRIM(b.pickup_time)::time >= $3::time AND TRIM(b.pickup_time)::time <= $4::time AND b.booking_status_id = ANY($5::int[]) AND b.payment_type_id = ANY($6::int[]) AND b.pickup ILIKE $7 AND b.driver_id = $8 AND b.fares::text ILIKE $9\n  \n  ","timestamp":"2026-08-18T17:47:10.796Z"}
{"duration":3,"level":"info","message":"db-query","rows":1,"text":"\n    SELECT\n      COUNT(*) AS total_bookings,\n      COALESCE(SUM(b.fares), 0) AS total_earnings,\n      COALESCE(\n        SUM(\n          CASE\n            WHEN b.account_id IS NOT NULL\n            THEN b.fares\n            ELSE 0\n          END\n        ),\n        0\n      ) AS total_account_earnings\n    FROM bookings b\n    LEFT JOIN vehicle_types vt ON b.vehicle_type_id = vt.id\n    \n    WHERE b.trash = false AND \n    TO_DATE(b.pickup_date, 'YYYY-FMMM-FMDD')\n    >= TO_DATE($1, 'YYYY-MM-DD')\n   AND \n    TO_DATE(b.pickup_date, 'YYYY-FMMM-FMDD')\n    <= TO_DATE($2, 'YYYY-MM-DD')\n   AND TRIM(b.pickup_time)::time >= $3::time AND TRIM(b.pickup_time)::time <= $4::time AND b.booking_status_id = ANY($5::int[]) AND b.payment_type_id = ANY($6::int[]) AND b.pickup ILIKE $7 AND b.driver_id = $8 AND b.fares::text ILIKE $9\n  \n  ","timestamp":"2026-08-18T17:47:10.799Z"}
{"duration":46,"level":"info","message":"db-query","rows":8,"text":"\n  \nSELECT\n  b.id,\n  b.reference_number,\n  b.subsidiary_id,\n  b.booking_type_id,\n  b.booking_status_id,\n  b.journey_type_id,\n  b.account_id,\n  b.customer_id,\n  b.employee_id,\n  b.pickup,\n  b.dropoff,\n  b.pickup_date,\n  b.pickup_time,\n  b.dropoff_date,\n  b.dropoff_time,\n  b.pickup_door_number,\n  b.dropoff_door_number,\n  b.pickup_plot,\n  b.dropoff_plot,\n  b.pickup_location_type_id,\n  b.dropoff_location_type_id,\n  b.pickup_latitude,\n  b.pickup_longitude,\n  b.dropoff_latitude,\n  b.dropoff_longitude,\n  b.viapoints,\n  b.restricted_drivers,\n  b.flight_number,\n  b.arriving_from,\n  b.vehicle_type_id,\n  b.vehicle_id,\n  b.driver_id,\n  b.passengers,\n  b.luggages,\n  b.hand_luggages,\n  b.child_seat,\n  b.name,\n  b.email,\n  b.mobile,\n  b.telephone,\n  b.lead_time,\n  b.notes,\n  b.special_instructions,\n  b.payment_type_id,\n  b.company_price,\n  b.fares,\n  b.total_charges,\n  b.parking_charges,\n  b.waiting_charges,\n  b.extra_drop_charges,\n  b.credit_card_charges,\n  b.congestion_charges,\n  b.miles,\n  b.meet_and_greet,\n  b.department,\n  b.escort_id,\n  b.order_number,\n  b.booked_by,\n  b.add_return_fare,\n  b.fare_meter_status,\n  b.fare_meter,\n  b.quotation,\n  b.quoted,\n  b.dispatch,\n  b.dispatch_as,\n  b.sms,\n  b.emailflag,\n  b.trash,\n  b.hidden,\n  b.multi_booking_id,\n  b.associated_booking,\n  b.invoice_status,\n  b.commission_status,\n  b.commission,\n  b.skipped_bookings,\n  b.permanent,\n  b.toggle_driver_text,\n  b.toggle_passenger_text,\n  b.cancelled_reason,\n  b.booking_source,\n  b.on_route,\n  b.arrived,\n  b.passenger_on_board,\n  b.completed,\n  b.controller_completed,\n  b.driver_waiting_time,\n  b.dispatched_at,\n  b.booked_at,\n  b.stripe_customer_id,\n  b.stripe_payment_id,\n  b.invoice_number,\n  b.initial_subsidiary_id,\n  b.created_at,\n  b.updated_at,\n  b.eta,\n  b.fob,\n  b.future,\n\n  json_build_object(\n    'booking_status', bs.booking_status\n  ) AS booking_status,\n\n  json_build_object(\n    'booking_type', bt.booking_type\n  ) AS booking_type,\n\n  json_build_object(\n    'journey_type', jt.journey_type\n  ) AS journey_type,\n\n  json_build_object(\n    'id', s.id,\n    'name', s.name,\n    'telephone_number', s.telephone_number\n  ) AS subsidiary,\n\n  json_build_object(\n    'name', vt.name,\n    'background_color', vt.background_color,\n    'foreground_color', vt.foreground_color\n  ) AS vehicle_type,\n\n  json_build_object(\n    'id', pt.id,\n    'name', pt.name,\n    'background_color', pt.background_color,\n    'foreground_color', pt.foreground_color\n  ) AS payment_type,\n\n  json_build_object(\n    'id', a.id,\n    'name', a.name,\n    'background_color', a.background_color,\n    'foreground_color', a.foreground_color,\n    'has_vat', a.has_vat,\n    'bank_information', a.bank_information,\n    'fare_controller', a.fare_controller,\n    'account_fees_type', a.account_fees_type,\n    'account_fees', a.account_fees,\n    'account_fees_vat', a.account_fees_vat\n  ) AS account,\n\n  json_build_object(\n    'id', d.id,\n    'username', d.username,\n    'name', d.name,\n    'mobile_device_id', d.mobile_device_id,\n    'phc_vehicle_number', d.phc_vehicle_number,\n    'phc_driver_number', d.phc_driver_number,\n    'vehicle_id', d.vehicle_id,\n    'driver_commission', d.driver_commission,\n    'session_status', d.session_status,\n\n    'vehicle', json_build_object(\n      'make', v.make,\n      'model', v.model,\n      'color', v.color,\n      'vehicle_number', v.vehicle_number\n    )\n  ) AS driver,\n\n  json_build_object(\n    'door_number', c.door_number,\n    'address1', c.address1,\n    'address2', c.address2,\n    'blacklist', c.blacklist\n  ) AS customer,\n\n  json_build_object(\n    'username', e.username,\n    'role_id', e.role_id\n  ) AS employee,\n\n  json_build_object(\n    'pickup',\n    CASE\n      WHEN lp.id IS NOT NULL THEN\n        json_build_object(\n          'id', lp.id,\n          'name', lp.name,\n          'location_type', json_build_object(\n            'id', ltp.id,\n            'name', ltp.name,\n            'background_color', ltp.background_color,\n            'foreground_color', ltp.foreground_color\n          )\n        )\n      ELSE\n        json_build_object(\n          'id', null,\n          'name', null,\n          'location_type', json_build_object(\n            'id', null,\n            'name', null,\n            'background_color', null,\n            'foreground_color', null\n          )\n        )\n    END,\n\n    'dropoff',\n    CASE\n      WHEN ld.id IS NOT NULL THEN\n        json_build_object(\n          'id', ld.id,\n          'name', ld.name,\n          'location_type', json_build_object(\n            'id', ltd.id,\n            'name', ltd.name,\n            'background_color', ltd.background_color,\n            'foreground_color', ltd.foreground_color\n          )\n        )\n      ELSE\n        json_build_object(\n          'id', null,\n          'name', null,\n          'location_type', json_build_object(\n            'id', null,\n            'name', null,\n            'background_color', null,\n            'foreground_color', null\n          )\n        )\n    END\n  ) AS airport\n\nFROM bookings b\n\nLEFT JOIN booking_statuses bs\n  ON b.booking_status_id = bs.id\n\nLEFT JOIN booking_types bt\n  ON b.booking_type_id = bt.id\n\nLEFT JOIN journey_types jt\n  ON b.journey_type_id = jt.id\n\nLEFT JOIN subsidiaries s\n  ON b.subsidiary_id = s.id\n\nLEFT JOIN vehicle_types vt\n  ON b.vehicle_type_id = vt.id\n\nLEFT JOIN payment_types pt\n  ON b.payment_type_id = pt.id\n\nLEFT JOIN accounts a\n  ON b.account_id = a.id\n\nLEFT JOIN drivers d\n  ON b.driver_id = d.id\n\nLEFT JOIN vehicles v\n  ON d.vehicle_id = v.id\n\nLEFT JOIN customers c\n  ON b.customer_id = c.id\n\nLEFT JOIN employees e\n  ON b.employee_id = e.id\n\n\n-- PICKUP LOCATION\n-- Select only the most specific matching location\nLEFT JOIN LATERAL (\n  SELECT l.*\n  FROM locations l\n  WHERE l.location_type_id = 2\n    AND b.pickup ILIKE '%' || l.name || '%'\n  ORDER BY LENGTH(l.name) DESC, l.id ASC\n  LIMIT 1\n) lp ON true\n\n\n-- DROPOFF LOCATION\n-- Select only the most specific matching location\nLEFT JOIN LATERAL (\n  SELECT l.*\n  FROM locations l\n  WHERE l.location_type_id = 2\n    AND b.dropoff ILIKE '%' || l.name || '%'\n  ORDER BY LENGTH(l.name) DESC, l.id ASC\n  LIMIT 1\n) ld ON true\n\n\nLEFT JOIN location_types ltp\n  ON lp.location_type_id = ltp.id\n\nLEFT JOIN location_types ltd\n  ON ld.location_type_id = ltd.id\n\n\n  \n    WHERE b.trash = false AND \n    TO_DATE(b.pickup_date, 'YYYY-FMMM-FMDD')\n    >= TO_DATE($1, 'YYYY-MM-DD')\n   AND \n    TO_DATE(b.pickup_date, 'YYYY-FMMM-FMDD')\n    <= TO_DATE($2, 'YYYY-MM-DD')\n   AND TRIM(b.pickup_time)::time >= $3::time AND TRIM(b.pickup_time)::time <= $4::time AND b.booking_status_id = ANY($5::int[]) AND b.payment_type_id = ANY($6::int[]) AND b.pickup ILIKE $7 AND b.driver_id = $8 AND b.fares::text ILIKE $9\n  \n  ORDER BY (\n    TO_DATE(b.pickup_date,'YYYY-FMMM-FMDD')\n    +\n    TRIM(b.pickup_time)::time\n) ASC\n  OFFSET $10\n  LIMIT $11\n","timestamp":"2026-08-18T17:47:10.845Z"}
{"level":"info","message":"GET /api/bookings/booking-statistics?from_date=2020-07-01&to_date=2026-07-20&from_time=00:00&to_time=23:59&pickup=Tn30,%20Ashford%20Road,%20St.%20Michaels,%20Tenterden%20TN30%206BT&payment_type_id=1,2,3,4&booking_status_id=1,3,4,5,6,8,10,12,13,14,15&sort_order=ASC&sort_by=datetime&driver_id=167&fare=213.59 200 105.833 ms","timestamp":"2026-08-18T17:47:10.848Z"}
{"duration":57,"level":"info","message":"db-query","rows":1,"text":"\n    SELECT COUNT(*) AS total\n    FROM bookings b\n    LEFT JOIN vehicle_types vt ON b.vehicle_type_id = vt.id\n    \n    WHERE b.trash = false AND \n    TO_DATE(b.pickup_date, 'YYYY-FMMM-FMDD')\n    >= TO_DATE($1, 'YYYY-MM-DD')\n   AND \n    TO_DATE(b.pickup_date, 'YYYY-FMMM-FMDD')\n    <= TO_DATE($2, 'YYYY-MM-DD')\n   AND TRIM(b.pickup_time)::time >= $3::time AND TRIM(b.pickup_time)::time <= $4::time AND b.booking_status_id = ANY($5::int[]) AND b.payment_type_id = ANY($6::int[]) AND b.pickup ILIKE $7 AND b.driver_id = $8 AND b.invoice_number ILIKE $9\n  \n  ","timestamp":"2026-08-18T17:47:39.557Z"}
{"duration":2,"level":"info","message":"db-query","rows":1,"text":"\n    SELECT\n      COUNT(*) AS total_bookings,\n      COALESCE(SUM(b.fares), 0) AS total_earnings,\n      COALESCE(\n        SUM(\n          CASE\n            WHEN b.account_id IS NOT NULL\n            THEN b.fares\n            ELSE 0\n          END\n        ),\n        0\n      ) AS total_account_earnings\n    FROM bookings b\n    LEFT JOIN vehicle_types vt ON b.vehicle_type_id = vt.id\n    \n    WHERE b.trash = false AND \n    TO_DATE(b.pickup_date, 'YYYY-FMMM-FMDD')\n    >= TO_DATE($1, 'YYYY-MM-DD')\n   AND \n    TO_DATE(b.pickup_date, 'YYYY-FMMM-FMDD')\n    <= TO_DATE($2, 'YYYY-MM-DD')\n   AND TRIM(b.pickup_time)::time >= $3::time AND TRIM(b.pickup_time)::time <= $4::time AND b.booking_status_id = ANY($5::int[]) AND b.payment_type_id = ANY($6::int[]) AND b.pickup ILIKE $7 AND b.driver_id = $8 AND b.invoice_number ILIKE $9\n  \n  ","timestamp":"2026-08-18T17:47:39.559Z"}
{"duration":42,"level":"info","message":"db-query","rows":1,"text":"\n  \nSELECT\n  b.id,\n  b.reference_number,\n  b.subsidiary_id,\n  b.booking_type_id,\n  b.booking_status_id,\n  b.journey_type_id,\n  b.account_id,\n  b.customer_id,\n  b.employee_id,\n  b.pickup,\n  b.dropoff,\n  b.pickup_date,\n  b.pickup_time,\n  b.dropoff_date,\n  b.dropoff_time,\n  b.pickup_door_number,\n  b.dropoff_door_number,\n  b.pickup_plot,\n  b.dropoff_plot,\n  b.pickup_location_type_id,\n  b.dropoff_location_type_id,\n  b.pickup_latitude,\n  b.pickup_longitude,\n  b.dropoff_latitude,\n  b.dropoff_longitude,\n  b.viapoints,\n  b.restricted_drivers,\n  b.flight_number,\n  b.arriving_from,\n  b.vehicle_type_id,\n  b.vehicle_id,\n  b.driver_id,\n  b.passengers,\n  b.luggages,\n  b.hand_luggages,\n  b.child_seat,\n  b.name,\n  b.email,\n  b.mobile,\n  b.telephone,\n  b.lead_time,\n  b.notes,\n  b.special_instructions,\n  b.payment_type_id,\n  b.company_price,\n  b.fares,\n  b.total_charges,\n  b.parking_charges,\n  b.waiting_charges,\n  b.extra_drop_charges,\n  b.credit_card_charges,\n  b.congestion_charges,\n  b.miles,\n  b.meet_and_greet,\n  b.department,\n  b.escort_id,\n  b.order_number,\n  b.booked_by,\n  b.add_return_fare,\n  b.fare_meter_status,\n  b.fare_meter,\n  b.quotation,\n  b.quoted,\n  b.dispatch,\n  b.dispatch_as,\n  b.sms,\n  b.emailflag,\n  b.trash,\n  b.hidden,\n  b.multi_booking_id,\n  b.associated_booking,\n  b.invoice_status,\n  b.commission_status,\n  b.commission,\n  b.skipped_bookings,\n  b.permanent,\n  b.toggle_driver_text,\n  b.toggle_passenger_text,\n  b.cancelled_reason,\n  b.booking_source,\n  b.on_route,\n  b.arrived,\n  b.passenger_on_board,\n  b.completed,\n  b.controller_completed,\n  b.driver_waiting_time,\n  b.dispatched_at,\n  b.booked_at,\n  b.stripe_customer_id,\n  b.stripe_payment_id,\n  b.invoice_number,\n  b.initial_subsidiary_id,\n  b.created_at,\n  b.updated_at,\n  b.eta,\n  b.fob,\n  b.future,\n\n  json_build_object(\n    'booking_status', bs.booking_status\n  ) AS booking_status,\n\n  json_build_object(\n    'booking_type', bt.booking_type\n  ) AS booking_type,\n\n  json_build_object(\n    'journey_type', jt.journey_type\n  ) AS journey_type,\n\n  json_build_object(\n    'id', s.id,\n    'name', s.name,\n    'telephone_number', s.telephone_number\n  ) AS subsidiary,\n\n  json_build_object(\n    'name', vt.name,\n    'background_color', vt.background_color,\n    'foreground_color', vt.foreground_color\n  ) AS vehicle_type,\n\n  json_build_object(\n    'id', pt.id,\n    'name', pt.name,\n    'background_color', pt.background_color,\n    'foreground_color', pt.foreground_color\n  ) AS payment_type,\n\n  json_build_object(\n    'id', a.id,\n    'name', a.name,\n    'background_color', a.background_color,\n    'foreground_color', a.foreground_color,\n    'has_vat', a.has_vat,\n    'bank_information', a.bank_information,\n    'fare_controller', a.fare_controller,\n    'account_fees_type', a.account_fees_type,\n    'account_fees', a.account_fees,\n    'account_fees_vat', a.account_fees_vat\n  ) AS account,\n\n  json_build_object(\n    'id', d.id,\n    'username', d.username,\n    'name', d.name,\n    'mobile_device_id', d.mobile_device_id,\n    'phc_vehicle_number', d.phc_vehicle_number,\n    'phc_driver_number', d.phc_driver_number,\n    'vehicle_id', d.vehicle_id,\n    'driver_commission', d.driver_commission,\n    'session_status', d.session_status,\n\n    'vehicle', json_build_object(\n      'make', v.make,\n      'model', v.model,\n      'color', v.color,\n      'vehicle_number', v.vehicle_number\n    )\n  ) AS driver,\n\n  json_build_object(\n    'door_number', c.door_number,\n    'address1', c.address1,\n    'address2', c.address2,\n    'blacklist', c.blacklist\n  ) AS customer,\n\n  json_build_object(\n    'username', e.username,\n    'role_id', e.role_id\n  ) AS employee,\n\n  json_build_object(\n    'pickup',\n    CASE\n      WHEN lp.id IS NOT NULL THEN\n        json_build_object(\n          'id', lp.id,\n          'name', lp.name,\n          'location_type', json_build_object(\n            'id', ltp.id,\n            'name', ltp.name,\n            'background_color', ltp.background_color,\n            'foreground_color', ltp.foreground_color\n          )\n        )\n      ELSE\n        json_build_object(\n          'id', null,\n          'name', null,\n          'location_type', json_build_object(\n            'id', null,\n            'name', null,\n            'background_color', null,\n            'foreground_color', null\n          )\n        )\n    END,\n\n    'dropoff',\n    CASE\n      WHEN ld.id IS NOT NULL THEN\n        json_build_object(\n          'id', ld.id,\n          'name', ld.name,\n          'location_type', json_build_object(\n            'id', ltd.id,\n            'name', ltd.name,\n            'background_color', ltd.background_color,\n            'foreground_color', ltd.foreground_color\n          )\n        )\n      ELSE\n        json_build_object(\n          'id', null,\n          'name', null,\n          'location_type', json_build_object(\n            'id', null,\n            'name', null,\n            'background_color', null,\n            'foreground_color', null\n          )\n        )\n    END\n  ) AS airport\n\nFROM bookings b\n\nLEFT JOIN booking_statuses bs\n  ON b.booking_status_id = bs.id\n\nLEFT JOIN booking_types bt\n  ON b.booking_type_id = bt.id\n\nLEFT JOIN journey_types jt\n  ON b.journey_type_id = jt.id\n\nLEFT JOIN subsidiaries s\n  ON b.subsidiary_id = s.id\n\nLEFT JOIN vehicle_types vt\n  ON b.vehicle_type_id = vt.id\n\nLEFT JOIN payment_types pt\n  ON b.payment_type_id = pt.id\n\nLEFT JOIN accounts a\n  ON b.account_id = a.id\n\nLEFT JOIN drivers d\n  ON b.driver_id = d.id\n\nLEFT JOIN vehicles v\n  ON d.vehicle_id = v.id\n\nLEFT JOIN customers c\n  ON b.customer_id = c.id\n\nLEFT JOIN employees e\n  ON b.employee_id = e.id\n\n\n-- PICKUP LOCATION\n-- Select only the most specific matching location\nLEFT JOIN LATERAL (\n  SELECT l.*\n  FROM locations l\n  WHERE l.location_type_id = 2\n    AND b.pickup ILIKE '%' || l.name || '%'\n  ORDER BY LENGTH(l.name) DESC, l.id ASC\n  LIMIT 1\n) lp ON true\n\n\n-- DROPOFF LOCATION\n-- Select only the most specific matching location\nLEFT JOIN LATERAL (\n  SELECT l.*\n  FROM locations l\n  WHERE l.location_type_id = 2\n    AND b.dropoff ILIKE '%' || l.name || '%'\n  ORDER BY LENGTH(l.name) DESC, l.id ASC\n  LIMIT 1\n) ld ON true\n\n\nLEFT JOIN location_types ltp\n  ON lp.location_type_id = ltp.id\n\nLEFT JOIN location_types ltd\n  ON ld.location_type_id = ltd.id\n\n\n  \n    WHERE b.trash = false AND \n    TO_DATE(b.pickup_date, 'YYYY-FMMM-FMDD')\n    >= TO_DATE($1, 'YYYY-MM-DD')\n   AND \n    TO_DATE(b.pickup_date, 'YYYY-FMMM-FMDD')\n    <= TO_DATE($2, 'YYYY-MM-DD')\n   AND TRIM(b.pickup_time)::time >= $3::time AND TRIM(b.pickup_time)::time <= $4::time AND b.booking_status_id = ANY($5::int[]) AND b.payment_type_id = ANY($6::int[]) AND b.pickup ILIKE $7 AND b.driver_id = $8 AND b.invoice_number ILIKE $9\n  \n  ORDER BY (\n    TO_DATE(b.pickup_date,'YYYY-FMMM-FMDD')\n    +\n    TRIM(b.pickup_time)::time\n) ASC\n  OFFSET $10\n  LIMIT $11\n","timestamp":"2026-08-18T17:47:39.601Z"}
{"level":"info","message":"GET /api/bookings/booking-statistics?from_date=2020-07-01&to_date=2026-07-20&from_time=00:00&to_time=23:59&pickup=Tn30,%20Ashford%20Road,%20St.%20Michaels,%20Tenterden%20TN30%206BT&payment_type_id=1,2,3,4&booking_status_id=1,3,4,5,6,8,10,12,13,14,15&sort_order=ASC&sort_by=datetime&driver_id=167&invoice_number=UL17809110643424 200 101.943 ms","timestamp":"2026-08-18T17:47:39.602Z"}
{"level":"info","message":"GET /api/bookings/booking-statistics?from_date=2020-07-01&to_date=2026-07-20&from_time=00:00&to_time=23:59&pickup=Tn30,%20Ashford%20Road,%20St.%20Michaels,%20Tenterden%20TN30%206BT&payment_type_id=1,2,3,4&booking_status_id=1,3,4,5,6,8,10,12,13,14,15&sort_order=ASC&sort_by=datetime&driver_id=167&invoice_number=UL17809110643424&journey_type=o/w 500 58.957 ms","timestamp":"2026-08-18T17:48:37.700Z"}
{"duration":8,"level":"info","message":"db-query","rows":26,"text":"SELECT * FROM location_types","timestamp":"2026-08-18T17:49:45.330Z"}
{"level":"info","message":"GET /api/location-types 200 15.432 ms","timestamp":"2026-08-18T17:49:45.337Z"}
{"duration":55,"level":"info","message":"db-query","rows":26,"text":"SELECT * FROM location_types","timestamp":"2026-08-18T17:49:45.379Z"}
{"level":"info","message":"GET /api/location-types 200 57.309 ms","timestamp":"2026-08-18T17:49:45.381Z"}
{"level":"info","message":"GET /api/bookings/booking-statistics?from_date=2020-07-01&to_date=2026-07-20&from_time=00:00&to_time=23:59&pickup=Tn30,%20Ashford%20Road,%20St.%20Michaels,%20Tenterden%20TN30%206BT&payment_type_id=1,2,3,4&booking_status_id=1,3,4,5,6,8,10,12,13,14,15&sort_order=ASC&sort_by=datetime&driver_id=167&invoice_number=UL17809110643424&journey_type=o/w 500 7.665 ms","timestamp":"2026-08-18T17:49:48.022Z"}
{"duration":10,"level":"info","message":"db-query","rows":26,"text":"SELECT * FROM location_types","timestamp":"2026-08-18T17:51:47.439Z"}
{"level":"info","message":"GET /api/location-types 200 20.986 ms","timestamp":"2026-08-18T17:51:47.450Z"}
{"duration":60,"level":"info","message":"db-query","rows":26,"text":"SELECT * FROM location_types","timestamp":"2026-08-18T17:51:47.493Z"}
{"level":"info","message":"GET /api/location-types 200 61.264 ms","timestamp":"2026-08-18T17:51:47.494Z"}
{"duration":21,"level":"info","message":"db-query","rows":1,"text":"\n    SELECT COUNT(*) AS total\n    FROM bookings b\n    \n    LEFT JOIN vehicle_types vt ON b.vehicle_type_id = vt.id\n    LEFT JOIN journey_types jt ON b.journey_type_id = jt.id\n  \n    \n    WHERE b.trash = false AND \n      TO_DATE(b.pickup_date, 'YYYY-FMMM-FMDD')\n      >= TO_DATE($1, 'YYYY-MM-DD')\n     AND \n      TO_DATE(b.pickup_date, 'YYYY-FMMM-FMDD')\n      <= TO_DATE($2, 'YYYY-MM-DD')\n     AND TRIM(b.pickup_time)::time >= $3::time AND TRIM(b.pickup_time)::time <= $4::time AND b.booking_status_id = ANY($5::int[]) AND b.payment_type_id = ANY($6::int[]) AND b.pickup ILIKE $7 AND b.driver_id = $8 AND b.invoice_number ILIKE $9\n  \n  ","timestamp":"2026-08-18T17:51:51.391Z"}
{"duration":3,"level":"info","message":"db-query","rows":1,"text":"\n    SELECT\n      COUNT(*) AS total_bookings,\n      COALESCE(SUM(b.fares), 0) AS total_earnings,\n      COALESCE(\n        SUM(\n          CASE\n            WHEN b.account_id IS NOT NULL\n            THEN b.fares\n            ELSE 0\n          END\n        ),\n        0\n      ) AS total_account_earnings\n    FROM bookings b\n    \n    LEFT JOIN vehicle_types vt ON b.vehicle_type_id = vt.id\n    LEFT JOIN journey_types jt ON b.journey_type_id = jt.id\n  \n    \n    WHERE b.trash = false AND \n      TO_DATE(b.pickup_date, 'YYYY-FMMM-FMDD')\n      >= TO_DATE($1, 'YYYY-MM-DD')\n     AND \n      TO_DATE(b.pickup_date, 'YYYY-FMMM-FMDD')\n      <= TO_DATE($2, 'YYYY-MM-DD')\n     AND TRIM(b.pickup_time)::time >= $3::time AND TRIM(b.pickup_time)::time <= $4::time AND b.booking_status_id = ANY($5::int[]) AND b.payment_type_id = ANY($6::int[]) AND b.pickup ILIKE $7 AND b.driver_id = $8 AND b.invoice_number ILIKE $9\n  \n  ","timestamp":"2026-08-18T17:51:51.395Z"}
{"duration":40,"level":"info","message":"db-query","rows":1,"text":"\n    \nSELECT\n  b.id,\n  b.reference_number,\n  b.subsidiary_id,\n  b.booking_type_id,\n  b.booking_status_id,\n  b.journey_type_id,\n  b.account_id,\n  b.customer_id,\n  b.employee_id,\n  b.pickup,\n  b.dropoff,\n  b.pickup_date,\n  b.pickup_time,\n  b.dropoff_date,\n  b.dropoff_time,\n  b.pickup_door_number,\n  b.dropoff_door_number,\n  b.pickup_plot,\n  b.dropoff_plot,\n  b.pickup_location_type_id,\n  b.dropoff_location_type_id,\n  b.pickup_latitude,\n  b.pickup_longitude,\n  b.dropoff_latitude,\n  b.dropoff_longitude,\n  b.viapoints,\n  b.restricted_drivers,\n  b.flight_number,\n  b.arriving_from,\n  b.vehicle_type_id,\n  b.vehicle_id,\n  b.driver_id,\n  b.passengers,\n  b.luggages,\n  b.hand_luggages,\n  b.child_seat,\n  b.name,\n  b.email,\n  b.mobile,\n  b.telephone,\n  b.lead_time,\n  b.notes,\n  b.special_instructions,\n  b.payment_type_id,\n  b.company_price,\n  b.fares,\n  b.total_charges,\n  b.parking_charges,\n  b.waiting_charges,\n  b.extra_drop_charges,\n  b.credit_card_charges,\n  b.congestion_charges,\n  b.miles,\n  b.meet_and_greet,\n  b.department,\n  b.escort_id,\n  b.order_number,\n  b.booked_by,\n  b.add_return_fare,\n  b.fare_meter_status,\n  b.fare_meter,\n  b.quotation,\n  b.quoted,\n  b.dispatch,\n  b.dispatch_as,\n  b.sms,\n  b.emailflag,\n  b.trash,\n  b.hidden,\n  b.multi_booking_id,\n  b.associated_booking,\n  b.invoice_status,\n  b.commission_status,\n  b.commission,\n  b.skipped_bookings,\n  b.permanent,\n  b.toggle_driver_text,\n  b.toggle_passenger_text,\n  b.cancelled_reason,\n  b.booking_source,\n  b.on_route,\n  b.arrived,\n  b.passenger_on_board,\n  b.completed,\n  b.controller_completed,\n  b.driver_waiting_time,\n  b.dispatched_at,\n  b.booked_at,\n  b.stripe_customer_id,\n  b.stripe_payment_id,\n  b.invoice_number,\n  b.initial_subsidiary_id,\n  b.created_at,\n  b.updated_at,\n  b.eta,\n  b.fob,\n  b.future,\n\n  json_build_object(\n    'booking_status', bs.booking_status\n  ) AS booking_status,\n\n  json_build_object(\n    'booking_type', bt.booking_type\n  ) AS booking_type,\n\n  json_build_object(\n    'journey_type', jt.journey_type\n  ) AS journey_type,\n\n  json_build_object(\n    'id', s.id,\n    'name', s.name,\n    'telephone_number', s.telephone_number\n  ) AS subsidiary,\n\n  json_build_object(\n    'name', vt.name,\n    'background_color', vt.background_color,\n    'foreground_color', vt.foreground_color\n  ) AS vehicle_type,\n\n  json_build_object(\n    'id', pt.id,\n    'name', pt.name,\n    'background_color', pt.background_color,\n    'foreground_color', pt.foreground_color\n  ) AS payment_type,\n\n  json_build_object(\n    'id', a.id,\n    'name', a.name,\n    'background_color', a.background_color,\n    'foreground_color', a.foreground_color,\n    'has_vat', a.has_vat,\n    'bank_information', a.bank_information,\n    'fare_controller', a.fare_controller,\n    'account_fees_type', a.account_fees_type,\n    'account_fees', a.account_fees,\n    'account_fees_vat', a.account_fees_vat\n  ) AS account,\n\n  json_build_object(\n    'id', d.id,\n    'username', d.username,\n    'name', d.name,\n    'mobile_device_id', d.mobile_device_id,\n    'phc_vehicle_number', d.phc_vehicle_number,\n    'phc_driver_number', d.phc_driver_number,\n    'vehicle_id', d.vehicle_id,\n    'driver_commission', d.driver_commission,\n    'session_status', d.session_status,\n\n    'vehicle', json_build_object(\n      'make', v.make,\n      'model', v.model,\n      'color', v.color,\n      'vehicle_number', v.vehicle_number\n    )\n  ) AS driver,\n\n  json_build_object(\n    'door_number', c.door_number,\n    'address1', c.address1,\n    'address2', c.address2,\n    'blacklist', c.blacklist\n  ) AS customer,\n\n  json_build_object(\n    'username', e.username,\n    'role_id', e.role_id\n  ) AS employee,\n\n  json_build_object(\n    'pickup',\n    CASE\n      WHEN lp.id IS NOT NULL THEN\n        json_build_object(\n          'id', lp.id,\n          'name', lp.name,\n          'location_type', json_build_object(\n            'id', ltp.id,\n            'name', ltp.name,\n            'background_color', ltp.background_color,\n            'foreground_color', ltp.foreground_color\n          )\n        )\n      ELSE\n        json_build_object(\n          'id', null,\n          'name', null,\n          'location_type', json_build_object(\n            'id', null,\n            'name', null,\n            'background_color', null,\n            'foreground_color', null\n          )\n        )\n    END,\n\n    'dropoff',\n    CASE\n      WHEN ld.id IS NOT NULL THEN\n        json_build_object(\n          'id', ld.id,\n          'name', ld.name,\n          'location_type', json_build_object(\n            'id', ltd.id,\n            'name', ltd.name,\n            'background_color', ltd.background_color,\n            'foreground_color', ltd.foreground_color\n          )\n        )\n      ELSE\n        json_build_object(\n          'id', null,\n          'name', null,\n          'location_type', json_build_object(\n            'id', null,\n            'name', null,\n            'background_color', null,\n            'foreground_color', null\n          )\n        )\n    END\n  ) AS airport\n\nFROM bookings b\n\nLEFT JOIN booking_statuses bs\n  ON b.booking_status_id = bs.id\n\nLEFT JOIN booking_types bt\n  ON b.booking_type_id = bt.id\n\nLEFT JOIN journey_types jt\n  ON b.journey_type_id = jt.id\n\nLEFT JOIN subsidiaries s\n  ON b.subsidiary_id = s.id\n\nLEFT JOIN vehicle_types vt\n  ON b.vehicle_type_id = vt.id\n\nLEFT JOIN payment_types pt\n  ON b.payment_type_id = pt.id\n\nLEFT JOIN accounts a\n  ON b.account_id = a.id\n\nLEFT JOIN drivers d\n  ON b.driver_id = d.id\n\nLEFT JOIN vehicles v\n  ON d.vehicle_id = v.id\n\nLEFT JOIN customers c\n  ON b.customer_id = c.id\n\nLEFT JOIN employees e\n  ON b.employee_id = e.id\n\n\n-- PICKUP LOCATION\n-- Select only the most specific matching location\nLEFT JOIN LATERAL (\n  SELECT l.*\n  FROM locations l\n  WHERE l.location_type_id = 2\n    AND b.pickup ILIKE '%' || l.name || '%'\n  ORDER BY LENGTH(l.name) DESC, l.id ASC\n  LIMIT 1\n) lp ON true\n\n\n-- DROPOFF LOCATION\n-- Select only the most specific matching location\nLEFT JOIN LATERAL (\n  SELECT l.*\n  FROM locations l\n  WHERE l.location_type_id = 2\n    AND b.dropoff ILIKE '%' || l.name || '%'\n  ORDER BY LENGTH(l.name) DESC, l.id ASC\n  LIMIT 1\n) ld ON true\n\n\nLEFT JOIN location_types ltp\n  ON lp.location_type_id = ltp.id\n\nLEFT JOIN location_types ltd\n  ON ld.location_type_id = ltd.id\n\n\n    \n    WHERE b.trash = false AND \n      TO_DATE(b.pickup_date, 'YYYY-FMMM-FMDD')\n      >= TO_DATE($1, 'YYYY-MM-DD')\n     AND \n      TO_DATE(b.pickup_date, 'YYYY-FMMM-FMDD')\n      <= TO_DATE($2, 'YYYY-MM-DD')\n     AND TRIM(b.pickup_time)::time >= $3::time AND TRIM(b.pickup_time)::time <= $4::time AND b.booking_status_id = ANY($5::int[]) AND b.payment_type_id = ANY($6::int[]) AND b.pickup ILIKE $7 AND b.driver_id = $8 AND b.invoice_number ILIKE $9\n  \n    ORDER BY (\n        TO_DATE(b.pickup_date,'YYYY-FMMM-FMDD')\n        +\n        TRIM(b.pickup_time)::time\n      ) ASC\n    OFFSET $10\n    LIMIT $11\n  ","timestamp":"2026-08-18T17:51:51.435Z"}
{"level":"info","message":"GET /api/bookings/booking-statistics?from_date=2020-07-01&to_date=2026-07-20&from_time=00:00&to_time=23:59&pickup=Tn30,%20Ashford%20Road,%20St.%20Michaels,%20Tenterden%20TN30%206BT&payment_type_id=1,2,3,4&booking_status_id=1,3,4,5,6,8,10,12,13,14,15&sort_order=ASC&sort_by=datetime&driver_id=167&invoice_number=UL17809110643424 200 68.357 ms","timestamp":"2026-08-18T17:51:51.437Z"}
{"duration":58,"level":"info","message":"db-query","rows":1,"text":"\n    SELECT COUNT(*) AS total\n    FROM bookings b\n    \n    LEFT JOIN vehicle_types vt ON b.vehicle_type_id = vt.id\n    LEFT JOIN journey_types jt ON b.journey_type_id = jt.id\n  \n    \n    WHERE b.trash = false AND \n      TO_DATE(b.pickup_date, 'YYYY-FMMM-FMDD')\n      >= TO_DATE($1, 'YYYY-MM-DD')\n     AND \n      TO_DATE(b.pickup_date, 'YYYY-FMMM-FMDD')\n      <= TO_DATE($2, 'YYYY-MM-DD')\n     AND TRIM(b.pickup_time)::time >= $3::time AND TRIM(b.pickup_time)::time <= $4::time AND b.booking_status_id = ANY($5::int[]) AND b.payment_type_id = ANY($6::int[]) AND b.pickup ILIKE $7 AND b.driver_id = $8\n  \n  ","timestamp":"2026-08-18T17:52:09.188Z"}
{"duration":2,"level":"info","message":"db-query","rows":1,"text":"\n    SELECT\n      COUNT(*) AS total_bookings,\n      COALESCE(SUM(b.fares), 0) AS total_earnings,\n      COALESCE(\n        SUM(\n          CASE\n            WHEN b.account_id IS NOT NULL\n            THEN b.fares\n            ELSE 0\n          END\n        ),\n        0\n      ) AS total_account_earnings\n    FROM bookings b\n    \n    LEFT JOIN vehicle_types vt ON b.vehicle_type_id = vt.id\n    LEFT JOIN journey_types jt ON b.journey_type_id = jt.id\n  \n    \n    WHERE b.trash = false AND \n      TO_DATE(b.pickup_date, 'YYYY-FMMM-FMDD')\n      >= TO_DATE($1, 'YYYY-MM-DD')\n     AND \n      TO_DATE(b.pickup_date, 'YYYY-FMMM-FMDD')\n      <= TO_DATE($2, 'YYYY-MM-DD')\n     AND TRIM(b.pickup_time)::time >= $3::time AND TRIM(b.pickup_time)::time <= $4::time AND b.booking_status_id = ANY($5::int[]) AND b.payment_type_id = ANY($6::int[]) AND b.pickup ILIKE $7 AND b.driver_id = $8\n  \n  ","timestamp":"2026-08-18T17:52:09.191Z"}
{"duration":45,"level":"info","message":"db-query","rows":16,"text":"\n    \nSELECT\n  b.id,\n  b.reference_number,\n  b.subsidiary_id,\n  b.booking_type_id,\n  b.booking_status_id,\n  b.journey_type_id,\n  b.account_id,\n  b.customer_id,\n  b.employee_id,\n  b.pickup,\n  b.dropoff,\n  b.pickup_date,\n  b.pickup_time,\n  b.dropoff_date,\n  b.dropoff_time,\n  b.pickup_door_number,\n  b.dropoff_door_number,\n  b.pickup_plot,\n  b.dropoff_plot,\n  b.pickup_location_type_id,\n  b.dropoff_location_type_id,\n  b.pickup_latitude,\n  b.pickup_longitude,\n  b.dropoff_latitude,\n  b.dropoff_longitude,\n  b.viapoints,\n  b.restricted_drivers,\n  b.flight_number,\n  b.arriving_from,\n  b.vehicle_type_id,\n  b.vehicle_id,\n  b.driver_id,\n  b.passengers,\n  b.luggages,\n  b.hand_luggages,\n  b.child_seat,\n  b.name,\n  b.email,\n  b.mobile,\n  b.telephone,\n  b.lead_time,\n  b.notes,\n  b.special_instructions,\n  b.payment_type_id,\n  b.company_price,\n  b.fares,\n  b.total_charges,\n  b.parking_charges,\n  b.waiting_charges,\n  b.extra_drop_charges,\n  b.credit_card_charges,\n  b.congestion_charges,\n  b.miles,\n  b.meet_and_greet,\n  b.department,\n  b.escort_id,\n  b.order_number,\n  b.booked_by,\n  b.add_return_fare,\n  b.fare_meter_status,\n  b.fare_meter,\n  b.quotation,\n  b.quoted,\n  b.dispatch,\n  b.dispatch_as,\n  b.sms,\n  b.emailflag,\n  b.trash,\n  b.hidden,\n  b.multi_booking_id,\n  b.associated_booking,\n  b.invoice_status,\n  b.commission_status,\n  b.commission,\n  b.skipped_bookings,\n  b.permanent,\n  b.toggle_driver_text,\n  b.toggle_passenger_text,\n  b.cancelled_reason,\n  b.booking_source,\n  b.on_route,\n  b.arrived,\n  b.passenger_on_board,\n  b.completed,\n  b.controller_completed,\n  b.driver_waiting_time,\n  b.dispatched_at,\n  b.booked_at,\n  b.stripe_customer_id,\n  b.stripe_payment_id,\n  b.invoice_number,\n  b.initial_subsidiary_id,\n  b.created_at,\n  b.updated_at,\n  b.eta,\n  b.fob,\n  b.future,\n\n  json_build_object(\n    'booking_status', bs.booking_status\n  ) AS booking_status,\n\n  json_build_object(\n    'booking_type', bt.booking_type\n  ) AS booking_type,\n\n  json_build_object(\n    'journey_type', jt.journey_type\n  ) AS journey_type,\n\n  json_build_object(\n    'id', s.id,\n    'name', s.name,\n    'telephone_number', s.telephone_number\n  ) AS subsidiary,\n\n  json_build_object(\n    'name', vt.name,\n    'background_color', vt.background_color,\n    'foreground_color', vt.foreground_color\n  ) AS vehicle_type,\n\n  json_build_object(\n    'id', pt.id,\n    'name', pt.name,\n    'background_color', pt.background_color,\n    'foreground_color', pt.foreground_color\n  ) AS payment_type,\n\n  json_build_object(\n    'id', a.id,\n    'name', a.name,\n    'background_color', a.background_color,\n    'foreground_color', a.foreground_color,\n    'has_vat', a.has_vat,\n    'bank_information', a.bank_information,\n    'fare_controller', a.fare_controller,\n    'account_fees_type', a.account_fees_type,\n    'account_fees', a.account_fees,\n    'account_fees_vat', a.account_fees_vat\n  ) AS account,\n\n  json_build_object(\n    'id', d.id,\n    'username', d.username,\n    'name', d.name,\n    'mobile_device_id', d.mobile_device_id,\n    'phc_vehicle_number', d.phc_vehicle_number,\n    'phc_driver_number', d.phc_driver_number,\n    'vehicle_id', d.vehicle_id,\n    'driver_commission', d.driver_commission,\n    'session_status', d.session_status,\n\n    'vehicle', json_build_object(\n      'make', v.make,\n      'model', v.model,\n      'color', v.color,\n      'vehicle_number', v.vehicle_number\n    )\n  ) AS driver,\n\n  json_build_object(\n    'door_number', c.door_number,\n    'address1', c.address1,\n    'address2', c.address2,\n    'blacklist', c.blacklist\n  ) AS customer,\n\n  json_build_object(\n    'username', e.username,\n    'role_id', e.role_id\n  ) AS employee,\n\n  json_build_object(\n    'pickup',\n    CASE\n      WHEN lp.id IS NOT NULL THEN\n        json_build_object(\n          'id', lp.id,\n          'name', lp.name,\n          'location_type', json_build_object(\n            'id', ltp.id,\n            'name', ltp.name,\n            'background_color', ltp.background_color,\n            'foreground_color', ltp.foreground_color\n          )\n        )\n      ELSE\n        json_build_object(\n          'id', null,\n          'name', null,\n          'location_type', json_build_object(\n            'id', null,\n            'name', null,\n            'background_color', null,\n            'foreground_color', null\n          )\n        )\n    END,\n\n    'dropoff',\n    CASE\n      WHEN ld.id IS NOT NULL THEN\n        json_build_object(\n          'id', ld.id,\n          'name', ld.name,\n          'location_type', json_build_object(\n            'id', ltd.id,\n            'name', ltd.name,\n            'background_color', ltd.background_color,\n            'foreground_color', ltd.foreground_color\n          )\n        )\n      ELSE\n        json_build_object(\n          'id', null,\n          'name', null,\n          'location_type', json_build_object(\n            'id', null,\n            'name', null,\n            'background_color', null,\n            'foreground_color', null\n          )\n        )\n    END\n  ) AS airport\n\nFROM bookings b\n\nLEFT JOIN booking_statuses bs\n  ON b.booking_status_id = bs.id\n\nLEFT JOIN booking_types bt\n  ON b.booking_type_id = bt.id\n\nLEFT JOIN journey_types jt\n  ON b.journey_type_id = jt.id\n\nLEFT JOIN subsidiaries s\n  ON b.subsidiary_id = s.id\n\nLEFT JOIN vehicle_types vt\n  ON b.vehicle_type_id = vt.id\n\nLEFT JOIN payment_types pt\n  ON b.payment_type_id = pt.id\n\nLEFT JOIN accounts a\n  ON b.account_id = a.id\n\nLEFT JOIN drivers d\n  ON b.driver_id = d.id\n\nLEFT JOIN vehicles v\n  ON d.vehicle_id = v.id\n\nLEFT JOIN customers c\n  ON b.customer_id = c.id\n\nLEFT JOIN employees e\n  ON b.employee_id = e.id\n\n\n-- PICKUP LOCATION\n-- Select only the most specific matching location\nLEFT JOIN LATERAL (\n  SELECT l.*\n  FROM locations l\n  WHERE l.location_type_id = 2\n    AND b.pickup ILIKE '%' || l.name || '%'\n  ORDER BY LENGTH(l.name) DESC, l.id ASC\n  LIMIT 1\n) lp ON true\n\n\n-- DROPOFF LOCATION\n-- Select only the most specific matching location\nLEFT JOIN LATERAL (\n  SELECT l.*\n  FROM locations l\n  WHERE l.location_type_id = 2\n    AND b.dropoff ILIKE '%' || l.name || '%'\n  ORDER BY LENGTH(l.name) DESC, l.id ASC\n  LIMIT 1\n) ld ON true\n\n\nLEFT JOIN location_types ltp\n  ON lp.location_type_id = ltp.id\n\nLEFT JOIN location_types ltd\n  ON ld.location_type_id = ltd.id\n\n\n    \n    WHERE b.trash = false AND \n      TO_DATE(b.pickup_date, 'YYYY-FMMM-FMDD')\n      >= TO_DATE($1, 'YYYY-MM-DD')\n     AND \n      TO_DATE(b.pickup_date, 'YYYY-FMMM-FMDD')\n      <= TO_DATE($2, 'YYYY-MM-DD')\n     AND TRIM(b.pickup_time)::time >= $3::time AND TRIM(b.pickup_time)::time <= $4::time AND b.booking_status_id = ANY($5::int[]) AND b.payment_type_id = ANY($6::int[]) AND b.pickup ILIKE $7 AND b.driver_id = $8\n  \n    ORDER BY (\n        TO_DATE(b.pickup_date,'YYYY-FMMM-FMDD')\n        +\n        TRIM(b.pickup_time)::time\n      ) ASC\n    OFFSET $9\n    LIMIT $10\n  ","timestamp":"2026-08-18T17:52:09.236Z"}
{"level":"info","message":"GET /api/bookings/booking-statistics?from_date=2020-07-01&to_date=2026-07-20&from_time=00:00&to_time=23:59&pickup=Tn30,%20Ashford%20Road,%20St.%20Michaels,%20Tenterden%20TN30%206BT&payment_type_id=1,2,3,4&booking_status_id=1,3,4,5,6,8,10,12,13,14,15&sort_order=ASC&sort_by=datetime&driver_id=167 200 108.907 ms","timestamp":"2026-08-18T17:52:09.239Z"}
{"duration":167,"level":"info","message":"db-query","rows":1,"text":"\n    SELECT COUNT(*) AS total\n    FROM bookings b\n    \n    LEFT JOIN vehicle_types vt ON b.vehicle_type_id = vt.id\n    LEFT JOIN journey_types jt ON b.journey_type_id = jt.id\n  \n    \n    WHERE b.trash = false AND \n      TO_DATE(b.pickup_date, 'YYYY-FMMM-FMDD')\n      >= TO_DATE($1, 'YYYY-MM-DD')\n     AND \n      TO_DATE(b.pickup_date, 'YYYY-FMMM-FMDD')\n      <= TO_DATE($2, 'YYYY-MM-DD')\n     AND TRIM(b.pickup_time)::time >= $3::time AND TRIM(b.pickup_time)::time <= $4::time AND b.booking_status_id = ANY($5::int[]) AND b.payment_type_id = ANY($6::int[]) AND b.pickup ILIKE $7 AND b.driver_id = $8 AND jt.journey_type ILIKE $9\n  \n  ","timestamp":"2026-08-18T17:53:27.999Z"}
{"duration":3,"level":"info","message":"db-query","rows":1,"text":"\n    SELECT\n      COUNT(*) AS total_bookings,\n      COALESCE(SUM(b.fares), 0) AS total_earnings,\n      COALESCE(\n        SUM(\n          CASE\n            WHEN b.account_id IS NOT NULL\n            THEN b.fares\n            ELSE 0\n          END\n        ),\n        0\n      ) AS total_account_earnings\n    FROM bookings b\n    \n    LEFT JOIN vehicle_types vt ON b.vehicle_type_id = vt.id\n    LEFT JOIN journey_types jt ON b.journey_type_id = jt.id\n  \n    \n    WHERE b.trash = false AND \n      TO_DATE(b.pickup_date, 'YYYY-FMMM-FMDD')\n      >= TO_DATE($1, 'YYYY-MM-DD')\n     AND \n      TO_DATE(b.pickup_date, 'YYYY-FMMM-FMDD')\n      <= TO_DATE($2, 'YYYY-MM-DD')\n     AND TRIM(b.pickup_time)::time >= $3::time AND TRIM(b.pickup_time)::time <= $4::time AND b.booking_status_id = ANY($5::int[]) AND b.payment_type_id = ANY($6::int[]) AND b.pickup ILIKE $7 AND b.driver_id = $8 AND jt.journey_type ILIKE $9\n  \n  ","timestamp":"2026-08-18T17:53:28.002Z"}
{"duration":42,"level":"info","message":"db-query","rows":14,"text":"\n    \nSELECT\n  b.id,\n  b.reference_number,\n  b.subsidiary_id,\n  b.booking_type_id,\n  b.booking_status_id,\n  b.journey_type_id,\n  b.account_id,\n  b.customer_id,\n  b.employee_id,\n  b.pickup,\n  b.dropoff,\n  b.pickup_date,\n  b.pickup_time,\n  b.dropoff_date,\n  b.dropoff_time,\n  b.pickup_door_number,\n  b.dropoff_door_number,\n  b.pickup_plot,\n  b.dropoff_plot,\n  b.pickup_location_type_id,\n  b.dropoff_location_type_id,\n  b.pickup_latitude,\n  b.pickup_longitude,\n  b.dropoff_latitude,\n  b.dropoff_longitude,\n  b.viapoints,\n  b.restricted_drivers,\n  b.flight_number,\n  b.arriving_from,\n  b.vehicle_type_id,\n  b.vehicle_id,\n  b.driver_id,\n  b.passengers,\n  b.luggages,\n  b.hand_luggages,\n  b.child_seat,\n  b.name,\n  b.email,\n  b.mobile,\n  b.telephone,\n  b.lead_time,\n  b.notes,\n  b.special_instructions,\n  b.payment_type_id,\n  b.company_price,\n  b.fares,\n  b.total_charges,\n  b.parking_charges,\n  b.waiting_charges,\n  b.extra_drop_charges,\n  b.credit_card_charges,\n  b.congestion_charges,\n  b.miles,\n  b.meet_and_greet,\n  b.department,\n  b.escort_id,\n  b.order_number,\n  b.booked_by,\n  b.add_return_fare,\n  b.fare_meter_status,\n  b.fare_meter,\n  b.quotation,\n  b.quoted,\n  b.dispatch,\n  b.dispatch_as,\n  b.sms,\n  b.emailflag,\n  b.trash,\n  b.hidden,\n  b.multi_booking_id,\n  b.associated_booking,\n  b.invoice_status,\n  b.commission_status,\n  b.commission,\n  b.skipped_bookings,\n  b.permanent,\n  b.toggle_driver_text,\n  b.toggle_passenger_text,\n  b.cancelled_reason,\n  b.booking_source,\n  b.on_route,\n  b.arrived,\n  b.passenger_on_board,\n  b.completed,\n  b.controller_completed,\n  b.driver_waiting_time,\n  b.dispatched_at,\n  b.booked_at,\n  b.stripe_customer_id,\n  b.stripe_payment_id,\n  b.invoice_number,\n  b.initial_subsidiary_id,\n  b.created_at,\n  b.updated_at,\n  b.eta,\n  b.fob,\n  b.future,\n\n  json_build_object(\n    'booking_status', bs.booking_status\n  ) AS booking_status,\n\n  json_build_object(\n    'booking_type', bt.booking_type\n  ) AS booking_type,\n\n  json_build_object(\n    'journey_type', jt.journey_type\n  ) AS journey_type,\n\n  json_build_object(\n    'id', s.id,\n    'name', s.name,\n    'telephone_number', s.telephone_number\n  ) AS subsidiary,\n\n  json_build_object(\n    'name', vt.name,\n    'background_color', vt.background_color,\n    'foreground_color', vt.foreground_color\n  ) AS vehicle_type,\n\n  json_build_object(\n    'id', pt.id,\n    'name', pt.name,\n    'background_color', pt.background_color,\n    'foreground_color', pt.foreground_color\n  ) AS payment_type,\n\n  json_build_object(\n    'id', a.id,\n    'name', a.name,\n    'background_color', a.background_color,\n    'foreground_color', a.foreground_color,\n    'has_vat', a.has_vat,\n    'bank_information', a.bank_information,\n    'fare_controller', a.fare_controller,\n    'account_fees_type', a.account_fees_type,\n    'account_fees', a.account_fees,\n    'account_fees_vat', a.account_fees_vat\n  ) AS account,\n\n  json_build_object(\n    'id', d.id,\n    'username', d.username,\n    'name', d.name,\n    'mobile_device_id', d.mobile_device_id,\n    'phc_vehicle_number', d.phc_vehicle_number,\n    'phc_driver_number', d.phc_driver_number,\n    'vehicle_id', d.vehicle_id,\n    'driver_commission', d.driver_commission,\n    'session_status', d.session_status,\n\n    'vehicle', json_build_object(\n      'make', v.make,\n      'model', v.model,\n      'color', v.color,\n      'vehicle_number', v.vehicle_number\n    )\n  ) AS driver,\n\n  json_build_object(\n    'door_number', c.door_number,\n    'address1', c.address1,\n    'address2', c.address2,\n    'blacklist', c.blacklist\n  ) AS customer,\n\n  json_build_object(\n    'username', e.username,\n    'role_id', e.role_id\n  ) AS employee,\n\n  json_build_object(\n    'pickup',\n    CASE\n      WHEN lp.id IS NOT NULL THEN\n        json_build_object(\n          'id', lp.id,\n          'name', lp.name,\n          'location_type', json_build_object(\n            'id', ltp.id,\n            'name', ltp.name,\n            'background_color', ltp.background_color,\n            'foreground_color', ltp.foreground_color\n          )\n        )\n      ELSE\n        json_build_object(\n          'id', null,\n          'name', null,\n          'location_type', json_build_object(\n            'id', null,\n            'name', null,\n            'background_color', null,\n            'foreground_color', null\n          )\n        )\n    END,\n\n    'dropoff',\n    CASE\n      WHEN ld.id IS NOT NULL THEN\n        json_build_object(\n          'id', ld.id,\n          'name', ld.name,\n          'location_type', json_build_object(\n            'id', ltd.id,\n            'name', ltd.name,\n            'background_color', ltd.background_color,\n            'foreground_color', ltd.foreground_color\n          )\n        )\n      ELSE\n        json_build_object(\n          'id', null,\n          'name', null,\n          'location_type', json_build_object(\n            'id', null,\n            'name', null,\n            'background_color', null,\n            'foreground_color', null\n          )\n        )\n    END\n  ) AS airport\n\nFROM bookings b\n\nLEFT JOIN booking_statuses bs\n  ON b.booking_status_id = bs.id\n\nLEFT JOIN booking_types bt\n  ON b.booking_type_id = bt.id\n\nLEFT JOIN journey_types jt\n  ON b.journey_type_id = jt.id\n\nLEFT JOIN subsidiaries s\n  ON b.subsidiary_id = s.id\n\nLEFT JOIN vehicle_types vt\n  ON b.vehicle_type_id = vt.id\n\nLEFT JOIN payment_types pt\n  ON b.payment_type_id = pt.id\n\nLEFT JOIN accounts a\n  ON b.account_id = a.id\n\nLEFT JOIN drivers d\n  ON b.driver_id = d.id\n\nLEFT JOIN vehicles v\n  ON d.vehicle_id = v.id\n\nLEFT JOIN customers c\n  ON b.customer_id = c.id\n\nLEFT JOIN employees e\n  ON b.employee_id = e.id\n\n\n-- PICKUP LOCATION\n-- Select only the most specific matching location\nLEFT JOIN LATERAL (\n  SELECT l.*\n  FROM locations l\n  WHERE l.location_type_id = 2\n    AND b.pickup ILIKE '%' || l.name || '%'\n  ORDER BY LENGTH(l.name) DESC, l.id ASC\n  LIMIT 1\n) lp ON true\n\n\n-- DROPOFF LOCATION\n-- Select only the most specific matching location\nLEFT JOIN LATERAL (\n  SELECT l.*\n  FROM locations l\n  WHERE l.location_type_id = 2\n    AND b.dropoff ILIKE '%' || l.name || '%'\n  ORDER BY LENGTH(l.name) DESC, l.id ASC\n  LIMIT 1\n) ld ON true\n\n\nLEFT JOIN location_types ltp\n  ON lp.location_type_id = ltp.id\n\nLEFT JOIN location_types ltd\n  ON ld.location_type_id = ltd.id\n\n\n    \n    WHERE b.trash = false AND \n      TO_DATE(b.pickup_date, 'YYYY-FMMM-FMDD')\n      >= TO_DATE($1, 'YYYY-MM-DD')\n     AND \n      TO_DATE(b.pickup_date, 'YYYY-FMMM-FMDD')\n      <= TO_DATE($2, 'YYYY-MM-DD')\n     AND TRIM(b.pickup_time)::time >= $3::time AND TRIM(b.pickup_time)::time <= $4::time AND b.booking_status_id = ANY($5::int[]) AND b.payment_type_id = ANY($6::int[]) AND b.pickup ILIKE $7 AND b.driver_id = $8 AND jt.journey_type ILIKE $9\n  \n    ORDER BY (\n        TO_DATE(b.pickup_date,'YYYY-FMMM-FMDD')\n        +\n        TRIM(b.pickup_time)::time\n      ) ASC\n    OFFSET $10\n    LIMIT $11\n  ","timestamp":"2026-08-18T17:53:28.044Z"}
{"level":"info","message":"GET /api/bookings/booking-statistics?from_date=2020-07-01&to_date=2026-07-20&from_time=00:00&to_time=23:59&pickup=Tn30,%20Ashford%20Road,%20St.%20Michaels,%20Tenterden%20TN30%206BT&payment_type_id=1,2,3,4&booking_status_id=1,3,4,5,6,8,10,12,13,14,15&sort_order=ASC&sort_by=datetime&driver_id=167&journey_type=o/w 200 214.109 ms","timestamp":"2026-08-18T17:53:28.046Z"}
{"duration":55,"level":"info","message":"db-query","rows":1,"text":"\n    SELECT COUNT(*) AS total\n    FROM bookings b\n    \n    LEFT JOIN vehicle_types vt ON b.vehicle_type_id = vt.id\n    LEFT JOIN journey_types jt ON b.journey_type_id = jt.id\n  \n    \n    WHERE b.trash = false AND \n      TO_DATE(b.pickup_date, 'YYYY-FMMM-FMDD')\n      >= TO_DATE($1, 'YYYY-MM-DD')\n     AND \n      TO_DATE(b.pickup_date, 'YYYY-FMMM-FMDD')\n      <= TO_DATE($2, 'YYYY-MM-DD')\n     AND TRIM(b.pickup_time)::time >= $3::time AND TRIM(b.pickup_time)::time <= $4::time AND b.booking_status_id = ANY($5::int[]) AND b.payment_type_id = ANY($6::int[]) AND b.pickup ILIKE $7 AND b.driver_id = $8\n  \n  ","timestamp":"2026-08-18T17:53:41.234Z"}
{"duration":2,"level":"info","message":"db-query","rows":1,"text":"\n    SELECT\n      COUNT(*) AS total_bookings,\n      COALESCE(SUM(b.fares), 0) AS total_earnings,\n      COALESCE(\n        SUM(\n          CASE\n            WHEN b.account_id IS NOT NULL\n            THEN b.fares\n            ELSE 0\n          END\n        ),\n        0\n      ) AS total_account_earnings\n    FROM bookings b\n    \n    LEFT JOIN vehicle_types vt ON b.vehicle_type_id = vt.id\n    LEFT JOIN journey_types jt ON b.journey_type_id = jt.id\n  \n    \n    WHERE b.trash = false AND \n      TO_DATE(b.pickup_date, 'YYYY-FMMM-FMDD')\n      >= TO_DATE($1, 'YYYY-MM-DD')\n     AND \n      TO_DATE(b.pickup_date, 'YYYY-FMMM-FMDD')\n      <= TO_DATE($2, 'YYYY-MM-DD')\n     AND TRIM(b.pickup_time)::time >= $3::time AND TRIM(b.pickup_time)::time <= $4::time AND b.booking_status_id = ANY($5::int[]) AND b.payment_type_id = ANY($6::int[]) AND b.pickup ILIKE $7 AND b.driver_id = $8\n  \n  ","timestamp":"2026-08-18T17:53:41.237Z"}
{"duration":42,"level":"info","message":"db-query","rows":16,"text":"\n    \nSELECT\n  b.id,\n  b.reference_number,\n  b.subsidiary_id,\n  b.booking_type_id,\n  b.booking_status_id,\n  b.journey_type_id,\n  b.account_id,\n  b.customer_id,\n  b.employee_id,\n  b.pickup,\n  b.dropoff,\n  b.pickup_date,\n  b.pickup_time,\n  b.dropoff_date,\n  b.dropoff_time,\n  b.pickup_door_number,\n  b.dropoff_door_number,\n  b.pickup_plot,\n  b.dropoff_plot,\n  b.pickup_location_type_id,\n  b.dropoff_location_type_id,\n  b.pickup_latitude,\n  b.pickup_longitude,\n  b.dropoff_latitude,\n  b.dropoff_longitude,\n  b.viapoints,\n  b.restricted_drivers,\n  b.flight_number,\n  b.arriving_from,\n  b.vehicle_type_id,\n  b.vehicle_id,\n  b.driver_id,\n  b.passengers,\n  b.luggages,\n  b.hand_luggages,\n  b.child_seat,\n  b.name,\n  b.email,\n  b.mobile,\n  b.telephone,\n  b.lead_time,\n  b.notes,\n  b.special_instructions,\n  b.payment_type_id,\n  b.company_price,\n  b.fares,\n  b.total_charges,\n  b.parking_charges,\n  b.waiting_charges,\n  b.extra_drop_charges,\n  b.credit_card_charges,\n  b.congestion_charges,\n  b.miles,\n  b.meet_and_greet,\n  b.department,\n  b.escort_id,\n  b.order_number,\n  b.booked_by,\n  b.add_return_fare,\n  b.fare_meter_status,\n  b.fare_meter,\n  b.quotation,\n  b.quoted,\n  b.dispatch,\n  b.dispatch_as,\n  b.sms,\n  b.emailflag,\n  b.trash,\n  b.hidden,\n  b.multi_booking_id,\n  b.associated_booking,\n  b.invoice_status,\n  b.commission_status,\n  b.commission,\n  b.skipped_bookings,\n  b.permanent,\n  b.toggle_driver_text,\n  b.toggle_passenger_text,\n  b.cancelled_reason,\n  b.booking_source,\n  b.on_route,\n  b.arrived,\n  b.passenger_on_board,\n  b.completed,\n  b.controller_completed,\n  b.driver_waiting_time,\n  b.dispatched_at,\n  b.booked_at,\n  b.stripe_customer_id,\n  b.stripe_payment_id,\n  b.invoice_number,\n  b.initial_subsidiary_id,\n  b.created_at,\n  b.updated_at,\n  b.eta,\n  b.fob,\n  b.future,\n\n  json_build_object(\n    'booking_status', bs.booking_status\n  ) AS booking_status,\n\n  json_build_object(\n    'booking_type', bt.booking_type\n  ) AS booking_type,\n\n  json_build_object(\n    'journey_type', jt.journey_type\n  ) AS journey_type,\n\n  json_build_object(\n    'id', s.id,\n    'name', s.name,\n    'telephone_number', s.telephone_number\n  ) AS subsidiary,\n\n  json_build_object(\n    'name', vt.name,\n    'background_color', vt.background_color,\n    'foreground_color', vt.foreground_color\n  ) AS vehicle_type,\n\n  json_build_object(\n    'id', pt.id,\n    'name', pt.name,\n    'background_color', pt.background_color,\n    'foreground_color', pt.foreground_color\n  ) AS payment_type,\n\n  json_build_object(\n    'id', a.id,\n    'name', a.name,\n    'background_color', a.background_color,\n    'foreground_color', a.foreground_color,\n    'has_vat', a.has_vat,\n    'bank_information', a.bank_information,\n    'fare_controller', a.fare_controller,\n    'account_fees_type', a.account_fees_type,\n    'account_fees', a.account_fees,\n    'account_fees_vat', a.account_fees_vat\n  ) AS account,\n\n  json_build_object(\n    'id', d.id,\n    'username', d.username,\n    'name', d.name,\n    'mobile_device_id', d.mobile_device_id,\n    'phc_vehicle_number', d.phc_vehicle_number,\n    'phc_driver_number', d.phc_driver_number,\n    'vehicle_id', d.vehicle_id,\n    'driver_commission', d.driver_commission,\n    'session_status', d.session_status,\n\n    'vehicle', json_build_object(\n      'make', v.make,\n      'model', v.model,\n      'color', v.color,\n      'vehicle_number', v.vehicle_number\n    )\n  ) AS driver,\n\n  json_build_object(\n    'door_number', c.door_number,\n    'address1', c.address1,\n    'address2', c.address2,\n    'blacklist', c.blacklist\n  ) AS customer,\n\n  json_build_object(\n    'username', e.username,\n    'role_id', e.role_id\n  ) AS employee,\n\n  json_build_object(\n    'pickup',\n    CASE\n      WHEN lp.id IS NOT NULL THEN\n        json_build_object(\n          'id', lp.id,\n          'name', lp.name,\n          'location_type', json_build_object(\n            'id', ltp.id,\n            'name', ltp.name,\n            'background_color', ltp.background_color,\n            'foreground_color', ltp.foreground_color\n          )\n        )\n      ELSE\n        json_build_object(\n          'id', null,\n          'name', null,\n          'location_type', json_build_object(\n            'id', null,\n            'name', null,\n            'background_color', null,\n            'foreground_color', null\n          )\n        )\n    END,\n\n    'dropoff',\n    CASE\n      WHEN ld.id IS NOT NULL THEN\n        json_build_object(\n          'id', ld.id,\n          'name', ld.name,\n          'location_type', json_build_object(\n            'id', ltd.id,\n            'name', ltd.name,\n            'background_color', ltd.background_color,\n            'foreground_color', ltd.foreground_color\n          )\n        )\n      ELSE\n        json_build_object(\n          'id', null,\n          'name', null,\n          'location_type', json_build_object(\n            'id', null,\n            'name', null,\n            'background_color', null,\n            'foreground_color', null\n          )\n        )\n    END\n  ) AS airport\n\nFROM bookings b\n\nLEFT JOIN booking_statuses bs\n  ON b.booking_status_id = bs.id\n\nLEFT JOIN booking_types bt\n  ON b.booking_type_id = bt.id\n\nLEFT JOIN journey_types jt\n  ON b.journey_type_id = jt.id\n\nLEFT JOIN subsidiaries s\n  ON b.subsidiary_id = s.id\n\nLEFT JOIN vehicle_types vt\n  ON b.vehicle_type_id = vt.id\n\nLEFT JOIN payment_types pt\n  ON b.payment_type_id = pt.id\n\nLEFT JOIN accounts a\n  ON b.account_id = a.id\n\nLEFT JOIN drivers d\n  ON b.driver_id = d.id\n\nLEFT JOIN vehicles v\n  ON d.vehicle_id = v.id\n\nLEFT JOIN customers c\n  ON b.customer_id = c.id\n\nLEFT JOIN employees e\n  ON b.employee_id = e.id\n\n\n-- PICKUP LOCATION\n-- Select only the most specific matching location\nLEFT JOIN LATERAL (\n  SELECT l.*\n  FROM locations l\n  WHERE l.location_type_id = 2\n    AND b.pickup ILIKE '%' || l.name || '%'\n  ORDER BY LENGTH(l.name) DESC, l.id ASC\n  LIMIT 1\n) lp ON true\n\n\n-- DROPOFF LOCATION\n-- Select only the most specific matching location\nLEFT JOIN LATERAL (\n  SELECT l.*\n  FROM locations l\n  WHERE l.location_type_id = 2\n    AND b.dropoff ILIKE '%' || l.name || '%'\n  ORDER BY LENGTH(l.name) DESC, l.id ASC\n  LIMIT 1\n) ld ON true\n\n\nLEFT JOIN location_types ltp\n  ON lp.location_type_id = ltp.id\n\nLEFT JOIN location_types ltd\n  ON ld.location_type_id = ltd.id\n\n\n    \n    WHERE b.trash = false AND \n      TO_DATE(b.pickup_date, 'YYYY-FMMM-FMDD')\n      >= TO_DATE($1, 'YYYY-MM-DD')\n     AND \n      TO_DATE(b.pickup_date, 'YYYY-FMMM-FMDD')\n      <= TO_DATE($2, 'YYYY-MM-DD')\n     AND TRIM(b.pickup_time)::time >= $3::time AND TRIM(b.pickup_time)::time <= $4::time AND b.booking_status_id = ANY($5::int[]) AND b.payment_type_id = ANY($6::int[]) AND b.pickup ILIKE $7 AND b.driver_id = $8\n  \n    ORDER BY (\n        TO_DATE(b.pickup_date,'YYYY-FMMM-FMDD')\n        +\n        TRIM(b.pickup_time)::time\n      ) ASC\n    OFFSET $9\n    LIMIT $10\n  ","timestamp":"2026-08-18T17:53:41.279Z"}
{"level":"info","message":"GET /api/bookings/booking-statistics?from_date=2020-07-01&to_date=2026-07-20&from_time=00:00&to_time=23:59&pickup=Tn30,%20Ashford%20Road,%20St.%20Michaels,%20Tenterden%20TN30%206BT&payment_type_id=1,2,3,4&booking_status_id=1,3,4,5,6,8,10,12,13,14,15&sort_order=ASC&sort_by=datetime&driver_id=167 200 102.873 ms","timestamp":"2026-08-18T17:53:41.283Z"}
{"duration":172,"level":"info","message":"db-query","rows":1,"text":"\n    SELECT COUNT(*) AS total\n    FROM bookings b\n    \n    LEFT JOIN vehicle_types vt ON b.vehicle_type_id = vt.id\n    LEFT JOIN journey_types jt ON b.journey_type_id = jt.id\n  \n    \n    WHERE b.trash = false AND \n      TO_DATE(b.pickup_date, 'YYYY-FMMM-FMDD')\n      >= TO_DATE($1, 'YYYY-MM-DD')\n     AND \n      TO_DATE(b.pickup_date, 'YYYY-FMMM-FMDD')\n      <= TO_DATE($2, 'YYYY-MM-DD')\n     AND TRIM(b.pickup_time)::time >= $3::time AND TRIM(b.pickup_time)::time <= $4::time AND b.booking_status_id = ANY($5::int[]) AND b.payment_type_id = ANY($6::int[]) AND b.pickup ILIKE $7 AND b.driver_id = $8 AND vt.name ILIKE $9\n  \n  ","timestamp":"2026-08-18T17:55:13.585Z"}
{"duration":2,"level":"info","message":"db-query","rows":1,"text":"\n    SELECT\n      COUNT(*) AS total_bookings,\n      COALESCE(SUM(b.fares), 0) AS total_earnings,\n      COALESCE(\n        SUM(\n          CASE\n            WHEN b.account_id IS NOT NULL\n            THEN b.fares\n            ELSE 0\n          END\n        ),\n        0\n      ) AS total_account_earnings\n    FROM bookings b\n    \n    LEFT JOIN vehicle_types vt ON b.vehicle_type_id = vt.id\n    LEFT JOIN journey_types jt ON b.journey_type_id = jt.id\n  \n    \n    WHERE b.trash = false AND \n      TO_DATE(b.pickup_date, 'YYYY-FMMM-FMDD')\n      >= TO_DATE($1, 'YYYY-MM-DD')\n     AND \n      TO_DATE(b.pickup_date, 'YYYY-FMMM-FMDD')\n      <= TO_DATE($2, 'YYYY-MM-DD')\n     AND TRIM(b.pickup_time)::time >= $3::time AND TRIM(b.pickup_time)::time <= $4::time AND b.booking_status_id = ANY($5::int[]) AND b.payment_type_id = ANY($6::int[]) AND b.pickup ILIKE $7 AND b.driver_id = $8 AND vt.name ILIKE $9\n  \n  ","timestamp":"2026-08-18T17:55:13.588Z"}
{"duration":40,"level":"info","message":"db-query","rows":3,"text":"\n    \nSELECT\n  b.id,\n  b.reference_number,\n  b.subsidiary_id,\n  b.booking_type_id,\n  b.booking_status_id,\n  b.journey_type_id,\n  b.account_id,\n  b.customer_id,\n  b.employee_id,\n  b.pickup,\n  b.dropoff,\n  b.pickup_date,\n  b.pickup_time,\n  b.dropoff_date,\n  b.dropoff_time,\n  b.pickup_door_number,\n  b.dropoff_door_number,\n  b.pickup_plot,\n  b.dropoff_plot,\n  b.pickup_location_type_id,\n  b.dropoff_location_type_id,\n  b.pickup_latitude,\n  b.pickup_longitude,\n  b.dropoff_latitude,\n  b.dropoff_longitude,\n  b.viapoints,\n  b.restricted_drivers,\n  b.flight_number,\n  b.arriving_from,\n  b.vehicle_type_id,\n  b.vehicle_id,\n  b.driver_id,\n  b.passengers,\n  b.luggages,\n  b.hand_luggages,\n  b.child_seat,\n  b.name,\n  b.email,\n  b.mobile,\n  b.telephone,\n  b.lead_time,\n  b.notes,\n  b.special_instructions,\n  b.payment_type_id,\n  b.company_price,\n  b.fares,\n  b.total_charges,\n  b.parking_charges,\n  b.waiting_charges,\n  b.extra_drop_charges,\n  b.credit_card_charges,\n  b.congestion_charges,\n  b.miles,\n  b.meet_and_greet,\n  b.department,\n  b.escort_id,\n  b.order_number,\n  b.booked_by,\n  b.add_return_fare,\n  b.fare_meter_status,\n  b.fare_meter,\n  b.quotation,\n  b.quoted,\n  b.dispatch,\n  b.dispatch_as,\n  b.sms,\n  b.emailflag,\n  b.trash,\n  b.hidden,\n  b.multi_booking_id,\n  b.associated_booking,\n  b.invoice_status,\n  b.commission_status,\n  b.commission,\n  b.skipped_bookings,\n  b.permanent,\n  b.toggle_driver_text,\n  b.toggle_passenger_text,\n  b.cancelled_reason,\n  b.booking_source,\n  b.on_route,\n  b.arrived,\n  b.passenger_on_board,\n  b.completed,\n  b.controller_completed,\n  b.driver_waiting_time,\n  b.dispatched_at,\n  b.booked_at,\n  b.stripe_customer_id,\n  b.stripe_payment_id,\n  b.invoice_number,\n  b.initial_subsidiary_id,\n  b.created_at,\n  b.updated_at,\n  b.eta,\n  b.fob,\n  b.future,\n\n  json_build_object(\n    'booking_status', bs.booking_status\n  ) AS booking_status,\n\n  json_build_object(\n    'booking_type', bt.booking_type\n  ) AS booking_type,\n\n  json_build_object(\n    'journey_type', jt.journey_type\n  ) AS journey_type,\n\n  json_build_object(\n    'id', s.id,\n    'name', s.name,\n    'telephone_number', s.telephone_number\n  ) AS subsidiary,\n\n  json_build_object(\n    'name', vt.name,\n    'background_color', vt.background_color,\n    'foreground_color', vt.foreground_color\n  ) AS vehicle_type,\n\n  json_build_object(\n    'id', pt.id,\n    'name', pt.name,\n    'background_color', pt.background_color,\n    'foreground_color', pt.foreground_color\n  ) AS payment_type,\n\n  json_build_object(\n    'id', a.id,\n    'name', a.name,\n    'background_color', a.background_color,\n    'foreground_color', a.foreground_color,\n    'has_vat', a.has_vat,\n    'bank_information', a.bank_information,\n    'fare_controller', a.fare_controller,\n    'account_fees_type', a.account_fees_type,\n    'account_fees', a.account_fees,\n    'account_fees_vat', a.account_fees_vat\n  ) AS account,\n\n  json_build_object(\n    'id', d.id,\n    'username', d.username,\n    'name', d.name,\n    'mobile_device_id', d.mobile_device_id,\n    'phc_vehicle_number', d.phc_vehicle_number,\n    'phc_driver_number', d.phc_driver_number,\n    'vehicle_id', d.vehicle_id,\n    'driver_commission', d.driver_commission,\n    'session_status', d.session_status,\n\n    'vehicle', json_build_object(\n      'make', v.make,\n      'model', v.model,\n      'color', v.color,\n      'vehicle_number', v.vehicle_number\n    )\n  ) AS driver,\n\n  json_build_object(\n    'door_number', c.door_number,\n    'address1', c.address1,\n    'address2', c.address2,\n    'blacklist', c.blacklist\n  ) AS customer,\n\n  json_build_object(\n    'username', e.username,\n    'role_id', e.role_id\n  ) AS employee,\n\n  json_build_object(\n    'pickup',\n    CASE\n      WHEN lp.id IS NOT NULL THEN\n        json_build_object(\n          'id', lp.id,\n          'name', lp.name,\n          'location_type', json_build_object(\n            'id', ltp.id,\n            'name', ltp.name,\n            'background_color', ltp.background_color,\n            'foreground_color', ltp.foreground_color\n          )\n        )\n      ELSE\n        json_build_object(\n          'id', null,\n          'name', null,\n          'location_type', json_build_object(\n            'id', null,\n            'name', null,\n            'background_color', null,\n            'foreground_color', null\n          )\n        )\n    END,\n\n    'dropoff',\n    CASE\n      WHEN ld.id IS NOT NULL THEN\n        json_build_object(\n          'id', ld.id,\n          'name', ld.name,\n          'location_type', json_build_object(\n            'id', ltd.id,\n            'name', ltd.name,\n            'background_color', ltd.background_color,\n            'foreground_color', ltd.foreground_color\n          )\n        )\n      ELSE\n        json_build_object(\n          'id', null,\n          'name', null,\n          'location_type', json_build_object(\n            'id', null,\n            'name', null,\n            'background_color', null,\n            'foreground_color', null\n          )\n        )\n    END\n  ) AS airport\n\nFROM bookings b\n\nLEFT JOIN booking_statuses bs\n  ON b.booking_status_id = bs.id\n\nLEFT JOIN booking_types bt\n  ON b.booking_type_id = bt.id\n\nLEFT JOIN journey_types jt\n  ON b.journey_type_id = jt.id\n\nLEFT JOIN subsidiaries s\n  ON b.subsidiary_id = s.id\n\nLEFT JOIN vehicle_types vt\n  ON b.vehicle_type_id = vt.id\n\nLEFT JOIN payment_types pt\n  ON b.payment_type_id = pt.id\n\nLEFT JOIN accounts a\n  ON b.account_id = a.id\n\nLEFT JOIN drivers d\n  ON b.driver_id = d.id\n\nLEFT JOIN vehicles v\n  ON d.vehicle_id = v.id\n\nLEFT JOIN customers c\n  ON b.customer_id = c.id\n\nLEFT JOIN employees e\n  ON b.employee_id = e.id\n\n\n-- PICKUP LOCATION\n-- Select only the most specific matching location\nLEFT JOIN LATERAL (\n  SELECT l.*\n  FROM locations l\n  WHERE l.location_type_id = 2\n    AND b.pickup ILIKE '%' || l.name || '%'\n  ORDER BY LENGTH(l.name) DESC, l.id ASC\n  LIMIT 1\n) lp ON true\n\n\n-- DROPOFF LOCATION\n-- Select only the most specific matching location\nLEFT JOIN LATERAL (\n  SELECT l.*\n  FROM locations l\n  WHERE l.location_type_id = 2\n    AND b.dropoff ILIKE '%' || l.name || '%'\n  ORDER BY LENGTH(l.name) DESC, l.id ASC\n  LIMIT 1\n) ld ON true\n\n\nLEFT JOIN location_types ltp\n  ON lp.location_type_id = ltp.id\n\nLEFT JOIN location_types ltd\n  ON ld.location_type_id = ltd.id\n\n\n    \n    WHERE b.trash = false AND \n      TO_DATE(b.pickup_date, 'YYYY-FMMM-FMDD')\n      >= TO_DATE($1, 'YYYY-MM-DD')\n     AND \n      TO_DATE(b.pickup_date, 'YYYY-FMMM-FMDD')\n      <= TO_DATE($2, 'YYYY-MM-DD')\n     AND TRIM(b.pickup_time)::time >= $3::time AND TRIM(b.pickup_time)::time <= $4::time AND b.booking_status_id = ANY($5::int[]) AND b.payment_type_id = ANY($6::int[]) AND b.pickup ILIKE $7 AND b.driver_id = $8 AND vt.name ILIKE $9\n  \n    ORDER BY (\n        TO_DATE(b.pickup_date,'YYYY-FMMM-FMDD')\n        +\n        TRIM(b.pickup_time)::time\n      ) ASC\n    OFFSET $10\n    LIMIT $11\n  ","timestamp":"2026-08-18T17:55:13.628Z"}
{"level":"info","message":"GET /api/bookings/booking-statistics?from_date=2020-07-01&to_date=2026-07-20&from_time=00:00&to_time=23:59&pickup=Tn30,%20Ashford%20Road,%20St.%20Michaels,%20Tenterden%20TN30%206BT&payment_type_id=1,2,3,4&booking_status_id=1,3,4,5,6,8,10,12,13,14,15&sort_order=ASC&sort_by=datetime&driver_id=167&vehicle_type=indus 200 216.384 ms","timestamp":"2026-08-18T17:55:13.629Z"}
{"duration":7,"level":"info","message":"db-query","rows":26,"text":"SELECT * FROM location_types","timestamp":"2026-08-18T17:57:30.057Z"}
{"level":"info","message":"GET /api/location-types 200 13.875 ms","timestamp":"2026-08-18T17:57:30.064Z"}
{"duration":53,"level":"info","message":"db-query","rows":26,"text":"SELECT * FROM location_types","timestamp":"2026-08-18T17:57:30.107Z"}
{"level":"info","message":"GET /api/location-types 200 54.888 ms","timestamp":"2026-08-18T17:57:30.109Z"}
{"duration":8,"level":"info","message":"db-query","rows":26,"text":"SELECT * FROM location_types","timestamp":"2026-08-18T17:57:52.783Z"}
{"level":"info","message":"GET /api/location-types 200 18.716 ms","timestamp":"2026-08-18T17:57:52.795Z"}
{"duration":94,"level":"info","message":"db-query","rows":26,"text":"SELECT * FROM location_types","timestamp":"2026-08-18T17:57:52.871Z"}
{"level":"info","message":"GET /api/location-types 200 95.290 ms","timestamp":"2026-08-18T17:57:52.873Z"}
{"duration":5,"level":"info","message":"db-query","rows":26,"text":"SELECT * FROM location_types","timestamp":"2026-08-18T17:58:32.328Z"}
{"level":"info","message":"GET /api/location-types 200 11.882 ms","timestamp":"2026-08-18T17:58:32.335Z"}
{"duration":55,"level":"info","message":"db-query","rows":26,"text":"SELECT * FROM location_types","timestamp":"2026-08-18T17:58:32.379Z"}
{"level":"info","message":"GET /api/location-types 200 56.101 ms","timestamp":"2026-08-18T17:58:32.380Z"}
{"duration":12,"level":"info","message":"db-query","rows":26,"text":"SELECT * FROM location_types","timestamp":"2026-08-18T17:59:27.108Z"}
{"level":"info","message":"GET /api/location-types 200 22.337 ms","timestamp":"2026-08-18T17:59:27.117Z"}
{"duration":57,"level":"info","message":"db-query","rows":26,"text":"SELECT * FROM location_types","timestamp":"2026-08-18T17:59:27.157Z"}
{"level":"info","message":"GET /api/location-types 200 59.109 ms","timestamp":"2026-08-18T17:59:27.159Z"}
{"duration":62,"level":"info","message":"db-query","rows":1,"text":"\n    SELECT COUNT(*) AS total\n    FROM bookings b\n    \n    LEFT JOIN vehicle_types vt ON b.vehicle_type_id = vt.id\n    LEFT JOIN journey_types jt ON b.journey_type_id = jt.id\n  \n    \n    WHERE b.trash = false AND \n      TO_DATE(b.pickup_date, 'YYYY-FMMM-FMDD')\n      >= TO_DATE($1, 'YYYY-MM-DD')\n     AND \n      TO_DATE(b.pickup_date, 'YYYY-FMMM-FMDD')\n      <= TO_DATE($2, 'YYYY-MM-DD')\n     AND TRIM(b.pickup_time)::time >= $3::time AND TRIM(b.pickup_time)::time <= $4::time AND b.booking_status_id = ANY($5::int[]) AND b.payment_type_id = ANY($6::int[]) AND b.pickup ILIKE $7 AND b.driver_id = $8 AND (b.pickup_date || ' ' || b.pickup_time) ILIKE $9\n  \n  ","timestamp":"2026-08-18T18:00:18.056Z"}
{"duration":2,"level":"info","message":"db-query","rows":1,"text":"\n    SELECT\n      COUNT(*) AS total_bookings,\n      COALESCE(SUM(b.fares), 0) AS total_earnings,\n      COALESCE(\n        SUM(\n          CASE\n            WHEN b.account_id IS NOT NULL\n            THEN b.fares\n            ELSE 0\n          END\n        ),\n        0\n      ) AS total_account_earnings\n    FROM bookings b\n    \n    LEFT JOIN vehicle_types vt ON b.vehicle_type_id = vt.id\n    LEFT JOIN journey_types jt ON b.journey_type_id = jt.id\n  \n    \n    WHERE b.trash = false AND \n      TO_DATE(b.pickup_date, 'YYYY-FMMM-FMDD')\n      >= TO_DATE($1, 'YYYY-MM-DD')\n     AND \n      TO_DATE(b.pickup_date, 'YYYY-FMMM-FMDD')\n      <= TO_DATE($2, 'YYYY-MM-DD')\n     AND TRIM(b.pickup_time)::time >= $3::time AND TRIM(b.pickup_time)::time <= $4::time AND b.booking_status_id = ANY($5::int[]) AND b.payment_type_id = ANY($6::int[]) AND b.pickup ILIKE $7 AND b.driver_id = $8 AND (b.pickup_date || ' ' || b.pickup_time) ILIKE $9\n  \n  ","timestamp":"2026-08-18T18:00:18.059Z"}
{"duration":82,"level":"info","message":"db-query","rows":1,"text":"\n    \nSELECT\n  b.id,\n  b.reference_number,\n  b.subsidiary_id,\n  b.booking_type_id,\n  b.booking_status_id,\n  b.journey_type_id,\n  b.account_id,\n  b.customer_id,\n  b.employee_id,\n  b.pickup,\n  b.dropoff,\n  b.pickup_date,\n  b.pickup_time,\n  b.dropoff_date,\n  b.dropoff_time,\n  b.pickup_door_number,\n  b.dropoff_door_number,\n  b.pickup_plot,\n  b.dropoff_plot,\n  b.pickup_location_type_id,\n  b.dropoff_location_type_id,\n  b.pickup_latitude,\n  b.pickup_longitude,\n  b.dropoff_latitude,\n  b.dropoff_longitude,\n  b.viapoints,\n  b.restricted_drivers,\n  b.flight_number,\n  b.arriving_from,\n  b.vehicle_type_id,\n  b.vehicle_id,\n  b.driver_id,\n  b.passengers,\n  b.luggages,\n  b.hand_luggages,\n  b.child_seat,\n  b.name,\n  b.email,\n  b.mobile,\n  b.telephone,\n  b.lead_time,\n  b.notes,\n  b.special_instructions,\n  b.payment_type_id,\n  b.company_price,\n  b.fares,\n  b.total_charges,\n  b.parking_charges,\n  b.waiting_charges,\n  b.extra_drop_charges,\n  b.credit_card_charges,\n  b.congestion_charges,\n  b.miles,\n  b.meet_and_greet,\n  b.department,\n  b.escort_id,\n  b.order_number,\n  b.booked_by,\n  b.add_return_fare,\n  b.fare_meter_status,\n  b.fare_meter,\n  b.quotation,\n  b.quoted,\n  b.dispatch,\n  b.dispatch_as,\n  b.sms,\n  b.emailflag,\n  b.trash,\n  b.hidden,\n  b.multi_booking_id,\n  b.associated_booking,\n  b.invoice_status,\n  b.commission_status,\n  b.commission,\n  b.skipped_bookings,\n  b.permanent,\n  b.toggle_driver_text,\n  b.toggle_passenger_text,\n  b.cancelled_reason,\n  b.booking_source,\n  b.on_route,\n  b.arrived,\n  b.passenger_on_board,\n  b.completed,\n  b.controller_completed,\n  b.driver_waiting_time,\n  b.dispatched_at,\n  b.booked_at,\n  b.stripe_customer_id,\n  b.stripe_payment_id,\n  b.invoice_number,\n  b.initial_subsidiary_id,\n  b.created_at,\n  b.updated_at,\n  b.eta,\n  b.fob,\n  b.future,\n\n  json_build_object(\n    'booking_status', bs.booking_status\n  ) AS booking_status,\n\n  json_build_object(\n    'booking_type', bt.booking_type\n  ) AS booking_type,\n\n  json_build_object(\n    'journey_type', jt.journey_type\n  ) AS journey_type,\n\n  json_build_object(\n    'id', s.id,\n    'name', s.name,\n    'telephone_number', s.telephone_number\n  ) AS subsidiary,\n\n  json_build_object(\n    'name', vt.name,\n    'background_color', vt.background_color,\n    'foreground_color', vt.foreground_color\n  ) AS vehicle_type,\n\n  json_build_object(\n    'id', pt.id,\n    'name', pt.name,\n    'background_color', pt.background_color,\n    'foreground_color', pt.foreground_color\n  ) AS payment_type,\n\n  json_build_object(\n    'id', a.id,\n    'name', a.name,\n    'background_color', a.background_color,\n    'foreground_color', a.foreground_color,\n    'has_vat', a.has_vat,\n    'bank_information', a.bank_information,\n    'fare_controller', a.fare_controller,\n    'account_fees_type', a.account_fees_type,\n    'account_fees', a.account_fees,\n    'account_fees_vat', a.account_fees_vat\n  ) AS account,\n\n  json_build_object(\n    'id', d.id,\n    'username', d.username,\n    'name', d.name,\n    'mobile_device_id', d.mobile_device_id,\n    'phc_vehicle_number', d.phc_vehicle_number,\n    'phc_driver_number', d.phc_driver_number,\n    'vehicle_id', d.vehicle_id,\n    'driver_commission', d.driver_commission,\n    'session_status', d.session_status,\n\n    'vehicle', json_build_object(\n      'make', v.make,\n      'model', v.model,\n      'color', v.color,\n      'vehicle_number', v.vehicle_number\n    )\n  ) AS driver,\n\n  json_build_object(\n    'door_number', c.door_number,\n    'address1', c.address1,\n    'address2', c.address2,\n    'blacklist', c.blacklist\n  ) AS customer,\n\n  json_build_object(\n    'username', e.username,\n    'role_id', e.role_id\n  ) AS employee,\n\n  json_build_object(\n    'pickup',\n    CASE\n      WHEN lp.id IS NOT NULL THEN\n        json_build_object(\n          'id', lp.id,\n          'name', lp.name,\n          'location_type', json_build_object(\n            'id', ltp.id,\n            'name', ltp.name,\n            'background_color', ltp.background_color,\n            'foreground_color', ltp.foreground_color\n          )\n        )\n      ELSE\n        json_build_object(\n          'id', null,\n          'name', null,\n          'location_type', json_build_object(\n            'id', null,\n            'name', null,\n            'background_color', null,\n            'foreground_color', null\n          )\n        )\n    END,\n\n    'dropoff',\n    CASE\n      WHEN ld.id IS NOT NULL THEN\n        json_build_object(\n          'id', ld.id,\n          'name', ld.name,\n          'location_type', json_build_object(\n            'id', ltd.id,\n            'name', ltd.name,\n            'background_color', ltd.background_color,\n            'foreground_color', ltd.foreground_color\n          )\n        )\n      ELSE\n        json_build_object(\n          'id', null,\n          'name', null,\n          'location_type', json_build_object(\n            'id', null,\n            'name', null,\n            'background_color', null,\n            'foreground_color', null\n          )\n        )\n    END\n  ) AS airport\n\nFROM bookings b\n\nLEFT JOIN booking_statuses bs\n  ON b.booking_status_id = bs.id\n\nLEFT JOIN booking_types bt\n  ON b.booking_type_id = bt.id\n\nLEFT JOIN journey_types jt\n  ON b.journey_type_id = jt.id\n\nLEFT JOIN subsidiaries s\n  ON b.subsidiary_id = s.id\n\nLEFT JOIN vehicle_types vt\n  ON b.vehicle_type_id = vt.id\n\nLEFT JOIN payment_types pt\n  ON b.payment_type_id = pt.id\n\nLEFT JOIN accounts a\n  ON b.account_id = a.id\n\nLEFT JOIN drivers d\n  ON b.driver_id = d.id\n\nLEFT JOIN vehicles v\n  ON d.vehicle_id = v.id\n\nLEFT JOIN customers c\n  ON b.customer_id = c.id\n\nLEFT JOIN employees e\n  ON b.employee_id = e.id\n\n\n-- PICKUP LOCATION\n-- Select only the most specific matching location\nLEFT JOIN LATERAL (\n  SELECT l.*\n  FROM locations l\n  WHERE l.location_type_id = 2\n    AND b.pickup ILIKE '%' || l.name || '%'\n  ORDER BY LENGTH(l.name) DESC, l.id ASC\n  LIMIT 1\n) lp ON true\n\n\n-- DROPOFF LOCATION\n-- Select only the most specific matching location\nLEFT JOIN LATERAL (\n  SELECT l.*\n  FROM locations l\n  WHERE l.location_type_id = 2\n    AND b.dropoff ILIKE '%' || l.name || '%'\n  ORDER BY LENGTH(l.name) DESC, l.id ASC\n  LIMIT 1\n) ld ON true\n\n\nLEFT JOIN location_types ltp\n  ON lp.location_type_id = ltp.id\n\nLEFT JOIN location_types ltd\n  ON ld.location_type_id = ltd.id\n\n\n    \n    WHERE b.trash = false AND \n      TO_DATE(b.pickup_date, 'YYYY-FMMM-FMDD')\n      >= TO_DATE($1, 'YYYY-MM-DD')\n     AND \n      TO_DATE(b.pickup_date, 'YYYY-FMMM-FMDD')\n      <= TO_DATE($2, 'YYYY-MM-DD')\n     AND TRIM(b.pickup_time)::time >= $3::time AND TRIM(b.pickup_time)::time <= $4::time AND b.booking_status_id = ANY($5::int[]) AND b.payment_type_id = ANY($6::int[]) AND b.pickup ILIKE $7 AND b.driver_id = $8 AND (b.pickup_date || ' ' || b.pickup_time) ILIKE $9\n  \n    ORDER BY (\n        TO_DATE(b.pickup_date,'YYYY-FMMM-FMDD')\n        +\n        TRIM(b.pickup_time)::time\n      ) ASC\n    OFFSET $10\n    LIMIT $11\n  ","timestamp":"2026-08-18T18:00:18.141Z"}
{"level":"info","message":"GET /api/bookings/booking-statistics?from_date=2020-07-01&to_date=2026-07-20&from_time=00:00&to_time=23:59&pickup=Tn30,%20Ashford%20Road,%20St.%20Michaels,%20Tenterden%20TN30%206BT&payment_type_id=1,2,3,4&booking_status_id=1,3,4,5,6,8,10,12,13,14,15&sort_order=ASC&sort_by=datetime&driver_id=167&datetime=2026-03-15 200 180.701 ms","timestamp":"2026-08-18T18:00:18.177Z"}
{"level":"info","message":"GET /api/bookings/booking-statistics?from_date=2020-07-01&to_date=2026-07-20&from_time=00:00&to_time=23:59&pickup=Tn30,%20Ashford%20Road,%20St.%20Michaels,%20Tenterden%20TN30%206BT&payment_type_id=1,2,3,4&booking_status_id=1,3,4,5,6,8,10,12,13,14,15&sort_order=ASC&sort_by=datetime&driver_id=167&account_name=moro 500 53.083 ms","timestamp":"2026-08-18T18:00:49.071Z"}
{"duration":6,"level":"info","message":"db-query","rows":26,"text":"SELECT * FROM location_types","timestamp":"2026-08-18T18:01:41.244Z"}
{"level":"info","message":"GET /api/location-types 200 17.641 ms","timestamp":"2026-08-18T18:01:41.257Z"}
{"duration":80,"level":"info","message":"db-query","rows":26,"text":"SELECT * FROM location_types","timestamp":"2026-08-18T18:01:41.321Z"}
{"level":"info","message":"GET /api/location-types 200 85.788 ms","timestamp":"2026-08-18T18:01:41.326Z"}
{"duration":11,"level":"info","message":"db-query","rows":26,"text":"SELECT * FROM location_types","timestamp":"2026-08-18T18:01:45.746Z"}
{"level":"info","message":"GET /api/location-types 200 45.454 ms","timestamp":"2026-08-18T18:01:45.779Z"}
{"duration":115,"level":"info","message":"db-query","rows":26,"text":"SELECT * FROM location_types","timestamp":"2026-08-18T18:01:45.851Z"}
{"level":"info","message":"GET /api/location-types 200 117.702 ms","timestamp":"2026-08-18T18:01:45.853Z"}
{"duration":26,"level":"info","message":"db-query","rows":1,"text":"\n    SELECT COUNT(*) AS total\n    FROM bookings b\n    \n    LEFT JOIN vehicle_types vt ON b.vehicle_type_id = vt.id\n    LEFT JOIN journey_types jt ON b.journey_type_id = jt.id\n    LEFT JOIN accounts a ON b.account_id = a.id\n    LEFT JOIN payment_types pt ON b.payment_type_id = pt.id\n    LEFT JOIN drivers d ON b.driver_id = d.id\n    LEFT JOIN subsidiaries s ON b.subsidiary_id = s.id\n    LEFT JOIN booking_statuses bs ON b.booking_status_id = bs.id\n  \n    \n    WHERE b.trash = false AND \n      TO_DATE(b.pickup_date, 'YYYY-FMMM-FMDD')\n      >= TO_DATE($1, 'YYYY-MM-DD')\n     AND \n      TO_DATE(b.pickup_date, 'YYYY-FMMM-FMDD')\n      <= TO_DATE($2, 'YYYY-MM-DD')\n     AND TRIM(b.pickup_time)::time >= $3::time AND TRIM(b.pickup_time)::time <= $4::time AND b.booking_status_id = ANY($5::int[]) AND b.payment_type_id = ANY($6::int[]) AND b.driver_id = $7 AND b.pickup ILIKE $8 AND a.name ILIKE $9\n  \n  ","timestamp":"2026-08-18T18:01:48.983Z"}
{"duration":3,"level":"info","message":"db-query","rows":1,"text":"\n    SELECT\n      COUNT(*) AS total_bookings,\n      COALESCE(SUM(b.fares), 0) AS total_earnings,\n      COALESCE(\n        SUM(\n          CASE\n            WHEN b.account_id IS NOT NULL\n            THEN b.fares\n            ELSE 0\n          END\n        ),\n        0\n      ) AS total_account_earnings\n    FROM bookings b\n    \n    LEFT JOIN vehicle_types vt ON b.vehicle_type_id = vt.id\n    LEFT JOIN journey_types jt ON b.journey_type_id = jt.id\n    LEFT JOIN accounts a ON b.account_id = a.id\n    LEFT JOIN payment_types pt ON b.payment_type_id = pt.id\n    LEFT JOIN drivers d ON b.driver_id = d.id\n    LEFT JOIN subsidiaries s ON b.subsidiary_id = s.id\n    LEFT JOIN booking_statuses bs ON b.booking_status_id = bs.id\n  \n    \n    WHERE b.trash = false AND \n      TO_DATE(b.pickup_date, 'YYYY-FMMM-FMDD')\n      >= TO_DATE($1, 'YYYY-MM-DD')\n     AND \n      TO_DATE(b.pickup_date, 'YYYY-FMMM-FMDD')\n      <= TO_DATE($2, 'YYYY-MM-DD')\n     AND TRIM(b.pickup_time)::time >= $3::time AND TRIM(b.pickup_time)::time <= $4::time AND b.booking_status_id = ANY($5::int[]) AND b.payment_type_id = ANY($6::int[]) AND b.driver_id = $7 AND b.pickup ILIKE $8 AND a.name ILIKE $9\n  \n  ","timestamp":"2026-08-18T18:01:48.987Z"}
{"duration":31,"level":"info","message":"db-query","rows":5,"text":"\n    \nSELECT\n  b.id,\n  b.reference_number,\n  b.subsidiary_id,\n  b.booking_type_id,\n  b.booking_status_id,\n  b.journey_type_id,\n  b.account_id,\n  b.customer_id,\n  b.employee_id,\n  b.pickup,\n  b.dropoff,\n  b.pickup_date,\n  b.pickup_time,\n  b.dropoff_date,\n  b.dropoff_time,\n  b.pickup_door_number,\n  b.dropoff_door_number,\n  b.pickup_plot,\n  b.dropoff_plot,\n  b.pickup_location_type_id,\n  b.dropoff_location_type_id,\n  b.pickup_latitude,\n  b.pickup_longitude,\n  b.dropoff_latitude,\n  b.dropoff_longitude,\n  b.viapoints,\n  b.restricted_drivers,\n  b.flight_number,\n  b.arriving_from,\n  b.vehicle_type_id,\n  b.vehicle_id,\n  b.driver_id,\n  b.passengers,\n  b.luggages,\n  b.hand_luggages,\n  b.child_seat,\n  b.name,\n  b.email,\n  b.mobile,\n  b.telephone,\n  b.lead_time,\n  b.notes,\n  b.special_instructions,\n  b.payment_type_id,\n  b.company_price,\n  b.fares,\n  b.total_charges,\n  b.parking_charges,\n  b.waiting_charges,\n  b.extra_drop_charges,\n  b.credit_card_charges,\n  b.congestion_charges,\n  b.miles,\n  b.meet_and_greet,\n  b.department,\n  b.escort_id,\n  b.order_number,\n  b.booked_by,\n  b.add_return_fare,\n  b.fare_meter_status,\n  b.fare_meter,\n  b.quotation,\n  b.quoted,\n  b.dispatch,\n  b.dispatch_as,\n  b.sms,\n  b.emailflag,\n  b.trash,\n  b.hidden,\n  b.multi_booking_id,\n  b.associated_booking,\n  b.invoice_status,\n  b.commission_status,\n  b.commission,\n  b.skipped_bookings,\n  b.permanent,\n  b.toggle_driver_text,\n  b.toggle_passenger_text,\n  b.cancelled_reason,\n  b.booking_source,\n  b.on_route,\n  b.arrived,\n  b.passenger_on_board,\n  b.completed,\n  b.controller_completed,\n  b.driver_waiting_time,\n  b.dispatched_at,\n  b.booked_at,\n  b.stripe_customer_id,\n  b.stripe_payment_id,\n  b.invoice_number,\n  b.initial_subsidiary_id,\n  b.created_at,\n  b.updated_at,\n  b.eta,\n  b.fob,\n  b.future,\n\n  json_build_object(\n    'booking_status', bs.booking_status\n  ) AS booking_status,\n\n  json_build_object(\n    'booking_type', bt.booking_type\n  ) AS booking_type,\n\n  json_build_object(\n    'journey_type', jt.journey_type\n  ) AS journey_type,\n\n  json_build_object(\n    'id', s.id,\n    'name', s.name,\n    'telephone_number', s.telephone_number\n  ) AS subsidiary,\n\n  json_build_object(\n    'name', vt.name,\n    'background_color', vt.background_color,\n    'foreground_color', vt.foreground_color\n  ) AS vehicle_type,\n\n  json_build_object(\n    'id', pt.id,\n    'name', pt.name,\n    'background_color', pt.background_color,\n    'foreground_color', pt.foreground_color\n  ) AS payment_type,\n\n  json_build_object(\n    'id', a.id,\n    'name', a.name,\n    'background_color', a.background_color,\n    'foreground_color', a.foreground_color,\n    'has_vat', a.has_vat,\n    'bank_information', a.bank_information,\n    'fare_controller', a.fare_controller,\n    'account_fees_type', a.account_fees_type,\n    'account_fees', a.account_fees,\n    'account_fees_vat', a.account_fees_vat\n  ) AS account,\n\n  json_build_object(\n    'id', d.id,\n    'username', d.username,\n    'name', d.name,\n    'mobile_device_id', d.mobile_device_id,\n    'phc_vehicle_number', d.phc_vehicle_number,\n    'phc_driver_number', d.phc_driver_number,\n    'vehicle_id', d.vehicle_id,\n    'driver_commission', d.driver_commission,\n    'session_status', d.session_status,\n\n    'vehicle', json_build_object(\n      'make', v.make,\n      'model', v.model,\n      'color', v.color,\n      'vehicle_number', v.vehicle_number\n    )\n  ) AS driver,\n\n  json_build_object(\n    'door_number', c.door_number,\n    'address1', c.address1,\n    'address2', c.address2,\n    'blacklist', c.blacklist\n  ) AS customer,\n\n  json_build_object(\n    'username', e.username,\n    'role_id', e.role_id\n  ) AS employee,\n\n  json_build_object(\n    'pickup',\n    CASE\n      WHEN lp.id IS NOT NULL THEN\n        json_build_object(\n          'id', lp.id,\n          'name', lp.name,\n          'location_type', json_build_object(\n            'id', ltp.id,\n            'name', ltp.name,\n            'background_color', ltp.background_color,\n            'foreground_color', ltp.foreground_color\n          )\n        )\n      ELSE\n        json_build_object(\n          'id', null,\n          'name', null,\n          'location_type', json_build_object(\n            'id', null,\n            'name', null,\n            'background_color', null,\n            'foreground_color', null\n          )\n        )\n    END,\n\n    'dropoff',\n    CASE\n      WHEN ld.id IS NOT NULL THEN\n        json_build_object(\n          'id', ld.id,\n          'name', ld.name,\n          'location_type', json_build_object(\n            'id', ltd.id,\n            'name', ltd.name,\n            'background_color', ltd.background_color,\n            'foreground_color', ltd.foreground_color\n          )\n        )\n      ELSE\n        json_build_object(\n          'id', null,\n          'name', null,\n          'location_type', json_build_object(\n            'id', null,\n            'name', null,\n            'background_color', null,\n            'foreground_color', null\n          )\n        )\n    END\n  ) AS airport\n\nFROM bookings b\n\nLEFT JOIN booking_statuses bs\n  ON b.booking_status_id = bs.id\n\nLEFT JOIN booking_types bt\n  ON b.booking_type_id = bt.id\n\nLEFT JOIN journey_types jt\n  ON b.journey_type_id = jt.id\n\nLEFT JOIN subsidiaries s\n  ON b.subsidiary_id = s.id\n\nLEFT JOIN vehicle_types vt\n  ON b.vehicle_type_id = vt.id\n\nLEFT JOIN payment_types pt\n  ON b.payment_type_id = pt.id\n\nLEFT JOIN accounts a\n  ON b.account_id = a.id\n\nLEFT JOIN drivers d\n  ON b.driver_id = d.id\n\nLEFT JOIN vehicles v\n  ON d.vehicle_id = v.id\n\nLEFT JOIN customers c\n  ON b.customer_id = c.id\n\nLEFT JOIN employees e\n  ON b.employee_id = e.id\n\n\n-- PICKUP LOCATION\n-- Select only the most specific matching location\nLEFT JOIN LATERAL (\n  SELECT l.*\n  FROM locations l\n  WHERE l.location_type_id = 2\n    AND b.pickup ILIKE '%' || l.name || '%'\n  ORDER BY LENGTH(l.name) DESC, l.id ASC\n  LIMIT 1\n) lp ON true\n\n\n-- DROPOFF LOCATION\n-- Select only the most specific matching location\nLEFT JOIN LATERAL (\n  SELECT l.*\n  FROM locations l\n  WHERE l.location_type_id = 2\n    AND b.dropoff ILIKE '%' || l.name || '%'\n  ORDER BY LENGTH(l.name) DESC, l.id ASC\n  LIMIT 1\n) ld ON true\n\n\nLEFT JOIN location_types ltp\n  ON lp.location_type_id = ltp.id\n\nLEFT JOIN location_types ltd\n  ON ld.location_type_id = ltd.id\n\n\n    \n    WHERE b.trash = false AND \n      TO_DATE(b.pickup_date, 'YYYY-FMMM-FMDD')\n      >= TO_DATE($1, 'YYYY-MM-DD')\n     AND \n      TO_DATE(b.pickup_date, 'YYYY-FMMM-FMDD')\n      <= TO_DATE($2, 'YYYY-MM-DD')\n     AND TRIM(b.pickup_time)::time >= $3::time AND TRIM(b.pickup_time)::time <= $4::time AND b.booking_status_id = ANY($5::int[]) AND b.payment_type_id = ANY($6::int[]) AND b.driver_id = $7 AND b.pickup ILIKE $8 AND a.name ILIKE $9\n  \n    ORDER BY (\n        TO_DATE(b.pickup_date,'YYYY-FMMM-FMDD')\n        +\n        TRIM(b.pickup_time)::time\n      ) ASC\n    OFFSET $10\n    LIMIT $11\n  ","timestamp":"2026-08-18T18:01:49.018Z"}
{"level":"info","message":"GET /api/bookings/booking-statistics?from_date=2020-07-01&to_date=2026-07-20&from_time=00:00&to_time=23:59&pickup=Tn30,%20Ashford%20Road,%20St.%20Michaels,%20Tenterden%20TN30%206BT&payment_type_id=1,2,3,4&booking_status_id=1,3,4,5,6,8,10,12,13,14,15&sort_order=ASC&sort_by=datetime&driver_id=167&account_name=moro 200 64.390 ms","timestamp":"2026-08-18T18:01:49.020Z"}
{"duration":67,"level":"info","message":"db-query","rows":1,"text":"\n    SELECT COUNT(*) AS total\n    FROM bookings b\n    \n    LEFT JOIN vehicle_types vt ON b.vehicle_type_id = vt.id\n    LEFT JOIN journey_types jt ON b.journey_type_id = jt.id\n    LEFT JOIN accounts a ON b.account_id = a.id\n    LEFT JOIN payment_types pt ON b.payment_type_id = pt.id\n    LEFT JOIN drivers d ON b.driver_id = d.id\n    LEFT JOIN subsidiaries s ON b.subsidiary_id = s.id\n    LEFT JOIN booking_statuses bs ON b.booking_status_id = bs.id\n  \n    \n    WHERE b.trash = false AND \n      TO_DATE(b.pickup_date, 'YYYY-FMMM-FMDD')\n      >= TO_DATE($1, 'YYYY-MM-DD')\n     AND \n      TO_DATE(b.pickup_date, 'YYYY-FMMM-FMDD')\n      <= TO_DATE($2, 'YYYY-MM-DD')\n     AND TRIM(b.pickup_time)::time >= $3::time AND TRIM(b.pickup_time)::time <= $4::time AND b.booking_status_id = ANY($5::int[]) AND b.payment_type_id = ANY($6::int[]) AND b.driver_id = $7 AND b.pickup ILIKE $8 AND pt.name ILIKE $9\n  \n  ","timestamp":"2026-08-18T18:02:52.728Z"}
{"duration":3,"level":"info","message":"db-query","rows":1,"text":"\n    SELECT\n      COUNT(*) AS total_bookings,\n      COALESCE(SUM(b.fares), 0) AS total_earnings,\n      COALESCE(\n        SUM(\n          CASE\n            WHEN b.account_id IS NOT NULL\n            THEN b.fares\n            ELSE 0\n          END\n        ),\n        0\n      ) AS total_account_earnings\n    FROM bookings b\n    \n    LEFT JOIN vehicle_types vt ON b.vehicle_type_id = vt.id\n    LEFT JOIN journey_types jt ON b.journey_type_id = jt.id\n    LEFT JOIN accounts a ON b.account_id = a.id\n    LEFT JOIN payment_types pt ON b.payment_type_id = pt.id\n    LEFT JOIN drivers d ON b.driver_id = d.id\n    LEFT JOIN subsidiaries s ON b.subsidiary_id = s.id\n    LEFT JOIN booking_statuses bs ON b.booking_status_id = bs.id\n  \n    \n    WHERE b.trash = false AND \n      TO_DATE(b.pickup_date, 'YYYY-FMMM-FMDD')\n      >= TO_DATE($1, 'YYYY-MM-DD')\n     AND \n      TO_DATE(b.pickup_date, 'YYYY-FMMM-FMDD')\n      <= TO_DATE($2, 'YYYY-MM-DD')\n     AND TRIM(b.pickup_time)::time >= $3::time AND TRIM(b.pickup_time)::time <= $4::time AND b.booking_status_id = ANY($5::int[]) AND b.payment_type_id = ANY($6::int[]) AND b.driver_id = $7 AND b.pickup ILIKE $8 AND pt.name ILIKE $9\n  \n  ","timestamp":"2026-08-18T18:02:52.732Z"}
{"duration":37,"level":"info","message":"db-query","rows":14,"text":"\n    \nSELECT\n  b.id,\n  b.reference_number,\n  b.subsidiary_id,\n  b.booking_type_id,\n  b.booking_status_id,\n  b.journey_type_id,\n  b.account_id,\n  b.customer_id,\n  b.employee_id,\n  b.pickup,\n  b.dropoff,\n  b.pickup_date,\n  b.pickup_time,\n  b.dropoff_date,\n  b.dropoff_time,\n  b.pickup_door_number,\n  b.dropoff_door_number,\n  b.pickup_plot,\n  b.dropoff_plot,\n  b.pickup_location_type_id,\n  b.dropoff_location_type_id,\n  b.pickup_latitude,\n  b.pickup_longitude,\n  b.dropoff_latitude,\n  b.dropoff_longitude,\n  b.viapoints,\n  b.restricted_drivers,\n  b.flight_number,\n  b.arriving_from,\n  b.vehicle_type_id,\n  b.vehicle_id,\n  b.driver_id,\n  b.passengers,\n  b.luggages,\n  b.hand_luggages,\n  b.child_seat,\n  b.name,\n  b.email,\n  b.mobile,\n  b.telephone,\n  b.lead_time,\n  b.notes,\n  b.special_instructions,\n  b.payment_type_id,\n  b.company_price,\n  b.fares,\n  b.total_charges,\n  b.parking_charges,\n  b.waiting_charges,\n  b.extra_drop_charges,\n  b.credit_card_charges,\n  b.congestion_charges,\n  b.miles,\n  b.meet_and_greet,\n  b.department,\n  b.escort_id,\n  b.order_number,\n  b.booked_by,\n  b.add_return_fare,\n  b.fare_meter_status,\n  b.fare_meter,\n  b.quotation,\n  b.quoted,\n  b.dispatch,\n  b.dispatch_as,\n  b.sms,\n  b.emailflag,\n  b.trash,\n  b.hidden,\n  b.multi_booking_id,\n  b.associated_booking,\n  b.invoice_status,\n  b.commission_status,\n  b.commission,\n  b.skipped_bookings,\n  b.permanent,\n  b.toggle_driver_text,\n  b.toggle_passenger_text,\n  b.cancelled_reason,\n  b.booking_source,\n  b.on_route,\n  b.arrived,\n  b.passenger_on_board,\n  b.completed,\n  b.controller_completed,\n  b.driver_waiting_time,\n  b.dispatched_at,\n  b.booked_at,\n  b.stripe_customer_id,\n  b.stripe_payment_id,\n  b.invoice_number,\n  b.initial_subsidiary_id,\n  b.created_at,\n  b.updated_at,\n  b.eta,\n  b.fob,\n  b.future,\n\n  json_build_object(\n    'booking_status', bs.booking_status\n  ) AS booking_status,\n\n  json_build_object(\n    'booking_type', bt.booking_type\n  ) AS booking_type,\n\n  json_build_object(\n    'journey_type', jt.journey_type\n  ) AS journey_type,\n\n  json_build_object(\n    'id', s.id,\n    'name', s.name,\n    'telephone_number', s.telephone_number\n  ) AS subsidiary,\n\n  json_build_object(\n    'name', vt.name,\n    'background_color', vt.background_color,\n    'foreground_color', vt.foreground_color\n  ) AS vehicle_type,\n\n  json_build_object(\n    'id', pt.id,\n    'name', pt.name,\n    'background_color', pt.background_color,\n    'foreground_color', pt.foreground_color\n  ) AS payment_type,\n\n  json_build_object(\n    'id', a.id,\n    'name', a.name,\n    'background_color', a.background_color,\n    'foreground_color', a.foreground_color,\n    'has_vat', a.has_vat,\n    'bank_information', a.bank_information,\n    'fare_controller', a.fare_controller,\n    'account_fees_type', a.account_fees_type,\n    'account_fees', a.account_fees,\n    'account_fees_vat', a.account_fees_vat\n  ) AS account,\n\n  json_build_object(\n    'id', d.id,\n    'username', d.username,\n    'name', d.name,\n    'mobile_device_id', d.mobile_device_id,\n    'phc_vehicle_number', d.phc_vehicle_number,\n    'phc_driver_number', d.phc_driver_number,\n    'vehicle_id', d.vehicle_id,\n    'driver_commission', d.driver_commission,\n    'session_status', d.session_status,\n\n    'vehicle', json_build_object(\n      'make', v.make,\n      'model', v.model,\n      'color', v.color,\n      'vehicle_number', v.vehicle_number\n    )\n  ) AS driver,\n\n  json_build_object(\n    'door_number', c.door_number,\n    'address1', c.address1,\n    'address2', c.address2,\n    'blacklist', c.blacklist\n  ) AS customer,\n\n  json_build_object(\n    'username', e.username,\n    'role_id', e.role_id\n  ) AS employee,\n\n  json_build_object(\n    'pickup',\n    CASE\n      WHEN lp.id IS NOT NULL THEN\n        json_build_object(\n          'id', lp.id,\n          'name', lp.name,\n          'location_type', json_build_object(\n            'id', ltp.id,\n            'name', ltp.name,\n            'background_color', ltp.background_color,\n            'foreground_color', ltp.foreground_color\n          )\n        )\n      ELSE\n        json_build_object(\n          'id', null,\n          'name', null,\n          'location_type', json_build_object(\n            'id', null,\n            'name', null,\n            'background_color', null,\n            'foreground_color', null\n          )\n        )\n    END,\n\n    'dropoff',\n    CASE\n      WHEN ld.id IS NOT NULL THEN\n        json_build_object(\n          'id', ld.id,\n          'name', ld.name,\n          'location_type', json_build_object(\n            'id', ltd.id,\n            'name', ltd.name,\n            'background_color', ltd.background_color,\n            'foreground_color', ltd.foreground_color\n          )\n        )\n      ELSE\n        json_build_object(\n          'id', null,\n          'name', null,\n          'location_type', json_build_object(\n            'id', null,\n            'name', null,\n            'background_color', null,\n            'foreground_color', null\n          )\n        )\n    END\n  ) AS airport\n\nFROM bookings b\n\nLEFT JOIN booking_statuses bs\n  ON b.booking_status_id = bs.id\n\nLEFT JOIN booking_types bt\n  ON b.booking_type_id = bt.id\n\nLEFT JOIN journey_types jt\n  ON b.journey_type_id = jt.id\n\nLEFT JOIN subsidiaries s\n  ON b.subsidiary_id = s.id\n\nLEFT JOIN vehicle_types vt\n  ON b.vehicle_type_id = vt.id\n\nLEFT JOIN payment_types pt\n  ON b.payment_type_id = pt.id\n\nLEFT JOIN accounts a\n  ON b.account_id = a.id\n\nLEFT JOIN drivers d\n  ON b.driver_id = d.id\n\nLEFT JOIN vehicles v\n  ON d.vehicle_id = v.id\n\nLEFT JOIN customers c\n  ON b.customer_id = c.id\n\nLEFT JOIN employees e\n  ON b.employee_id = e.id\n\n\n-- PICKUP LOCATION\n-- Select only the most specific matching location\nLEFT JOIN LATERAL (\n  SELECT l.*\n  FROM locations l\n  WHERE l.location_type_id = 2\n    AND b.pickup ILIKE '%' || l.name || '%'\n  ORDER BY LENGTH(l.name) DESC, l.id ASC\n  LIMIT 1\n) lp ON true\n\n\n-- DROPOFF LOCATION\n-- Select only the most specific matching location\nLEFT JOIN LATERAL (\n  SELECT l.*\n  FROM locations l\n  WHERE l.location_type_id = 2\n    AND b.dropoff ILIKE '%' || l.name || '%'\n  ORDER BY LENGTH(l.name) DESC, l.id ASC\n  LIMIT 1\n) ld ON true\n\n\nLEFT JOIN location_types ltp\n  ON lp.location_type_id = ltp.id\n\nLEFT JOIN location_types ltd\n  ON ld.location_type_id = ltd.id\n\n\n    \n    WHERE b.trash = false AND \n      TO_DATE(b.pickup_date, 'YYYY-FMMM-FMDD')\n      >= TO_DATE($1, 'YYYY-MM-DD')\n     AND \n      TO_DATE(b.pickup_date, 'YYYY-FMMM-FMDD')\n      <= TO_DATE($2, 'YYYY-MM-DD')\n     AND TRIM(b.pickup_time)::time >= $3::time AND TRIM(b.pickup_time)::time <= $4::time AND b.booking_status_id = ANY($5::int[]) AND b.payment_type_id = ANY($6::int[]) AND b.driver_id = $7 AND b.pickup ILIKE $8 AND pt.name ILIKE $9\n  \n    ORDER BY (\n        TO_DATE(b.pickup_date,'YYYY-FMMM-FMDD')\n        +\n        TRIM(b.pickup_time)::time\n      ) ASC\n    OFFSET $10\n    LIMIT $11\n  ","timestamp":"2026-08-18T18:02:52.769Z"}
{"level":"info","message":"GET /api/bookings/booking-statistics?from_date=2020-07-01&to_date=2026-07-20&from_time=00:00&to_time=23:59&pickup=Tn30,%20Ashford%20Road,%20St.%20Michaels,%20Tenterden%20TN30%206BT&payment_type_id=1,2,3,4&booking_status_id=1,3,4,5,6,8,10,12,13,14,15&sort_order=ASC&sort_by=datetime&driver_id=167&payment_type_name=cash 200 110.442 ms","timestamp":"2026-08-18T18:02:52.771Z"}
{"duration":72,"level":"info","message":"db-query","rows":1,"text":"\n    SELECT COUNT(*) AS total\n    FROM bookings b\n    \n    LEFT JOIN vehicle_types vt ON b.vehicle_type_id = vt.id\n    LEFT JOIN journey_types jt ON b.journey_type_id = jt.id\n    LEFT JOIN accounts a ON b.account_id = a.id\n    LEFT JOIN payment_types pt ON b.payment_type_id = pt.id\n    LEFT JOIN drivers d ON b.driver_id = d.id\n    LEFT JOIN subsidiaries s ON b.subsidiary_id = s.id\n    LEFT JOIN booking_statuses bs ON b.booking_status_id = bs.id\n  \n    \n    WHERE b.trash = false AND \n      TO_DATE(b.pickup_date, 'YYYY-FMMM-FMDD')\n      >= TO_DATE($1, 'YYYY-MM-DD')\n     AND \n      TO_DATE(b.pickup_date, 'YYYY-FMMM-FMDD')\n      <= TO_DATE($2, 'YYYY-MM-DD')\n     AND TRIM(b.pickup_time)::time >= $3::time AND TRIM(b.pickup_time)::time <= $4::time AND b.booking_status_id = ANY($5::int[]) AND b.payment_type_id = ANY($6::int[]) AND b.driver_id = $7 AND b.pickup ILIKE $8 AND a.name ILIKE $9 AND pt.name ILIKE $10 AND d.name ILIKE $11\n  \n  ","timestamp":"2026-08-18T18:03:33.374Z"}
{"duration":3,"level":"info","message":"db-query","rows":1,"text":"\n    SELECT\n      COUNT(*) AS total_bookings,\n      COALESCE(SUM(b.fares), 0) AS total_earnings,\n      COALESCE(\n        SUM(\n          CASE\n            WHEN b.account_id IS NOT NULL\n            THEN b.fares\n            ELSE 0\n          END\n        ),\n        0\n      ) AS total_account_earnings\n    FROM bookings b\n    \n    LEFT JOIN vehicle_types vt ON b.vehicle_type_id = vt.id\n    LEFT JOIN journey_types jt ON b.journey_type_id = jt.id\n    LEFT JOIN accounts a ON b.account_id = a.id\n    LEFT JOIN payment_types pt ON b.payment_type_id = pt.id\n    LEFT JOIN drivers d ON b.driver_id = d.id\n    LEFT JOIN subsidiaries s ON b.subsidiary_id = s.id\n    LEFT JOIN booking_statuses bs ON b.booking_status_id = bs.id\n  \n    \n    WHERE b.trash = false AND \n      TO_DATE(b.pickup_date, 'YYYY-FMMM-FMDD')\n      >= TO_DATE($1, 'YYYY-MM-DD')\n     AND \n      TO_DATE(b.pickup_date, 'YYYY-FMMM-FMDD')\n      <= TO_DATE($2, 'YYYY-MM-DD')\n     AND TRIM(b.pickup_time)::time >= $3::time AND TRIM(b.pickup_time)::time <= $4::time AND b.booking_status_id = ANY($5::int[]) AND b.payment_type_id = ANY($6::int[]) AND b.driver_id = $7 AND b.pickup ILIKE $8 AND a.name ILIKE $9 AND pt.name ILIKE $10 AND d.name ILIKE $11\n  \n  ","timestamp":"2026-08-18T18:03:33.378Z"}
{"duration":31,"level":"info","message":"db-query","rows":3,"text":"\n    \nSELECT\n  b.id,\n  b.reference_number,\n  b.subsidiary_id,\n  b.booking_type_id,\n  b.booking_status_id,\n  b.journey_type_id,\n  b.account_id,\n  b.customer_id,\n  b.employee_id,\n  b.pickup,\n  b.dropoff,\n  b.pickup_date,\n  b.pickup_time,\n  b.dropoff_date,\n  b.dropoff_time,\n  b.pickup_door_number,\n  b.dropoff_door_number,\n  b.pickup_plot,\n  b.dropoff_plot,\n  b.pickup_location_type_id,\n  b.dropoff_location_type_id,\n  b.pickup_latitude,\n  b.pickup_longitude,\n  b.dropoff_latitude,\n  b.dropoff_longitude,\n  b.viapoints,\n  b.restricted_drivers,\n  b.flight_number,\n  b.arriving_from,\n  b.vehicle_type_id,\n  b.vehicle_id,\n  b.driver_id,\n  b.passengers,\n  b.luggages,\n  b.hand_luggages,\n  b.child_seat,\n  b.name,\n  b.email,\n  b.mobile,\n  b.telephone,\n  b.lead_time,\n  b.notes,\n  b.special_instructions,\n  b.payment_type_id,\n  b.company_price,\n  b.fares,\n  b.total_charges,\n  b.parking_charges,\n  b.waiting_charges,\n  b.extra_drop_charges,\n  b.credit_card_charges,\n  b.congestion_charges,\n  b.miles,\n  b.meet_and_greet,\n  b.department,\n  b.escort_id,\n  b.order_number,\n  b.booked_by,\n  b.add_return_fare,\n  b.fare_meter_status,\n  b.fare_meter,\n  b.quotation,\n  b.quoted,\n  b.dispatch,\n  b.dispatch_as,\n  b.sms,\n  b.emailflag,\n  b.trash,\n  b.hidden,\n  b.multi_booking_id,\n  b.associated_booking,\n  b.invoice_status,\n  b.commission_status,\n  b.commission,\n  b.skipped_bookings,\n  b.permanent,\n  b.toggle_driver_text,\n  b.toggle_passenger_text,\n  b.cancelled_reason,\n  b.booking_source,\n  b.on_route,\n  b.arrived,\n  b.passenger_on_board,\n  b.completed,\n  b.controller_completed,\n  b.driver_waiting_time,\n  b.dispatched_at,\n  b.booked_at,\n  b.stripe_customer_id,\n  b.stripe_payment_id,\n  b.invoice_number,\n  b.initial_subsidiary_id,\n  b.created_at,\n  b.updated_at,\n  b.eta,\n  b.fob,\n  b.future,\n\n  json_build_object(\n    'booking_status', bs.booking_status\n  ) AS booking_status,\n\n  json_build_object(\n    'booking_type', bt.booking_type\n  ) AS booking_type,\n\n  json_build_object(\n    'journey_type', jt.journey_type\n  ) AS journey_type,\n\n  json_build_object(\n    'id', s.id,\n    'name', s.name,\n    'telephone_number', s.telephone_number\n  ) AS subsidiary,\n\n  json_build_object(\n    'name', vt.name,\n    'background_color', vt.background_color,\n    'foreground_color', vt.foreground_color\n  ) AS vehicle_type,\n\n  json_build_object(\n    'id', pt.id,\n    'name', pt.name,\n    'background_color', pt.background_color,\n    'foreground_color', pt.foreground_color\n  ) AS payment_type,\n\n  json_build_object(\n    'id', a.id,\n    'name', a.name,\n    'background_color', a.background_color,\n    'foreground_color', a.foreground_color,\n    'has_vat', a.has_vat,\n    'bank_information', a.bank_information,\n    'fare_controller', a.fare_controller,\n    'account_fees_type', a.account_fees_type,\n    'account_fees', a.account_fees,\n    'account_fees_vat', a.account_fees_vat\n  ) AS account,\n\n  json_build_object(\n    'id', d.id,\n    'username', d.username,\n    'name', d.name,\n    'mobile_device_id', d.mobile_device_id,\n    'phc_vehicle_number', d.phc_vehicle_number,\n    'phc_driver_number', d.phc_driver_number,\n    'vehicle_id', d.vehicle_id,\n    'driver_commission', d.driver_commission,\n    'session_status', d.session_status,\n\n    'vehicle', json_build_object(\n      'make', v.make,\n      'model', v.model,\n      'color', v.color,\n      'vehicle_number', v.vehicle_number\n    )\n  ) AS driver,\n\n  json_build_object(\n    'door_number', c.door_number,\n    'address1', c.address1,\n    'address2', c.address2,\n    'blacklist', c.blacklist\n  ) AS customer,\n\n  json_build_object(\n    'username', e.username,\n    'role_id', e.role_id\n  ) AS employee,\n\n  json_build_object(\n    'pickup',\n    CASE\n      WHEN lp.id IS NOT NULL THEN\n        json_build_object(\n          'id', lp.id,\n          'name', lp.name,\n          'location_type', json_build_object(\n            'id', ltp.id,\n            'name', ltp.name,\n            'background_color', ltp.background_color,\n            'foreground_color', ltp.foreground_color\n          )\n        )\n      ELSE\n        json_build_object(\n          'id', null,\n          'name', null,\n          'location_type', json_build_object(\n            'id', null,\n            'name', null,\n            'background_color', null,\n            'foreground_color', null\n          )\n        )\n    END,\n\n    'dropoff',\n    CASE\n      WHEN ld.id IS NOT NULL THEN\n        json_build_object(\n          'id', ld.id,\n          'name', ld.name,\n          'location_type', json_build_object(\n            'id', ltd.id,\n            'name', ltd.name,\n            'background_color', ltd.background_color,\n            'foreground_color', ltd.foreground_color\n          )\n        )\n      ELSE\n        json_build_object(\n          'id', null,\n          'name', null,\n          'location_type', json_build_object(\n            'id', null,\n            'name', null,\n            'background_color', null,\n            'foreground_color', null\n          )\n        )\n    END\n  ) AS airport\n\nFROM bookings b\n\nLEFT JOIN booking_statuses bs\n  ON b.booking_status_id = bs.id\n\nLEFT JOIN booking_types bt\n  ON b.booking_type_id = bt.id\n\nLEFT JOIN journey_types jt\n  ON b.journey_type_id = jt.id\n\nLEFT JOIN subsidiaries s\n  ON b.subsidiary_id = s.id\n\nLEFT JOIN vehicle_types vt\n  ON b.vehicle_type_id = vt.id\n\nLEFT JOIN payment_types pt\n  ON b.payment_type_id = pt.id\n\nLEFT JOIN accounts a\n  ON b.account_id = a.id\n\nLEFT JOIN drivers d\n  ON b.driver_id = d.id\n\nLEFT JOIN vehicles v\n  ON d.vehicle_id = v.id\n\nLEFT JOIN customers c\n  ON b.customer_id = c.id\n\nLEFT JOIN employees e\n  ON b.employee_id = e.id\n\n\n-- PICKUP LOCATION\n-- Select only the most specific matching location\nLEFT JOIN LATERAL (\n  SELECT l.*\n  FROM locations l\n  WHERE l.location_type_id = 2\n    AND b.pickup ILIKE '%' || l.name || '%'\n  ORDER BY LENGTH(l.name) DESC, l.id ASC\n  LIMIT 1\n) lp ON true\n\n\n-- DROPOFF LOCATION\n-- Select only the most specific matching location\nLEFT JOIN LATERAL (\n  SELECT l.*\n  FROM locations l\n  WHERE l.location_type_id = 2\n    AND b.dropoff ILIKE '%' || l.name || '%'\n  ORDER BY LENGTH(l.name) DESC, l.id ASC\n  LIMIT 1\n) ld ON true\n\n\nLEFT JOIN location_types ltp\n  ON lp.location_type_id = ltp.id\n\nLEFT JOIN location_types ltd\n  ON ld.location_type_id = ltd.id\n\n\n    \n    WHERE b.trash = false AND \n      TO_DATE(b.pickup_date, 'YYYY-FMMM-FMDD')\n      >= TO_DATE($1, 'YYYY-MM-DD')\n     AND \n      TO_DATE(b.pickup_date, 'YYYY-FMMM-FMDD')\n      <= TO_DATE($2, 'YYYY-MM-DD')\n     AND TRIM(b.pickup_time)::time >= $3::time AND TRIM(b.pickup_time)::time <= $4::time AND b.booking_status_id = ANY($5::int[]) AND b.payment_type_id = ANY($6::int[]) AND b.driver_id = $7 AND b.pickup ILIKE $8 AND a.name ILIKE $9 AND pt.name ILIKE $10 AND d.name ILIKE $11\n  \n    ORDER BY (\n        TO_DATE(b.pickup_date,'YYYY-FMMM-FMDD')\n        +\n        TRIM(b.pickup_time)::time\n      ) ASC\n    OFFSET $12\n    LIMIT $13\n  ","timestamp":"2026-08-18T18:03:33.410Z"}
{"level":"info","message":"GET /api/bookings/booking-statistics?from_date=2020-07-01&to_date=2026-07-20&from_time=00:00&to_time=23:59&pickup=Tn30,%20Ashford%20Road,%20St.%20Michaels,%20Tenterden%20TN30%206BT&payment_type_id=1,2,3,4&booking_status_id=1,3,4,5,6,8,10,12,13,14,15&sort_order=ASC&sort_by=datetime&driver_id=167&account_name=moro&payment_type_name=cash&driver_name=Mark 200 109.112 ms","timestamp":"2026-08-18T18:03:33.412Z"}
{"duration":138,"level":"info","message":"db-query","rows":1,"text":"\n    SELECT COUNT(*) AS total\n    FROM bookings b\n    \n    LEFT JOIN vehicle_types vt ON b.vehicle_type_id = vt.id\n    LEFT JOIN journey_types jt ON b.journey_type_id = jt.id\n    LEFT JOIN accounts a ON b.account_id = a.id\n    LEFT JOIN payment_types pt ON b.payment_type_id = pt.id\n    LEFT JOIN drivers d ON b.driver_id = d.id\n    LEFT JOIN subsidiaries s ON b.subsidiary_id = s.id\n    LEFT JOIN booking_statuses bs ON b.booking_status_id = bs.id\n  \n    \n    WHERE b.trash = false AND \n      TO_DATE(b.pickup_date, 'YYYY-FMMM-FMDD')\n      >= TO_DATE($1, 'YYYY-MM-DD')\n     AND \n      TO_DATE(b.pickup_date, 'YYYY-FMMM-FMDD')\n      <= TO_DATE($2, 'YYYY-MM-DD')\n     AND TRIM(b.pickup_time)::time >= $3::time AND TRIM(b.pickup_time)::time <= $4::time AND b.booking_status_id = ANY($5::int[]) AND b.payment_type_id = ANY($6::int[]) AND b.driver_id = $7 AND b.pickup ILIKE $8 AND a.name ILIKE $9 AND pt.name ILIKE $10 AND d.name ILIKE $11\n  \n  ","timestamp":"2026-08-18T18:03:47.005Z"}
{"duration":3,"level":"info","message":"db-query","rows":1,"text":"\n    SELECT\n      COUNT(*) AS total_bookings,\n      COALESCE(SUM(b.fares), 0) AS total_earnings,\n      COALESCE(\n        SUM(\n          CASE\n            WHEN b.account_id IS NOT NULL\n            THEN b.fares\n            ELSE 0\n          END\n        ),\n        0\n      ) AS total_account_earnings\n    FROM bookings b\n    \n    LEFT JOIN vehicle_types vt ON b.vehicle_type_id = vt.id\n    LEFT JOIN journey_types jt ON b.journey_type_id = jt.id\n    LEFT JOIN accounts a ON b.account_id = a.id\n    LEFT JOIN payment_types pt ON b.payment_type_id = pt.id\n    LEFT JOIN drivers d ON b.driver_id = d.id\n    LEFT JOIN subsidiaries s ON b.subsidiary_id = s.id\n    LEFT JOIN booking_statuses bs ON b.booking_status_id = bs.id\n  \n    \n    WHERE b.trash = false AND \n      TO_DATE(b.pickup_date, 'YYYY-FMMM-FMDD')\n      >= TO_DATE($1, 'YYYY-MM-DD')\n     AND \n      TO_DATE(b.pickup_date, 'YYYY-FMMM-FMDD')\n      <= TO_DATE($2, 'YYYY-MM-DD')\n     AND TRIM(b.pickup_time)::time >= $3::time AND TRIM(b.pickup_time)::time <= $4::time AND b.booking_status_id = ANY($5::int[]) AND b.payment_type_id = ANY($6::int[]) AND b.driver_id = $7 AND b.pickup ILIKE $8 AND a.name ILIKE $9 AND pt.name ILIKE $10 AND d.name ILIKE $11\n  \n  ","timestamp":"2026-08-18T18:03:47.045Z"}
{"duration":27,"level":"info","message":"db-query","rows":0,"text":"\n    \nSELECT\n  b.id,\n  b.reference_number,\n  b.subsidiary_id,\n  b.booking_type_id,\n  b.booking_status_id,\n  b.journey_type_id,\n  b.account_id,\n  b.customer_id,\n  b.employee_id,\n  b.pickup,\n  b.dropoff,\n  b.pickup_date,\n  b.pickup_time,\n  b.dropoff_date,\n  b.dropoff_time,\n  b.pickup_door_number,\n  b.dropoff_door_number,\n  b.pickup_plot,\n  b.dropoff_plot,\n  b.pickup_location_type_id,\n  b.dropoff_location_type_id,\n  b.pickup_latitude,\n  b.pickup_longitude,\n  b.dropoff_latitude,\n  b.dropoff_longitude,\n  b.viapoints,\n  b.restricted_drivers,\n  b.flight_number,\n  b.arriving_from,\n  b.vehicle_type_id,\n  b.vehicle_id,\n  b.driver_id,\n  b.passengers,\n  b.luggages,\n  b.hand_luggages,\n  b.child_seat,\n  b.name,\n  b.email,\n  b.mobile,\n  b.telephone,\n  b.lead_time,\n  b.notes,\n  b.special_instructions,\n  b.payment_type_id,\n  b.company_price,\n  b.fares,\n  b.total_charges,\n  b.parking_charges,\n  b.waiting_charges,\n  b.extra_drop_charges,\n  b.credit_card_charges,\n  b.congestion_charges,\n  b.miles,\n  b.meet_and_greet,\n  b.department,\n  b.escort_id,\n  b.order_number,\n  b.booked_by,\n  b.add_return_fare,\n  b.fare_meter_status,\n  b.fare_meter,\n  b.quotation,\n  b.quoted,\n  b.dispatch,\n  b.dispatch_as,\n  b.sms,\n  b.emailflag,\n  b.trash,\n  b.hidden,\n  b.multi_booking_id,\n  b.associated_booking,\n  b.invoice_status,\n  b.commission_status,\n  b.commission,\n  b.skipped_bookings,\n  b.permanent,\n  b.toggle_driver_text,\n  b.toggle_passenger_text,\n  b.cancelled_reason,\n  b.booking_source,\n  b.on_route,\n  b.arrived,\n  b.passenger_on_board,\n  b.completed,\n  b.controller_completed,\n  b.driver_waiting_time,\n  b.dispatched_at,\n  b.booked_at,\n  b.stripe_customer_id,\n  b.stripe_payment_id,\n  b.invoice_number,\n  b.initial_subsidiary_id,\n  b.created_at,\n  b.updated_at,\n  b.eta,\n  b.fob,\n  b.future,\n\n  json_build_object(\n    'booking_status', bs.booking_status\n  ) AS booking_status,\n\n  json_build_object(\n    'booking_type', bt.booking_type\n  ) AS booking_type,\n\n  json_build_object(\n    'journey_type', jt.journey_type\n  ) AS journey_type,\n\n  json_build_object(\n    'id', s.id,\n    'name', s.name,\n    'telephone_number', s.telephone_number\n  ) AS subsidiary,\n\n  json_build_object(\n    'name', vt.name,\n    'background_color', vt.background_color,\n    'foreground_color', vt.foreground_color\n  ) AS vehicle_type,\n\n  json_build_object(\n    'id', pt.id,\n    'name', pt.name,\n    'background_color', pt.background_color,\n    'foreground_color', pt.foreground_color\n  ) AS payment_type,\n\n  json_build_object(\n    'id', a.id,\n    'name', a.name,\n    'background_color', a.background_color,\n    'foreground_color', a.foreground_color,\n    'has_vat', a.has_vat,\n    'bank_information', a.bank_information,\n    'fare_controller', a.fare_controller,\n    'account_fees_type', a.account_fees_type,\n    'account_fees', a.account_fees,\n    'account_fees_vat', a.account_fees_vat\n  ) AS account,\n\n  json_build_object(\n    'id', d.id,\n    'username', d.username,\n    'name', d.name,\n    'mobile_device_id', d.mobile_device_id,\n    'phc_vehicle_number', d.phc_vehicle_number,\n    'phc_driver_number', d.phc_driver_number,\n    'vehicle_id', d.vehicle_id,\n    'driver_commission', d.driver_commission,\n    'session_status', d.session_status,\n\n    'vehicle', json_build_object(\n      'make', v.make,\n      'model', v.model,\n      'color', v.color,\n      'vehicle_number', v.vehicle_number\n    )\n  ) AS driver,\n\n  json_build_object(\n    'door_number', c.door_number,\n    'address1', c.address1,\n    'address2', c.address2,\n    'blacklist', c.blacklist\n  ) AS customer,\n\n  json_build_object(\n    'username', e.username,\n    'role_id', e.role_id\n  ) AS employee,\n\n  json_build_object(\n    'pickup',\n    CASE\n      WHEN lp.id IS NOT NULL THEN\n        json_build_object(\n          'id', lp.id,\n          'name', lp.name,\n          'location_type', json_build_object(\n            'id', ltp.id,\n            'name', ltp.name,\n            'background_color', ltp.background_color,\n            'foreground_color', ltp.foreground_color\n          )\n        )\n      ELSE\n        json_build_object(\n          'id', null,\n          'name', null,\n          'location_type', json_build_object(\n            'id', null,\n            'name', null,\n            'background_color', null,\n            'foreground_color', null\n          )\n        )\n    END,\n\n    'dropoff',\n    CASE\n      WHEN ld.id IS NOT NULL THEN\n        json_build_object(\n          'id', ld.id,\n          'name', ld.name,\n          'location_type', json_build_object(\n            'id', ltd.id,\n            'name', ltd.name,\n            'background_color', ltd.background_color,\n            'foreground_color', ltd.foreground_color\n          )\n        )\n      ELSE\n        json_build_object(\n          'id', null,\n          'name', null,\n          'location_type', json_build_object(\n            'id', null,\n            'name', null,\n            'background_color', null,\n            'foreground_color', null\n          )\n        )\n    END\n  ) AS airport\n\nFROM bookings b\n\nLEFT JOIN booking_statuses bs\n  ON b.booking_status_id = bs.id\n\nLEFT JOIN booking_types bt\n  ON b.booking_type_id = bt.id\n\nLEFT JOIN journey_types jt\n  ON b.journey_type_id = jt.id\n\nLEFT JOIN subsidiaries s\n  ON b.subsidiary_id = s.id\n\nLEFT JOIN vehicle_types vt\n  ON b.vehicle_type_id = vt.id\n\nLEFT JOIN payment_types pt\n  ON b.payment_type_id = pt.id\n\nLEFT JOIN accounts a\n  ON b.account_id = a.id\n\nLEFT JOIN drivers d\n  ON b.driver_id = d.id\n\nLEFT JOIN vehicles v\n  ON d.vehicle_id = v.id\n\nLEFT JOIN customers c\n  ON b.customer_id = c.id\n\nLEFT JOIN employees e\n  ON b.employee_id = e.id\n\n\n-- PICKUP LOCATION\n-- Select only the most specific matching location\nLEFT JOIN LATERAL (\n  SELECT l.*\n  FROM locations l\n  WHERE l.location_type_id = 2\n    AND b.pickup ILIKE '%' || l.name || '%'\n  ORDER BY LENGTH(l.name) DESC, l.id ASC\n  LIMIT 1\n) lp ON true\n\n\n-- DROPOFF LOCATION\n-- Select only the most specific matching location\nLEFT JOIN LATERAL (\n  SELECT l.*\n  FROM locations l\n  WHERE l.location_type_id = 2\n    AND b.dropoff ILIKE '%' || l.name || '%'\n  ORDER BY LENGTH(l.name) DESC, l.id ASC\n  LIMIT 1\n) ld ON true\n\n\nLEFT JOIN location_types ltp\n  ON lp.location_type_id = ltp.id\n\nLEFT JOIN location_types ltd\n  ON ld.location_type_id = ltd.id\n\n\n    \n    WHERE b.trash = false AND \n      TO_DATE(b.pickup_date, 'YYYY-FMMM-FMDD')\n      >= TO_DATE($1, 'YYYY-MM-DD')\n     AND \n      TO_DATE(b.pickup_date, 'YYYY-FMMM-FMDD')\n      <= TO_DATE($2, 'YYYY-MM-DD')\n     AND TRIM(b.pickup_time)::time >= $3::time AND TRIM(b.pickup_time)::time <= $4::time AND b.booking_status_id = ANY($5::int[]) AND b.payment_type_id = ANY($6::int[]) AND b.driver_id = $7 AND b.pickup ILIKE $8 AND a.name ILIKE $9 AND pt.name ILIKE $10 AND d.name ILIKE $11\n  \n    ORDER BY (\n        TO_DATE(b.pickup_date,'YYYY-FMMM-FMDD')\n        +\n        TRIM(b.pickup_time)::time\n      ) ASC\n    OFFSET $12\n    LIMIT $13\n  ","timestamp":"2026-08-18T18:03:47.105Z"}
{"level":"info","message":"GET /api/bookings/booking-statistics?from_date=2020-07-01&to_date=2026-07-20&from_time=00:00&to_time=23:59&pickup=Tn30,%20Ashford%20Road,%20St.%20Michaels,%20Tenterden%20TN30%206BT&payment_type_id=1,2,3,4&booking_status_id=1,3,4,5,6,8,10,12,13,14,15&sort_order=ASC&sort_by=datetime&driver_id=167&account_name=moro&payment_type_name=cash&driver_name=Ibad 200 275.049 ms","timestamp":"2026-08-18T18:03:47.142Z"}
{"duration":67,"level":"info","message":"db-query","rows":1,"text":"\n    SELECT COUNT(*) AS total\n    FROM bookings b\n    \n    LEFT JOIN vehicle_types vt ON b.vehicle_type_id = vt.id\n    LEFT JOIN journey_types jt ON b.journey_type_id = jt.id\n    LEFT JOIN accounts a ON b.account_id = a.id\n    LEFT JOIN payment_types pt ON b.payment_type_id = pt.id\n    LEFT JOIN drivers d ON b.driver_id = d.id\n    LEFT JOIN subsidiaries s ON b.subsidiary_id = s.id\n    LEFT JOIN booking_statuses bs ON b.booking_status_id = bs.id\n  \n    \n    WHERE b.trash = false AND \n      TO_DATE(b.pickup_date, 'YYYY-FMMM-FMDD')\n      >= TO_DATE($1, 'YYYY-MM-DD')\n     AND \n      TO_DATE(b.pickup_date, 'YYYY-FMMM-FMDD')\n      <= TO_DATE($2, 'YYYY-MM-DD')\n     AND TRIM(b.pickup_time)::time >= $3::time AND TRIM(b.pickup_time)::time <= $4::time AND b.booking_status_id = ANY($5::int[]) AND b.payment_type_id = ANY($6::int[]) AND b.driver_id = $7 AND b.pickup ILIKE $8 AND a.name ILIKE $9 AND pt.name ILIKE $10\n  \n  ","timestamp":"2026-08-18T18:04:50.692Z"}
{"duration":3,"level":"info","message":"db-query","rows":1,"text":"\n    SELECT\n      COUNT(*) AS total_bookings,\n      COALESCE(SUM(b.fares), 0) AS total_earnings,\n      COALESCE(\n        SUM(\n          CASE\n            WHEN b.account_id IS NOT NULL\n            THEN b.fares\n            ELSE 0\n          END\n        ),\n        0\n      ) AS total_account_earnings\n    FROM bookings b\n    \n    LEFT JOIN vehicle_types vt ON b.vehicle_type_id = vt.id\n    LEFT JOIN journey_types jt ON b.journey_type_id = jt.id\n    LEFT JOIN accounts a ON b.account_id = a.id\n    LEFT JOIN payment_types pt ON b.payment_type_id = pt.id\n    LEFT JOIN drivers d ON b.driver_id = d.id\n    LEFT JOIN subsidiaries s ON b.subsidiary_id = s.id\n    LEFT JOIN booking_statuses bs ON b.booking_status_id = bs.id\n  \n    \n    WHERE b.trash = false AND \n      TO_DATE(b.pickup_date, 'YYYY-FMMM-FMDD')\n      >= TO_DATE($1, 'YYYY-MM-DD')\n     AND \n      TO_DATE(b.pickup_date, 'YYYY-FMMM-FMDD')\n      <= TO_DATE($2, 'YYYY-MM-DD')\n     AND TRIM(b.pickup_time)::time >= $3::time AND TRIM(b.pickup_time)::time <= $4::time AND b.booking_status_id = ANY($5::int[]) AND b.payment_type_id = ANY($6::int[]) AND b.driver_id = $7 AND b.pickup ILIKE $8 AND a.name ILIKE $9 AND pt.name ILIKE $10\n  \n  ","timestamp":"2026-08-18T18:04:50.695Z"}
{"duration":28,"level":"info","message":"db-query","rows":3,"text":"\n    \nSELECT\n  b.id,\n  b.reference_number,\n  b.subsidiary_id,\n  b.booking_type_id,\n  b.booking_status_id,\n  b.journey_type_id,\n  b.account_id,\n  b.customer_id,\n  b.employee_id,\n  b.pickup,\n  b.dropoff,\n  b.pickup_date,\n  b.pickup_time,\n  b.dropoff_date,\n  b.dropoff_time,\n  b.pickup_door_number,\n  b.dropoff_door_number,\n  b.pickup_plot,\n  b.dropoff_plot,\n  b.pickup_location_type_id,\n  b.dropoff_location_type_id,\n  b.pickup_latitude,\n  b.pickup_longitude,\n  b.dropoff_latitude,\n  b.dropoff_longitude,\n  b.viapoints,\n  b.restricted_drivers,\n  b.flight_number,\n  b.arriving_from,\n  b.vehicle_type_id,\n  b.vehicle_id,\n  b.driver_id,\n  b.passengers,\n  b.luggages,\n  b.hand_luggages,\n  b.child_seat,\n  b.name,\n  b.email,\n  b.mobile,\n  b.telephone,\n  b.lead_time,\n  b.notes,\n  b.special_instructions,\n  b.payment_type_id,\n  b.company_price,\n  b.fares,\n  b.total_charges,\n  b.parking_charges,\n  b.waiting_charges,\n  b.extra_drop_charges,\n  b.credit_card_charges,\n  b.congestion_charges,\n  b.miles,\n  b.meet_and_greet,\n  b.department,\n  b.escort_id,\n  b.order_number,\n  b.booked_by,\n  b.add_return_fare,\n  b.fare_meter_status,\n  b.fare_meter,\n  b.quotation,\n  b.quoted,\n  b.dispatch,\n  b.dispatch_as,\n  b.sms,\n  b.emailflag,\n  b.trash,\n  b.hidden,\n  b.multi_booking_id,\n  b.associated_booking,\n  b.invoice_status,\n  b.commission_status,\n  b.commission,\n  b.skipped_bookings,\n  b.permanent,\n  b.toggle_driver_text,\n  b.toggle_passenger_text,\n  b.cancelled_reason,\n  b.booking_source,\n  b.on_route,\n  b.arrived,\n  b.passenger_on_board,\n  b.completed,\n  b.controller_completed,\n  b.driver_waiting_time,\n  b.dispatched_at,\n  b.booked_at,\n  b.stripe_customer_id,\n  b.stripe_payment_id,\n  b.invoice_number,\n  b.initial_subsidiary_id,\n  b.created_at,\n  b.updated_at,\n  b.eta,\n  b.fob,\n  b.future,\n\n  json_build_object(\n    'booking_status', bs.booking_status\n  ) AS booking_status,\n\n  json_build_object(\n    'booking_type', bt.booking_type\n  ) AS booking_type,\n\n  json_build_object(\n    'journey_type', jt.journey_type\n  ) AS journey_type,\n\n  json_build_object(\n    'id', s.id,\n    'name', s.name,\n    'telephone_number', s.telephone_number\n  ) AS subsidiary,\n\n  json_build_object(\n    'name', vt.name,\n    'background_color', vt.background_color,\n    'foreground_color', vt.foreground_color\n  ) AS vehicle_type,\n\n  json_build_object(\n    'id', pt.id,\n    'name', pt.name,\n    'background_color', pt.background_color,\n    'foreground_color', pt.foreground_color\n  ) AS payment_type,\n\n  json_build_object(\n    'id', a.id,\n    'name', a.name,\n    'background_color', a.background_color,\n    'foreground_color', a.foreground_color,\n    'has_vat', a.has_vat,\n    'bank_information', a.bank_information,\n    'fare_controller', a.fare_controller,\n    'account_fees_type', a.account_fees_type,\n    'account_fees', a.account_fees,\n    'account_fees_vat', a.account_fees_vat\n  ) AS account,\n\n  json_build_object(\n    'id', d.id,\n    'username', d.username,\n    'name', d.name,\n    'mobile_device_id', d.mobile_device_id,\n    'phc_vehicle_number', d.phc_vehicle_number,\n    'phc_driver_number', d.phc_driver_number,\n    'vehicle_id', d.vehicle_id,\n    'driver_commission', d.driver_commission,\n    'session_status', d.session_status,\n\n    'vehicle', json_build_object(\n      'make', v.make,\n      'model', v.model,\n      'color', v.color,\n      'vehicle_number', v.vehicle_number\n    )\n  ) AS driver,\n\n  json_build_object(\n    'door_number', c.door_number,\n    'address1', c.address1,\n    'address2', c.address2,\n    'blacklist', c.blacklist\n  ) AS customer,\n\n  json_build_object(\n    'username', e.username,\n    'role_id', e.role_id\n  ) AS employee,\n\n  json_build_object(\n    'pickup',\n    CASE\n      WHEN lp.id IS NOT NULL THEN\n        json_build_object(\n          'id', lp.id,\n          'name', lp.name,\n          'location_type', json_build_object(\n            'id', ltp.id,\n            'name', ltp.name,\n            'background_color', ltp.background_color,\n            'foreground_color', ltp.foreground_color\n          )\n        )\n      ELSE\n        json_build_object(\n          'id', null,\n          'name', null,\n          'location_type', json_build_object(\n            'id', null,\n            'name', null,\n            'background_color', null,\n            'foreground_color', null\n          )\n        )\n    END,\n\n    'dropoff',\n    CASE\n      WHEN ld.id IS NOT NULL THEN\n        json_build_object(\n          'id', ld.id,\n          'name', ld.name,\n          'location_type', json_build_object(\n            'id', ltd.id,\n            'name', ltd.name,\n            'background_color', ltd.background_color,\n            'foreground_color', ltd.foreground_color\n          )\n        )\n      ELSE\n        json_build_object(\n          'id', null,\n          'name', null,\n          'location_type', json_build_object(\n            'id', null,\n            'name', null,\n            'background_color', null,\n            'foreground_color', null\n          )\n        )\n    END\n  ) AS airport\n\nFROM bookings b\n\nLEFT JOIN booking_statuses bs\n  ON b.booking_status_id = bs.id\n\nLEFT JOIN booking_types bt\n  ON b.booking_type_id = bt.id\n\nLEFT JOIN journey_types jt\n  ON b.journey_type_id = jt.id\n\nLEFT JOIN subsidiaries s\n  ON b.subsidiary_id = s.id\n\nLEFT JOIN vehicle_types vt\n  ON b.vehicle_type_id = vt.id\n\nLEFT JOIN payment_types pt\n  ON b.payment_type_id = pt.id\n\nLEFT JOIN accounts a\n  ON b.account_id = a.id\n\nLEFT JOIN drivers d\n  ON b.driver_id = d.id\n\nLEFT JOIN vehicles v\n  ON d.vehicle_id = v.id\n\nLEFT JOIN customers c\n  ON b.customer_id = c.id\n\nLEFT JOIN employees e\n  ON b.employee_id = e.id\n\n\n-- PICKUP LOCATION\n-- Select only the most specific matching location\nLEFT JOIN LATERAL (\n  SELECT l.*\n  FROM locations l\n  WHERE l.location_type_id = 2\n    AND b.pickup ILIKE '%' || l.name || '%'\n  ORDER BY LENGTH(l.name) DESC, l.id ASC\n  LIMIT 1\n) lp ON true\n\n\n-- DROPOFF LOCATION\n-- Select only the most specific matching location\nLEFT JOIN LATERAL (\n  SELECT l.*\n  FROM locations l\n  WHERE l.location_type_id = 2\n    AND b.dropoff ILIKE '%' || l.name || '%'\n  ORDER BY LENGTH(l.name) DESC, l.id ASC\n  LIMIT 1\n) ld ON true\n\n\nLEFT JOIN location_types ltp\n  ON lp.location_type_id = ltp.id\n\nLEFT JOIN location_types ltd\n  ON ld.location_type_id = ltd.id\n\n\n    \n    WHERE b.trash = false AND \n      TO_DATE(b.pickup_date, 'YYYY-FMMM-FMDD')\n      >= TO_DATE($1, 'YYYY-MM-DD')\n     AND \n      TO_DATE(b.pickup_date, 'YYYY-FMMM-FMDD')\n      <= TO_DATE($2, 'YYYY-MM-DD')\n     AND TRIM(b.pickup_time)::time >= $3::time AND TRIM(b.pickup_time)::time <= $4::time AND b.booking_status_id = ANY($5::int[]) AND b.payment_type_id = ANY($6::int[]) AND b.driver_id = $7 AND b.pickup ILIKE $8 AND a.name ILIKE $9 AND pt.name ILIKE $10\n  \n    ORDER BY (\n        TO_DATE(b.pickup_date,'YYYY-FMMM-FMDD')\n        +\n        TRIM(b.pickup_time)::time\n      ) ASC\n    OFFSET $11\n    LIMIT $12\n  ","timestamp":"2026-08-18T18:04:50.724Z"}
{"level":"info","message":"GET /api/bookings/booking-statistics?from_date=2020-07-01&to_date=2026-07-20&from_time=00:00&to_time=23:59&pickup=Tn30,%20Ashford%20Road,%20St.%20Michaels,%20Tenterden%20TN30%206BT&payment_type_id=1,2,3,4&booking_status_id=1,3,4,5,6,8,10,12,13,14,15&sort_order=ASC&sort_by=datetime&driver_id=167&account_name=moro&payment_type_name=cash&subsidiary_name= 200 100.569 ms","timestamp":"2026-08-18T18:04:50.726Z"}
{"duration":64,"level":"info","message":"db-query","rows":1,"text":"\n    SELECT COUNT(*) AS total\n    FROM bookings b\n    \n    LEFT JOIN vehicle_types vt ON b.vehicle_type_id = vt.id\n    LEFT JOIN journey_types jt ON b.journey_type_id = jt.id\n    LEFT JOIN accounts a ON b.account_id = a.id\n    LEFT JOIN payment_types pt ON b.payment_type_id = pt.id\n    LEFT JOIN drivers d ON b.driver_id = d.id\n    LEFT JOIN subsidiaries s ON b.subsidiary_id = s.id\n    LEFT JOIN booking_statuses bs ON b.booking_status_id = bs.id\n  \n    \n    WHERE b.trash = false AND \n      TO_DATE(b.pickup_date, 'YYYY-FMMM-FMDD')\n      >= TO_DATE($1, 'YYYY-MM-DD')\n     AND \n      TO_DATE(b.pickup_date, 'YYYY-FMMM-FMDD')\n      <= TO_DATE($2, 'YYYY-MM-DD')\n     AND TRIM(b.pickup_time)::time >= $3::time AND TRIM(b.pickup_time)::time <= $4::time AND b.booking_status_id = ANY($5::int[]) AND b.payment_type_id = ANY($6::int[]) AND b.driver_id = $7 AND b.pickup ILIKE $8 AND a.name ILIKE $9 AND pt.name ILIKE $10 AND s.name ILIKE $11\n  \n  ","timestamp":"2026-08-18T18:05:20.376Z"}
{"duration":4,"level":"info","message":"db-query","rows":1,"text":"\n    SELECT\n      COUNT(*) AS total_bookings,\n      COALESCE(SUM(b.fares), 0) AS total_earnings,\n      COALESCE(\n        SUM(\n          CASE\n            WHEN b.account_id IS NOT NULL\n            THEN b.fares\n            ELSE 0\n          END\n        ),\n        0\n      ) AS total_account_earnings\n    FROM bookings b\n    \n    LEFT JOIN vehicle_types vt ON b.vehicle_type_id = vt.id\n    LEFT JOIN journey_types jt ON b.journey_type_id = jt.id\n    LEFT JOIN accounts a ON b.account_id = a.id\n    LEFT JOIN payment_types pt ON b.payment_type_id = pt.id\n    LEFT JOIN drivers d ON b.driver_id = d.id\n    LEFT JOIN subsidiaries s ON b.subsidiary_id = s.id\n    LEFT JOIN booking_statuses bs ON b.booking_status_id = bs.id\n  \n    \n    WHERE b.trash = false AND \n      TO_DATE(b.pickup_date, 'YYYY-FMMM-FMDD')\n      >= TO_DATE($1, 'YYYY-MM-DD')\n     AND \n      TO_DATE(b.pickup_date, 'YYYY-FMMM-FMDD')\n      <= TO_DATE($2, 'YYYY-MM-DD')\n     AND TRIM(b.pickup_time)::time >= $3::time AND TRIM(b.pickup_time)::time <= $4::time AND b.booking_status_id = ANY($5::int[]) AND b.payment_type_id = ANY($6::int[]) AND b.driver_id = $7 AND b.pickup ILIKE $8 AND a.name ILIKE $9 AND pt.name ILIKE $10 AND s.name ILIKE $11\n  \n  ","timestamp":"2026-08-18T18:05:20.380Z"}
{"duration":25,"level":"info","message":"db-query","rows":3,"text":"\n    \nSELECT\n  b.id,\n  b.reference_number,\n  b.subsidiary_id,\n  b.booking_type_id,\n  b.booking_status_id,\n  b.journey_type_id,\n  b.account_id,\n  b.customer_id,\n  b.employee_id,\n  b.pickup,\n  b.dropoff,\n  b.pickup_date,\n  b.pickup_time,\n  b.dropoff_date,\n  b.dropoff_time,\n  b.pickup_door_number,\n  b.dropoff_door_number,\n  b.pickup_plot,\n  b.dropoff_plot,\n  b.pickup_location_type_id,\n  b.dropoff_location_type_id,\n  b.pickup_latitude,\n  b.pickup_longitude,\n  b.dropoff_latitude,\n  b.dropoff_longitude,\n  b.viapoints,\n  b.restricted_drivers,\n  b.flight_number,\n  b.arriving_from,\n  b.vehicle_type_id,\n  b.vehicle_id,\n  b.driver_id,\n  b.passengers,\n  b.luggages,\n  b.hand_luggages,\n  b.child_seat,\n  b.name,\n  b.email,\n  b.mobile,\n  b.telephone,\n  b.lead_time,\n  b.notes,\n  b.special_instructions,\n  b.payment_type_id,\n  b.company_price,\n  b.fares,\n  b.total_charges,\n  b.parking_charges,\n  b.waiting_charges,\n  b.extra_drop_charges,\n  b.credit_card_charges,\n  b.congestion_charges,\n  b.miles,\n  b.meet_and_greet,\n  b.department,\n  b.escort_id,\n  b.order_number,\n  b.booked_by,\n  b.add_return_fare,\n  b.fare_meter_status,\n  b.fare_meter,\n  b.quotation,\n  b.quoted,\n  b.dispatch,\n  b.dispatch_as,\n  b.sms,\n  b.emailflag,\n  b.trash,\n  b.hidden,\n  b.multi_booking_id,\n  b.associated_booking,\n  b.invoice_status,\n  b.commission_status,\n  b.commission,\n  b.skipped_bookings,\n  b.permanent,\n  b.toggle_driver_text,\n  b.toggle_passenger_text,\n  b.cancelled_reason,\n  b.booking_source,\n  b.on_route,\n  b.arrived,\n  b.passenger_on_board,\n  b.completed,\n  b.controller_completed,\n  b.driver_waiting_time,\n  b.dispatched_at,\n  b.booked_at,\n  b.stripe_customer_id,\n  b.stripe_payment_id,\n  b.invoice_number,\n  b.initial_subsidiary_id,\n  b.created_at,\n  b.updated_at,\n  b.eta,\n  b.fob,\n  b.future,\n\n  json_build_object(\n    'booking_status', bs.booking_status\n  ) AS booking_status,\n\n  json_build_object(\n    'booking_type', bt.booking_type\n  ) AS booking_type,\n\n  json_build_object(\n    'journey_type', jt.journey_type\n  ) AS journey_type,\n\n  json_build_object(\n    'id', s.id,\n    'name', s.name,\n    'telephone_number', s.telephone_number\n  ) AS subsidiary,\n\n  json_build_object(\n    'name', vt.name,\n    'background_color', vt.background_color,\n    'foreground_color', vt.foreground_color\n  ) AS vehicle_type,\n\n  json_build_object(\n    'id', pt.id,\n    'name', pt.name,\n    'background_color', pt.background_color,\n    'foreground_color', pt.foreground_color\n  ) AS payment_type,\n\n  json_build_object(\n    'id', a.id,\n    'name', a.name,\n    'background_color', a.background_color,\n    'foreground_color', a.foreground_color,\n    'has_vat', a.has_vat,\n    'bank_information', a.bank_information,\n    'fare_controller', a.fare_controller,\n    'account_fees_type', a.account_fees_type,\n    'account_fees', a.account_fees,\n    'account_fees_vat', a.account_fees_vat\n  ) AS account,\n\n  json_build_object(\n    'id', d.id,\n    'username', d.username,\n    'name', d.name,\n    'mobile_device_id', d.mobile_device_id,\n    'phc_vehicle_number', d.phc_vehicle_number,\n    'phc_driver_number', d.phc_driver_number,\n    'vehicle_id', d.vehicle_id,\n    'driver_commission', d.driver_commission,\n    'session_status', d.session_status,\n\n    'vehicle', json_build_object(\n      'make', v.make,\n      'model', v.model,\n      'color', v.color,\n      'vehicle_number', v.vehicle_number\n    )\n  ) AS driver,\n\n  json_build_object(\n    'door_number', c.door_number,\n    'address1', c.address1,\n    'address2', c.address2,\n    'blacklist', c.blacklist\n  ) AS customer,\n\n  json_build_object(\n    'username', e.username,\n    'role_id', e.role_id\n  ) AS employee,\n\n  json_build_object(\n    'pickup',\n    CASE\n      WHEN lp.id IS NOT NULL THEN\n        json_build_object(\n          'id', lp.id,\n          'name', lp.name,\n          'location_type', json_build_object(\n            'id', ltp.id,\n            'name', ltp.name,\n            'background_color', ltp.background_color,\n            'foreground_color', ltp.foreground_color\n          )\n        )\n      ELSE\n        json_build_object(\n          'id', null,\n          'name', null,\n          'location_type', json_build_object(\n            'id', null,\n            'name', null,\n            'background_color', null,\n            'foreground_color', null\n          )\n        )\n    END,\n\n    'dropoff',\n    CASE\n      WHEN ld.id IS NOT NULL THEN\n        json_build_object(\n          'id', ld.id,\n          'name', ld.name,\n          'location_type', json_build_object(\n            'id', ltd.id,\n            'name', ltd.name,\n            'background_color', ltd.background_color,\n            'foreground_color', ltd.foreground_color\n          )\n        )\n      ELSE\n        json_build_object(\n          'id', null,\n          'name', null,\n          'location_type', json_build_object(\n            'id', null,\n            'name', null,\n            'background_color', null,\n            'foreground_color', null\n          )\n        )\n    END\n  ) AS airport\n\nFROM bookings b\n\nLEFT JOIN booking_statuses bs\n  ON b.booking_status_id = bs.id\n\nLEFT JOIN booking_types bt\n  ON b.booking_type_id = bt.id\n\nLEFT JOIN journey_types jt\n  ON b.journey_type_id = jt.id\n\nLEFT JOIN subsidiaries s\n  ON b.subsidiary_id = s.id\n\nLEFT JOIN vehicle_types vt\n  ON b.vehicle_type_id = vt.id\n\nLEFT JOIN payment_types pt\n  ON b.payment_type_id = pt.id\n\nLEFT JOIN accounts a\n  ON b.account_id = a.id\n\nLEFT JOIN drivers d\n  ON b.driver_id = d.id\n\nLEFT JOIN vehicles v\n  ON d.vehicle_id = v.id\n\nLEFT JOIN customers c\n  ON b.customer_id = c.id\n\nLEFT JOIN employees e\n  ON b.employee_id = e.id\n\n\n-- PICKUP LOCATION\n-- Select only the most specific matching location\nLEFT JOIN LATERAL (\n  SELECT l.*\n  FROM locations l\n  WHERE l.location_type_id = 2\n    AND b.pickup ILIKE '%' || l.name || '%'\n  ORDER BY LENGTH(l.name) DESC, l.id ASC\n  LIMIT 1\n) lp ON true\n\n\n-- DROPOFF LOCATION\n-- Select only the most specific matching location\nLEFT JOIN LATERAL (\n  SELECT l.*\n  FROM locations l\n  WHERE l.location_type_id = 2\n    AND b.dropoff ILIKE '%' || l.name || '%'\n  ORDER BY LENGTH(l.name) DESC, l.id ASC\n  LIMIT 1\n) ld ON true\n\n\nLEFT JOIN location_types ltp\n  ON lp.location_type_id = ltp.id\n\nLEFT JOIN location_types ltd\n  ON ld.location_type_id = ltd.id\n\n\n    \n    WHERE b.trash = false AND \n      TO_DATE(b.pickup_date, 'YYYY-FMMM-FMDD')\n      >= TO_DATE($1, 'YYYY-MM-DD')\n     AND \n      TO_DATE(b.pickup_date, 'YYYY-FMMM-FMDD')\n      <= TO_DATE($2, 'YYYY-MM-DD')\n     AND TRIM(b.pickup_time)::time >= $3::time AND TRIM(b.pickup_time)::time <= $4::time AND b.booking_status_id = ANY($5::int[]) AND b.payment_type_id = ANY($6::int[]) AND b.driver_id = $7 AND b.pickup ILIKE $8 AND a.name ILIKE $9 AND pt.name ILIKE $10 AND s.name ILIKE $11\n  \n    ORDER BY (\n        TO_DATE(b.pickup_date,'YYYY-FMMM-FMDD')\n        +\n        TRIM(b.pickup_time)::time\n      ) ASC\n    OFFSET $12\n    LIMIT $13\n  ","timestamp":"2026-08-18T18:05:20.405Z"}
{"level":"info","message":"GET /api/bookings/booking-statistics?from_date=2020-07-01&to_date=2026-07-20&from_time=00:00&to_time=23:59&pickup=Tn30,%20Ashford%20Road,%20St.%20Michaels,%20Tenterden%20TN30%206BT&payment_type_id=1,2,3,4&booking_status_id=1,3,4,5,6,8,10,12,13,14,15&sort_order=ASC&sort_by=datetime&driver_id=167&account_name=moro&payment_type_name=cash&subsidiary_name=nexus 200 94.888 ms","timestamp":"2026-08-18T18:05:20.408Z"}
{"duration":4,"level":"info","message":"db-query","rows":1,"text":"\n    SELECT COUNT(*) AS total\n    FROM bookings b\n    \n    LEFT JOIN vehicle_types vt ON b.vehicle_type_id = vt.id\n    LEFT JOIN journey_types jt ON b.journey_type_id = jt.id\n    LEFT JOIN accounts a ON b.account_id = a.id\n    LEFT JOIN payment_types pt ON b.payment_type_id = pt.id\n    LEFT JOIN drivers d ON b.driver_id = d.id\n    LEFT JOIN subsidiaries s ON b.subsidiary_id = s.id\n    LEFT JOIN booking_statuses bs ON b.booking_status_id = bs.id\n  \n    \n    WHERE b.trash = false AND \n      TO_DATE(b.pickup_date, 'YYYY-FMMM-FMDD')\n      >= TO_DATE($1, 'YYYY-MM-DD')\n     AND \n      TO_DATE(b.pickup_date, 'YYYY-FMMM-FMDD')\n      <= TO_DATE($2, 'YYYY-MM-DD')\n     AND TRIM(b.pickup_time)::time >= $3::time AND TRIM(b.pickup_time)::time <= $4::time AND b.booking_status_id = ANY($5::int[]) AND b.payment_type_id = ANY($6::int[]) AND b.driver_id = $7 AND b.pickup ILIKE $8 AND a.name ILIKE $9 AND pt.name ILIKE $10 AND s.name ILIKE $11\n  \n  ","timestamp":"2026-08-18T18:05:27.578Z"}
{"duration":4,"level":"info","message":"db-query","rows":1,"text":"\n    SELECT\n      COUNT(*) AS total_bookings,\n      COALESCE(SUM(b.fares), 0) AS total_earnings,\n      COALESCE(\n        SUM(\n          CASE\n            WHEN b.account_id IS NOT NULL\n            THEN b.fares\n            ELSE 0\n          END\n        ),\n        0\n      ) AS total_account_earnings\n    FROM bookings b\n    \n    LEFT JOIN vehicle_types vt ON b.vehicle_type_id = vt.id\n    LEFT JOIN journey_types jt ON b.journey_type_id = jt.id\n    LEFT JOIN accounts a ON b.account_id = a.id\n    LEFT JOIN payment_types pt ON b.payment_type_id = pt.id\n    LEFT JOIN drivers d ON b.driver_id = d.id\n    LEFT JOIN subsidiaries s ON b.subsidiary_id = s.id\n    LEFT JOIN booking_statuses bs ON b.booking_status_id = bs.id\n  \n    \n    WHERE b.trash = false AND \n      TO_DATE(b.pickup_date, 'YYYY-FMMM-FMDD')\n      >= TO_DATE($1, 'YYYY-MM-DD')\n     AND \n      TO_DATE(b.pickup_date, 'YYYY-FMMM-FMDD')\n      <= TO_DATE($2, 'YYYY-MM-DD')\n     AND TRIM(b.pickup_time)::time >= $3::time AND TRIM(b.pickup_time)::time <= $4::time AND b.booking_status_id = ANY($5::int[]) AND b.payment_type_id = ANY($6::int[]) AND b.driver_id = $7 AND b.pickup ILIKE $8 AND a.name ILIKE $9 AND pt.name ILIKE $10 AND s.name ILIKE $11\n  \n  ","timestamp":"2026-08-18T18:05:27.582Z"}
{"duration":14,"level":"info","message":"db-query","rows":0,"text":"\n    \nSELECT\n  b.id,\n  b.reference_number,\n  b.subsidiary_id,\n  b.booking_type_id,\n  b.booking_status_id,\n  b.journey_type_id,\n  b.account_id,\n  b.customer_id,\n  b.employee_id,\n  b.pickup,\n  b.dropoff,\n  b.pickup_date,\n  b.pickup_time,\n  b.dropoff_date,\n  b.dropoff_time,\n  b.pickup_door_number,\n  b.dropoff_door_number,\n  b.pickup_plot,\n  b.dropoff_plot,\n  b.pickup_location_type_id,\n  b.dropoff_location_type_id,\n  b.pickup_latitude,\n  b.pickup_longitude,\n  b.dropoff_latitude,\n  b.dropoff_longitude,\n  b.viapoints,\n  b.restricted_drivers,\n  b.flight_number,\n  b.arriving_from,\n  b.vehicle_type_id,\n  b.vehicle_id,\n  b.driver_id,\n  b.passengers,\n  b.luggages,\n  b.hand_luggages,\n  b.child_seat,\n  b.name,\n  b.email,\n  b.mobile,\n  b.telephone,\n  b.lead_time,\n  b.notes,\n  b.special_instructions,\n  b.payment_type_id,\n  b.company_price,\n  b.fares,\n  b.total_charges,\n  b.parking_charges,\n  b.waiting_charges,\n  b.extra_drop_charges,\n  b.credit_card_charges,\n  b.congestion_charges,\n  b.miles,\n  b.meet_and_greet,\n  b.department,\n  b.escort_id,\n  b.order_number,\n  b.booked_by,\n  b.add_return_fare,\n  b.fare_meter_status,\n  b.fare_meter,\n  b.quotation,\n  b.quoted,\n  b.dispatch,\n  b.dispatch_as,\n  b.sms,\n  b.emailflag,\n  b.trash,\n  b.hidden,\n  b.multi_booking_id,\n  b.associated_booking,\n  b.invoice_status,\n  b.commission_status,\n  b.commission,\n  b.skipped_bookings,\n  b.permanent,\n  b.toggle_driver_text,\n  b.toggle_passenger_text,\n  b.cancelled_reason,\n  b.booking_source,\n  b.on_route,\n  b.arrived,\n  b.passenger_on_board,\n  b.completed,\n  b.controller_completed,\n  b.driver_waiting_time,\n  b.dispatched_at,\n  b.booked_at,\n  b.stripe_customer_id,\n  b.stripe_payment_id,\n  b.invoice_number,\n  b.initial_subsidiary_id,\n  b.created_at,\n  b.updated_at,\n  b.eta,\n  b.fob,\n  b.future,\n\n  json_build_object(\n    'booking_status', bs.booking_status\n  ) AS booking_status,\n\n  json_build_object(\n    'booking_type', bt.booking_type\n  ) AS booking_type,\n\n  json_build_object(\n    'journey_type', jt.journey_type\n  ) AS journey_type,\n\n  json_build_object(\n    'id', s.id,\n    'name', s.name,\n    'telephone_number', s.telephone_number\n  ) AS subsidiary,\n\n  json_build_object(\n    'name', vt.name,\n    'background_color', vt.background_color,\n    'foreground_color', vt.foreground_color\n  ) AS vehicle_type,\n\n  json_build_object(\n    'id', pt.id,\n    'name', pt.name,\n    'background_color', pt.background_color,\n    'foreground_color', pt.foreground_color\n  ) AS payment_type,\n\n  json_build_object(\n    'id', a.id,\n    'name', a.name,\n    'background_color', a.background_color,\n    'foreground_color', a.foreground_color,\n    'has_vat', a.has_vat,\n    'bank_information', a.bank_information,\n    'fare_controller', a.fare_controller,\n    'account_fees_type', a.account_fees_type,\n    'account_fees', a.account_fees,\n    'account_fees_vat', a.account_fees_vat\n  ) AS account,\n\n  json_build_object(\n    'id', d.id,\n    'username', d.username,\n    'name', d.name,\n    'mobile_device_id', d.mobile_device_id,\n    'phc_vehicle_number', d.phc_vehicle_number,\n    'phc_driver_number', d.phc_driver_number,\n    'vehicle_id', d.vehicle_id,\n    'driver_commission', d.driver_commission,\n    'session_status', d.session_status,\n\n    'vehicle', json_build_object(\n      'make', v.make,\n      'model', v.model,\n      'color', v.color,\n      'vehicle_number', v.vehicle_number\n    )\n  ) AS driver,\n\n  json_build_object(\n    'door_number', c.door_number,\n    'address1', c.address1,\n    'address2', c.address2,\n    'blacklist', c.blacklist\n  ) AS customer,\n\n  json_build_object(\n    'username', e.username,\n    'role_id', e.role_id\n  ) AS employee,\n\n  json_build_object(\n    'pickup',\n    CASE\n      WHEN lp.id IS NOT NULL THEN\n        json_build_object(\n          'id', lp.id,\n          'name', lp.name,\n          'location_type', json_build_object(\n            'id', ltp.id,\n            'name', ltp.name,\n            'background_color', ltp.background_color,\n            'foreground_color', ltp.foreground_color\n          )\n        )\n      ELSE\n        json_build_object(\n          'id', null,\n          'name', null,\n          'location_type', json_build_object(\n            'id', null,\n            'name', null,\n            'background_color', null,\n            'foreground_color', null\n          )\n        )\n    END,\n\n    'dropoff',\n    CASE\n      WHEN ld.id IS NOT NULL THEN\n        json_build_object(\n          'id', ld.id,\n          'name', ld.name,\n          'location_type', json_build_object(\n            'id', ltd.id,\n            'name', ltd.name,\n            'background_color', ltd.background_color,\n            'foreground_color', ltd.foreground_color\n          )\n        )\n      ELSE\n        json_build_object(\n          'id', null,\n          'name', null,\n          'location_type', json_build_object(\n            'id', null,\n            'name', null,\n            'background_color', null,\n            'foreground_color', null\n          )\n        )\n    END\n  ) AS airport\n\nFROM bookings b\n\nLEFT JOIN booking_statuses bs\n  ON b.booking_status_id = bs.id\n\nLEFT JOIN booking_types bt\n  ON b.booking_type_id = bt.id\n\nLEFT JOIN journey_types jt\n  ON b.journey_type_id = jt.id\n\nLEFT JOIN subsidiaries s\n  ON b.subsidiary_id = s.id\n\nLEFT JOIN vehicle_types vt\n  ON b.vehicle_type_id = vt.id\n\nLEFT JOIN payment_types pt\n  ON b.payment_type_id = pt.id\n\nLEFT JOIN accounts a\n  ON b.account_id = a.id\n\nLEFT JOIN drivers d\n  ON b.driver_id = d.id\n\nLEFT JOIN vehicles v\n  ON d.vehicle_id = v.id\n\nLEFT JOIN customers c\n  ON b.customer_id = c.id\n\nLEFT JOIN employees e\n  ON b.employee_id = e.id\n\n\n-- PICKUP LOCATION\n-- Select only the most specific matching location\nLEFT JOIN LATERAL (\n  SELECT l.*\n  FROM locations l\n  WHERE l.location_type_id = 2\n    AND b.pickup ILIKE '%' || l.name || '%'\n  ORDER BY LENGTH(l.name) DESC, l.id ASC\n  LIMIT 1\n) lp ON true\n\n\n-- DROPOFF LOCATION\n-- Select only the most specific matching location\nLEFT JOIN LATERAL (\n  SELECT l.*\n  FROM locations l\n  WHERE l.location_type_id = 2\n    AND b.dropoff ILIKE '%' || l.name || '%'\n  ORDER BY LENGTH(l.name) DESC, l.id ASC\n  LIMIT 1\n) ld ON true\n\n\nLEFT JOIN location_types ltp\n  ON lp.location_type_id = ltp.id\n\nLEFT JOIN location_types ltd\n  ON ld.location_type_id = ltd.id\n\n\n    \n    WHERE b.trash = false AND \n      TO_DATE(b.pickup_date, 'YYYY-FMMM-FMDD')\n      >= TO_DATE($1, 'YYYY-MM-DD')\n     AND \n      TO_DATE(b.pickup_date, 'YYYY-FMMM-FMDD')\n      <= TO_DATE($2, 'YYYY-MM-DD')\n     AND TRIM(b.pickup_time)::time >= $3::time AND TRIM(b.pickup_time)::time <= $4::time AND b.booking_status_id = ANY($5::int[]) AND b.payment_type_id = ANY($6::int[]) AND b.driver_id = $7 AND b.pickup ILIKE $8 AND a.name ILIKE $9 AND pt.name ILIKE $10 AND s.name ILIKE $11\n  \n    ORDER BY (\n        TO_DATE(b.pickup_date,'YYYY-FMMM-FMDD')\n        +\n        TRIM(b.pickup_time)::time\n      ) ASC\n    OFFSET $12\n    LIMIT $13\n  ","timestamp":"2026-08-18T18:05:27.596Z"}
{"level":"info","message":"GET /api/bookings/booking-statistics?from_date=2020-07-01&to_date=2026-07-20&from_time=00:00&to_time=23:59&pickup=Tn30,%20Ashford%20Road,%20St.%20Michaels,%20Tenterden%20TN30%206BT&payment_type_id=1,2,3,4&booking_status_id=1,3,4,5,6,8,10,12,13,14,15&sort_order=ASC&sort_by=datetime&driver_id=167&account_name=moro&payment_type_name=cash&subsidiary_name=tex 200 24.867 ms","timestamp":"2026-08-18T18:05:27.599Z"}
{"duration":173,"level":"info","message":"db-query","rows":1,"text":"\n    SELECT COUNT(*) AS total\n    FROM bookings b\n    \n    LEFT JOIN vehicle_types vt ON b.vehicle_type_id = vt.id\n    LEFT JOIN journey_types jt ON b.journey_type_id = jt.id\n    LEFT JOIN accounts a ON b.account_id = a.id\n    LEFT JOIN payment_types pt ON b.payment_type_id = pt.id\n    LEFT JOIN drivers d ON b.driver_id = d.id\n    LEFT JOIN subsidiaries s ON b.subsidiary_id = s.id\n    LEFT JOIN booking_statuses bs ON b.booking_status_id = bs.id\n  \n    \n    WHERE b.trash = false AND \n      TO_DATE(b.pickup_date, 'YYYY-FMMM-FMDD')\n      >= TO_DATE($1, 'YYYY-MM-DD')\n     AND \n      TO_DATE(b.pickup_date, 'YYYY-FMMM-FMDD')\n      <= TO_DATE($2, 'YYYY-MM-DD')\n     AND TRIM(b.pickup_time)::time >= $3::time AND TRIM(b.pickup_time)::time <= $4::time AND b.booking_status_id = ANY($5::int[]) AND b.payment_type_id = ANY($6::int[]) AND b.driver_id = $7 AND b.pickup ILIKE $8 AND a.name ILIKE $9 AND pt.name ILIKE $10 AND bs.booking_status ILIKE $11\n  \n  ","timestamp":"2026-08-18T18:05:54.257Z"}
{"duration":3,"level":"info","message":"db-query","rows":1,"text":"\n    SELECT\n      COUNT(*) AS total_bookings,\n      COALESCE(SUM(b.fares), 0) AS total_earnings,\n      COALESCE(\n        SUM(\n          CASE\n            WHEN b.account_id IS NOT NULL\n            THEN b.fares\n            ELSE 0\n          END\n        ),\n        0\n      ) AS total_account_earnings\n    FROM bookings b\n    \n    LEFT JOIN vehicle_types vt ON b.vehicle_type_id = vt.id\n    LEFT JOIN journey_types jt ON b.journey_type_id = jt.id\n    LEFT JOIN accounts a ON b.account_id = a.id\n    LEFT JOIN payment_types pt ON b.payment_type_id = pt.id\n    LEFT JOIN drivers d ON b.driver_id = d.id\n    LEFT JOIN subsidiaries s ON b.subsidiary_id = s.id\n    LEFT JOIN booking_statuses bs ON b.booking_status_id = bs.id\n  \n    \n    WHERE b.trash = false AND \n      TO_DATE(b.pickup_date, 'YYYY-FMMM-FMDD')\n      >= TO_DATE($1, 'YYYY-MM-DD')\n     AND \n      TO_DATE(b.pickup_date, 'YYYY-FMMM-FMDD')\n      <= TO_DATE($2, 'YYYY-MM-DD')\n     AND TRIM(b.pickup_time)::time >= $3::time AND TRIM(b.pickup_time)::time <= $4::time AND b.booking_status_id = ANY($5::int[]) AND b.payment_type_id = ANY($6::int[]) AND b.driver_id = $7 AND b.pickup ILIKE $8 AND a.name ILIKE $9 AND pt.name ILIKE $10 AND bs.booking_status ILIKE $11\n  \n  ","timestamp":"2026-08-18T18:05:54.261Z"}
{"duration":29,"level":"info","message":"db-query","rows":0,"text":"\n    \nSELECT\n  b.id,\n  b.reference_number,\n  b.subsidiary_id,\n  b.booking_type_id,\n  b.booking_status_id,\n  b.journey_type_id,\n  b.account_id,\n  b.customer_id,\n  b.employee_id,\n  b.pickup,\n  b.dropoff,\n  b.pickup_date,\n  b.pickup_time,\n  b.dropoff_date,\n  b.dropoff_time,\n  b.pickup_door_number,\n  b.dropoff_door_number,\n  b.pickup_plot,\n  b.dropoff_plot,\n  b.pickup_location_type_id,\n  b.dropoff_location_type_id,\n  b.pickup_latitude,\n  b.pickup_longitude,\n  b.dropoff_latitude,\n  b.dropoff_longitude,\n  b.viapoints,\n  b.restricted_drivers,\n  b.flight_number,\n  b.arriving_from,\n  b.vehicle_type_id,\n  b.vehicle_id,\n  b.driver_id,\n  b.passengers,\n  b.luggages,\n  b.hand_luggages,\n  b.child_seat,\n  b.name,\n  b.email,\n  b.mobile,\n  b.telephone,\n  b.lead_time,\n  b.notes,\n  b.special_instructions,\n  b.payment_type_id,\n  b.company_price,\n  b.fares,\n  b.total_charges,\n  b.parking_charges,\n  b.waiting_charges,\n  b.extra_drop_charges,\n  b.credit_card_charges,\n  b.congestion_charges,\n  b.miles,\n  b.meet_and_greet,\n  b.department,\n  b.escort_id,\n  b.order_number,\n  b.booked_by,\n  b.add_return_fare,\n  b.fare_meter_status,\n  b.fare_meter,\n  b.quotation,\n  b.quoted,\n  b.dispatch,\n  b.dispatch_as,\n  b.sms,\n  b.emailflag,\n  b.trash,\n  b.hidden,\n  b.multi_booking_id,\n  b.associated_booking,\n  b.invoice_status,\n  b.commission_status,\n  b.commission,\n  b.skipped_bookings,\n  b.permanent,\n  b.toggle_driver_text,\n  b.toggle_passenger_text,\n  b.cancelled_reason,\n  b.booking_source,\n  b.on_route,\n  b.arrived,\n  b.passenger_on_board,\n  b.completed,\n  b.controller_completed,\n  b.driver_waiting_time,\n  b.dispatched_at,\n  b.booked_at,\n  b.stripe_customer_id,\n  b.stripe_payment_id,\n  b.invoice_number,\n  b.initial_subsidiary_id,\n  b.created_at,\n  b.updated_at,\n  b.eta,\n  b.fob,\n  b.future,\n\n  json_build_object(\n    'booking_status', bs.booking_status\n  ) AS booking_status,\n\n  json_build_object(\n    'booking_type', bt.booking_type\n  ) AS booking_type,\n\n  json_build_object(\n    'journey_type', jt.journey_type\n  ) AS journey_type,\n\n  json_build_object(\n    'id', s.id,\n    'name', s.name,\n    'telephone_number', s.telephone_number\n  ) AS subsidiary,\n\n  json_build_object(\n    'name', vt.name,\n    'background_color', vt.background_color,\n    'foreground_color', vt.foreground_color\n  ) AS vehicle_type,\n\n  json_build_object(\n    'id', pt.id,\n    'name', pt.name,\n    'background_color', pt.background_color,\n    'foreground_color', pt.foreground_color\n  ) AS payment_type,\n\n  json_build_object(\n    'id', a.id,\n    'name', a.name,\n    'background_color', a.background_color,\n    'foreground_color', a.foreground_color,\n    'has_vat', a.has_vat,\n    'bank_information', a.bank_information,\n    'fare_controller', a.fare_controller,\n    'account_fees_type', a.account_fees_type,\n    'account_fees', a.account_fees,\n    'account_fees_vat', a.account_fees_vat\n  ) AS account,\n\n  json_build_object(\n    'id', d.id,\n    'username', d.username,\n    'name', d.name,\n    'mobile_device_id', d.mobile_device_id,\n    'phc_vehicle_number', d.phc_vehicle_number,\n    'phc_driver_number', d.phc_driver_number,\n    'vehicle_id', d.vehicle_id,\n    'driver_commission', d.driver_commission,\n    'session_status', d.session_status,\n\n    'vehicle', json_build_object(\n      'make', v.make,\n      'model', v.model,\n      'color', v.color,\n      'vehicle_number', v.vehicle_number\n    )\n  ) AS driver,\n\n  json_build_object(\n    'door_number', c.door_number,\n    'address1', c.address1,\n    'address2', c.address2,\n    'blacklist', c.blacklist\n  ) AS customer,\n\n  json_build_object(\n    'username', e.username,\n    'role_id', e.role_id\n  ) AS employee,\n\n  json_build_object(\n    'pickup',\n    CASE\n      WHEN lp.id IS NOT NULL THEN\n        json_build_object(\n          'id', lp.id,\n          'name', lp.name,\n          'location_type', json_build_object(\n            'id', ltp.id,\n            'name', ltp.name,\n            'background_color', ltp.background_color,\n            'foreground_color', ltp.foreground_color\n          )\n        )\n      ELSE\n        json_build_object(\n          'id', null,\n          'name', null,\n          'location_type', json_build_object(\n            'id', null,\n            'name', null,\n            'background_color', null,\n            'foreground_color', null\n          )\n        )\n    END,\n\n    'dropoff',\n    CASE\n      WHEN ld.id IS NOT NULL THEN\n        json_build_object(\n          'id', ld.id,\n          'name', ld.name,\n          'location_type', json_build_object(\n            'id', ltd.id,\n            'name', ltd.name,\n            'background_color', ltd.background_color,\n            'foreground_color', ltd.foreground_color\n          )\n        )\n      ELSE\n        json_build_object(\n          'id', null,\n          'name', null,\n          'location_type', json_build_object(\n            'id', null,\n            'name', null,\n            'background_color', null,\n            'foreground_color', null\n          )\n        )\n    END\n  ) AS airport\n\nFROM bookings b\n\nLEFT JOIN booking_statuses bs\n  ON b.booking_status_id = bs.id\n\nLEFT JOIN booking_types bt\n  ON b.booking_type_id = bt.id\n\nLEFT JOIN journey_types jt\n  ON b.journey_type_id = jt.id\n\nLEFT JOIN subsidiaries s\n  ON b.subsidiary_id = s.id\n\nLEFT JOIN vehicle_types vt\n  ON b.vehicle_type_id = vt.id\n\nLEFT JOIN payment_types pt\n  ON b.payment_type_id = pt.id\n\nLEFT JOIN accounts a\n  ON b.account_id = a.id\n\nLEFT JOIN drivers d\n  ON b.driver_id = d.id\n\nLEFT JOIN vehicles v\n  ON d.vehicle_id = v.id\n\nLEFT JOIN customers c\n  ON b.customer_id = c.id\n\nLEFT JOIN employees e\n  ON b.employee_id = e.id\n\n\n-- PICKUP LOCATION\n-- Select only the most specific matching location\nLEFT JOIN LATERAL (\n  SELECT l.*\n  FROM locations l\n  WHERE l.location_type_id = 2\n    AND b.pickup ILIKE '%' || l.name || '%'\n  ORDER BY LENGTH(l.name) DESC, l.id ASC\n  LIMIT 1\n) lp ON true\n\n\n-- DROPOFF LOCATION\n-- Select only the most specific matching location\nLEFT JOIN LATERAL (\n  SELECT l.*\n  FROM locations l\n  WHERE l.location_type_id = 2\n    AND b.dropoff ILIKE '%' || l.name || '%'\n  ORDER BY LENGTH(l.name) DESC, l.id ASC\n  LIMIT 1\n) ld ON true\n\n\nLEFT JOIN location_types ltp\n  ON lp.location_type_id = ltp.id\n\nLEFT JOIN location_types ltd\n  ON ld.location_type_id = ltd.id\n\n\n    \n    WHERE b.trash = false AND \n      TO_DATE(b.pickup_date, 'YYYY-FMMM-FMDD')\n      >= TO_DATE($1, 'YYYY-MM-DD')\n     AND \n      TO_DATE(b.pickup_date, 'YYYY-FMMM-FMDD')\n      <= TO_DATE($2, 'YYYY-MM-DD')\n     AND TRIM(b.pickup_time)::time >= $3::time AND TRIM(b.pickup_time)::time <= $4::time AND b.booking_status_id = ANY($5::int[]) AND b.payment_type_id = ANY($6::int[]) AND b.driver_id = $7 AND b.pickup ILIKE $8 AND a.name ILIKE $9 AND pt.name ILIKE $10 AND bs.booking_status ILIKE $11\n  \n    ORDER BY (\n        TO_DATE(b.pickup_date,'YYYY-FMMM-FMDD')\n        +\n        TRIM(b.pickup_time)::time\n      ) ASC\n    OFFSET $12\n    LIMIT $13\n  ","timestamp":"2026-08-18T18:05:54.290Z"}
{"level":"info","message":"GET /api/bookings/booking-statistics?from_date=2020-07-01&to_date=2026-07-20&from_time=00:00&to_time=23:59&pickup=Tn30,%20Ashford%20Road,%20St.%20Michaels,%20Tenterden%20TN30%206BT&payment_type_id=1,2,3,4&booking_status_id=1,3,4,5,6,8,10,12,13,14,15&sort_order=ASC&sort_by=datetime&driver_id=167&account_name=moro&payment_type_name=cash&status_name=Waiting 200 206.682 ms","timestamp":"2026-08-18T18:05:54.291Z"}
{"duration":3,"level":"info","message":"db-query","rows":1,"text":"\n    SELECT COUNT(*) AS total\n    FROM bookings b\n    \n    LEFT JOIN vehicle_types vt ON b.vehicle_type_id = vt.id\n    LEFT JOIN journey_types jt ON b.journey_type_id = jt.id\n    LEFT JOIN accounts a ON b.account_id = a.id\n    LEFT JOIN payment_types pt ON b.payment_type_id = pt.id\n    LEFT JOIN drivers d ON b.driver_id = d.id\n    LEFT JOIN subsidiaries s ON b.subsidiary_id = s.id\n    LEFT JOIN booking_statuses bs ON b.booking_status_id = bs.id\n  \n    \n    WHERE b.trash = false AND \n      TO_DATE(b.pickup_date, 'YYYY-FMMM-FMDD')\n      >= TO_DATE($1, 'YYYY-MM-DD')\n     AND \n      TO_DATE(b.pickup_date, 'YYYY-FMMM-FMDD')\n      <= TO_DATE($2, 'YYYY-MM-DD')\n     AND TRIM(b.pickup_time)::time >= $3::time AND TRIM(b.pickup_time)::time <= $4::time AND b.booking_status_id = ANY($5::int[]) AND b.payment_type_id = ANY($6::int[]) AND b.driver_id = $7 AND b.pickup ILIKE $8 AND a.name ILIKE $9 AND pt.name ILIKE $10\n  \n  ","timestamp":"2026-08-18T18:06:01.663Z"}
{"duration":3,"level":"info","message":"db-query","rows":1,"text":"\n    SELECT\n      COUNT(*) AS total_bookings,\n      COALESCE(SUM(b.fares), 0) AS total_earnings,\n      COALESCE(\n        SUM(\n          CASE\n            WHEN b.account_id IS NOT NULL\n            THEN b.fares\n            ELSE 0\n          END\n        ),\n        0\n      ) AS total_account_earnings\n    FROM bookings b\n    \n    LEFT JOIN vehicle_types vt ON b.vehicle_type_id = vt.id\n    LEFT JOIN journey_types jt ON b.journey_type_id = jt.id\n    LEFT JOIN accounts a ON b.account_id = a.id\n    LEFT JOIN payment_types pt ON b.payment_type_id = pt.id\n    LEFT JOIN drivers d ON b.driver_id = d.id\n    LEFT JOIN subsidiaries s ON b.subsidiary_id = s.id\n    LEFT JOIN booking_statuses bs ON b.booking_status_id = bs.id\n  \n    \n    WHERE b.trash = false AND \n      TO_DATE(b.pickup_date, 'YYYY-FMMM-FMDD')\n      >= TO_DATE($1, 'YYYY-MM-DD')\n     AND \n      TO_DATE(b.pickup_date, 'YYYY-FMMM-FMDD')\n      <= TO_DATE($2, 'YYYY-MM-DD')\n     AND TRIM(b.pickup_time)::time >= $3::time AND TRIM(b.pickup_time)::time <= $4::time AND b.booking_status_id = ANY($5::int[]) AND b.payment_type_id = ANY($6::int[]) AND b.driver_id = $7 AND b.pickup ILIKE $8 AND a.name ILIKE $9 AND pt.name ILIKE $10\n  \n  ","timestamp":"2026-08-18T18:06:01.667Z"}
{"duration":16,"level":"info","message":"db-query","rows":3,"text":"\n    \nSELECT\n  b.id,\n  b.reference_number,\n  b.subsidiary_id,\n  b.booking_type_id,\n  b.booking_status_id,\n  b.journey_type_id,\n  b.account_id,\n  b.customer_id,\n  b.employee_id,\n  b.pickup,\n  b.dropoff,\n  b.pickup_date,\n  b.pickup_time,\n  b.dropoff_date,\n  b.dropoff_time,\n  b.pickup_door_number,\n  b.dropoff_door_number,\n  b.pickup_plot,\n  b.dropoff_plot,\n  b.pickup_location_type_id,\n  b.dropoff_location_type_id,\n  b.pickup_latitude,\n  b.pickup_longitude,\n  b.dropoff_latitude,\n  b.dropoff_longitude,\n  b.viapoints,\n  b.restricted_drivers,\n  b.flight_number,\n  b.arriving_from,\n  b.vehicle_type_id,\n  b.vehicle_id,\n  b.driver_id,\n  b.passengers,\n  b.luggages,\n  b.hand_luggages,\n  b.child_seat,\n  b.name,\n  b.email,\n  b.mobile,\n  b.telephone,\n  b.lead_time,\n  b.notes,\n  b.special_instructions,\n  b.payment_type_id,\n  b.company_price,\n  b.fares,\n  b.total_charges,\n  b.parking_charges,\n  b.waiting_charges,\n  b.extra_drop_charges,\n  b.credit_card_charges,\n  b.congestion_charges,\n  b.miles,\n  b.meet_and_greet,\n  b.department,\n  b.escort_id,\n  b.order_number,\n  b.booked_by,\n  b.add_return_fare,\n  b.fare_meter_status,\n  b.fare_meter,\n  b.quotation,\n  b.quoted,\n  b.dispatch,\n  b.dispatch_as,\n  b.sms,\n  b.emailflag,\n  b.trash,\n  b.hidden,\n  b.multi_booking_id,\n  b.associated_booking,\n  b.invoice_status,\n  b.commission_status,\n  b.commission,\n  b.skipped_bookings,\n  b.permanent,\n  b.toggle_driver_text,\n  b.toggle_passenger_text,\n  b.cancelled_reason,\n  b.booking_source,\n  b.on_route,\n  b.arrived,\n  b.passenger_on_board,\n  b.completed,\n  b.controller_completed,\n  b.driver_waiting_time,\n  b.dispatched_at,\n  b.booked_at,\n  b.stripe_customer_id,\n  b.stripe_payment_id,\n  b.invoice_number,\n  b.initial_subsidiary_id,\n  b.created_at,\n  b.updated_at,\n  b.eta,\n  b.fob,\n  b.future,\n\n  json_build_object(\n    'booking_status', bs.booking_status\n  ) AS booking_status,\n\n  json_build_object(\n    'booking_type', bt.booking_type\n  ) AS booking_type,\n\n  json_build_object(\n    'journey_type', jt.journey_type\n  ) AS journey_type,\n\n  json_build_object(\n    'id', s.id,\n    'name', s.name,\n    'telephone_number', s.telephone_number\n  ) AS subsidiary,\n\n  json_build_object(\n    'name', vt.name,\n    'background_color', vt.background_color,\n    'foreground_color', vt.foreground_color\n  ) AS vehicle_type,\n\n  json_build_object(\n    'id', pt.id,\n    'name', pt.name,\n    'background_color', pt.background_color,\n    'foreground_color', pt.foreground_color\n  ) AS payment_type,\n\n  json_build_object(\n    'id', a.id,\n    'name', a.name,\n    'background_color', a.background_color,\n    'foreground_color', a.foreground_color,\n    'has_vat', a.has_vat,\n    'bank_information', a.bank_information,\n    'fare_controller', a.fare_controller,\n    'account_fees_type', a.account_fees_type,\n    'account_fees', a.account_fees,\n    'account_fees_vat', a.account_fees_vat\n  ) AS account,\n\n  json_build_object(\n    'id', d.id,\n    'username', d.username,\n    'name', d.name,\n    'mobile_device_id', d.mobile_device_id,\n    'phc_vehicle_number', d.phc_vehicle_number,\n    'phc_driver_number', d.phc_driver_number,\n    'vehicle_id', d.vehicle_id,\n    'driver_commission', d.driver_commission,\n    'session_status', d.session_status,\n\n    'vehicle', json_build_object(\n      'make', v.make,\n      'model', v.model,\n      'color', v.color,\n      'vehicle_number', v.vehicle_number\n    )\n  ) AS driver,\n\n  json_build_object(\n    'door_number', c.door_number,\n    'address1', c.address1,\n    'address2', c.address2,\n    'blacklist', c.blacklist\n  ) AS customer,\n\n  json_build_object(\n    'username', e.username,\n    'role_id', e.role_id\n  ) AS employee,\n\n  json_build_object(\n    'pickup',\n    CASE\n      WHEN lp.id IS NOT NULL THEN\n        json_build_object(\n          'id', lp.id,\n          'name', lp.name,\n          'location_type', json_build_object(\n            'id', ltp.id,\n            'name', ltp.name,\n            'background_color', ltp.background_color,\n            'foreground_color', ltp.foreground_color\n          )\n        )\n      ELSE\n        json_build_object(\n          'id', null,\n          'name', null,\n          'location_type', json_build_object(\n            'id', null,\n            'name', null,\n            'background_color', null,\n            'foreground_color', null\n          )\n        )\n    END,\n\n    'dropoff',\n    CASE\n      WHEN ld.id IS NOT NULL THEN\n        json_build_object(\n          'id', ld.id,\n          'name', ld.name,\n          'location_type', json_build_object(\n            'id', ltd.id,\n            'name', ltd.name,\n            'background_color', ltd.background_color,\n            'foreground_color', ltd.foreground_color\n          )\n        )\n      ELSE\n        json_build_object(\n          'id', null,\n          'name', null,\n          'location_type', json_build_object(\n            'id', null,\n            'name', null,\n            'background_color', null,\n            'foreground_color', null\n          )\n        )\n    END\n  ) AS airport\n\nFROM bookings b\n\nLEFT JOIN booking_statuses bs\n  ON b.booking_status_id = bs.id\n\nLEFT JOIN booking_types bt\n  ON b.booking_type_id = bt.id\n\nLEFT JOIN journey_types jt\n  ON b.journey_type_id = jt.id\n\nLEFT JOIN subsidiaries s\n  ON b.subsidiary_id = s.id\n\nLEFT JOIN vehicle_types vt\n  ON b.vehicle_type_id = vt.id\n\nLEFT JOIN payment_types pt\n  ON b.payment_type_id = pt.id\n\nLEFT JOIN accounts a\n  ON b.account_id = a.id\n\nLEFT JOIN drivers d\n  ON b.driver_id = d.id\n\nLEFT JOIN vehicles v\n  ON d.vehicle_id = v.id\n\nLEFT JOIN customers c\n  ON b.customer_id = c.id\n\nLEFT JOIN employees e\n  ON b.employee_id = e.id\n\n\n-- PICKUP LOCATION\n-- Select only the most specific matching location\nLEFT JOIN LATERAL (\n  SELECT l.*\n  FROM locations l\n  WHERE l.location_type_id = 2\n    AND b.pickup ILIKE '%' || l.name || '%'\n  ORDER BY LENGTH(l.name) DESC, l.id ASC\n  LIMIT 1\n) lp ON true\n\n\n-- DROPOFF LOCATION\n-- Select only the most specific matching location\nLEFT JOIN LATERAL (\n  SELECT l.*\n  FROM locations l\n  WHERE l.location_type_id = 2\n    AND b.dropoff ILIKE '%' || l.name || '%'\n  ORDER BY LENGTH(l.name) DESC, l.id ASC\n  LIMIT 1\n) ld ON true\n\n\nLEFT JOIN location_types ltp\n  ON lp.location_type_id = ltp.id\n\nLEFT JOIN location_types ltd\n  ON ld.location_type_id = ltd.id\n\n\n    \n    WHERE b.trash = false AND \n      TO_DATE(b.pickup_date, 'YYYY-FMMM-FMDD')\n      >= TO_DATE($1, 'YYYY-MM-DD')\n     AND \n      TO_DATE(b.pickup_date, 'YYYY-FMMM-FMDD')\n      <= TO_DATE($2, 'YYYY-MM-DD')\n     AND TRIM(b.pickup_time)::time >= $3::time AND TRIM(b.pickup_time)::time <= $4::time AND b.booking_status_id = ANY($5::int[]) AND b.payment_type_id = ANY($6::int[]) AND b.driver_id = $7 AND b.pickup ILIKE $8 AND a.name ILIKE $9 AND pt.name ILIKE $10\n  \n    ORDER BY (\n        TO_DATE(b.pickup_date,'YYYY-FMMM-FMDD')\n        +\n        TRIM(b.pickup_time)::time\n      ) ASC\n    OFFSET $11\n    LIMIT $12\n  ","timestamp":"2026-08-18T18:06:01.684Z"}
{"level":"info","message":"GET /api/bookings/booking-statistics?from_date=2020-07-01&to_date=2026-07-20&from_time=00:00&to_time=23:59&pickup=Tn30,%20Ashford%20Road,%20St.%20Michaels,%20Tenterden%20TN30%206BT&payment_type_id=1,2,3,4&booking_status_id=1,3,4,5,6,8,10,12,13,14,15&sort_order=ASC&sort_by=datetime&driver_id=167&account_name=moro&payment_type_name=cash 200 25.736 ms","timestamp":"2026-08-18T18:06:01.687Z"}
{"duration":98,"level":"info","message":"db-query","rows":1,"text":"\n    SELECT COUNT(*) AS total\n    FROM bookings b\n    \n    LEFT JOIN vehicle_types vt ON b.vehicle_type_id = vt.id\n    LEFT JOIN journey_types jt ON b.journey_type_id = jt.id\n    LEFT JOIN accounts a ON b.account_id = a.id\n    LEFT JOIN payment_types pt ON b.payment_type_id = pt.id\n    LEFT JOIN drivers d ON b.driver_id = d.id\n    LEFT JOIN subsidiaries s ON b.subsidiary_id = s.id\n    LEFT JOIN booking_statuses bs ON b.booking_status_id = bs.id\n  \n    \n    WHERE b.trash = false AND \n      TO_DATE(b.pickup_date, 'YYYY-FMMM-FMDD')\n      >= TO_DATE($1, 'YYYY-MM-DD')\n     AND \n      TO_DATE(b.pickup_date, 'YYYY-FMMM-FMDD')\n      <= TO_DATE($2, 'YYYY-MM-DD')\n     AND TRIM(b.pickup_time)::time >= $3::time AND TRIM(b.pickup_time)::time <= $4::time AND b.booking_status_id = ANY($5::int[]) AND b.payment_type_id = ANY($6::int[]) AND b.driver_id = $7 AND b.pickup ILIKE $8 AND a.name ILIKE $9 AND pt.name ILIKE $10\n  \n  ","timestamp":"2026-08-18T18:06:17.321Z"}
{"duration":3,"level":"info","message":"db-query","rows":1,"text":"\n    SELECT\n      COUNT(*) AS total_bookings,\n      COALESCE(SUM(b.fares), 0) AS total_earnings,\n      COALESCE(\n        SUM(\n          CASE\n            WHEN b.account_id IS NOT NULL\n            THEN b.fares\n            ELSE 0\n          END\n        ),\n        0\n      ) AS total_account_earnings\n    FROM bookings b\n    \n    LEFT JOIN vehicle_types vt ON b.vehicle_type_id = vt.id\n    LEFT JOIN journey_types jt ON b.journey_type_id = jt.id\n    LEFT JOIN accounts a ON b.account_id = a.id\n    LEFT JOIN payment_types pt ON b.payment_type_id = pt.id\n    LEFT JOIN drivers d ON b.driver_id = d.id\n    LEFT JOIN subsidiaries s ON b.subsidiary_id = s.id\n    LEFT JOIN booking_statuses bs ON b.booking_status_id = bs.id\n  \n    \n    WHERE b.trash = false AND \n      TO_DATE(b.pickup_date, 'YYYY-FMMM-FMDD')\n      >= TO_DATE($1, 'YYYY-MM-DD')\n     AND \n      TO_DATE(b.pickup_date, 'YYYY-FMMM-FMDD')\n      <= TO_DATE($2, 'YYYY-MM-DD')\n     AND TRIM(b.pickup_time)::time >= $3::time AND TRIM(b.pickup_time)::time <= $4::time AND b.booking_status_id = ANY($5::int[]) AND b.payment_type_id = ANY($6::int[]) AND b.driver_id = $7 AND b.pickup ILIKE $8 AND a.name ILIKE $9 AND pt.name ILIKE $10\n  \n  ","timestamp":"2026-08-18T18:06:17.324Z"}
{"duration":29,"level":"info","message":"db-query","rows":3,"text":"\n    \nSELECT\n  b.id,\n  b.reference_number,\n  b.subsidiary_id,\n  b.booking_type_id,\n  b.booking_status_id,\n  b.journey_type_id,\n  b.account_id,\n  b.customer_id,\n  b.employee_id,\n  b.pickup,\n  b.dropoff,\n  b.pickup_date,\n  b.pickup_time,\n  b.dropoff_date,\n  b.dropoff_time,\n  b.pickup_door_number,\n  b.dropoff_door_number,\n  b.pickup_plot,\n  b.dropoff_plot,\n  b.pickup_location_type_id,\n  b.dropoff_location_type_id,\n  b.pickup_latitude,\n  b.pickup_longitude,\n  b.dropoff_latitude,\n  b.dropoff_longitude,\n  b.viapoints,\n  b.restricted_drivers,\n  b.flight_number,\n  b.arriving_from,\n  b.vehicle_type_id,\n  b.vehicle_id,\n  b.driver_id,\n  b.passengers,\n  b.luggages,\n  b.hand_luggages,\n  b.child_seat,\n  b.name,\n  b.email,\n  b.mobile,\n  b.telephone,\n  b.lead_time,\n  b.notes,\n  b.special_instructions,\n  b.payment_type_id,\n  b.company_price,\n  b.fares,\n  b.total_charges,\n  b.parking_charges,\n  b.waiting_charges,\n  b.extra_drop_charges,\n  b.credit_card_charges,\n  b.congestion_charges,\n  b.miles,\n  b.meet_and_greet,\n  b.department,\n  b.escort_id,\n  b.order_number,\n  b.booked_by,\n  b.add_return_fare,\n  b.fare_meter_status,\n  b.fare_meter,\n  b.quotation,\n  b.quoted,\n  b.dispatch,\n  b.dispatch_as,\n  b.sms,\n  b.emailflag,\n  b.trash,\n  b.hidden,\n  b.multi_booking_id,\n  b.associated_booking,\n  b.invoice_status,\n  b.commission_status,\n  b.commission,\n  b.skipped_bookings,\n  b.permanent,\n  b.toggle_driver_text,\n  b.toggle_passenger_text,\n  b.cancelled_reason,\n  b.booking_source,\n  b.on_route,\n  b.arrived,\n  b.passenger_on_board,\n  b.completed,\n  b.controller_completed,\n  b.driver_waiting_time,\n  b.dispatched_at,\n  b.booked_at,\n  b.stripe_customer_id,\n  b.stripe_payment_id,\n  b.invoice_number,\n  b.initial_subsidiary_id,\n  b.created_at,\n  b.updated_at,\n  b.eta,\n  b.fob,\n  b.future,\n\n  json_build_object(\n    'booking_status', bs.booking_status\n  ) AS booking_status,\n\n  json_build_object(\n    'booking_type', bt.booking_type\n  ) AS booking_type,\n\n  json_build_object(\n    'journey_type', jt.journey_type\n  ) AS journey_type,\n\n  json_build_object(\n    'id', s.id,\n    'name', s.name,\n    'telephone_number', s.telephone_number\n  ) AS subsidiary,\n\n  json_build_object(\n    'name', vt.name,\n    'background_color', vt.background_color,\n    'foreground_color', vt.foreground_color\n  ) AS vehicle_type,\n\n  json_build_object(\n    'id', pt.id,\n    'name', pt.name,\n    'background_color', pt.background_color,\n    'foreground_color', pt.foreground_color\n  ) AS payment_type,\n\n  json_build_object(\n    'id', a.id,\n    'name', a.name,\n    'background_color', a.background_color,\n    'foreground_color', a.foreground_color,\n    'has_vat', a.has_vat,\n    'bank_information', a.bank_information,\n    'fare_controller', a.fare_controller,\n    'account_fees_type', a.account_fees_type,\n    'account_fees', a.account_fees,\n    'account_fees_vat', a.account_fees_vat\n  ) AS account,\n\n  json_build_object(\n    'id', d.id,\n    'username', d.username,\n    'name', d.name,\n    'mobile_device_id', d.mobile_device_id,\n    'phc_vehicle_number', d.phc_vehicle_number,\n    'phc_driver_number', d.phc_driver_number,\n    'vehicle_id', d.vehicle_id,\n    'driver_commission', d.driver_commission,\n    'session_status', d.session_status,\n\n    'vehicle', json_build_object(\n      'make', v.make,\n      'model', v.model,\n      'color', v.color,\n      'vehicle_number', v.vehicle_number\n    )\n  ) AS driver,\n\n  json_build_object(\n    'door_number', c.door_number,\n    'address1', c.address1,\n    'address2', c.address2,\n    'blacklist', c.blacklist\n  ) AS customer,\n\n  json_build_object(\n    'username', e.username,\n    'role_id', e.role_id\n  ) AS employee,\n\n  json_build_object(\n    'pickup',\n    CASE\n      WHEN lp.id IS NOT NULL THEN\n        json_build_object(\n          'id', lp.id,\n          'name', lp.name,\n          'location_type', json_build_object(\n            'id', ltp.id,\n            'name', ltp.name,\n            'background_color', ltp.background_color,\n            'foreground_color', ltp.foreground_color\n          )\n        )\n      ELSE\n        json_build_object(\n          'id', null,\n          'name', null,\n          'location_type', json_build_object(\n            'id', null,\n            'name', null,\n            'background_color', null,\n            'foreground_color', null\n          )\n        )\n    END,\n\n    'dropoff',\n    CASE\n      WHEN ld.id IS NOT NULL THEN\n        json_build_object(\n          'id', ld.id,\n          'name', ld.name,\n          'location_type', json_build_object(\n            'id', ltd.id,\n            'name', ltd.name,\n            'background_color', ltd.background_color,\n            'foreground_color', ltd.foreground_color\n          )\n        )\n      ELSE\n        json_build_object(\n          'id', null,\n          'name', null,\n          'location_type', json_build_object(\n            'id', null,\n            'name', null,\n            'background_color', null,\n            'foreground_color', null\n          )\n        )\n    END\n  ) AS airport\n\nFROM bookings b\n\nLEFT JOIN booking_statuses bs\n  ON b.booking_status_id = bs.id\n\nLEFT JOIN booking_types bt\n  ON b.booking_type_id = bt.id\n\nLEFT JOIN journey_types jt\n  ON b.journey_type_id = jt.id\n\nLEFT JOIN subsidiaries s\n  ON b.subsidiary_id = s.id\n\nLEFT JOIN vehicle_types vt\n  ON b.vehicle_type_id = vt.id\n\nLEFT JOIN payment_types pt\n  ON b.payment_type_id = pt.id\n\nLEFT JOIN accounts a\n  ON b.account_id = a.id\n\nLEFT JOIN drivers d\n  ON b.driver_id = d.id\n\nLEFT JOIN vehicles v\n  ON d.vehicle_id = v.id\n\nLEFT JOIN customers c\n  ON b.customer_id = c.id\n\nLEFT JOIN employees e\n  ON b.employee_id = e.id\n\n\n-- PICKUP LOCATION\n-- Select only the most specific matching location\nLEFT JOIN LATERAL (\n  SELECT l.*\n  FROM locations l\n  WHERE l.location_type_id = 2\n    AND b.pickup ILIKE '%' || l.name || '%'\n  ORDER BY LENGTH(l.name) DESC, l.id ASC\n  LIMIT 1\n) lp ON true\n\n\n-- DROPOFF LOCATION\n-- Select only the most specific matching location\nLEFT JOIN LATERAL (\n  SELECT l.*\n  FROM locations l\n  WHERE l.location_type_id = 2\n    AND b.dropoff ILIKE '%' || l.name || '%'\n  ORDER BY LENGTH(l.name) DESC, l.id ASC\n  LIMIT 1\n) ld ON true\n\n\nLEFT JOIN location_types ltp\n  ON lp.location_type_id = ltp.id\n\nLEFT JOIN location_types ltd\n  ON ld.location_type_id = ltd.id\n\n\n    \n    WHERE b.trash = false AND \n      TO_DATE(b.pickup_date, 'YYYY-FMMM-FMDD')\n      >= TO_DATE($1, 'YYYY-MM-DD')\n     AND \n      TO_DATE(b.pickup_date, 'YYYY-FMMM-FMDD')\n      <= TO_DATE($2, 'YYYY-MM-DD')\n     AND TRIM(b.pickup_time)::time >= $3::time AND TRIM(b.pickup_time)::time <= $4::time AND b.booking_status_id = ANY($5::int[]) AND b.payment_type_id = ANY($6::int[]) AND b.driver_id = $7 AND b.pickup ILIKE $8 AND a.name ILIKE $9 AND pt.name ILIKE $10\n  \n    ORDER BY (\n        TO_DATE(b.pickup_date,'YYYY-FMMM-FMDD')\n        +\n        TRIM(b.pickup_time)::time\n      ) ASC\n    OFFSET $11\n    LIMIT $12\n  ","timestamp":"2026-08-18T18:06:17.353Z"}
{"level":"info","message":"GET /api/bookings/booking-statistics?from_date=2020-07-01&to_date=2026-07-20&from_time=00:00&to_time=23:59&pickup=Tn30,%20Ashford%20Road,%20St.%20Michaels,%20Tenterden%20TN30%206BT&payment_type_id=1,2,3,4&booking_status_id=1,3,4,5,6,8,10,12,13,14,15&sort_order=ASC&sort_by=datetime&driver_id=167&account_name=moro&payment_type_name=cash 200 131.138 ms","timestamp":"2026-08-18T18:06:17.354Z"}
{"duration":182,"level":"info","message":"db-query","rows":1,"text":"\n    SELECT COUNT(*) AS total\n    FROM bookings b\n    \n    LEFT JOIN vehicle_types vt ON b.vehicle_type_id = vt.id\n    LEFT JOIN journey_types jt ON b.journey_type_id = jt.id\n    LEFT JOIN accounts a ON b.account_id = a.id\n    LEFT JOIN payment_types pt ON b.payment_type_id = pt.id\n    LEFT JOIN drivers d ON b.driver_id = d.id\n    LEFT JOIN subsidiaries s ON b.subsidiary_id = s.id\n    LEFT JOIN booking_statuses bs ON b.booking_status_id = bs.id\n  \n    \n    WHERE b.trash = false AND \n      TO_DATE(b.pickup_date, 'YYYY-FMMM-FMDD')\n      >= TO_DATE($1, 'YYYY-MM-DD')\n     AND \n      TO_DATE(b.pickup_date, 'YYYY-FMMM-FMDD')\n      <= TO_DATE($2, 'YYYY-MM-DD')\n     AND TRIM(b.pickup_time)::time >= $3::time AND TRIM(b.pickup_time)::time <= $4::time AND b.booking_status_id = ANY($5::int[]) AND b.payment_type_id = ANY($6::int[]) AND b.driver_id = $7 AND b.pickup ILIKE $8 AND a.name ILIKE $9 AND pt.name ILIKE $10 AND bs.booking_status ILIKE $11\n  \n  ","timestamp":"2026-08-18T18:06:32.799Z"}
{"duration":4,"level":"info","message":"db-query","rows":1,"text":"\n    SELECT\n      COUNT(*) AS total_bookings,\n      COALESCE(SUM(b.fares), 0) AS total_earnings,\n      COALESCE(\n        SUM(\n          CASE\n            WHEN b.account_id IS NOT NULL\n            THEN b.fares\n            ELSE 0\n          END\n        ),\n        0\n      ) AS total_account_earnings\n    FROM bookings b\n    \n    LEFT JOIN vehicle_types vt ON b.vehicle_type_id = vt.id\n    LEFT JOIN journey_types jt ON b.journey_type_id = jt.id\n    LEFT JOIN accounts a ON b.account_id = a.id\n    LEFT JOIN payment_types pt ON b.payment_type_id = pt.id\n    LEFT JOIN drivers d ON b.driver_id = d.id\n    LEFT JOIN subsidiaries s ON b.subsidiary_id = s.id\n    LEFT JOIN booking_statuses bs ON b.booking_status_id = bs.id\n  \n    \n    WHERE b.trash = false AND \n      TO_DATE(b.pickup_date, 'YYYY-FMMM-FMDD')\n      >= TO_DATE($1, 'YYYY-MM-DD')\n     AND \n      TO_DATE(b.pickup_date, 'YYYY-FMMM-FMDD')\n      <= TO_DATE($2, 'YYYY-MM-DD')\n     AND TRIM(b.pickup_time)::time >= $3::time AND TRIM(b.pickup_time)::time <= $4::time AND b.booking_status_id = ANY($5::int[]) AND b.payment_type_id = ANY($6::int[]) AND b.driver_id = $7 AND b.pickup ILIKE $8 AND a.name ILIKE $9 AND pt.name ILIKE $10 AND bs.booking_status ILIKE $11\n  \n  ","timestamp":"2026-08-18T18:06:32.803Z"}
{"duration":30,"level":"info","message":"db-query","rows":1,"text":"\n    \nSELECT\n  b.id,\n  b.reference_number,\n  b.subsidiary_id,\n  b.booking_type_id,\n  b.booking_status_id,\n  b.journey_type_id,\n  b.account_id,\n  b.customer_id,\n  b.employee_id,\n  b.pickup,\n  b.dropoff,\n  b.pickup_date,\n  b.pickup_time,\n  b.dropoff_date,\n  b.dropoff_time,\n  b.pickup_door_number,\n  b.dropoff_door_number,\n  b.pickup_plot,\n  b.dropoff_plot,\n  b.pickup_location_type_id,\n  b.dropoff_location_type_id,\n  b.pickup_latitude,\n  b.pickup_longitude,\n  b.dropoff_latitude,\n  b.dropoff_longitude,\n  b.viapoints,\n  b.restricted_drivers,\n  b.flight_number,\n  b.arriving_from,\n  b.vehicle_type_id,\n  b.vehicle_id,\n  b.driver_id,\n  b.passengers,\n  b.luggages,\n  b.hand_luggages,\n  b.child_seat,\n  b.name,\n  b.email,\n  b.mobile,\n  b.telephone,\n  b.lead_time,\n  b.notes,\n  b.special_instructions,\n  b.payment_type_id,\n  b.company_price,\n  b.fares,\n  b.total_charges,\n  b.parking_charges,\n  b.waiting_charges,\n  b.extra_drop_charges,\n  b.credit_card_charges,\n  b.congestion_charges,\n  b.miles,\n  b.meet_and_greet,\n  b.department,\n  b.escort_id,\n  b.order_number,\n  b.booked_by,\n  b.add_return_fare,\n  b.fare_meter_status,\n  b.fare_meter,\n  b.quotation,\n  b.quoted,\n  b.dispatch,\n  b.dispatch_as,\n  b.sms,\n  b.emailflag,\n  b.trash,\n  b.hidden,\n  b.multi_booking_id,\n  b.associated_booking,\n  b.invoice_status,\n  b.commission_status,\n  b.commission,\n  b.skipped_bookings,\n  b.permanent,\n  b.toggle_driver_text,\n  b.toggle_passenger_text,\n  b.cancelled_reason,\n  b.booking_source,\n  b.on_route,\n  b.arrived,\n  b.passenger_on_board,\n  b.completed,\n  b.controller_completed,\n  b.driver_waiting_time,\n  b.dispatched_at,\n  b.booked_at,\n  b.stripe_customer_id,\n  b.stripe_payment_id,\n  b.invoice_number,\n  b.initial_subsidiary_id,\n  b.created_at,\n  b.updated_at,\n  b.eta,\n  b.fob,\n  b.future,\n\n  json_build_object(\n    'booking_status', bs.booking_status\n  ) AS booking_status,\n\n  json_build_object(\n    'booking_type', bt.booking_type\n  ) AS booking_type,\n\n  json_build_object(\n    'journey_type', jt.journey_type\n  ) AS journey_type,\n\n  json_build_object(\n    'id', s.id,\n    'name', s.name,\n    'telephone_number', s.telephone_number\n  ) AS subsidiary,\n\n  json_build_object(\n    'name', vt.name,\n    'background_color', vt.background_color,\n    'foreground_color', vt.foreground_color\n  ) AS vehicle_type,\n\n  json_build_object(\n    'id', pt.id,\n    'name', pt.name,\n    'background_color', pt.background_color,\n    'foreground_color', pt.foreground_color\n  ) AS payment_type,\n\n  json_build_object(\n    'id', a.id,\n    'name', a.name,\n    'background_color', a.background_color,\n    'foreground_color', a.foreground_color,\n    'has_vat', a.has_vat,\n    'bank_information', a.bank_information,\n    'fare_controller', a.fare_controller,\n    'account_fees_type', a.account_fees_type,\n    'account_fees', a.account_fees,\n    'account_fees_vat', a.account_fees_vat\n  ) AS account,\n\n  json_build_object(\n    'id', d.id,\n    'username', d.username,\n    'name', d.name,\n    'mobile_device_id', d.mobile_device_id,\n    'phc_vehicle_number', d.phc_vehicle_number,\n    'phc_driver_number', d.phc_driver_number,\n    'vehicle_id', d.vehicle_id,\n    'driver_commission', d.driver_commission,\n    'session_status', d.session_status,\n\n    'vehicle', json_build_object(\n      'make', v.make,\n      'model', v.model,\n      'color', v.color,\n      'vehicle_number', v.vehicle_number\n    )\n  ) AS driver,\n\n  json_build_object(\n    'door_number', c.door_number,\n    'address1', c.address1,\n    'address2', c.address2,\n    'blacklist', c.blacklist\n  ) AS customer,\n\n  json_build_object(\n    'username', e.username,\n    'role_id', e.role_id\n  ) AS employee,\n\n  json_build_object(\n    'pickup',\n    CASE\n      WHEN lp.id IS NOT NULL THEN\n        json_build_object(\n          'id', lp.id,\n          'name', lp.name,\n          'location_type', json_build_object(\n            'id', ltp.id,\n            'name', ltp.name,\n            'background_color', ltp.background_color,\n            'foreground_color', ltp.foreground_color\n          )\n        )\n      ELSE\n        json_build_object(\n          'id', null,\n          'name', null,\n          'location_type', json_build_object(\n            'id', null,\n            'name', null,\n            'background_color', null,\n            'foreground_color', null\n          )\n        )\n    END,\n\n    'dropoff',\n    CASE\n      WHEN ld.id IS NOT NULL THEN\n        json_build_object(\n          'id', ld.id,\n          'name', ld.name,\n          'location_type', json_build_object(\n            'id', ltd.id,\n            'name', ltd.name,\n            'background_color', ltd.background_color,\n            'foreground_color', ltd.foreground_color\n          )\n        )\n      ELSE\n        json_build_object(\n          'id', null,\n          'name', null,\n          'location_type', json_build_object(\n            'id', null,\n            'name', null,\n            'background_color', null,\n            'foreground_color', null\n          )\n        )\n    END\n  ) AS airport\n\nFROM bookings b\n\nLEFT JOIN booking_statuses bs\n  ON b.booking_status_id = bs.id\n\nLEFT JOIN booking_types bt\n  ON b.booking_type_id = bt.id\n\nLEFT JOIN journey_types jt\n  ON b.journey_type_id = jt.id\n\nLEFT JOIN subsidiaries s\n  ON b.subsidiary_id = s.id\n\nLEFT JOIN vehicle_types vt\n  ON b.vehicle_type_id = vt.id\n\nLEFT JOIN payment_types pt\n  ON b.payment_type_id = pt.id\n\nLEFT JOIN accounts a\n  ON b.account_id = a.id\n\nLEFT JOIN drivers d\n  ON b.driver_id = d.id\n\nLEFT JOIN vehicles v\n  ON d.vehicle_id = v.id\n\nLEFT JOIN customers c\n  ON b.customer_id = c.id\n\nLEFT JOIN employees e\n  ON b.employee_id = e.id\n\n\n-- PICKUP LOCATION\n-- Select only the most specific matching location\nLEFT JOIN LATERAL (\n  SELECT l.*\n  FROM locations l\n  WHERE l.location_type_id = 2\n    AND b.pickup ILIKE '%' || l.name || '%'\n  ORDER BY LENGTH(l.name) DESC, l.id ASC\n  LIMIT 1\n) lp ON true\n\n\n-- DROPOFF LOCATION\n-- Select only the most specific matching location\nLEFT JOIN LATERAL (\n  SELECT l.*\n  FROM locations l\n  WHERE l.location_type_id = 2\n    AND b.dropoff ILIKE '%' || l.name || '%'\n  ORDER BY LENGTH(l.name) DESC, l.id ASC\n  LIMIT 1\n) ld ON true\n\n\nLEFT JOIN location_types ltp\n  ON lp.location_type_id = ltp.id\n\nLEFT JOIN location_types ltd\n  ON ld.location_type_id = ltd.id\n\n\n    \n    WHERE b.trash = false AND \n      TO_DATE(b.pickup_date, 'YYYY-FMMM-FMDD')\n      >= TO_DATE($1, 'YYYY-MM-DD')\n     AND \n      TO_DATE(b.pickup_date, 'YYYY-FMMM-FMDD')\n      <= TO_DATE($2, 'YYYY-MM-DD')\n     AND TRIM(b.pickup_time)::time >= $3::time AND TRIM(b.pickup_time)::time <= $4::time AND b.booking_status_id = ANY($5::int[]) AND b.payment_type_id = ANY($6::int[]) AND b.driver_id = $7 AND b.pickup ILIKE $8 AND a.name ILIKE $9 AND pt.name ILIKE $10 AND bs.booking_status ILIKE $11\n  \n    ORDER BY (\n        TO_DATE(b.pickup_date,'YYYY-FMMM-FMDD')\n        +\n        TRIM(b.pickup_time)::time\n      ) ASC\n    OFFSET $12\n    LIMIT $13\n  ","timestamp":"2026-08-18T18:06:32.833Z"}
{"level":"info","message":"GET /api/bookings/booking-statistics?from_date=2020-07-01&to_date=2026-07-20&from_time=00:00&to_time=23:59&pickup=Tn30,%20Ashford%20Road,%20St.%20Michaels,%20Tenterden%20TN30%206BT&payment_type_id=1,2,3,4&booking_status_id=1,3,4,5,6,8,10,12,13,14,15&sort_order=ASC&sort_by=datetime&driver_id=167&account_name=moro&payment_type_name=cash&status_name=stc 200 217.737 ms","timestamp":"2026-08-18T18:06:32.834Z"}
{"duration":8,"level":"info","message":"db-query","rows":26,"text":"SELECT * FROM location_types","timestamp":"2026-08-18T18:09:04.538Z"}
{"level":"info","message":"GET /api/location-types 200 18.566 ms","timestamp":"2026-08-18T18:09:04.550Z"}
{"duration":155,"level":"info","message":"db-query","rows":26,"text":"SELECT * FROM location_types","timestamp":"2026-08-18T18:09:04.687Z"}
{"level":"info","message":"GET /api/location-types 200 156.221 ms","timestamp":"2026-08-18T18:09:04.688Z"}
{"duration":6,"level":"info","message":"db-query","rows":26,"text":"SELECT * FROM location_types","timestamp":"2026-08-18T18:09:21.671Z"}
{"level":"info","message":"GET /api/location-types 200 11.414 ms","timestamp":"2026-08-18T18:09:21.676Z"}
{"duration":50,"level":"info","message":"db-query","rows":26,"text":"SELECT * FROM location_types","timestamp":"2026-08-18T18:09:21.717Z"}
{"level":"info","message":"GET /api/location-types 200 51.358 ms","timestamp":"2026-08-18T18:09:21.719Z"}
{"duration":8,"level":"info","message":"db-query","rows":26,"text":"SELECT * FROM location_types","timestamp":"2026-08-18T18:09:49.603Z"}
{"level":"info","message":"GET /api/location-types 200 14.941 ms","timestamp":"2026-08-18T18:09:49.611Z"}
{"duration":62,"level":"info","message":"db-query","rows":26,"text":"SELECT * FROM location_types","timestamp":"2026-08-18T18:09:49.658Z"}
{"level":"info","message":"GET /api/location-types 200 63.162 ms","timestamp":"2026-08-18T18:09:49.660Z"}
{"duration":6,"level":"info","message":"db-query","rows":26,"text":"SELECT * FROM location_types","timestamp":"2026-08-18T18:10:21.129Z"}
{"level":"info","message":"GET /api/location-types 200 10.797 ms","timestamp":"2026-08-18T18:10:21.135Z"}
{"duration":50,"level":"info","message":"db-query","rows":26,"text":"SELECT * FROM location_types","timestamp":"2026-08-18T18:10:21.175Z"}
{"level":"info","message":"GET /api/location-types 200 50.471 ms","timestamp":"2026-08-18T18:10:21.176Z"}
{"duration":70,"level":"info","message":"db-query","rows":1,"text":"\n    SELECT COUNT(*) AS total\n    FROM bookings b\n    \n    LEFT JOIN vehicle_types vt ON b.vehicle_type_id = vt.id\n    LEFT JOIN journey_types jt ON b.journey_type_id = jt.id\n    LEFT JOIN accounts a ON b.account_id = a.id\n    LEFT JOIN payment_types pt ON b.payment_type_id = pt.id\n    LEFT JOIN drivers d ON b.driver_id = d.id\n    LEFT JOIN subsidiaries s ON b.subsidiary_id = s.id\n    LEFT JOIN booking_statuses bs ON b.booking_status_id = bs.id\n  \n    \n    WHERE b.trash = false AND \n      TO_DATE(b.pickup_date, 'YYYY-FMMM-FMDD')\n      >= TO_DATE($1, 'YYYY-MM-DD')\n     AND \n      TO_DATE(b.pickup_date, 'YYYY-FMMM-FMDD')\n      <= TO_DATE($2, 'YYYY-MM-DD')\n     AND TRIM(b.pickup_time)::time >= $3::time AND TRIM(b.pickup_time)::time <= $4::time AND b.booking_status_id = ANY($5::int[]) AND b.payment_type_id = ANY($6::int[]) AND b.driver_id = $7 AND b.pickup ILIKE $8 AND b.invoice_number ILIKE $9 AND (b.pickup_date || ' ' || b.pickup_time) ILIKE $10 AND a.name ILIKE $11 AND pt.name ILIKE $12 AND d.name ILIKE $13 AND s.name ILIKE $14 AND bs.booking_status ILIKE $15 AND jt.journey_type ILIKE $16 AND vt.name ILIKE $17 AND b.fares::text ILIKE $18 AND b.total_charges::text ILIKE $19\n  \n  ","timestamp":"2026-08-18T18:11:32.568Z"}
{"duration":6,"level":"info","message":"db-query","rows":1,"text":"\n    SELECT\n      COUNT(*) AS total_bookings,\n      COALESCE(SUM(b.fares), 0) AS total_earnings,\n      COALESCE(\n        SUM(\n          CASE\n            WHEN b.account_id IS NOT NULL\n            THEN b.fares\n            ELSE 0\n          END\n        ),\n        0\n      ) AS total_account_earnings\n    FROM bookings b\n    \n    LEFT JOIN vehicle_types vt ON b.vehicle_type_id = vt.id\n    LEFT JOIN journey_types jt ON b.journey_type_id = jt.id\n    LEFT JOIN accounts a ON b.account_id = a.id\n    LEFT JOIN payment_types pt ON b.payment_type_id = pt.id\n    LEFT JOIN drivers d ON b.driver_id = d.id\n    LEFT JOIN subsidiaries s ON b.subsidiary_id = s.id\n    LEFT JOIN booking_statuses bs ON b.booking_status_id = bs.id\n  \n    \n    WHERE b.trash = false AND \n      TO_DATE(b.pickup_date, 'YYYY-FMMM-FMDD')\n      >= TO_DATE($1, 'YYYY-MM-DD')\n     AND \n      TO_DATE(b.pickup_date, 'YYYY-FMMM-FMDD')\n      <= TO_DATE($2, 'YYYY-MM-DD')\n     AND TRIM(b.pickup_time)::time >= $3::time AND TRIM(b.pickup_time)::time <= $4::time AND b.booking_status_id = ANY($5::int[]) AND b.payment_type_id = ANY($6::int[]) AND b.driver_id = $7 AND b.pickup ILIKE $8 AND b.invoice_number ILIKE $9 AND (b.pickup_date || ' ' || b.pickup_time) ILIKE $10 AND a.name ILIKE $11 AND pt.name ILIKE $12 AND d.name ILIKE $13 AND s.name ILIKE $14 AND bs.booking_status ILIKE $15 AND jt.journey_type ILIKE $16 AND vt.name ILIKE $17 AND b.fares::text ILIKE $18 AND b.total_charges::text ILIKE $19\n  \n  ","timestamp":"2026-08-18T18:11:32.574Z"}
{"duration":26,"level":"info","message":"db-query","rows":0,"text":"\n    \nSELECT\n  b.id,\n  b.reference_number,\n  b.subsidiary_id,\n  b.booking_type_id,\n  b.booking_status_id,\n  b.journey_type_id,\n  b.account_id,\n  b.customer_id,\n  b.employee_id,\n  b.pickup,\n  b.dropoff,\n  b.pickup_date,\n  b.pickup_time,\n  b.dropoff_date,\n  b.dropoff_time,\n  b.pickup_door_number,\n  b.dropoff_door_number,\n  b.pickup_plot,\n  b.dropoff_plot,\n  b.pickup_location_type_id,\n  b.dropoff_location_type_id,\n  b.pickup_latitude,\n  b.pickup_longitude,\n  b.dropoff_latitude,\n  b.dropoff_longitude,\n  b.viapoints,\n  b.restricted_drivers,\n  b.flight_number,\n  b.arriving_from,\n  b.vehicle_type_id,\n  b.vehicle_id,\n  b.driver_id,\n  b.passengers,\n  b.luggages,\n  b.hand_luggages,\n  b.child_seat,\n  b.name,\n  b.email,\n  b.mobile,\n  b.telephone,\n  b.lead_time,\n  b.notes,\n  b.special_instructions,\n  b.payment_type_id,\n  b.company_price,\n  b.fares,\n  b.total_charges,\n  b.parking_charges,\n  b.waiting_charges,\n  b.extra_drop_charges,\n  b.credit_card_charges,\n  b.congestion_charges,\n  b.miles,\n  b.meet_and_greet,\n  b.department,\n  b.escort_id,\n  b.order_number,\n  b.booked_by,\n  b.add_return_fare,\n  b.fare_meter_status,\n  b.fare_meter,\n  b.quotation,\n  b.quoted,\n  b.dispatch,\n  b.dispatch_as,\n  b.sms,\n  b.emailflag,\n  b.trash,\n  b.hidden,\n  b.multi_booking_id,\n  b.associated_booking,\n  b.invoice_status,\n  b.commission_status,\n  b.commission,\n  b.skipped_bookings,\n  b.permanent,\n  b.toggle_driver_text,\n  b.toggle_passenger_text,\n  b.cancelled_reason,\n  b.booking_source,\n  b.on_route,\n  b.arrived,\n  b.passenger_on_board,\n  b.completed,\n  b.controller_completed,\n  b.driver_waiting_time,\n  b.dispatched_at,\n  b.booked_at,\n  b.stripe_customer_id,\n  b.stripe_payment_id,\n  b.invoice_number,\n  b.initial_subsidiary_id,\n  b.created_at,\n  b.updated_at,\n  b.eta,\n  b.fob,\n  b.future,\n\n  json_build_object(\n    'booking_status', bs.booking_status\n  ) AS booking_status,\n\n  json_build_object(\n    'booking_type', bt.booking_type\n  ) AS booking_type,\n\n  json_build_object(\n    'journey_type', jt.journey_type\n  ) AS journey_type,\n\n  json_build_object(\n    'id', s.id,\n    'name', s.name,\n    'telephone_number', s.telephone_number\n  ) AS subsidiary,\n\n  json_build_object(\n    'name', vt.name,\n    'background_color', vt.background_color,\n    'foreground_color', vt.foreground_color\n  ) AS vehicle_type,\n\n  json_build_object(\n    'id', pt.id,\n    'name', pt.name,\n    'background_color', pt.background_color,\n    'foreground_color', pt.foreground_color\n  ) AS payment_type,\n\n  json_build_object(\n    'id', a.id,\n    'name', a.name,\n    'background_color', a.background_color,\n    'foreground_color', a.foreground_color,\n    'has_vat', a.has_vat,\n    'bank_information', a.bank_information,\n    'fare_controller', a.fare_controller,\n    'account_fees_type', a.account_fees_type,\n    'account_fees', a.account_fees,\n    'account_fees_vat', a.account_fees_vat\n  ) AS account,\n\n  json_build_object(\n    'id', d.id,\n    'username', d.username,\n    'name', d.name,\n    'mobile_device_id', d.mobile_device_id,\n    'phc_vehicle_number', d.phc_vehicle_number,\n    'phc_driver_number', d.phc_driver_number,\n    'vehicle_id', d.vehicle_id,\n    'driver_commission', d.driver_commission,\n    'session_status', d.session_status,\n\n    'vehicle', json_build_object(\n      'make', v.make,\n      'model', v.model,\n      'color', v.color,\n      'vehicle_number', v.vehicle_number\n    )\n  ) AS driver,\n\n  json_build_object(\n    'door_number', c.door_number,\n    'address1', c.address1,\n    'address2', c.address2,\n    'blacklist', c.blacklist\n  ) AS customer,\n\n  json_build_object(\n    'username', e.username,\n    'role_id', e.role_id\n  ) AS employee,\n\n  json_build_object(\n    'pickup',\n    CASE\n      WHEN lp.id IS NOT NULL THEN\n        json_build_object(\n          'id', lp.id,\n          'name', lp.name,\n          'location_type', json_build_object(\n            'id', ltp.id,\n            'name', ltp.name,\n            'background_color', ltp.background_color,\n            'foreground_color', ltp.foreground_color\n          )\n        )\n      ELSE\n        json_build_object(\n          'id', null,\n          'name', null,\n          'location_type', json_build_object(\n            'id', null,\n            'name', null,\n            'background_color', null,\n            'foreground_color', null\n          )\n        )\n    END,\n\n    'dropoff',\n    CASE\n      WHEN ld.id IS NOT NULL THEN\n        json_build_object(\n          'id', ld.id,\n          'name', ld.name,\n          'location_type', json_build_object(\n            'id', ltd.id,\n            'name', ltd.name,\n            'background_color', ltd.background_color,\n            'foreground_color', ltd.foreground_color\n          )\n        )\n      ELSE\n        json_build_object(\n          'id', null,\n          'name', null,\n          'location_type', json_build_object(\n            'id', null,\n            'name', null,\n            'background_color', null,\n            'foreground_color', null\n          )\n        )\n    END\n  ) AS airport\n\nFROM bookings b\n\nLEFT JOIN booking_statuses bs\n  ON b.booking_status_id = bs.id\n\nLEFT JOIN booking_types bt\n  ON b.booking_type_id = bt.id\n\nLEFT JOIN journey_types jt\n  ON b.journey_type_id = jt.id\n\nLEFT JOIN subsidiaries s\n  ON b.subsidiary_id = s.id\n\nLEFT JOIN vehicle_types vt\n  ON b.vehicle_type_id = vt.id\n\nLEFT JOIN payment_types pt\n  ON b.payment_type_id = pt.id\n\nLEFT JOIN accounts a\n  ON b.account_id = a.id\n\nLEFT JOIN drivers d\n  ON b.driver_id = d.id\n\nLEFT JOIN vehicles v\n  ON d.vehicle_id = v.id\n\nLEFT JOIN customers c\n  ON b.customer_id = c.id\n\nLEFT JOIN employees e\n  ON b.employee_id = e.id\n\n\n-- PICKUP LOCATION\n-- Select only the most specific matching location\nLEFT JOIN LATERAL (\n  SELECT l.*\n  FROM locations l\n  WHERE l.location_type_id = 2\n    AND b.pickup ILIKE '%' || l.name || '%'\n  ORDER BY LENGTH(l.name) DESC, l.id ASC\n  LIMIT 1\n) lp ON true\n\n\n-- DROPOFF LOCATION\n-- Select only the most specific matching location\nLEFT JOIN LATERAL (\n  SELECT l.*\n  FROM locations l\n  WHERE l.location_type_id = 2\n    AND b.dropoff ILIKE '%' || l.name || '%'\n  ORDER BY LENGTH(l.name) DESC, l.id ASC\n  LIMIT 1\n) ld ON true\n\n\nLEFT JOIN location_types ltp\n  ON lp.location_type_id = ltp.id\n\nLEFT JOIN location_types ltd\n  ON ld.location_type_id = ltd.id\n\n\n    \n    WHERE b.trash = false AND \n      TO_DATE(b.pickup_date, 'YYYY-FMMM-FMDD')\n      >= TO_DATE($1, 'YYYY-MM-DD')\n     AND \n      TO_DATE(b.pickup_date, 'YYYY-FMMM-FMDD')\n      <= TO_DATE($2, 'YYYY-MM-DD')\n     AND TRIM(b.pickup_time)::time >= $3::time AND TRIM(b.pickup_time)::time <= $4::time AND b.booking_status_id = ANY($5::int[]) AND b.payment_type_id = ANY($6::int[]) AND b.driver_id = $7 AND b.pickup ILIKE $8 AND b.invoice_number ILIKE $9 AND (b.pickup_date || ' ' || b.pickup_time) ILIKE $10 AND a.name ILIKE $11 AND pt.name ILIKE $12 AND d.name ILIKE $13 AND s.name ILIKE $14 AND bs.booking_status ILIKE $15 AND jt.journey_type ILIKE $16 AND vt.name ILIKE $17 AND b.fares::text ILIKE $18 AND b.total_charges::text ILIKE $19\n  \n    ORDER BY (\n        TO_DATE(b.pickup_date,'YYYY-FMMM-FMDD')\n        +\n        TRIM(b.pickup_time)::time\n      ) ASC\n    OFFSET $20\n    LIMIT $21\n  ","timestamp":"2026-08-18T18:11:32.603Z"}
{"level":"info","message":"GET /api/bookings/booking-statistics?from_date=2020-07-01&to_date=2026-07-20&from_time=00:00&to_time=23:59&pickup=Tn30,%20Ashford%20Road,%20St.%20Michaels,%20Tenterden%20TN30%206BT&payment_type_id=1,2,3,4&booking_status_id=1,3,4,5,6,8,10,12,13,14,15&sort_order=ASC&sort_by=datetime&driver_id=167&invoice_number=UL17809110643424&fare=213.59&journey_type=o/w&vehicle_type=indus&datetime=2026-03-15&account_name=moro&payment_type_name=cash&driver_name=Ibad&subsidiary_name=tex&status_name=stc&pc=&wc=&edc=&mg=&cc=&total_val=33.00 200 108.046 ms","timestamp":"2026-08-18T18:11:32.605Z"}
{"duration":6,"level":"info","message":"db-query","rows":1,"text":"\n    SELECT COUNT(*) AS total\n    FROM bookings b\n    \n    LEFT JOIN vehicle_types vt ON b.vehicle_type_id = vt.id\n    LEFT JOIN journey_types jt ON b.journey_type_id = jt.id\n    LEFT JOIN accounts a ON b.account_id = a.id\n    LEFT JOIN payment_types pt ON b.payment_type_id = pt.id\n    LEFT JOIN drivers d ON b.driver_id = d.id\n    LEFT JOIN subsidiaries s ON b.subsidiary_id = s.id\n    LEFT JOIN booking_statuses bs ON b.booking_status_id = bs.id\n  \n    \n    WHERE b.trash = false AND \n      TO_DATE(b.pickup_date, 'YYYY-FMMM-FMDD')\n      >= TO_DATE($1, 'YYYY-MM-DD')\n     AND \n      TO_DATE(b.pickup_date, 'YYYY-FMMM-FMDD')\n      <= TO_DATE($2, 'YYYY-MM-DD')\n     AND TRIM(b.pickup_time)::time >= $3::time AND TRIM(b.pickup_time)::time <= $4::time AND b.booking_status_id = ANY($5::int[]) AND b.payment_type_id = ANY($6::int[]) AND b.driver_id = $7 AND b.pickup ILIKE $8 AND b.invoice_number ILIKE $9 AND (b.pickup_date || ' ' || b.pickup_time) ILIKE $10 AND a.name ILIKE $11 AND pt.name ILIKE $12 AND d.name ILIKE $13 AND s.name ILIKE $14 AND bs.booking_status ILIKE $15 AND jt.journey_type ILIKE $16 AND vt.name ILIKE $17 AND b.fares::text ILIKE $18\n  \n  ","timestamp":"2026-08-18T18:11:41.555Z"}
{"duration":5,"level":"info","message":"db-query","rows":1,"text":"\n    SELECT\n      COUNT(*) AS total_bookings,\n      COALESCE(SUM(b.fares), 0) AS total_earnings,\n      COALESCE(\n        SUM(\n          CASE\n            WHEN b.account_id IS NOT NULL\n            THEN b.fares\n            ELSE 0\n          END\n        ),\n        0\n      ) AS total_account_earnings\n    FROM bookings b\n    \n    LEFT JOIN vehicle_types vt ON b.vehicle_type_id = vt.id\n    LEFT JOIN journey_types jt ON b.journey_type_id = jt.id\n    LEFT JOIN accounts a ON b.account_id = a.id\n    LEFT JOIN payment_types pt ON b.payment_type_id = pt.id\n    LEFT JOIN drivers d ON b.driver_id = d.id\n    LEFT JOIN subsidiaries s ON b.subsidiary_id = s.id\n    LEFT JOIN booking_statuses bs ON b.booking_status_id = bs.id\n  \n    \n    WHERE b.trash = false AND \n      TO_DATE(b.pickup_date, 'YYYY-FMMM-FMDD')\n      >= TO_DATE($1, 'YYYY-MM-DD')\n     AND \n      TO_DATE(b.pickup_date, 'YYYY-FMMM-FMDD')\n      <= TO_DATE($2, 'YYYY-MM-DD')\n     AND TRIM(b.pickup_time)::time >= $3::time AND TRIM(b.pickup_time)::time <= $4::time AND b.booking_status_id = ANY($5::int[]) AND b.payment_type_id = ANY($6::int[]) AND b.driver_id = $7 AND b.pickup ILIKE $8 AND b.invoice_number ILIKE $9 AND (b.pickup_date || ' ' || b.pickup_time) ILIKE $10 AND a.name ILIKE $11 AND pt.name ILIKE $12 AND d.name ILIKE $13 AND s.name ILIKE $14 AND bs.booking_status ILIKE $15 AND jt.journey_type ILIKE $16 AND vt.name ILIKE $17 AND b.fares::text ILIKE $18\n  \n  ","timestamp":"2026-08-18T18:11:41.561Z"}
{"duration":15,"level":"info","message":"db-query","rows":0,"text":"\n    \nSELECT\n  b.id,\n  b.reference_number,\n  b.subsidiary_id,\n  b.booking_type_id,\n  b.booking_status_id,\n  b.journey_type_id,\n  b.account_id,\n  b.customer_id,\n  b.employee_id,\n  b.pickup,\n  b.dropoff,\n  b.pickup_date,\n  b.pickup_time,\n  b.dropoff_date,\n  b.dropoff_time,\n  b.pickup_door_number,\n  b.dropoff_door_number,\n  b.pickup_plot,\n  b.dropoff_plot,\n  b.pickup_location_type_id,\n  b.dropoff_location_type_id,\n  b.pickup_latitude,\n  b.pickup_longitude,\n  b.dropoff_latitude,\n  b.dropoff_longitude,\n  b.viapoints,\n  b.restricted_drivers,\n  b.flight_number,\n  b.arriving_from,\n  b.vehicle_type_id,\n  b.vehicle_id,\n  b.driver_id,\n  b.passengers,\n  b.luggages,\n  b.hand_luggages,\n  b.child_seat,\n  b.name,\n  b.email,\n  b.mobile,\n  b.telephone,\n  b.lead_time,\n  b.notes,\n  b.special_instructions,\n  b.payment_type_id,\n  b.company_price,\n  b.fares,\n  b.total_charges,\n  b.parking_charges,\n  b.waiting_charges,\n  b.extra_drop_charges,\n  b.credit_card_charges,\n  b.congestion_charges,\n  b.miles,\n  b.meet_and_greet,\n  b.department,\n  b.escort_id,\n  b.order_number,\n  b.booked_by,\n  b.add_return_fare,\n  b.fare_meter_status,\n  b.fare_meter,\n  b.quotation,\n  b.quoted,\n  b.dispatch,\n  b.dispatch_as,\n  b.sms,\n  b.emailflag,\n  b.trash,\n  b.hidden,\n  b.multi_booking_id,\n  b.associated_booking,\n  b.invoice_status,\n  b.commission_status,\n  b.commission,\n  b.skipped_bookings,\n  b.permanent,\n  b.toggle_driver_text,\n  b.toggle_passenger_text,\n  b.cancelled_reason,\n  b.booking_source,\n  b.on_route,\n  b.arrived,\n  b.passenger_on_board,\n  b.completed,\n  b.controller_completed,\n  b.driver_waiting_time,\n  b.dispatched_at,\n  b.booked_at,\n  b.stripe_customer_id,\n  b.stripe_payment_id,\n  b.invoice_number,\n  b.initial_subsidiary_id,\n  b.created_at,\n  b.updated_at,\n  b.eta,\n  b.fob,\n  b.future,\n\n  json_build_object(\n    'booking_status', bs.booking_status\n  ) AS booking_status,\n\n  json_build_object(\n    'booking_type', bt.booking_type\n  ) AS booking_type,\n\n  json_build_object(\n    'journey_type', jt.journey_type\n  ) AS journey_type,\n\n  json_build_object(\n    'id', s.id,\n    'name', s.name,\n    'telephone_number', s.telephone_number\n  ) AS subsidiary,\n\n  json_build_object(\n    'name', vt.name,\n    'background_color', vt.background_color,\n    'foreground_color', vt.foreground_color\n  ) AS vehicle_type,\n\n  json_build_object(\n    'id', pt.id,\n    'name', pt.name,\n    'background_color', pt.background_color,\n    'foreground_color', pt.foreground_color\n  ) AS payment_type,\n\n  json_build_object(\n    'id', a.id,\n    'name', a.name,\n    'background_color', a.background_color,\n    'foreground_color', a.foreground_color,\n    'has_vat', a.has_vat,\n    'bank_information', a.bank_information,\n    'fare_controller', a.fare_controller,\n    'account_fees_type', a.account_fees_type,\n    'account_fees', a.account_fees,\n    'account_fees_vat', a.account_fees_vat\n  ) AS account,\n\n  json_build_object(\n    'id', d.id,\n    'username', d.username,\n    'name', d.name,\n    'mobile_device_id', d.mobile_device_id,\n    'phc_vehicle_number', d.phc_vehicle_number,\n    'phc_driver_number', d.phc_driver_number,\n    'vehicle_id', d.vehicle_id,\n    'driver_commission', d.driver_commission,\n    'session_status', d.session_status,\n\n    'vehicle', json_build_object(\n      'make', v.make,\n      'model', v.model,\n      'color', v.color,\n      'vehicle_number', v.vehicle_number\n    )\n  ) AS driver,\n\n  json_build_object(\n    'door_number', c.door_number,\n    'address1', c.address1,\n    'address2', c.address2,\n    'blacklist', c.blacklist\n  ) AS customer,\n\n  json_build_object(\n    'username', e.username,\n    'role_id', e.role_id\n  ) AS employee,\n\n  json_build_object(\n    'pickup',\n    CASE\n      WHEN lp.id IS NOT NULL THEN\n        json_build_object(\n          'id', lp.id,\n          'name', lp.name,\n          'location_type', json_build_object(\n            'id', ltp.id,\n            'name', ltp.name,\n            'background_color', ltp.background_color,\n            'foreground_color', ltp.foreground_color\n          )\n        )\n      ELSE\n        json_build_object(\n          'id', null,\n          'name', null,\n          'location_type', json_build_object(\n            'id', null,\n            'name', null,\n            'background_color', null,\n            'foreground_color', null\n          )\n        )\n    END,\n\n    'dropoff',\n    CASE\n      WHEN ld.id IS NOT NULL THEN\n        json_build_object(\n          'id', ld.id,\n          'name', ld.name,\n          'location_type', json_build_object(\n            'id', ltd.id,\n            'name', ltd.name,\n            'background_color', ltd.background_color,\n            'foreground_color', ltd.foreground_color\n          )\n        )\n      ELSE\n        json_build_object(\n          'id', null,\n          'name', null,\n          'location_type', json_build_object(\n            'id', null,\n            'name', null,\n            'background_color', null,\n            'foreground_color', null\n          )\n        )\n    END\n  ) AS airport\n\nFROM bookings b\n\nLEFT JOIN booking_statuses bs\n  ON b.booking_status_id = bs.id\n\nLEFT JOIN booking_types bt\n  ON b.booking_type_id = bt.id\n\nLEFT JOIN journey_types jt\n  ON b.journey_type_id = jt.id\n\nLEFT JOIN subsidiaries s\n  ON b.subsidiary_id = s.id\n\nLEFT JOIN vehicle_types vt\n  ON b.vehicle_type_id = vt.id\n\nLEFT JOIN payment_types pt\n  ON b.payment_type_id = pt.id\n\nLEFT JOIN accounts a\n  ON b.account_id = a.id\n\nLEFT JOIN drivers d\n  ON b.driver_id = d.id\n\nLEFT JOIN vehicles v\n  ON d.vehicle_id = v.id\n\nLEFT JOIN customers c\n  ON b.customer_id = c.id\n\nLEFT JOIN employees e\n  ON b.employee_id = e.id\n\n\n-- PICKUP LOCATION\n-- Select only the most specific matching location\nLEFT JOIN LATERAL (\n  SELECT l.*\n  FROM locations l\n  WHERE l.location_type_id = 2\n    AND b.pickup ILIKE '%' || l.name || '%'\n  ORDER BY LENGTH(l.name) DESC, l.id ASC\n  LIMIT 1\n) lp ON true\n\n\n-- DROPOFF LOCATION\n-- Select only the most specific matching location\nLEFT JOIN LATERAL (\n  SELECT l.*\n  FROM locations l\n  WHERE l.location_type_id = 2\n    AND b.dropoff ILIKE '%' || l.name || '%'\n  ORDER BY LENGTH(l.name) DESC, l.id ASC\n  LIMIT 1\n) ld ON true\n\n\nLEFT JOIN location_types ltp\n  ON lp.location_type_id = ltp.id\n\nLEFT JOIN location_types ltd\n  ON ld.location_type_id = ltd.id\n\n\n    \n    WHERE b.trash = false AND \n      TO_DATE(b.pickup_date, 'YYYY-FMMM-FMDD')\n      >= TO_DATE($1, 'YYYY-MM-DD')\n     AND \n      TO_DATE(b.pickup_date, 'YYYY-FMMM-FMDD')\n      <= TO_DATE($2, 'YYYY-MM-DD')\n     AND TRIM(b.pickup_time)::time >= $3::time AND TRIM(b.pickup_time)::time <= $4::time AND b.booking_status_id = ANY($5::int[]) AND b.payment_type_id = ANY($6::int[]) AND b.driver_id = $7 AND b.pickup ILIKE $8 AND b.invoice_number ILIKE $9 AND (b.pickup_date || ' ' || b.pickup_time) ILIKE $10 AND a.name ILIKE $11 AND pt.name ILIKE $12 AND d.name ILIKE $13 AND s.name ILIKE $14 AND bs.booking_status ILIKE $15 AND jt.journey_type ILIKE $16 AND vt.name ILIKE $17 AND b.fares::text ILIKE $18\n  \n    ORDER BY (\n        TO_DATE(b.pickup_date,'YYYY-FMMM-FMDD')\n        +\n        TRIM(b.pickup_time)::time\n      ) ASC\n    OFFSET $19\n    LIMIT $20\n  ","timestamp":"2026-08-18T18:11:41.576Z"}
{"level":"info","message":"GET /api/bookings/booking-statistics?from_date=2020-07-01&to_date=2026-07-20&from_time=00:00&to_time=23:59&pickup=Tn30,%20Ashford%20Road,%20St.%20Michaels,%20Tenterden%20TN30%206BT&payment_type_id=1,2,3,4&booking_status_id=1,3,4,5,6,8,10,12,13,14,15&sort_order=ASC&sort_by=datetime&driver_id=167&invoice_number=UL17809110643424&fare=213.59&journey_type=o/w&vehicle_type=indus&datetime=2026-03-15&account_name=moro&payment_type_name=cash&driver_name=Ibad&subsidiary_name=tex&status_name=stc&pc=&wc=&edc=&mg=&cc= 200 29.773 ms","timestamp":"2026-08-18T18:11:41.578Z"}
{"duration":72,"level":"info","message":"db-query","rows":1,"text":"\n    SELECT COUNT(*) AS total\n    FROM bookings b\n    \n    LEFT JOIN vehicle_types vt ON b.vehicle_type_id = vt.id\n    LEFT JOIN journey_types jt ON b.journey_type_id = jt.id\n    LEFT JOIN accounts a ON b.account_id = a.id\n    LEFT JOIN payment_types pt ON b.payment_type_id = pt.id\n    LEFT JOIN drivers d ON b.driver_id = d.id\n    LEFT JOIN subsidiaries s ON b.subsidiary_id = s.id\n    LEFT JOIN booking_statuses bs ON b.booking_status_id = bs.id\n  \n    \n    WHERE b.trash = false AND \n      TO_DATE(b.pickup_date, 'YYYY-FMMM-FMDD')\n      >= TO_DATE($1, 'YYYY-MM-DD')\n     AND \n      TO_DATE(b.pickup_date, 'YYYY-FMMM-FMDD')\n      <= TO_DATE($2, 'YYYY-MM-DD')\n     AND TRIM(b.pickup_time)::time >= $3::time AND TRIM(b.pickup_time)::time <= $4::time AND b.booking_status_id = ANY($5::int[]) AND b.payment_type_id = ANY($6::int[]) AND b.driver_id = $7 AND b.pickup ILIKE $8 AND b.invoice_number ILIKE $9 AND (b.pickup_date || ' ' || b.pickup_time) ILIKE $10 AND a.name ILIKE $11 AND pt.name ILIKE $12 AND d.name ILIKE $13 AND s.name ILIKE $14 AND bs.booking_status ILIKE $15 AND jt.journey_type ILIKE $16 AND vt.name ILIKE $17 AND b.fares::text ILIKE $18 AND b.total_charges::text ILIKE $19\n  \n  ","timestamp":"2026-08-18T18:12:03.894Z"}
{"duration":6,"level":"info","message":"db-query","rows":1,"text":"\n    SELECT\n      COUNT(*) AS total_bookings,\n      COALESCE(SUM(b.fares), 0) AS total_earnings,\n      COALESCE(\n        SUM(\n          CASE\n            WHEN b.account_id IS NOT NULL\n            THEN b.fares\n            ELSE 0\n          END\n        ),\n        0\n      ) AS total_account_earnings\n    FROM bookings b\n    \n    LEFT JOIN vehicle_types vt ON b.vehicle_type_id = vt.id\n    LEFT JOIN journey_types jt ON b.journey_type_id = jt.id\n    LEFT JOIN accounts a ON b.account_id = a.id\n    LEFT JOIN payment_types pt ON b.payment_type_id = pt.id\n    LEFT JOIN drivers d ON b.driver_id = d.id\n    LEFT JOIN subsidiaries s ON b.subsidiary_id = s.id\n    LEFT JOIN booking_statuses bs ON b.booking_status_id = bs.id\n  \n    \n    WHERE b.trash = false AND \n      TO_DATE(b.pickup_date, 'YYYY-FMMM-FMDD')\n      >= TO_DATE($1, 'YYYY-MM-DD')\n     AND \n      TO_DATE(b.pickup_date, 'YYYY-FMMM-FMDD')\n      <= TO_DATE($2, 'YYYY-MM-DD')\n     AND TRIM(b.pickup_time)::time >= $3::time AND TRIM(b.pickup_time)::time <= $4::time AND b.booking_status_id = ANY($5::int[]) AND b.payment_type_id = ANY($6::int[]) AND b.driver_id = $7 AND b.pickup ILIKE $8 AND b.invoice_number ILIKE $9 AND (b.pickup_date || ' ' || b.pickup_time) ILIKE $10 AND a.name ILIKE $11 AND pt.name ILIKE $12 AND d.name ILIKE $13 AND s.name ILIKE $14 AND bs.booking_status ILIKE $15 AND jt.journey_type ILIKE $16 AND vt.name ILIKE $17 AND b.fares::text ILIKE $18 AND b.total_charges::text ILIKE $19\n  \n  ","timestamp":"2026-08-18T18:12:03.901Z"}
{"duration":30,"level":"info","message":"db-query","rows":0,"text":"\n    \nSELECT\n  b.id,\n  b.reference_number,\n  b.subsidiary_id,\n  b.booking_type_id,\n  b.booking_status_id,\n  b.journey_type_id,\n  b.account_id,\n  b.customer_id,\n  b.employee_id,\n  b.pickup,\n  b.dropoff,\n  b.pickup_date,\n  b.pickup_time,\n  b.dropoff_date,\n  b.dropoff_time,\n  b.pickup_door_number,\n  b.dropoff_door_number,\n  b.pickup_plot,\n  b.dropoff_plot,\n  b.pickup_location_type_id,\n  b.dropoff_location_type_id,\n  b.pickup_latitude,\n  b.pickup_longitude,\n  b.dropoff_latitude,\n  b.dropoff_longitude,\n  b.viapoints,\n  b.restricted_drivers,\n  b.flight_number,\n  b.arriving_from,\n  b.vehicle_type_id,\n  b.vehicle_id,\n  b.driver_id,\n  b.passengers,\n  b.luggages,\n  b.hand_luggages,\n  b.child_seat,\n  b.name,\n  b.email,\n  b.mobile,\n  b.telephone,\n  b.lead_time,\n  b.notes,\n  b.special_instructions,\n  b.payment_type_id,\n  b.company_price,\n  b.fares,\n  b.total_charges,\n  b.parking_charges,\n  b.waiting_charges,\n  b.extra_drop_charges,\n  b.credit_card_charges,\n  b.congestion_charges,\n  b.miles,\n  b.meet_and_greet,\n  b.department,\n  b.escort_id,\n  b.order_number,\n  b.booked_by,\n  b.add_return_fare,\n  b.fare_meter_status,\n  b.fare_meter,\n  b.quotation,\n  b.quoted,\n  b.dispatch,\n  b.dispatch_as,\n  b.sms,\n  b.emailflag,\n  b.trash,\n  b.hidden,\n  b.multi_booking_id,\n  b.associated_booking,\n  b.invoice_status,\n  b.commission_status,\n  b.commission,\n  b.skipped_bookings,\n  b.permanent,\n  b.toggle_driver_text,\n  b.toggle_passenger_text,\n  b.cancelled_reason,\n  b.booking_source,\n  b.on_route,\n  b.arrived,\n  b.passenger_on_board,\n  b.completed,\n  b.controller_completed,\n  b.driver_waiting_time,\n  b.dispatched_at,\n  b.booked_at,\n  b.stripe_customer_id,\n  b.stripe_payment_id,\n  b.invoice_number,\n  b.initial_subsidiary_id,\n  b.created_at,\n  b.updated_at,\n  b.eta,\n  b.fob,\n  b.future,\n\n  json_build_object(\n    'booking_status', bs.booking_status\n  ) AS booking_status,\n\n  json_build_object(\n    'booking_type', bt.booking_type\n  ) AS booking_type,\n\n  json_build_object(\n    'journey_type', jt.journey_type\n  ) AS journey_type,\n\n  json_build_object(\n    'id', s.id,\n    'name', s.name,\n    'telephone_number', s.telephone_number\n  ) AS subsidiary,\n\n  json_build_object(\n    'name', vt.name,\n    'background_color', vt.background_color,\n    'foreground_color', vt.foreground_color\n  ) AS vehicle_type,\n\n  json_build_object(\n    'id', pt.id,\n    'name', pt.name,\n    'background_color', pt.background_color,\n    'foreground_color', pt.foreground_color\n  ) AS payment_type,\n\n  json_build_object(\n    'id', a.id,\n    'name', a.name,\n    'background_color', a.background_color,\n    'foreground_color', a.foreground_color,\n    'has_vat', a.has_vat,\n    'bank_information', a.bank_information,\n    'fare_controller', a.fare_controller,\n    'account_fees_type', a.account_fees_type,\n    'account_fees', a.account_fees,\n    'account_fees_vat', a.account_fees_vat\n  ) AS account,\n\n  json_build_object(\n    'id', d.id,\n    'username', d.username,\n    'name', d.name,\n    'mobile_device_id', d.mobile_device_id,\n    'phc_vehicle_number', d.phc_vehicle_number,\n    'phc_driver_number', d.phc_driver_number,\n    'vehicle_id', d.vehicle_id,\n    'driver_commission', d.driver_commission,\n    'session_status', d.session_status,\n\n    'vehicle', json_build_object(\n      'make', v.make,\n      'model', v.model,\n      'color', v.color,\n      'vehicle_number', v.vehicle_number\n    )\n  ) AS driver,\n\n  json_build_object(\n    'door_number', c.door_number,\n    'address1', c.address1,\n    'address2', c.address2,\n    'blacklist', c.blacklist\n  ) AS customer,\n\n  json_build_object(\n    'username', e.username,\n    'role_id', e.role_id\n  ) AS employee,\n\n  json_build_object(\n    'pickup',\n    CASE\n      WHEN lp.id IS NOT NULL THEN\n        json_build_object(\n          'id', lp.id,\n          'name', lp.name,\n          'location_type', json_build_object(\n            'id', ltp.id,\n            'name', ltp.name,\n            'background_color', ltp.background_color,\n            'foreground_color', ltp.foreground_color\n          )\n        )\n      ELSE\n        json_build_object(\n          'id', null,\n          'name', null,\n          'location_type', json_build_object(\n            'id', null,\n            'name', null,\n            'background_color', null,\n            'foreground_color', null\n          )\n        )\n    END,\n\n    'dropoff',\n    CASE\n      WHEN ld.id IS NOT NULL THEN\n        json_build_object(\n          'id', ld.id,\n          'name', ld.name,\n          'location_type', json_build_object(\n            'id', ltd.id,\n            'name', ltd.name,\n            'background_color', ltd.background_color,\n            'foreground_color', ltd.foreground_color\n          )\n        )\n      ELSE\n        json_build_object(\n          'id', null,\n          'name', null,\n          'location_type', json_build_object(\n            'id', null,\n            'name', null,\n            'background_color', null,\n            'foreground_color', null\n          )\n        )\n    END\n  ) AS airport\n\nFROM bookings b\n\nLEFT JOIN booking_statuses bs\n  ON b.booking_status_id = bs.id\n\nLEFT JOIN booking_types bt\n  ON b.booking_type_id = bt.id\n\nLEFT JOIN journey_types jt\n  ON b.journey_type_id = jt.id\n\nLEFT JOIN subsidiaries s\n  ON b.subsidiary_id = s.id\n\nLEFT JOIN vehicle_types vt\n  ON b.vehicle_type_id = vt.id\n\nLEFT JOIN payment_types pt\n  ON b.payment_type_id = pt.id\n\nLEFT JOIN accounts a\n  ON b.account_id = a.id\n\nLEFT JOIN drivers d\n  ON b.driver_id = d.id\n\nLEFT JOIN vehicles v\n  ON d.vehicle_id = v.id\n\nLEFT JOIN customers c\n  ON b.customer_id = c.id\n\nLEFT JOIN employees e\n  ON b.employee_id = e.id\n\n\n-- PICKUP LOCATION\n-- Select only the most specific matching location\nLEFT JOIN LATERAL (\n  SELECT l.*\n  FROM locations l\n  WHERE l.location_type_id = 2\n    AND b.pickup ILIKE '%' || l.name || '%'\n  ORDER BY LENGTH(l.name) DESC, l.id ASC\n  LIMIT 1\n) lp ON true\n\n\n-- DROPOFF LOCATION\n-- Select only the most specific matching location\nLEFT JOIN LATERAL (\n  SELECT l.*\n  FROM locations l\n  WHERE l.location_type_id = 2\n    AND b.dropoff ILIKE '%' || l.name || '%'\n  ORDER BY LENGTH(l.name) DESC, l.id ASC\n  LIMIT 1\n) ld ON true\n\n\nLEFT JOIN location_types ltp\n  ON lp.location_type_id = ltp.id\n\nLEFT JOIN location_types ltd\n  ON ld.location_type_id = ltd.id\n\n\n    \n    WHERE b.trash = false AND \n      TO_DATE(b.pickup_date, 'YYYY-FMMM-FMDD')\n      >= TO_DATE($1, 'YYYY-MM-DD')\n     AND \n      TO_DATE(b.pickup_date, 'YYYY-FMMM-FMDD')\n      <= TO_DATE($2, 'YYYY-MM-DD')\n     AND TRIM(b.pickup_time)::time >= $3::time AND TRIM(b.pickup_time)::time <= $4::time AND b.booking_status_id = ANY($5::int[]) AND b.payment_type_id = ANY($6::int[]) AND b.driver_id = $7 AND b.pickup ILIKE $8 AND b.invoice_number ILIKE $9 AND (b.pickup_date || ' ' || b.pickup_time) ILIKE $10 AND a.name ILIKE $11 AND pt.name ILIKE $12 AND d.name ILIKE $13 AND s.name ILIKE $14 AND bs.booking_status ILIKE $15 AND jt.journey_type ILIKE $16 AND vt.name ILIKE $17 AND b.fares::text ILIKE $18 AND b.total_charges::text ILIKE $19\n  \n    ORDER BY (\n        TO_DATE(b.pickup_date,'YYYY-FMMM-FMDD')\n        +\n        TRIM(b.pickup_time)::time\n      ) ASC\n    OFFSET $20\n    LIMIT $21\n  ","timestamp":"2026-08-18T18:12:03.932Z"}
{"level":"info","message":"GET /api/bookings/booking-statistics?from_date=2020-07-01&to_date=2026-07-20&from_time=00:00&to_time=23:59&pickup=Tn30,%20Ashford%20Road,%20St.%20Michaels,%20Tenterden%20TN30%206BT&payment_type_id=1,2,3,4&booking_status_id=1,3,4,5,6,8,10,12,13,14,15&sort_order=ASC&sort_by=datetime&driver_id=167&invoice_number=UL17809110643424&fare=213.59&journey_type=o/w&vehicle_type=indus&datetime=2026-03-15&account_name=moro&payment_type_name=cash&driver_name=Ibad&subsidiary_name=tex&status_name=stc&total_val=33.00 200 110.938 ms","timestamp":"2026-08-18T18:12:03.933Z"}
{"duration":5,"level":"info","message":"db-query","rows":1,"text":"\n    SELECT COUNT(*) AS total\n    FROM bookings b\n    \n    LEFT JOIN vehicle_types vt ON b.vehicle_type_id = vt.id\n    LEFT JOIN journey_types jt ON b.journey_type_id = jt.id\n    LEFT JOIN accounts a ON b.account_id = a.id\n    LEFT JOIN payment_types pt ON b.payment_type_id = pt.id\n    LEFT JOIN drivers d ON b.driver_id = d.id\n    LEFT JOIN subsidiaries s ON b.subsidiary_id = s.id\n    LEFT JOIN booking_statuses bs ON b.booking_status_id = bs.id\n  \n    \n    WHERE b.trash = false AND \n      TO_DATE(b.pickup_date, 'YYYY-FMMM-FMDD')\n      >= TO_DATE($1, 'YYYY-MM-DD')\n     AND \n      TO_DATE(b.pickup_date, 'YYYY-FMMM-FMDD')\n      <= TO_DATE($2, 'YYYY-MM-DD')\n     AND TRIM(b.pickup_time)::time >= $3::time AND TRIM(b.pickup_time)::time <= $4::time AND b.booking_status_id = ANY($5::int[]) AND b.payment_type_id = ANY($6::int[]) AND b.driver_id = $7 AND b.pickup ILIKE $8 AND b.invoice_number ILIKE $9 AND (b.pickup_date || ' ' || b.pickup_time) ILIKE $10 AND a.name ILIKE $11 AND pt.name ILIKE $12 AND d.name ILIKE $13 AND s.name ILIKE $14 AND bs.booking_status ILIKE $15 AND jt.journey_type ILIKE $16 AND vt.name ILIKE $17 AND b.fares::text ILIKE $18\n  \n  ","timestamp":"2026-08-18T18:12:09.830Z"}
{"duration":6,"level":"info","message":"db-query","rows":1,"text":"\n    SELECT\n      COUNT(*) AS total_bookings,\n      COALESCE(SUM(b.fares), 0) AS total_earnings,\n      COALESCE(\n        SUM(\n          CASE\n            WHEN b.account_id IS NOT NULL\n            THEN b.fares\n            ELSE 0\n          END\n        ),\n        0\n      ) AS total_account_earnings\n    FROM bookings b\n    \n    LEFT JOIN vehicle_types vt ON b.vehicle_type_id = vt.id\n    LEFT JOIN journey_types jt ON b.journey_type_id = jt.id\n    LEFT JOIN accounts a ON b.account_id = a.id\n    LEFT JOIN payment_types pt ON b.payment_type_id = pt.id\n    LEFT JOIN drivers d ON b.driver_id = d.id\n    LEFT JOIN subsidiaries s ON b.subsidiary_id = s.id\n    LEFT JOIN booking_statuses bs ON b.booking_status_id = bs.id\n  \n    \n    WHERE b.trash = false AND \n      TO_DATE(b.pickup_date, 'YYYY-FMMM-FMDD')\n      >= TO_DATE($1, 'YYYY-MM-DD')\n     AND \n      TO_DATE(b.pickup_date, 'YYYY-FMMM-FMDD')\n      <= TO_DATE($2, 'YYYY-MM-DD')\n     AND TRIM(b.pickup_time)::time >= $3::time AND TRIM(b.pickup_time)::time <= $4::time AND b.booking_status_id = ANY($5::int[]) AND b.payment_type_id = ANY($6::int[]) AND b.driver_id = $7 AND b.pickup ILIKE $8 AND b.invoice_number ILIKE $9 AND (b.pickup_date || ' ' || b.pickup_time) ILIKE $10 AND a.name ILIKE $11 AND pt.name ILIKE $12 AND d.name ILIKE $13 AND s.name ILIKE $14 AND bs.booking_status ILIKE $15 AND jt.journey_type ILIKE $16 AND vt.name ILIKE $17 AND b.fares::text ILIKE $18\n  \n  ","timestamp":"2026-08-18T18:12:09.837Z"}
{"duration":14,"level":"info","message":"db-query","rows":0,"text":"\n    \nSELECT\n  b.id,\n  b.reference_number,\n  b.subsidiary_id,\n  b.booking_type_id,\n  b.booking_status_id,\n  b.journey_type_id,\n  b.account_id,\n  b.customer_id,\n  b.employee_id,\n  b.pickup,\n  b.dropoff,\n  b.pickup_date,\n  b.pickup_time,\n  b.dropoff_date,\n  b.dropoff_time,\n  b.pickup_door_number,\n  b.dropoff_door_number,\n  b.pickup_plot,\n  b.dropoff_plot,\n  b.pickup_location_type_id,\n  b.dropoff_location_type_id,\n  b.pickup_latitude,\n  b.pickup_longitude,\n  b.dropoff_latitude,\n  b.dropoff_longitude,\n  b.viapoints,\n  b.restricted_drivers,\n  b.flight_number,\n  b.arriving_from,\n  b.vehicle_type_id,\n  b.vehicle_id,\n  b.driver_id,\n  b.passengers,\n  b.luggages,\n  b.hand_luggages,\n  b.child_seat,\n  b.name,\n  b.email,\n  b.mobile,\n  b.telephone,\n  b.lead_time,\n  b.notes,\n  b.special_instructions,\n  b.payment_type_id,\n  b.company_price,\n  b.fares,\n  b.total_charges,\n  b.parking_charges,\n  b.waiting_charges,\n  b.extra_drop_charges,\n  b.credit_card_charges,\n  b.congestion_charges,\n  b.miles,\n  b.meet_and_greet,\n  b.department,\n  b.escort_id,\n  b.order_number,\n  b.booked_by,\n  b.add_return_fare,\n  b.fare_meter_status,\n  b.fare_meter,\n  b.quotation,\n  b.quoted,\n  b.dispatch,\n  b.dispatch_as,\n  b.sms,\n  b.emailflag,\n  b.trash,\n  b.hidden,\n  b.multi_booking_id,\n  b.associated_booking,\n  b.invoice_status,\n  b.commission_status,\n  b.commission,\n  b.skipped_bookings,\n  b.permanent,\n  b.toggle_driver_text,\n  b.toggle_passenger_text,\n  b.cancelled_reason,\n  b.booking_source,\n  b.on_route,\n  b.arrived,\n  b.passenger_on_board,\n  b.completed,\n  b.controller_completed,\n  b.driver_waiting_time,\n  b.dispatched_at,\n  b.booked_at,\n  b.stripe_customer_id,\n  b.stripe_payment_id,\n  b.invoice_number,\n  b.initial_subsidiary_id,\n  b.created_at,\n  b.updated_at,\n  b.eta,\n  b.fob,\n  b.future,\n\n  json_build_object(\n    'booking_status', bs.booking_status\n  ) AS booking_status,\n\n  json_build_object(\n    'booking_type', bt.booking_type\n  ) AS booking_type,\n\n  json_build_object(\n    'journey_type', jt.journey_type\n  ) AS journey_type,\n\n  json_build_object(\n    'id', s.id,\n    'name', s.name,\n    'telephone_number', s.telephone_number\n  ) AS subsidiary,\n\n  json_build_object(\n    'name', vt.name,\n    'background_color', vt.background_color,\n    'foreground_color', vt.foreground_color\n  ) AS vehicle_type,\n\n  json_build_object(\n    'id', pt.id,\n    'name', pt.name,\n    'background_color', pt.background_color,\n    'foreground_color', pt.foreground_color\n  ) AS payment_type,\n\n  json_build_object(\n    'id', a.id,\n    'name', a.name,\n    'background_color', a.background_color,\n    'foreground_color', a.foreground_color,\n    'has_vat', a.has_vat,\n    'bank_information', a.bank_information,\n    'fare_controller', a.fare_controller,\n    'account_fees_type', a.account_fees_type,\n    'account_fees', a.account_fees,\n    'account_fees_vat', a.account_fees_vat\n  ) AS account,\n\n  json_build_object(\n    'id', d.id,\n    'username', d.username,\n    'name', d.name,\n    'mobile_device_id', d.mobile_device_id,\n    'phc_vehicle_number', d.phc_vehicle_number,\n    'phc_driver_number', d.phc_driver_number,\n    'vehicle_id', d.vehicle_id,\n    'driver_commission', d.driver_commission,\n    'session_status', d.session_status,\n\n    'vehicle', json_build_object(\n      'make', v.make,\n      'model', v.model,\n      'color', v.color,\n      'vehicle_number', v.vehicle_number\n    )\n  ) AS driver,\n\n  json_build_object(\n    'door_number', c.door_number,\n    'address1', c.address1,\n    'address2', c.address2,\n    'blacklist', c.blacklist\n  ) AS customer,\n\n  json_build_object(\n    'username', e.username,\n    'role_id', e.role_id\n  ) AS employee,\n\n  json_build_object(\n    'pickup',\n    CASE\n      WHEN lp.id IS NOT NULL THEN\n        json_build_object(\n          'id', lp.id,\n          'name', lp.name,\n          'location_type', json_build_object(\n            'id', ltp.id,\n            'name', ltp.name,\n            'background_color', ltp.background_color,\n            'foreground_color', ltp.foreground_color\n          )\n        )\n      ELSE\n        json_build_object(\n          'id', null,\n          'name', null,\n          'location_type', json_build_object(\n            'id', null,\n            'name', null,\n            'background_color', null,\n            'foreground_color', null\n          )\n        )\n    END,\n\n    'dropoff',\n    CASE\n      WHEN ld.id IS NOT NULL THEN\n        json_build_object(\n          'id', ld.id,\n          'name', ld.name,\n          'location_type', json_build_object(\n            'id', ltd.id,\n            'name', ltd.name,\n            'background_color', ltd.background_color,\n            'foreground_color', ltd.foreground_color\n          )\n        )\n      ELSE\n        json_build_object(\n          'id', null,\n          'name', null,\n          'location_type', json_build_object(\n            'id', null,\n            'name', null,\n            'background_color', null,\n            'foreground_color', null\n          )\n        )\n    END\n  ) AS airport\n\nFROM bookings b\n\nLEFT JOIN booking_statuses bs\n  ON b.booking_status_id = bs.id\n\nLEFT JOIN booking_types bt\n  ON b.booking_type_id = bt.id\n\nLEFT JOIN journey_types jt\n  ON b.journey_type_id = jt.id\n\nLEFT JOIN subsidiaries s\n  ON b.subsidiary_id = s.id\n\nLEFT JOIN vehicle_types vt\n  ON b.vehicle_type_id = vt.id\n\nLEFT JOIN payment_types pt\n  ON b.payment_type_id = pt.id\n\nLEFT JOIN accounts a\n  ON b.account_id = a.id\n\nLEFT JOIN drivers d\n  ON b.driver_id = d.id\n\nLEFT JOIN vehicles v\n  ON d.vehicle_id = v.id\n\nLEFT JOIN customers c\n  ON b.customer_id = c.id\n\nLEFT JOIN employees e\n  ON b.employee_id = e.id\n\n\n-- PICKUP LOCATION\n-- Select only the most specific matching location\nLEFT JOIN LATERAL (\n  SELECT l.*\n  FROM locations l\n  WHERE l.location_type_id = 2\n    AND b.pickup ILIKE '%' || l.name || '%'\n  ORDER BY LENGTH(l.name) DESC, l.id ASC\n  LIMIT 1\n) lp ON true\n\n\n-- DROPOFF LOCATION\n-- Select only the most specific matching location\nLEFT JOIN LATERAL (\n  SELECT l.*\n  FROM locations l\n  WHERE l.location_type_id = 2\n    AND b.dropoff ILIKE '%' || l.name || '%'\n  ORDER BY LENGTH(l.name) DESC, l.id ASC\n  LIMIT 1\n) ld ON true\n\n\nLEFT JOIN location_types ltp\n  ON lp.location_type_id = ltp.id\n\nLEFT JOIN location_types ltd\n  ON ld.location_type_id = ltd.id\n\n\n    \n    WHERE b.trash = false AND \n      TO_DATE(b.pickup_date, 'YYYY-FMMM-FMDD')\n      >= TO_DATE($1, 'YYYY-MM-DD')\n     AND \n      TO_DATE(b.pickup_date, 'YYYY-FMMM-FMDD')\n      <= TO_DATE($2, 'YYYY-MM-DD')\n     AND TRIM(b.pickup_time)::time >= $3::time AND TRIM(b.pickup_time)::time <= $4::time AND b.booking_status_id = ANY($5::int[]) AND b.payment_type_id = ANY($6::int[]) AND b.driver_id = $7 AND b.pickup ILIKE $8 AND b.invoice_number ILIKE $9 AND (b.pickup_date || ' ' || b.pickup_time) ILIKE $10 AND a.name ILIKE $11 AND pt.name ILIKE $12 AND d.name ILIKE $13 AND s.name ILIKE $14 AND bs.booking_status ILIKE $15 AND jt.journey_type ILIKE $16 AND vt.name ILIKE $17 AND b.fares::text ILIKE $18\n  \n    ORDER BY (\n        TO_DATE(b.pickup_date,'YYYY-FMMM-FMDD')\n        +\n        TRIM(b.pickup_time)::time\n      ) ASC\n    OFFSET $19\n    LIMIT $20\n  ","timestamp":"2026-08-18T18:12:09.851Z"}
{"level":"info","message":"GET /api/bookings/booking-statistics?from_date=2020-07-01&to_date=2026-07-20&from_time=00:00&to_time=23:59&pickup=Tn30,%20Ashford%20Road,%20St.%20Michaels,%20Tenterden%20TN30%206BT&payment_type_id=1,2,3,4&booking_status_id=1,3,4,5,6,8,10,12,13,14,15&sort_order=ASC&sort_by=datetime&driver_id=167&invoice_number=UL17809110643424&fare=213.59&journey_type=o/w&vehicle_type=indus&datetime=2026-03-15&account_name=moro&payment_type_name=cash&driver_name=Ibad&subsidiary_name=tex&status_name=stc 200 27.113 ms","timestamp":"2026-08-18T18:12:09.853Z"}
{"duration":70,"level":"info","message":"db-query","rows":1,"text":"\n    SELECT COUNT(*) AS total\n    FROM bookings b\n    \n    LEFT JOIN vehicle_types vt ON b.vehicle_type_id = vt.id\n    LEFT JOIN journey_types jt ON b.journey_type_id = jt.id\n    LEFT JOIN accounts a ON b.account_id = a.id\n    LEFT JOIN payment_types pt ON b.payment_type_id = pt.id\n    LEFT JOIN drivers d ON b.driver_id = d.id\n    LEFT JOIN subsidiaries s ON b.subsidiary_id = s.id\n    LEFT JOIN booking_statuses bs ON b.booking_status_id = bs.id\n  \n    \n    WHERE b.trash = false AND \n      TO_DATE(b.pickup_date, 'YYYY-FMMM-FMDD')\n      >= TO_DATE($1, 'YYYY-MM-DD')\n     AND \n      TO_DATE(b.pickup_date, 'YYYY-FMMM-FMDD')\n      <= TO_DATE($2, 'YYYY-MM-DD')\n     AND TRIM(b.pickup_time)::time >= $3::time AND TRIM(b.pickup_time)::time <= $4::time AND b.booking_status_id = ANY($5::int[]) AND b.payment_type_id = ANY($6::int[]) AND b.driver_id = $7 AND b.pickup ILIKE $8 AND b.invoice_number ILIKE $9 AND (b.pickup_date || ' ' || b.pickup_time) ILIKE $10 AND a.name ILIKE $11 AND pt.name ILIKE $12 AND d.name ILIKE $13 AND s.name ILIKE $14 AND bs.booking_status ILIKE $15 AND jt.journey_type ILIKE $16 AND vt.name ILIKE $17 AND b.fares::text ILIKE $18\n  \n  ","timestamp":"2026-08-18T18:12:26.933Z"}
{"duration":6,"level":"info","message":"db-query","rows":1,"text":"\n    SELECT\n      COUNT(*) AS total_bookings,\n      COALESCE(SUM(b.fares), 0) AS total_earnings,\n      COALESCE(\n        SUM(\n          CASE\n            WHEN b.account_id IS NOT NULL\n            THEN b.fares\n            ELSE 0\n          END\n        ),\n        0\n      ) AS total_account_earnings\n    FROM bookings b\n    \n    LEFT JOIN vehicle_types vt ON b.vehicle_type_id = vt.id\n    LEFT JOIN journey_types jt ON b.journey_type_id = jt.id\n    LEFT JOIN accounts a ON b.account_id = a.id\n    LEFT JOIN payment_types pt ON b.payment_type_id = pt.id\n    LEFT JOIN drivers d ON b.driver_id = d.id\n    LEFT JOIN subsidiaries s ON b.subsidiary_id = s.id\n    LEFT JOIN booking_statuses bs ON b.booking_status_id = bs.id\n  \n    \n    WHERE b.trash = false AND \n      TO_DATE(b.pickup_date, 'YYYY-FMMM-FMDD')\n      >= TO_DATE($1, 'YYYY-MM-DD')\n     AND \n      TO_DATE(b.pickup_date, 'YYYY-FMMM-FMDD')\n      <= TO_DATE($2, 'YYYY-MM-DD')\n     AND TRIM(b.pickup_time)::time >= $3::time AND TRIM(b.pickup_time)::time <= $4::time AND b.booking_status_id = ANY($5::int[]) AND b.payment_type_id = ANY($6::int[]) AND b.driver_id = $7 AND b.pickup ILIKE $8 AND b.invoice_number ILIKE $9 AND (b.pickup_date || ' ' || b.pickup_time) ILIKE $10 AND a.name ILIKE $11 AND pt.name ILIKE $12 AND d.name ILIKE $13 AND s.name ILIKE $14 AND bs.booking_status ILIKE $15 AND jt.journey_type ILIKE $16 AND vt.name ILIKE $17 AND b.fares::text ILIKE $18\n  \n  ","timestamp":"2026-08-18T18:12:26.940Z"}
{"duration":28,"level":"info","message":"db-query","rows":0,"text":"\n    \nSELECT\n  b.id,\n  b.reference_number,\n  b.subsidiary_id,\n  b.booking_type_id,\n  b.booking_status_id,\n  b.journey_type_id,\n  b.account_id,\n  b.customer_id,\n  b.employee_id,\n  b.pickup,\n  b.dropoff,\n  b.pickup_date,\n  b.pickup_time,\n  b.dropoff_date,\n  b.dropoff_time,\n  b.pickup_door_number,\n  b.dropoff_door_number,\n  b.pickup_plot,\n  b.dropoff_plot,\n  b.pickup_location_type_id,\n  b.dropoff_location_type_id,\n  b.pickup_latitude,\n  b.pickup_longitude,\n  b.dropoff_latitude,\n  b.dropoff_longitude,\n  b.viapoints,\n  b.restricted_drivers,\n  b.flight_number,\n  b.arriving_from,\n  b.vehicle_type_id,\n  b.vehicle_id,\n  b.driver_id,\n  b.passengers,\n  b.luggages,\n  b.hand_luggages,\n  b.child_seat,\n  b.name,\n  b.email,\n  b.mobile,\n  b.telephone,\n  b.lead_time,\n  b.notes,\n  b.special_instructions,\n  b.payment_type_id,\n  b.company_price,\n  b.fares,\n  b.total_charges,\n  b.parking_charges,\n  b.waiting_charges,\n  b.extra_drop_charges,\n  b.credit_card_charges,\n  b.congestion_charges,\n  b.miles,\n  b.meet_and_greet,\n  b.department,\n  b.escort_id,\n  b.order_number,\n  b.booked_by,\n  b.add_return_fare,\n  b.fare_meter_status,\n  b.fare_meter,\n  b.quotation,\n  b.quoted,\n  b.dispatch,\n  b.dispatch_as,\n  b.sms,\n  b.emailflag,\n  b.trash,\n  b.hidden,\n  b.multi_booking_id,\n  b.associated_booking,\n  b.invoice_status,\n  b.commission_status,\n  b.commission,\n  b.skipped_bookings,\n  b.permanent,\n  b.toggle_driver_text,\n  b.toggle_passenger_text,\n  b.cancelled_reason,\n  b.booking_source,\n  b.on_route,\n  b.arrived,\n  b.passenger_on_board,\n  b.completed,\n  b.controller_completed,\n  b.driver_waiting_time,\n  b.dispatched_at,\n  b.booked_at,\n  b.stripe_customer_id,\n  b.stripe_payment_id,\n  b.invoice_number,\n  b.initial_subsidiary_id,\n  b.created_at,\n  b.updated_at,\n  b.eta,\n  b.fob,\n  b.future,\n\n  json_build_object(\n    'booking_status', bs.booking_status\n  ) AS booking_status,\n\n  json_build_object(\n    'booking_type', bt.booking_type\n  ) AS booking_type,\n\n  json_build_object(\n    'journey_type', jt.journey_type\n  ) AS journey_type,\n\n  json_build_object(\n    'id', s.id,\n    'name', s.name,\n    'telephone_number', s.telephone_number\n  ) AS subsidiary,\n\n  json_build_object(\n    'name', vt.name,\n    'background_color', vt.background_color,\n    'foreground_color', vt.foreground_color\n  ) AS vehicle_type,\n\n  json_build_object(\n    'id', pt.id,\n    'name', pt.name,\n    'background_color', pt.background_color,\n    'foreground_color', pt.foreground_color\n  ) AS payment_type,\n\n  json_build_object(\n    'id', a.id,\n    'name', a.name,\n    'background_color', a.background_color,\n    'foreground_color', a.foreground_color,\n    'has_vat', a.has_vat,\n    'bank_information', a.bank_information,\n    'fare_controller', a.fare_controller,\n    'account_fees_type', a.account_fees_type,\n    'account_fees', a.account_fees,\n    'account_fees_vat', a.account_fees_vat\n  ) AS account,\n\n  json_build_object(\n    'id', d.id,\n    'username', d.username,\n    'name', d.name,\n    'mobile_device_id', d.mobile_device_id,\n    'phc_vehicle_number', d.phc_vehicle_number,\n    'phc_driver_number', d.phc_driver_number,\n    'vehicle_id', d.vehicle_id,\n    'driver_commission', d.driver_commission,\n    'session_status', d.session_status,\n\n    'vehicle', json_build_object(\n      'make', v.make,\n      'model', v.model,\n      'color', v.color,\n      'vehicle_number', v.vehicle_number\n    )\n  ) AS driver,\n\n  json_build_object(\n    'door_number', c.door_number,\n    'address1', c.address1,\n    'address2', c.address2,\n    'blacklist', c.blacklist\n  ) AS customer,\n\n  json_build_object(\n    'username', e.username,\n    'role_id', e.role_id\n  ) AS employee,\n\n  json_build_object(\n    'pickup',\n    CASE\n      WHEN lp.id IS NOT NULL THEN\n        json_build_object(\n          'id', lp.id,\n          'name', lp.name,\n          'location_type', json_build_object(\n            'id', ltp.id,\n            'name', ltp.name,\n            'background_color', ltp.background_color,\n            'foreground_color', ltp.foreground_color\n          )\n        )\n      ELSE\n        json_build_object(\n          'id', null,\n          'name', null,\n          'location_type', json_build_object(\n            'id', null,\n            'name', null,\n            'background_color', null,\n            'foreground_color', null\n          )\n        )\n    END,\n\n    'dropoff',\n    CASE\n      WHEN ld.id IS NOT NULL THEN\n        json_build_object(\n          'id', ld.id,\n          'name', ld.name,\n          'location_type', json_build_object(\n            'id', ltd.id,\n            'name', ltd.name,\n            'background_color', ltd.background_color,\n            'foreground_color', ltd.foreground_color\n          )\n        )\n      ELSE\n        json_build_object(\n          'id', null,\n          'name', null,\n          'location_type', json_build_object(\n            'id', null,\n            'name', null,\n            'background_color', null,\n            'foreground_color', null\n          )\n        )\n    END\n  ) AS airport\n\nFROM bookings b\n\nLEFT JOIN booking_statuses bs\n  ON b.booking_status_id = bs.id\n\nLEFT JOIN booking_types bt\n  ON b.booking_type_id = bt.id\n\nLEFT JOIN journey_types jt\n  ON b.journey_type_id = jt.id\n\nLEFT JOIN subsidiaries s\n  ON b.subsidiary_id = s.id\n\nLEFT JOIN vehicle_types vt\n  ON b.vehicle_type_id = vt.id\n\nLEFT JOIN payment_types pt\n  ON b.payment_type_id = pt.id\n\nLEFT JOIN accounts a\n  ON b.account_id = a.id\n\nLEFT JOIN drivers d\n  ON b.driver_id = d.id\n\nLEFT JOIN vehicles v\n  ON d.vehicle_id = v.id\n\nLEFT JOIN customers c\n  ON b.customer_id = c.id\n\nLEFT JOIN employees e\n  ON b.employee_id = e.id\n\n\n-- PICKUP LOCATION\n-- Select only the most specific matching location\nLEFT JOIN LATERAL (\n  SELECT l.*\n  FROM locations l\n  WHERE l.location_type_id = 2\n    AND b.pickup ILIKE '%' || l.name || '%'\n  ORDER BY LENGTH(l.name) DESC, l.id ASC\n  LIMIT 1\n) lp ON true\n\n\n-- DROPOFF LOCATION\n-- Select only the most specific matching location\nLEFT JOIN LATERAL (\n  SELECT l.*\n  FROM locations l\n  WHERE l.location_type_id = 2\n    AND b.dropoff ILIKE '%' || l.name || '%'\n  ORDER BY LENGTH(l.name) DESC, l.id ASC\n  LIMIT 1\n) ld ON true\n\n\nLEFT JOIN location_types ltp\n  ON lp.location_type_id = ltp.id\n\nLEFT JOIN location_types ltd\n  ON ld.location_type_id = ltd.id\n\n\n    \n    WHERE b.trash = false AND \n      TO_DATE(b.pickup_date, 'YYYY-FMMM-FMDD')\n      >= TO_DATE($1, 'YYYY-MM-DD')\n     AND \n      TO_DATE(b.pickup_date, 'YYYY-FMMM-FMDD')\n      <= TO_DATE($2, 'YYYY-MM-DD')\n     AND TRIM(b.pickup_time)::time >= $3::time AND TRIM(b.pickup_time)::time <= $4::time AND b.booking_status_id = ANY($5::int[]) AND b.payment_type_id = ANY($6::int[]) AND b.driver_id = $7 AND b.pickup ILIKE $8 AND b.invoice_number ILIKE $9 AND (b.pickup_date || ' ' || b.pickup_time) ILIKE $10 AND a.name ILIKE $11 AND pt.name ILIKE $12 AND d.name ILIKE $13 AND s.name ILIKE $14 AND bs.booking_status ILIKE $15 AND jt.journey_type ILIKE $16 AND vt.name ILIKE $17 AND b.fares::text ILIKE $18\n  \n    ORDER BY (\n        TO_DATE(b.pickup_date,'YYYY-FMMM-FMDD')\n        +\n        TRIM(b.pickup_time)::time\n      ) ASC\n    OFFSET $19\n    LIMIT $20\n  ","timestamp":"2026-08-18T18:12:26.968Z"}
{"level":"info","message":"GET /api/bookings/booking-statistics?from_date=2020-07-01&to_date=2026-07-20&from_time=00:00&to_time=23:59&pickup=Tn30,%20Ashford%20Road,%20St.%20Michaels,%20Tenterden%20TN30%206BT&payment_type_id=1,2,3,4&booking_status_id=1,3,4,5,6,8,10,12,13,14,15&sort_order=ASC&sort_by=datetime&driver_id=167&invoice_number=UL17809110643424&fare=213.59&journey_type=o/w&vehicle_type=indus&datetime=2026-03-15&account_name=moro&payment_type_name=cash&driver_name=Ibad&subsidiary_name=tex&status_name=stc 200 105.514 ms","timestamp":"2026-08-18T18:12:26.969Z"}
{"duration":5,"level":"info","message":"db-query","rows":26,"text":"SELECT * FROM location_types","timestamp":"2026-08-18T18:12:41.174Z"}
{"level":"info","message":"GET /api/location-types 200 11.472 ms","timestamp":"2026-08-18T18:12:41.180Z"}
{"duration":52,"level":"info","message":"db-query","rows":26,"text":"SELECT * FROM location_types","timestamp":"2026-08-18T18:12:41.222Z"}
{"level":"info","message":"GET /api/location-types 200 53.309 ms","timestamp":"2026-08-18T18:12:41.223Z"}
{"duration":8,"level":"info","message":"db-query","rows":26,"text":"SELECT * FROM location_types","timestamp":"2026-08-18T18:12:45.071Z"}
{"level":"info","message":"GET /api/location-types 200 16.751 ms","timestamp":"2026-08-18T18:12:45.080Z"}
{"duration":1,"level":"info","message":"db-query","rows":26,"text":"SELECT * FROM location_types","timestamp":"2026-08-18T18:12:45.092Z"}
{"level":"info","message":"GET /api/location-types 200 2.187 ms","timestamp":"2026-08-18T18:12:45.093Z"}
{"duration":22,"level":"info","message":"db-query","rows":1,"text":"\n    SELECT COUNT(*) AS total\n    FROM bookings b\n    \n    LEFT JOIN vehicle_types vt ON b.vehicle_type_id = vt.id\n    LEFT JOIN journey_types jt ON b.journey_type_id = jt.id\n    LEFT JOIN accounts a ON b.account_id = a.id\n    LEFT JOIN payment_types pt ON b.payment_type_id = pt.id\n    LEFT JOIN drivers d ON b.driver_id = d.id\n    LEFT JOIN subsidiaries s ON b.subsidiary_id = s.id\n    LEFT JOIN booking_statuses bs ON b.booking_status_id = bs.id\n  \n    \n    WHERE b.trash = false AND \n      TO_DATE(b.pickup_date, 'YYYY-FMMM-FMDD')\n      >= TO_DATE($1, 'YYYY-MM-DD')\n     AND \n      TO_DATE(b.pickup_date, 'YYYY-FMMM-FMDD')\n      <= TO_DATE($2, 'YYYY-MM-DD')\n     AND TRIM(b.pickup_time)::time >= $3::time AND TRIM(b.pickup_time)::time <= $4::time AND b.booking_status_id = ANY($5::int[]) AND b.payment_type_id = ANY($6::int[]) AND b.driver_id = $7 AND b.pickup ILIKE $8 AND b.invoice_number ILIKE $9 AND (b.pickup_date || ' ' || b.pickup_time) ILIKE $10 AND a.name ILIKE $11 AND pt.name ILIKE $12 AND d.name ILIKE $13 AND s.name ILIKE $14 AND bs.booking_status ILIKE $15 AND jt.journey_type ILIKE $16 AND vt.name ILIKE $17 AND b.fares::text ILIKE $18\n  \n  ","timestamp":"2026-08-18T18:12:47.785Z"}
{"duration":5,"level":"info","message":"db-query","rows":1,"text":"\n    SELECT\n      COUNT(*) AS total_bookings,\n      COALESCE(SUM(b.fares), 0) AS total_earnings,\n      COALESCE(\n        SUM(\n          CASE\n            WHEN b.account_id IS NOT NULL\n            THEN b.fares\n            ELSE 0\n          END\n        ),\n        0\n      ) AS total_account_earnings\n    FROM bookings b\n    \n    LEFT JOIN vehicle_types vt ON b.vehicle_type_id = vt.id\n    LEFT JOIN journey_types jt ON b.journey_type_id = jt.id\n    LEFT JOIN accounts a ON b.account_id = a.id\n    LEFT JOIN payment_types pt ON b.payment_type_id = pt.id\n    LEFT JOIN drivers d ON b.driver_id = d.id\n    LEFT JOIN subsidiaries s ON b.subsidiary_id = s.id\n    LEFT JOIN booking_statuses bs ON b.booking_status_id = bs.id\n  \n    \n    WHERE b.trash = false AND \n      TO_DATE(b.pickup_date, 'YYYY-FMMM-FMDD')\n      >= TO_DATE($1, 'YYYY-MM-DD')\n     AND \n      TO_DATE(b.pickup_date, 'YYYY-FMMM-FMDD')\n      <= TO_DATE($2, 'YYYY-MM-DD')\n     AND TRIM(b.pickup_time)::time >= $3::time AND TRIM(b.pickup_time)::time <= $4::time AND b.booking_status_id = ANY($5::int[]) AND b.payment_type_id = ANY($6::int[]) AND b.driver_id = $7 AND b.pickup ILIKE $8 AND b.invoice_number ILIKE $9 AND (b.pickup_date || ' ' || b.pickup_time) ILIKE $10 AND a.name ILIKE $11 AND pt.name ILIKE $12 AND d.name ILIKE $13 AND s.name ILIKE $14 AND bs.booking_status ILIKE $15 AND jt.journey_type ILIKE $16 AND vt.name ILIKE $17 AND b.fares::text ILIKE $18\n  \n  ","timestamp":"2026-08-18T18:12:47.791Z"}
{"duration":25,"level":"info","message":"db-query","rows":0,"text":"\n    \nSELECT\n  b.id,\n  b.reference_number,\n  b.subsidiary_id,\n  b.booking_type_id,\n  b.booking_status_id,\n  b.journey_type_id,\n  b.account_id,\n  b.customer_id,\n  b.employee_id,\n  b.pickup,\n  b.dropoff,\n  b.pickup_date,\n  b.pickup_time,\n  b.dropoff_date,\n  b.dropoff_time,\n  b.pickup_door_number,\n  b.dropoff_door_number,\n  b.pickup_plot,\n  b.dropoff_plot,\n  b.pickup_location_type_id,\n  b.dropoff_location_type_id,\n  b.pickup_latitude,\n  b.pickup_longitude,\n  b.dropoff_latitude,\n  b.dropoff_longitude,\n  b.viapoints,\n  b.restricted_drivers,\n  b.flight_number,\n  b.arriving_from,\n  b.vehicle_type_id,\n  b.vehicle_id,\n  b.driver_id,\n  b.passengers,\n  b.luggages,\n  b.hand_luggages,\n  b.child_seat,\n  b.name,\n  b.email,\n  b.mobile,\n  b.telephone,\n  b.lead_time,\n  b.notes,\n  b.special_instructions,\n  b.payment_type_id,\n  b.company_price,\n  b.fares,\n  b.total_charges,\n  b.parking_charges,\n  b.waiting_charges,\n  b.extra_drop_charges,\n  b.credit_card_charges,\n  b.congestion_charges,\n  b.miles,\n  b.meet_and_greet,\n  b.department,\n  b.escort_id,\n  b.order_number,\n  b.booked_by,\n  b.add_return_fare,\n  b.fare_meter_status,\n  b.fare_meter,\n  b.quotation,\n  b.quoted,\n  b.dispatch,\n  b.dispatch_as,\n  b.sms,\n  b.emailflag,\n  b.trash,\n  b.hidden,\n  b.multi_booking_id,\n  b.associated_booking,\n  b.invoice_status,\n  b.commission_status,\n  b.commission,\n  b.skipped_bookings,\n  b.permanent,\n  b.toggle_driver_text,\n  b.toggle_passenger_text,\n  b.cancelled_reason,\n  b.booking_source,\n  b.on_route,\n  b.arrived,\n  b.passenger_on_board,\n  b.completed,\n  b.controller_completed,\n  b.driver_waiting_time,\n  b.dispatched_at,\n  b.booked_at,\n  b.stripe_customer_id,\n  b.stripe_payment_id,\n  b.invoice_number,\n  b.initial_subsidiary_id,\n  b.created_at,\n  b.updated_at,\n  b.eta,\n  b.fob,\n  b.future,\n\n  json_build_object(\n    'booking_status', bs.booking_status\n  ) AS booking_status,\n\n  json_build_object(\n    'booking_type', bt.booking_type\n  ) AS booking_type,\n\n  json_build_object(\n    'journey_type', jt.journey_type\n  ) AS journey_type,\n\n  json_build_object(\n    'id', s.id,\n    'name', s.name,\n    'telephone_number', s.telephone_number\n  ) AS subsidiary,\n\n  json_build_object(\n    'name', vt.name,\n    'background_color', vt.background_color,\n    'foreground_color', vt.foreground_color\n  ) AS vehicle_type,\n\n  json_build_object(\n    'id', pt.id,\n    'name', pt.name,\n    'background_color', pt.background_color,\n    'foreground_color', pt.foreground_color\n  ) AS payment_type,\n\n  json_build_object(\n    'id', a.id,\n    'name', a.name,\n    'background_color', a.background_color,\n    'foreground_color', a.foreground_color,\n    'has_vat', a.has_vat,\n    'bank_information', a.bank_information,\n    'fare_controller', a.fare_controller,\n    'account_fees_type', a.account_fees_type,\n    'account_fees', a.account_fees,\n    'account_fees_vat', a.account_fees_vat\n  ) AS account,\n\n  json_build_object(\n    'id', d.id,\n    'username', d.username,\n    'name', d.name,\n    'mobile_device_id', d.mobile_device_id,\n    'phc_vehicle_number', d.phc_vehicle_number,\n    'phc_driver_number', d.phc_driver_number,\n    'vehicle_id', d.vehicle_id,\n    'driver_commission', d.driver_commission,\n    'session_status', d.session_status,\n\n    'vehicle', json_build_object(\n      'make', v.make,\n      'model', v.model,\n      'color', v.color,\n      'vehicle_number', v.vehicle_number\n    )\n  ) AS driver,\n\n  json_build_object(\n    'door_number', c.door_number,\n    'address1', c.address1,\n    'address2', c.address2,\n    'blacklist', c.blacklist\n  ) AS customer,\n\n  json_build_object(\n    'username', e.username,\n    'role_id', e.role_id\n  ) AS employee,\n\n  json_build_object(\n    'pickup',\n    CASE\n      WHEN lp.id IS NOT NULL THEN\n        json_build_object(\n          'id', lp.id,\n          'name', lp.name,\n          'location_type', json_build_object(\n            'id', ltp.id,\n            'name', ltp.name,\n            'background_color', ltp.background_color,\n            'foreground_color', ltp.foreground_color\n          )\n        )\n      ELSE\n        json_build_object(\n          'id', null,\n          'name', null,\n          'location_type', json_build_object(\n            'id', null,\n            'name', null,\n            'background_color', null,\n            'foreground_color', null\n          )\n        )\n    END,\n\n    'dropoff',\n    CASE\n      WHEN ld.id IS NOT NULL THEN\n        json_build_object(\n          'id', ld.id,\n          'name', ld.name,\n          'location_type', json_build_object(\n            'id', ltd.id,\n            'name', ltd.name,\n            'background_color', ltd.background_color,\n            'foreground_color', ltd.foreground_color\n          )\n        )\n      ELSE\n        json_build_object(\n          'id', null,\n          'name', null,\n          'location_type', json_build_object(\n            'id', null,\n            'name', null,\n            'background_color', null,\n            'foreground_color', null\n          )\n        )\n    END\n  ) AS airport\n\nFROM bookings b\n\nLEFT JOIN booking_statuses bs\n  ON b.booking_status_id = bs.id\n\nLEFT JOIN booking_types bt\n  ON b.booking_type_id = bt.id\n\nLEFT JOIN journey_types jt\n  ON b.journey_type_id = jt.id\n\nLEFT JOIN subsidiaries s\n  ON b.subsidiary_id = s.id\n\nLEFT JOIN vehicle_types vt\n  ON b.vehicle_type_id = vt.id\n\nLEFT JOIN payment_types pt\n  ON b.payment_type_id = pt.id\n\nLEFT JOIN accounts a\n  ON b.account_id = a.id\n\nLEFT JOIN drivers d\n  ON b.driver_id = d.id\n\nLEFT JOIN vehicles v\n  ON d.vehicle_id = v.id\n\nLEFT JOIN customers c\n  ON b.customer_id = c.id\n\nLEFT JOIN employees e\n  ON b.employee_id = e.id\n\n\n-- PICKUP LOCATION\n-- Select only the most specific matching location\nLEFT JOIN LATERAL (\n  SELECT l.*\n  FROM locations l\n  WHERE l.location_type_id = 2\n    AND b.pickup ILIKE '%' || l.name || '%'\n  ORDER BY LENGTH(l.name) DESC, l.id ASC\n  LIMIT 1\n) lp ON true\n\n\n-- DROPOFF LOCATION\n-- Select only the most specific matching location\nLEFT JOIN LATERAL (\n  SELECT l.*\n  FROM locations l\n  WHERE l.location_type_id = 2\n    AND b.dropoff ILIKE '%' || l.name || '%'\n  ORDER BY LENGTH(l.name) DESC, l.id ASC\n  LIMIT 1\n) ld ON true\n\n\nLEFT JOIN location_types ltp\n  ON lp.location_type_id = ltp.id\n\nLEFT JOIN location_types ltd\n  ON ld.location_type_id = ltd.id\n\n\n    \n    WHERE b.trash = false AND \n      TO_DATE(b.pickup_date, 'YYYY-FMMM-FMDD')\n      >= TO_DATE($1, 'YYYY-MM-DD')\n     AND \n      TO_DATE(b.pickup_date, 'YYYY-FMMM-FMDD')\n      <= TO_DATE($2, 'YYYY-MM-DD')\n     AND TRIM(b.pickup_time)::time >= $3::time AND TRIM(b.pickup_time)::time <= $4::time AND b.booking_status_id = ANY($5::int[]) AND b.payment_type_id = ANY($6::int[]) AND b.driver_id = $7 AND b.pickup ILIKE $8 AND b.invoice_number ILIKE $9 AND (b.pickup_date || ' ' || b.pickup_time) ILIKE $10 AND a.name ILIKE $11 AND pt.name ILIKE $12 AND d.name ILIKE $13 AND s.name ILIKE $14 AND bs.booking_status ILIKE $15 AND jt.journey_type ILIKE $16 AND vt.name ILIKE $17 AND b.fares::text ILIKE $18\n  \n    ORDER BY (\n        TO_DATE(b.pickup_date,'YYYY-FMMM-FMDD')\n        +\n        TRIM(b.pickup_time)::time\n      ) ASC\n    OFFSET $19\n    LIMIT $20\n  ","timestamp":"2026-08-18T18:12:47.817Z"}
{"level":"info","message":"GET /api/bookings/booking-statistics?from_date=2020-07-01&to_date=2026-07-20&from_time=00:00&to_time=23:59&pickup=Tn30,%20Ashford%20Road,%20St.%20Michaels,%20Tenterden%20TN30%206BT&payment_type_id=1,2,3,4&booking_status_id=1,3,4,5,6,8,10,12,13,14,15&sort_order=ASC&sort_by=datetime&driver_id=167&invoice_number=UL17809110643424&fare=213.59&journey_type=o/w&vehicle_type=indus&datetime=2026-03-15&account_name=moro&payment_type_name=cash&driver_name=Ibad&subsidiary_name=tex&status_name=stc 200 57.372 ms","timestamp":"2026-08-18T18:12:47.819Z"}
{"duration":5,"level":"info","message":"db-query","rows":1,"text":"\n    SELECT COUNT(*) AS total\n    FROM bookings b\n    \n    LEFT JOIN vehicle_types vt ON b.vehicle_type_id = vt.id\n    LEFT JOIN journey_types jt ON b.journey_type_id = jt.id\n    LEFT JOIN accounts a ON b.account_id = a.id\n    LEFT JOIN payment_types pt ON b.payment_type_id = pt.id\n    LEFT JOIN drivers d ON b.driver_id = d.id\n    LEFT JOIN subsidiaries s ON b.subsidiary_id = s.id\n    LEFT JOIN booking_statuses bs ON b.booking_status_id = bs.id\n  \n    \n    WHERE b.trash = false AND \n      TO_DATE(b.pickup_date, 'YYYY-FMMM-FMDD')\n      >= TO_DATE($1, 'YYYY-MM-DD')\n     AND \n      TO_DATE(b.pickup_date, 'YYYY-FMMM-FMDD')\n      <= TO_DATE($2, 'YYYY-MM-DD')\n     AND TRIM(b.pickup_time)::time >= $3::time AND TRIM(b.pickup_time)::time <= $4::time AND b.booking_status_id = ANY($5::int[]) AND b.payment_type_id = ANY($6::int[]) AND b.driver_id = $7 AND b.pickup ILIKE $8 AND b.invoice_number ILIKE $9 AND (b.pickup_date || ' ' || b.pickup_time) ILIKE $10 AND a.name ILIKE $11 AND pt.name ILIKE $12 AND d.name ILIKE $13 AND s.name ILIKE $14 AND bs.booking_status ILIKE $15 AND jt.journey_type ILIKE $16 AND vt.name ILIKE $17 AND b.fares::text ILIKE $18\n  \n  ","timestamp":"2026-08-18T18:12:51.625Z"}
{"duration":5,"level":"info","message":"db-query","rows":1,"text":"\n    SELECT\n      COUNT(*) AS total_bookings,\n      COALESCE(SUM(b.fares), 0) AS total_earnings,\n      COALESCE(\n        SUM(\n          CASE\n            WHEN b.account_id IS NOT NULL\n            THEN b.fares\n            ELSE 0\n          END\n        ),\n        0\n      ) AS total_account_earnings\n    FROM bookings b\n    \n    LEFT JOIN vehicle_types vt ON b.vehicle_type_id = vt.id\n    LEFT JOIN journey_types jt ON b.journey_type_id = jt.id\n    LEFT JOIN accounts a ON b.account_id = a.id\n    LEFT JOIN payment_types pt ON b.payment_type_id = pt.id\n    LEFT JOIN drivers d ON b.driver_id = d.id\n    LEFT JOIN subsidiaries s ON b.subsidiary_id = s.id\n    LEFT JOIN booking_statuses bs ON b.booking_status_id = bs.id\n  \n    \n    WHERE b.trash = false AND \n      TO_DATE(b.pickup_date, 'YYYY-FMMM-FMDD')\n      >= TO_DATE($1, 'YYYY-MM-DD')\n     AND \n      TO_DATE(b.pickup_date, 'YYYY-FMMM-FMDD')\n      <= TO_DATE($2, 'YYYY-MM-DD')\n     AND TRIM(b.pickup_time)::time >= $3::time AND TRIM(b.pickup_time)::time <= $4::time AND b.booking_status_id = ANY($5::int[]) AND b.payment_type_id = ANY($6::int[]) AND b.driver_id = $7 AND b.pickup ILIKE $8 AND b.invoice_number ILIKE $9 AND (b.pickup_date || ' ' || b.pickup_time) ILIKE $10 AND a.name ILIKE $11 AND pt.name ILIKE $12 AND d.name ILIKE $13 AND s.name ILIKE $14 AND bs.booking_status ILIKE $15 AND jt.journey_type ILIKE $16 AND vt.name ILIKE $17 AND b.fares::text ILIKE $18\n  \n  ","timestamp":"2026-08-18T18:12:51.631Z"}
{"duration":13,"level":"info","message":"db-query","rows":0,"text":"\n    \nSELECT\n  b.id,\n  b.reference_number,\n  b.subsidiary_id,\n  b.booking_type_id,\n  b.booking_status_id,\n  b.journey_type_id,\n  b.account_id,\n  b.customer_id,\n  b.employee_id,\n  b.pickup,\n  b.dropoff,\n  b.pickup_date,\n  b.pickup_time,\n  b.dropoff_date,\n  b.dropoff_time,\n  b.pickup_door_number,\n  b.dropoff_door_number,\n  b.pickup_plot,\n  b.dropoff_plot,\n  b.pickup_location_type_id,\n  b.dropoff_location_type_id,\n  b.pickup_latitude,\n  b.pickup_longitude,\n  b.dropoff_latitude,\n  b.dropoff_longitude,\n  b.viapoints,\n  b.restricted_drivers,\n  b.flight_number,\n  b.arriving_from,\n  b.vehicle_type_id,\n  b.vehicle_id,\n  b.driver_id,\n  b.passengers,\n  b.luggages,\n  b.hand_luggages,\n  b.child_seat,\n  b.name,\n  b.email,\n  b.mobile,\n  b.telephone,\n  b.lead_time,\n  b.notes,\n  b.special_instructions,\n  b.payment_type_id,\n  b.company_price,\n  b.fares,\n  b.total_charges,\n  b.parking_charges,\n  b.waiting_charges,\n  b.extra_drop_charges,\n  b.credit_card_charges,\n  b.congestion_charges,\n  b.miles,\n  b.meet_and_greet,\n  b.department,\n  b.escort_id,\n  b.order_number,\n  b.booked_by,\n  b.add_return_fare,\n  b.fare_meter_status,\n  b.fare_meter,\n  b.quotation,\n  b.quoted,\n  b.dispatch,\n  b.dispatch_as,\n  b.sms,\n  b.emailflag,\n  b.trash,\n  b.hidden,\n  b.multi_booking_id,\n  b.associated_booking,\n  b.invoice_status,\n  b.commission_status,\n  b.commission,\n  b.skipped_bookings,\n  b.permanent,\n  b.toggle_driver_text,\n  b.toggle_passenger_text,\n  b.cancelled_reason,\n  b.booking_source,\n  b.on_route,\n  b.arrived,\n  b.passenger_on_board,\n  b.completed,\n  b.controller_completed,\n  b.driver_waiting_time,\n  b.dispatched_at,\n  b.booked_at,\n  b.stripe_customer_id,\n  b.stripe_payment_id,\n  b.invoice_number,\n  b.initial_subsidiary_id,\n  b.created_at,\n  b.updated_at,\n  b.eta,\n  b.fob,\n  b.future,\n\n  json_build_object(\n    'booking_status', bs.booking_status\n  ) AS booking_status,\n\n  json_build_object(\n    'booking_type', bt.booking_type\n  ) AS booking_type,\n\n  json_build_object(\n    'journey_type', jt.journey_type\n  ) AS journey_type,\n\n  json_build_object(\n    'id', s.id,\n    'name', s.name,\n    'telephone_number', s.telephone_number\n  ) AS subsidiary,\n\n  json_build_object(\n    'name', vt.name,\n    'background_color', vt.background_color,\n    'foreground_color', vt.foreground_color\n  ) AS vehicle_type,\n\n  json_build_object(\n    'id', pt.id,\n    'name', pt.name,\n    'background_color', pt.background_color,\n    'foreground_color', pt.foreground_color\n  ) AS payment_type,\n\n  json_build_object(\n    'id', a.id,\n    'name', a.name,\n    'background_color', a.background_color,\n    'foreground_color', a.foreground_color,\n    'has_vat', a.has_vat,\n    'bank_information', a.bank_information,\n    'fare_controller', a.fare_controller,\n    'account_fees_type', a.account_fees_type,\n    'account_fees', a.account_fees,\n    'account_fees_vat', a.account_fees_vat\n  ) AS account,\n\n  json_build_object(\n    'id', d.id,\n    'username', d.username,\n    'name', d.name,\n    'mobile_device_id', d.mobile_device_id,\n    'phc_vehicle_number', d.phc_vehicle_number,\n    'phc_driver_number', d.phc_driver_number,\n    'vehicle_id', d.vehicle_id,\n    'driver_commission', d.driver_commission,\n    'session_status', d.session_status,\n\n    'vehicle', json_build_object(\n      'make', v.make,\n      'model', v.model,\n      'color', v.color,\n      'vehicle_number', v.vehicle_number\n    )\n  ) AS driver,\n\n  json_build_object(\n    'door_number', c.door_number,\n    'address1', c.address1,\n    'address2', c.address2,\n    'blacklist', c.blacklist\n  ) AS customer,\n\n  json_build_object(\n    'username', e.username,\n    'role_id', e.role_id\n  ) AS employee,\n\n  json_build_object(\n    'pickup',\n    CASE\n      WHEN lp.id IS NOT NULL THEN\n        json_build_object(\n          'id', lp.id,\n          'name', lp.name,\n          'location_type', json_build_object(\n            'id', ltp.id,\n            'name', ltp.name,\n            'background_color', ltp.background_color,\n            'foreground_color', ltp.foreground_color\n          )\n        )\n      ELSE\n        json_build_object(\n          'id', null,\n          'name', null,\n          'location_type', json_build_object(\n            'id', null,\n            'name', null,\n            'background_color', null,\n            'foreground_color', null\n          )\n        )\n    END,\n\n    'dropoff',\n    CASE\n      WHEN ld.id IS NOT NULL THEN\n        json_build_object(\n          'id', ld.id,\n          'name', ld.name,\n          'location_type', json_build_object(\n            'id', ltd.id,\n            'name', ltd.name,\n            'background_color', ltd.background_color,\n            'foreground_color', ltd.foreground_color\n          )\n        )\n      ELSE\n        json_build_object(\n          'id', null,\n          'name', null,\n          'location_type', json_build_object(\n            'id', null,\n            'name', null,\n            'background_color', null,\n            'foreground_color', null\n          )\n        )\n    END\n  ) AS airport\n\nFROM bookings b\n\nLEFT JOIN booking_statuses bs\n  ON b.booking_status_id = bs.id\n\nLEFT JOIN booking_types bt\n  ON b.booking_type_id = bt.id\n\nLEFT JOIN journey_types jt\n  ON b.journey_type_id = jt.id\n\nLEFT JOIN subsidiaries s\n  ON b.subsidiary_id = s.id\n\nLEFT JOIN vehicle_types vt\n  ON b.vehicle_type_id = vt.id\n\nLEFT JOIN payment_types pt\n  ON b.payment_type_id = pt.id\n\nLEFT JOIN accounts a\n  ON b.account_id = a.id\n\nLEFT JOIN drivers d\n  ON b.driver_id = d.id\n\nLEFT JOIN vehicles v\n  ON d.vehicle_id = v.id\n\nLEFT JOIN customers c\n  ON b.customer_id = c.id\n\nLEFT JOIN employees e\n  ON b.employee_id = e.id\n\n\n-- PICKUP LOCATION\n-- Select only the most specific matching location\nLEFT JOIN LATERAL (\n  SELECT l.*\n  FROM locations l\n  WHERE l.location_type_id = 2\n    AND b.pickup ILIKE '%' || l.name || '%'\n  ORDER BY LENGTH(l.name) DESC, l.id ASC\n  LIMIT 1\n) lp ON true\n\n\n-- DROPOFF LOCATION\n-- Select only the most specific matching location\nLEFT JOIN LATERAL (\n  SELECT l.*\n  FROM locations l\n  WHERE l.location_type_id = 2\n    AND b.dropoff ILIKE '%' || l.name || '%'\n  ORDER BY LENGTH(l.name) DESC, l.id ASC\n  LIMIT 1\n) ld ON true\n\n\nLEFT JOIN location_types ltp\n  ON lp.location_type_id = ltp.id\n\nLEFT JOIN location_types ltd\n  ON ld.location_type_id = ltd.id\n\n\n    \n    WHERE b.trash = false AND \n      TO_DATE(b.pickup_date, 'YYYY-FMMM-FMDD')\n      >= TO_DATE($1, 'YYYY-MM-DD')\n     AND \n      TO_DATE(b.pickup_date, 'YYYY-FMMM-FMDD')\n      <= TO_DATE($2, 'YYYY-MM-DD')\n     AND TRIM(b.pickup_time)::time >= $3::time AND TRIM(b.pickup_time)::time <= $4::time AND b.booking_status_id = ANY($5::int[]) AND b.payment_type_id = ANY($6::int[]) AND b.driver_id = $7 AND b.pickup ILIKE $8 AND b.invoice_number ILIKE $9 AND (b.pickup_date || ' ' || b.pickup_time) ILIKE $10 AND a.name ILIKE $11 AND pt.name ILIKE $12 AND d.name ILIKE $13 AND s.name ILIKE $14 AND bs.booking_status ILIKE $15 AND jt.journey_type ILIKE $16 AND vt.name ILIKE $17 AND b.fares::text ILIKE $18\n  \n    ORDER BY (\n        TO_DATE(b.pickup_date,'YYYY-FMMM-FMDD')\n        +\n        TRIM(b.pickup_time)::time\n      ) ASC\n    OFFSET $19\n    LIMIT $20\n  ","timestamp":"2026-08-18T18:12:51.645Z"}
{"level":"info","message":"GET /api/bookings/booking-statistics?from_date=2020-07-01&to_date=2026-07-20&from_time=00:00&to_time=23:59&pickup=Tn30,%20Ashford%20Road,%20St.%20Michaels,%20Tenterden%20TN30%206BT&payment_type_id=1,2,3,4&booking_status_id=1,3,4,5,6,8,10,12,13,14,15&sort_order=ASC&sort_by=datetime&driver_id=167&invoice_number=UL17809110643424&fare=213.59&journey_type=o/w&vehicle_type=indus&datetime=2026-03-15&account_name=moro&payment_type_name=cash&driver_name=Ibad&subsidiary_name=tex&status_name=stc 200 27.009 ms","timestamp":"2026-08-18T18:12:51.646Z"}
{"duration":5,"level":"info","message":"db-query","rows":26,"text":"SELECT * FROM location_types","timestamp":"2026-08-18T18:13:05.682Z"}
{"level":"info","message":"GET /api/location-types 200 11.205 ms","timestamp":"2026-08-18T18:13:05.689Z"}
{"duration":55,"level":"info","message":"db-query","rows":26,"text":"SELECT * FROM location_types","timestamp":"2026-08-18T18:13:05.733Z"}
{"level":"info","message":"GET /api/location-types 200 56.911 ms","timestamp":"2026-08-18T18:13:05.735Z"}
{"duration":5,"level":"info","message":"db-query","rows":26,"text":"SELECT * FROM location_types","timestamp":"2026-08-18T18:13:11.528Z"}
{"level":"info","message":"GET /api/location-types 200 11.177 ms","timestamp":"2026-08-18T18:13:11.534Z"}
{"duration":52,"level":"info","message":"db-query","rows":26,"text":"SELECT * FROM location_types","timestamp":"2026-08-18T18:13:11.576Z"}
{"level":"info","message":"GET /api/location-types 200 53.123 ms","timestamp":"2026-08-18T18:13:11.577Z"}
{"duration":23,"level":"info","message":"db-query","rows":1,"text":"\n    SELECT COUNT(*) AS total\n    FROM bookings b\n    \n    LEFT JOIN vehicle_types vt ON b.vehicle_type_id = vt.id\n    LEFT JOIN journey_types jt ON b.journey_type_id = jt.id\n    LEFT JOIN accounts a ON b.account_id = a.id\n    LEFT JOIN payment_types pt ON b.payment_type_id = pt.id\n    LEFT JOIN drivers d ON b.driver_id = d.id\n    LEFT JOIN subsidiaries s ON b.subsidiary_id = s.id\n    LEFT JOIN booking_statuses bs ON b.booking_status_id = bs.id\n  \n    \n    WHERE b.trash = false AND \n      TO_DATE(b.pickup_date, 'YYYY-FMMM-FMDD')\n      >= TO_DATE($1, 'YYYY-MM-DD')\n     AND \n      TO_DATE(b.pickup_date, 'YYYY-FMMM-FMDD')\n      <= TO_DATE($2, 'YYYY-MM-DD')\n     AND TRIM(b.pickup_time)::time >= $3::time AND TRIM(b.pickup_time)::time <= $4::time AND b.booking_status_id = ANY($5::int[]) AND b.payment_type_id = ANY($6::int[]) AND b.driver_id = $7 AND b.pickup ILIKE $8 AND b.invoice_number ILIKE $9 AND (b.pickup_date || ' ' || b.pickup_time) ILIKE $10 AND a.name ILIKE $11 AND pt.name ILIKE $12 AND d.name ILIKE $13 AND s.name ILIKE $14 AND bs.booking_status ILIKE $15 AND jt.journey_type ILIKE $16 AND vt.name ILIKE $17 AND b.fares::text ILIKE $18\n  \n  ","timestamp":"2026-08-18T18:13:12.453Z"}
{"duration":6,"level":"info","message":"db-query","rows":1,"text":"\n    SELECT\n      COUNT(*) AS total_bookings,\n      COALESCE(SUM(b.fares), 0) AS total_earnings,\n      COALESCE(\n        SUM(\n          CASE\n            WHEN b.account_id IS NOT NULL\n            THEN b.fares\n            ELSE 0\n          END\n        ),\n        0\n      ) AS total_account_earnings\n    FROM bookings b\n    \n    LEFT JOIN vehicle_types vt ON b.vehicle_type_id = vt.id\n    LEFT JOIN journey_types jt ON b.journey_type_id = jt.id\n    LEFT JOIN accounts a ON b.account_id = a.id\n    LEFT JOIN payment_types pt ON b.payment_type_id = pt.id\n    LEFT JOIN drivers d ON b.driver_id = d.id\n    LEFT JOIN subsidiaries s ON b.subsidiary_id = s.id\n    LEFT JOIN booking_statuses bs ON b.booking_status_id = bs.id\n  \n    \n    WHERE b.trash = false AND \n      TO_DATE(b.pickup_date, 'YYYY-FMMM-FMDD')\n      >= TO_DATE($1, 'YYYY-MM-DD')\n     AND \n      TO_DATE(b.pickup_date, 'YYYY-FMMM-FMDD')\n      <= TO_DATE($2, 'YYYY-MM-DD')\n     AND TRIM(b.pickup_time)::time >= $3::time AND TRIM(b.pickup_time)::time <= $4::time AND b.booking_status_id = ANY($5::int[]) AND b.payment_type_id = ANY($6::int[]) AND b.driver_id = $7 AND b.pickup ILIKE $8 AND b.invoice_number ILIKE $9 AND (b.pickup_date || ' ' || b.pickup_time) ILIKE $10 AND a.name ILIKE $11 AND pt.name ILIKE $12 AND d.name ILIKE $13 AND s.name ILIKE $14 AND bs.booking_status ILIKE $15 AND jt.journey_type ILIKE $16 AND vt.name ILIKE $17 AND b.fares::text ILIKE $18\n  \n  ","timestamp":"2026-08-18T18:13:12.459Z"}
{"duration":26,"level":"info","message":"db-query","rows":0,"text":"\n    \nSELECT\n  b.id,\n  b.reference_number,\n  b.subsidiary_id,\n  b.booking_type_id,\n  b.booking_status_id,\n  b.journey_type_id,\n  b.account_id,\n  b.customer_id,\n  b.employee_id,\n  b.pickup,\n  b.dropoff,\n  b.pickup_date,\n  b.pickup_time,\n  b.dropoff_date,\n  b.dropoff_time,\n  b.pickup_door_number,\n  b.dropoff_door_number,\n  b.pickup_plot,\n  b.dropoff_plot,\n  b.pickup_location_type_id,\n  b.dropoff_location_type_id,\n  b.pickup_latitude,\n  b.pickup_longitude,\n  b.dropoff_latitude,\n  b.dropoff_longitude,\n  b.viapoints,\n  b.restricted_drivers,\n  b.flight_number,\n  b.arriving_from,\n  b.vehicle_type_id,\n  b.vehicle_id,\n  b.driver_id,\n  b.passengers,\n  b.luggages,\n  b.hand_luggages,\n  b.child_seat,\n  b.name,\n  b.email,\n  b.mobile,\n  b.telephone,\n  b.lead_time,\n  b.notes,\n  b.special_instructions,\n  b.payment_type_id,\n  b.company_price,\n  b.fares,\n  b.total_charges,\n  b.parking_charges,\n  b.waiting_charges,\n  b.extra_drop_charges,\n  b.credit_card_charges,\n  b.congestion_charges,\n  b.miles,\n  b.meet_and_greet,\n  b.department,\n  b.escort_id,\n  b.order_number,\n  b.booked_by,\n  b.add_return_fare,\n  b.fare_meter_status,\n  b.fare_meter,\n  b.quotation,\n  b.quoted,\n  b.dispatch,\n  b.dispatch_as,\n  b.sms,\n  b.emailflag,\n  b.trash,\n  b.hidden,\n  b.multi_booking_id,\n  b.associated_booking,\n  b.invoice_status,\n  b.commission_status,\n  b.commission,\n  b.skipped_bookings,\n  b.permanent,\n  b.toggle_driver_text,\n  b.toggle_passenger_text,\n  b.cancelled_reason,\n  b.booking_source,\n  b.on_route,\n  b.arrived,\n  b.passenger_on_board,\n  b.completed,\n  b.controller_completed,\n  b.driver_waiting_time,\n  b.dispatched_at,\n  b.booked_at,\n  b.stripe_customer_id,\n  b.stripe_payment_id,\n  b.invoice_number,\n  b.initial_subsidiary_id,\n  b.created_at,\n  b.updated_at,\n  b.eta,\n  b.fob,\n  b.future,\n\n  json_build_object(\n    'booking_status', bs.booking_status\n  ) AS booking_status,\n\n  json_build_object(\n    'booking_type', bt.booking_type\n  ) AS booking_type,\n\n  json_build_object(\n    'journey_type', jt.journey_type\n  ) AS journey_type,\n\n  json_build_object(\n    'id', s.id,\n    'name', s.name,\n    'telephone_number', s.telephone_number\n  ) AS subsidiary,\n\n  json_build_object(\n    'name', vt.name,\n    'background_color', vt.background_color,\n    'foreground_color', vt.foreground_color\n  ) AS vehicle_type,\n\n  json_build_object(\n    'id', pt.id,\n    'name', pt.name,\n    'background_color', pt.background_color,\n    'foreground_color', pt.foreground_color\n  ) AS payment_type,\n\n  json_build_object(\n    'id', a.id,\n    'name', a.name,\n    'background_color', a.background_color,\n    'foreground_color', a.foreground_color,\n    'has_vat', a.has_vat,\n    'bank_information', a.bank_information,\n    'fare_controller', a.fare_controller,\n    'account_fees_type', a.account_fees_type,\n    'account_fees', a.account_fees,\n    'account_fees_vat', a.account_fees_vat\n  ) AS account,\n\n  json_build_object(\n    'id', d.id,\n    'username', d.username,\n    'name', d.name,\n    'mobile_device_id', d.mobile_device_id,\n    'phc_vehicle_number', d.phc_vehicle_number,\n    'phc_driver_number', d.phc_driver_number,\n    'vehicle_id', d.vehicle_id,\n    'driver_commission', d.driver_commission,\n    'session_status', d.session_status,\n\n    'vehicle', json_build_object(\n      'make', v.make,\n      'model', v.model,\n      'color', v.color,\n      'vehicle_number', v.vehicle_number\n    )\n  ) AS driver,\n\n  json_build_object(\n    'door_number', c.door_number,\n    'address1', c.address1,\n    'address2', c.address2,\n    'blacklist', c.blacklist\n  ) AS customer,\n\n  json_build_object(\n    'username', e.username,\n    'role_id', e.role_id\n  ) AS employee,\n\n  json_build_object(\n    'pickup',\n    CASE\n      WHEN lp.id IS NOT NULL THEN\n        json_build_object(\n          'id', lp.id,\n          'name', lp.name,\n          'location_type', json_build_object(\n            'id', ltp.id,\n            'name', ltp.name,\n            'background_color', ltp.background_color,\n            'foreground_color', ltp.foreground_color\n          )\n        )\n      ELSE\n        json_build_object(\n          'id', null,\n          'name', null,\n          'location_type', json_build_object(\n            'id', null,\n            'name', null,\n            'background_color', null,\n            'foreground_color', null\n          )\n        )\n    END,\n\n    'dropoff',\n    CASE\n      WHEN ld.id IS NOT NULL THEN\n        json_build_object(\n          'id', ld.id,\n          'name', ld.name,\n          'location_type', json_build_object(\n            'id', ltd.id,\n            'name', ltd.name,\n            'background_color', ltd.background_color,\n            'foreground_color', ltd.foreground_color\n          )\n        )\n      ELSE\n        json_build_object(\n          'id', null,\n          'name', null,\n          'location_type', json_build_object(\n            'id', null,\n            'name', null,\n            'background_color', null,\n            'foreground_color', null\n          )\n        )\n    END\n  ) AS airport\n\nFROM bookings b\n\nLEFT JOIN booking_statuses bs\n  ON b.booking_status_id = bs.id\n\nLEFT JOIN booking_types bt\n  ON b.booking_type_id = bt.id\n\nLEFT JOIN journey_types jt\n  ON b.journey_type_id = jt.id\n\nLEFT JOIN subsidiaries s\n  ON b.subsidiary_id = s.id\n\nLEFT JOIN vehicle_types vt\n  ON b.vehicle_type_id = vt.id\n\nLEFT JOIN payment_types pt\n  ON b.payment_type_id = pt.id\n\nLEFT JOIN accounts a\n  ON b.account_id = a.id\n\nLEFT JOIN drivers d\n  ON b.driver_id = d.id\n\nLEFT JOIN vehicles v\n  ON d.vehicle_id = v.id\n\nLEFT JOIN customers c\n  ON b.customer_id = c.id\n\nLEFT JOIN employees e\n  ON b.employee_id = e.id\n\n\n-- PICKUP LOCATION\n-- Select only the most specific matching location\nLEFT JOIN LATERAL (\n  SELECT l.*\n  FROM locations l\n  WHERE l.location_type_id = 2\n    AND b.pickup ILIKE '%' || l.name || '%'\n  ORDER BY LENGTH(l.name) DESC, l.id ASC\n  LIMIT 1\n) lp ON true\n\n\n-- DROPOFF LOCATION\n-- Select only the most specific matching location\nLEFT JOIN LATERAL (\n  SELECT l.*\n  FROM locations l\n  WHERE l.location_type_id = 2\n    AND b.dropoff ILIKE '%' || l.name || '%'\n  ORDER BY LENGTH(l.name) DESC, l.id ASC\n  LIMIT 1\n) ld ON true\n\n\nLEFT JOIN location_types ltp\n  ON lp.location_type_id = ltp.id\n\nLEFT JOIN location_types ltd\n  ON ld.location_type_id = ltd.id\n\n\n    \n    WHERE b.trash = false AND \n      TO_DATE(b.pickup_date, 'YYYY-FMMM-FMDD')\n      >= TO_DATE($1, 'YYYY-MM-DD')\n     AND \n      TO_DATE(b.pickup_date, 'YYYY-FMMM-FMDD')\n      <= TO_DATE($2, 'YYYY-MM-DD')\n     AND TRIM(b.pickup_time)::time >= $3::time AND TRIM(b.pickup_time)::time <= $4::time AND b.booking_status_id = ANY($5::int[]) AND b.payment_type_id = ANY($6::int[]) AND b.driver_id = $7 AND b.pickup ILIKE $8 AND b.invoice_number ILIKE $9 AND (b.pickup_date || ' ' || b.pickup_time) ILIKE $10 AND a.name ILIKE $11 AND pt.name ILIKE $12 AND d.name ILIKE $13 AND s.name ILIKE $14 AND bs.booking_status ILIKE $15 AND jt.journey_type ILIKE $16 AND vt.name ILIKE $17 AND b.fares::text ILIKE $18\n  \n    ORDER BY (\n        TO_DATE(b.pickup_date,'YYYY-FMMM-FMDD')\n        +\n        TRIM(b.pickup_time)::time\n      ) ASC\n    OFFSET $19\n    LIMIT $20\n  ","timestamp":"2026-08-18T18:13:12.485Z"}
{"level":"info","message":"GET /api/bookings/booking-statistics?from_date=2020-07-01&to_date=2026-07-20&from_time=00:00&to_time=23:59&pickup=Tn30,%20Ashford%20Road,%20St.%20Michaels,%20Tenterden%20TN30%206BT&payment_type_id=1,2,3,4&booking_status_id=1,3,4,5,6,8,10,12,13,14,15&sort_order=ASC&sort_by=datetime&driver_id=167&invoice_number=UL17809110643424&fare=213.59&journey_type=o/w&vehicle_type=indus&datetime=2026-03-15&account_name=moro&payment_type_name=cash&driver_name=Ibad&subsidiary_name=tex&status_name=stc 200 57.393 ms","timestamp":"2026-08-18T18:13:12.487Z"}
{"duration":3,"level":"info","message":"db-query","rows":1,"text":"\n    SELECT COUNT(*) AS total\n    FROM bookings b\n    \n    LEFT JOIN vehicle_types vt ON b.vehicle_type_id = vt.id\n    LEFT JOIN journey_types jt ON b.journey_type_id = jt.id\n    LEFT JOIN accounts a ON b.account_id = a.id\n    LEFT JOIN payment_types pt ON b.payment_type_id = pt.id\n    LEFT JOIN drivers d ON b.driver_id = d.id\n    LEFT JOIN subsidiaries s ON b.subsidiary_id = s.id\n    LEFT JOIN booking_statuses bs ON b.booking_status_id = bs.id\n  \n    \n    WHERE b.trash = false AND \n      TO_DATE(b.pickup_date, 'YYYY-FMMM-FMDD')\n      >= TO_DATE($1, 'YYYY-MM-DD')\n     AND \n      TO_DATE(b.pickup_date, 'YYYY-FMMM-FMDD')\n      <= TO_DATE($2, 'YYYY-MM-DD')\n     AND TRIM(b.pickup_time)::time >= $3::time AND TRIM(b.pickup_time)::time <= $4::time AND b.booking_status_id = ANY($5::int[]) AND b.payment_type_id = ANY($6::int[]) AND b.driver_id = $7 AND b.pickup ILIKE $8 AND b.invoice_number ILIKE $9 AND (b.pickup_date || ' ' || b.pickup_time) ILIKE $10 AND a.name ILIKE $11 AND pt.name ILIKE $12 AND d.name ILIKE $13 AND bs.booking_status ILIKE $14 AND jt.journey_type ILIKE $15 AND vt.name ILIKE $16 AND b.fares::text ILIKE $17\n  \n  ","timestamp":"2026-08-18T18:13:17.562Z"}
{"duration":5,"level":"info","message":"db-query","rows":1,"text":"\n    SELECT\n      COUNT(*) AS total_bookings,\n      COALESCE(SUM(b.fares), 0) AS total_earnings,\n      COALESCE(\n        SUM(\n          CASE\n            WHEN b.account_id IS NOT NULL\n            THEN b.fares\n            ELSE 0\n          END\n        ),\n        0\n      ) AS total_account_earnings\n    FROM bookings b\n    \n    LEFT JOIN vehicle_types vt ON b.vehicle_type_id = vt.id\n    LEFT JOIN journey_types jt ON b.journey_type_id = jt.id\n    LEFT JOIN accounts a ON b.account_id = a.id\n    LEFT JOIN payment_types pt ON b.payment_type_id = pt.id\n    LEFT JOIN drivers d ON b.driver_id = d.id\n    LEFT JOIN subsidiaries s ON b.subsidiary_id = s.id\n    LEFT JOIN booking_statuses bs ON b.booking_status_id = bs.id\n  \n    \n    WHERE b.trash = false AND \n      TO_DATE(b.pickup_date, 'YYYY-FMMM-FMDD')\n      >= TO_DATE($1, 'YYYY-MM-DD')\n     AND \n      TO_DATE(b.pickup_date, 'YYYY-FMMM-FMDD')\n      <= TO_DATE($2, 'YYYY-MM-DD')\n     AND TRIM(b.pickup_time)::time >= $3::time AND TRIM(b.pickup_time)::time <= $4::time AND b.booking_status_id = ANY($5::int[]) AND b.payment_type_id = ANY($6::int[]) AND b.driver_id = $7 AND b.pickup ILIKE $8 AND b.invoice_number ILIKE $9 AND (b.pickup_date || ' ' || b.pickup_time) ILIKE $10 AND a.name ILIKE $11 AND pt.name ILIKE $12 AND d.name ILIKE $13 AND bs.booking_status ILIKE $14 AND jt.journey_type ILIKE $15 AND vt.name ILIKE $16 AND b.fares::text ILIKE $17\n  \n  ","timestamp":"2026-08-18T18:13:17.568Z"}
{"duration":16,"level":"info","message":"db-query","rows":0,"text":"\n    \nSELECT\n  b.id,\n  b.reference_number,\n  b.subsidiary_id,\n  b.booking_type_id,\n  b.booking_status_id,\n  b.journey_type_id,\n  b.account_id,\n  b.customer_id,\n  b.employee_id,\n  b.pickup,\n  b.dropoff,\n  b.pickup_date,\n  b.pickup_time,\n  b.dropoff_date,\n  b.dropoff_time,\n  b.pickup_door_number,\n  b.dropoff_door_number,\n  b.pickup_plot,\n  b.dropoff_plot,\n  b.pickup_location_type_id,\n  b.dropoff_location_type_id,\n  b.pickup_latitude,\n  b.pickup_longitude,\n  b.dropoff_latitude,\n  b.dropoff_longitude,\n  b.viapoints,\n  b.restricted_drivers,\n  b.flight_number,\n  b.arriving_from,\n  b.vehicle_type_id,\n  b.vehicle_id,\n  b.driver_id,\n  b.passengers,\n  b.luggages,\n  b.hand_luggages,\n  b.child_seat,\n  b.name,\n  b.email,\n  b.mobile,\n  b.telephone,\n  b.lead_time,\n  b.notes,\n  b.special_instructions,\n  b.payment_type_id,\n  b.company_price,\n  b.fares,\n  b.total_charges,\n  b.parking_charges,\n  b.waiting_charges,\n  b.extra_drop_charges,\n  b.credit_card_charges,\n  b.congestion_charges,\n  b.miles,\n  b.meet_and_greet,\n  b.department,\n  b.escort_id,\n  b.order_number,\n  b.booked_by,\n  b.add_return_fare,\n  b.fare_meter_status,\n  b.fare_meter,\n  b.quotation,\n  b.quoted,\n  b.dispatch,\n  b.dispatch_as,\n  b.sms,\n  b.emailflag,\n  b.trash,\n  b.hidden,\n  b.multi_booking_id,\n  b.associated_booking,\n  b.invoice_status,\n  b.commission_status,\n  b.commission,\n  b.skipped_bookings,\n  b.permanent,\n  b.toggle_driver_text,\n  b.toggle_passenger_text,\n  b.cancelled_reason,\n  b.booking_source,\n  b.on_route,\n  b.arrived,\n  b.passenger_on_board,\n  b.completed,\n  b.controller_completed,\n  b.driver_waiting_time,\n  b.dispatched_at,\n  b.booked_at,\n  b.stripe_customer_id,\n  b.stripe_payment_id,\n  b.invoice_number,\n  b.initial_subsidiary_id,\n  b.created_at,\n  b.updated_at,\n  b.eta,\n  b.fob,\n  b.future,\n\n  json_build_object(\n    'booking_status', bs.booking_status\n  ) AS booking_status,\n\n  json_build_object(\n    'booking_type', bt.booking_type\n  ) AS booking_type,\n\n  json_build_object(\n    'journey_type', jt.journey_type\n  ) AS journey_type,\n\n  json_build_object(\n    'id', s.id,\n    'name', s.name,\n    'telephone_number', s.telephone_number\n  ) AS subsidiary,\n\n  json_build_object(\n    'name', vt.name,\n    'background_color', vt.background_color,\n    'foreground_color', vt.foreground_color\n  ) AS vehicle_type,\n\n  json_build_object(\n    'id', pt.id,\n    'name', pt.name,\n    'background_color', pt.background_color,\n    'foreground_color', pt.foreground_color\n  ) AS payment_type,\n\n  json_build_object(\n    'id', a.id,\n    'name', a.name,\n    'background_color', a.background_color,\n    'foreground_color', a.foreground_color,\n    'has_vat', a.has_vat,\n    'bank_information', a.bank_information,\n    'fare_controller', a.fare_controller,\n    'account_fees_type', a.account_fees_type,\n    'account_fees', a.account_fees,\n    'account_fees_vat', a.account_fees_vat\n  ) AS account,\n\n  json_build_object(\n    'id', d.id,\n    'username', d.username,\n    'name', d.name,\n    'mobile_device_id', d.mobile_device_id,\n    'phc_vehicle_number', d.phc_vehicle_number,\n    'phc_driver_number', d.phc_driver_number,\n    'vehicle_id', d.vehicle_id,\n    'driver_commission', d.driver_commission,\n    'session_status', d.session_status,\n\n    'vehicle', json_build_object(\n      'make', v.make,\n      'model', v.model,\n      'color', v.color,\n      'vehicle_number', v.vehicle_number\n    )\n  ) AS driver,\n\n  json_build_object(\n    'door_number', c.door_number,\n    'address1', c.address1,\n    'address2', c.address2,\n    'blacklist', c.blacklist\n  ) AS customer,\n\n  json_build_object(\n    'username', e.username,\n    'role_id', e.role_id\n  ) AS employee,\n\n  json_build_object(\n    'pickup',\n    CASE\n      WHEN lp.id IS NOT NULL THEN\n        json_build_object(\n          'id', lp.id,\n          'name', lp.name,\n          'location_type', json_build_object(\n            'id', ltp.id,\n            'name', ltp.name,\n            'background_color', ltp.background_color,\n            'foreground_color', ltp.foreground_color\n          )\n        )\n      ELSE\n        json_build_object(\n          'id', null,\n          'name', null,\n          'location_type', json_build_object(\n            'id', null,\n            'name', null,\n            'background_color', null,\n            'foreground_color', null\n          )\n        )\n    END,\n\n    'dropoff',\n    CASE\n      WHEN ld.id IS NOT NULL THEN\n        json_build_object(\n          'id', ld.id,\n          'name', ld.name,\n          'location_type', json_build_object(\n            'id', ltd.id,\n            'name', ltd.name,\n            'background_color', ltd.background_color,\n            'foreground_color', ltd.foreground_color\n          )\n        )\n      ELSE\n        json_build_object(\n          'id', null,\n          'name', null,\n          'location_type', json_build_object(\n            'id', null,\n            'name', null,\n            'background_color', null,\n            'foreground_color', null\n          )\n        )\n    END\n  ) AS airport\n\nFROM bookings b\n\nLEFT JOIN booking_statuses bs\n  ON b.booking_status_id = bs.id\n\nLEFT JOIN booking_types bt\n  ON b.booking_type_id = bt.id\n\nLEFT JOIN journey_types jt\n  ON b.journey_type_id = jt.id\n\nLEFT JOIN subsidiaries s\n  ON b.subsidiary_id = s.id\n\nLEFT JOIN vehicle_types vt\n  ON b.vehicle_type_id = vt.id\n\nLEFT JOIN payment_types pt\n  ON b.payment_type_id = pt.id\n\nLEFT JOIN accounts a\n  ON b.account_id = a.id\n\nLEFT JOIN drivers d\n  ON b.driver_id = d.id\n\nLEFT JOIN vehicles v\n  ON d.vehicle_id = v.id\n\nLEFT JOIN customers c\n  ON b.customer_id = c.id\n\nLEFT JOIN employees e\n  ON b.employee_id = e.id\n\n\n-- PICKUP LOCATION\n-- Select only the most specific matching location\nLEFT JOIN LATERAL (\n  SELECT l.*\n  FROM locations l\n  WHERE l.location_type_id = 2\n    AND b.pickup ILIKE '%' || l.name || '%'\n  ORDER BY LENGTH(l.name) DESC, l.id ASC\n  LIMIT 1\n) lp ON true\n\n\n-- DROPOFF LOCATION\n-- Select only the most specific matching location\nLEFT JOIN LATERAL (\n  SELECT l.*\n  FROM locations l\n  WHERE l.location_type_id = 2\n    AND b.dropoff ILIKE '%' || l.name || '%'\n  ORDER BY LENGTH(l.name) DESC, l.id ASC\n  LIMIT 1\n) ld ON true\n\n\nLEFT JOIN location_types ltp\n  ON lp.location_type_id = ltp.id\n\nLEFT JOIN location_types ltd\n  ON ld.location_type_id = ltd.id\n\n\n    \n    WHERE b.trash = false AND \n      TO_DATE(b.pickup_date, 'YYYY-FMMM-FMDD')\n      >= TO_DATE($1, 'YYYY-MM-DD')\n     AND \n      TO_DATE(b.pickup_date, 'YYYY-FMMM-FMDD')\n      <= TO_DATE($2, 'YYYY-MM-DD')\n     AND TRIM(b.pickup_time)::time >= $3::time AND TRIM(b.pickup_time)::time <= $4::time AND b.booking_status_id = ANY($5::int[]) AND b.payment_type_id = ANY($6::int[]) AND b.driver_id = $7 AND b.pickup ILIKE $8 AND b.invoice_number ILIKE $9 AND (b.pickup_date || ' ' || b.pickup_time) ILIKE $10 AND a.name ILIKE $11 AND pt.name ILIKE $12 AND d.name ILIKE $13 AND bs.booking_status ILIKE $14 AND jt.journey_type ILIKE $15 AND vt.name ILIKE $16 AND b.fares::text ILIKE $17\n  \n    ORDER BY (\n        TO_DATE(b.pickup_date,'YYYY-FMMM-FMDD')\n        +\n        TRIM(b.pickup_time)::time\n      ) ASC\n    OFFSET $18\n    LIMIT $19\n  ","timestamp":"2026-08-18T18:13:17.584Z"}
{"level":"info","message":"GET /api/bookings/booking-statistics?from_date=2020-07-01&to_date=2026-07-20&from_time=00:00&to_time=23:59&pickup=Tn30,%20Ashford%20Road,%20St.%20Michaels,%20Tenterden%20TN30%206BT&payment_type_id=1,2,3,4&booking_status_id=1,3,4,5,6,8,10,12,13,14,15&sort_order=ASC&sort_by=datetime&driver_id=167&invoice_number=UL17809110643424&fare=213.59&journey_type=o/w&vehicle_type=indus&datetime=2026-03-15&account_name=moro&payment_type_name=cash&driver_name=Ibad&status_name=stc 200 27.479 ms","timestamp":"2026-08-18T18:13:17.586Z"}
{"duration":64,"level":"info","message":"db-query","rows":1,"text":"\n    SELECT COUNT(*) AS total\n    FROM bookings b\n    \n    LEFT JOIN vehicle_types vt ON b.vehicle_type_id = vt.id\n    LEFT JOIN journey_types jt ON b.journey_type_id = jt.id\n    LEFT JOIN accounts a ON b.account_id = a.id\n    LEFT JOIN payment_types pt ON b.payment_type_id = pt.id\n    LEFT JOIN drivers d ON b.driver_id = d.id\n    LEFT JOIN subsidiaries s ON b.subsidiary_id = s.id\n    LEFT JOIN booking_statuses bs ON b.booking_status_id = bs.id\n  \n    \n    WHERE b.trash = false AND \n      TO_DATE(b.pickup_date, 'YYYY-FMMM-FMDD')\n      >= TO_DATE($1, 'YYYY-MM-DD')\n     AND \n      TO_DATE(b.pickup_date, 'YYYY-FMMM-FMDD')\n      <= TO_DATE($2, 'YYYY-MM-DD')\n     AND TRIM(b.pickup_time)::time >= $3::time AND TRIM(b.pickup_time)::time <= $4::time AND b.booking_status_id = ANY($5::int[]) AND b.payment_type_id = ANY($6::int[]) AND b.driver_id = $7 AND b.pickup ILIKE $8 AND b.invoice_number ILIKE $9 AND (b.pickup_date || ' ' || b.pickup_time) ILIKE $10 AND a.name ILIKE $11 AND pt.name ILIKE $12 AND bs.booking_status ILIKE $13 AND jt.journey_type ILIKE $14 AND vt.name ILIKE $15 AND b.fares::text ILIKE $16\n  \n  ","timestamp":"2026-08-18T18:13:29.432Z"}
{"duration":3,"level":"info","message":"db-query","rows":1,"text":"\n    SELECT\n      COUNT(*) AS total_bookings,\n      COALESCE(SUM(b.fares), 0) AS total_earnings,\n      COALESCE(\n        SUM(\n          CASE\n            WHEN b.account_id IS NOT NULL\n            THEN b.fares\n            ELSE 0\n          END\n        ),\n        0\n      ) AS total_account_earnings\n    FROM bookings b\n    \n    LEFT JOIN vehicle_types vt ON b.vehicle_type_id = vt.id\n    LEFT JOIN journey_types jt ON b.journey_type_id = jt.id\n    LEFT JOIN accounts a ON b.account_id = a.id\n    LEFT JOIN payment_types pt ON b.payment_type_id = pt.id\n    LEFT JOIN drivers d ON b.driver_id = d.id\n    LEFT JOIN subsidiaries s ON b.subsidiary_id = s.id\n    LEFT JOIN booking_statuses bs ON b.booking_status_id = bs.id\n  \n    \n    WHERE b.trash = false AND \n      TO_DATE(b.pickup_date, 'YYYY-FMMM-FMDD')\n      >= TO_DATE($1, 'YYYY-MM-DD')\n     AND \n      TO_DATE(b.pickup_date, 'YYYY-FMMM-FMDD')\n      <= TO_DATE($2, 'YYYY-MM-DD')\n     AND TRIM(b.pickup_time)::time >= $3::time AND TRIM(b.pickup_time)::time <= $4::time AND b.booking_status_id = ANY($5::int[]) AND b.payment_type_id = ANY($6::int[]) AND b.driver_id = $7 AND b.pickup ILIKE $8 AND b.invoice_number ILIKE $9 AND (b.pickup_date || ' ' || b.pickup_time) ILIKE $10 AND a.name ILIKE $11 AND pt.name ILIKE $12 AND bs.booking_status ILIKE $13 AND jt.journey_type ILIKE $14 AND vt.name ILIKE $15 AND b.fares::text ILIKE $16\n  \n  ","timestamp":"2026-08-18T18:13:29.436Z"}
{"duration":27,"level":"info","message":"db-query","rows":0,"text":"\n    \nSELECT\n  b.id,\n  b.reference_number,\n  b.subsidiary_id,\n  b.booking_type_id,\n  b.booking_status_id,\n  b.journey_type_id,\n  b.account_id,\n  b.customer_id,\n  b.employee_id,\n  b.pickup,\n  b.dropoff,\n  b.pickup_date,\n  b.pickup_time,\n  b.dropoff_date,\n  b.dropoff_time,\n  b.pickup_door_number,\n  b.dropoff_door_number,\n  b.pickup_plot,\n  b.dropoff_plot,\n  b.pickup_location_type_id,\n  b.dropoff_location_type_id,\n  b.pickup_latitude,\n  b.pickup_longitude,\n  b.dropoff_latitude,\n  b.dropoff_longitude,\n  b.viapoints,\n  b.restricted_drivers,\n  b.flight_number,\n  b.arriving_from,\n  b.vehicle_type_id,\n  b.vehicle_id,\n  b.driver_id,\n  b.passengers,\n  b.luggages,\n  b.hand_luggages,\n  b.child_seat,\n  b.name,\n  b.email,\n  b.mobile,\n  b.telephone,\n  b.lead_time,\n  b.notes,\n  b.special_instructions,\n  b.payment_type_id,\n  b.company_price,\n  b.fares,\n  b.total_charges,\n  b.parking_charges,\n  b.waiting_charges,\n  b.extra_drop_charges,\n  b.credit_card_charges,\n  b.congestion_charges,\n  b.miles,\n  b.meet_and_greet,\n  b.department,\n  b.escort_id,\n  b.order_number,\n  b.booked_by,\n  b.add_return_fare,\n  b.fare_meter_status,\n  b.fare_meter,\n  b.quotation,\n  b.quoted,\n  b.dispatch,\n  b.dispatch_as,\n  b.sms,\n  b.emailflag,\n  b.trash,\n  b.hidden,\n  b.multi_booking_id,\n  b.associated_booking,\n  b.invoice_status,\n  b.commission_status,\n  b.commission,\n  b.skipped_bookings,\n  b.permanent,\n  b.toggle_driver_text,\n  b.toggle_passenger_text,\n  b.cancelled_reason,\n  b.booking_source,\n  b.on_route,\n  b.arrived,\n  b.passenger_on_board,\n  b.completed,\n  b.controller_completed,\n  b.driver_waiting_time,\n  b.dispatched_at,\n  b.booked_at,\n  b.stripe_customer_id,\n  b.stripe_payment_id,\n  b.invoice_number,\n  b.initial_subsidiary_id,\n  b.created_at,\n  b.updated_at,\n  b.eta,\n  b.fob,\n  b.future,\n\n  json_build_object(\n    'booking_status', bs.booking_status\n  ) AS booking_status,\n\n  json_build_object(\n    'booking_type', bt.booking_type\n  ) AS booking_type,\n\n  json_build_object(\n    'journey_type', jt.journey_type\n  ) AS journey_type,\n\n  json_build_object(\n    'id', s.id,\n    'name', s.name,\n    'telephone_number', s.telephone_number\n  ) AS subsidiary,\n\n  json_build_object(\n    'name', vt.name,\n    'background_color', vt.background_color,\n    'foreground_color', vt.foreground_color\n  ) AS vehicle_type,\n\n  json_build_object(\n    'id', pt.id,\n    'name', pt.name,\n    'background_color', pt.background_color,\n    'foreground_color', pt.foreground_color\n  ) AS payment_type,\n\n  json_build_object(\n    'id', a.id,\n    'name', a.name,\n    'background_color', a.background_color,\n    'foreground_color', a.foreground_color,\n    'has_vat', a.has_vat,\n    'bank_information', a.bank_information,\n    'fare_controller', a.fare_controller,\n    'account_fees_type', a.account_fees_type,\n    'account_fees', a.account_fees,\n    'account_fees_vat', a.account_fees_vat\n  ) AS account,\n\n  json_build_object(\n    'id', d.id,\n    'username', d.username,\n    'name', d.name,\n    'mobile_device_id', d.mobile_device_id,\n    'phc_vehicle_number', d.phc_vehicle_number,\n    'phc_driver_number', d.phc_driver_number,\n    'vehicle_id', d.vehicle_id,\n    'driver_commission', d.driver_commission,\n    'session_status', d.session_status,\n\n    'vehicle', json_build_object(\n      'make', v.make,\n      'model', v.model,\n      'color', v.color,\n      'vehicle_number', v.vehicle_number\n    )\n  ) AS driver,\n\n  json_build_object(\n    'door_number', c.door_number,\n    'address1', c.address1,\n    'address2', c.address2,\n    'blacklist', c.blacklist\n  ) AS customer,\n\n  json_build_object(\n    'username', e.username,\n    'role_id', e.role_id\n  ) AS employee,\n\n  json_build_object(\n    'pickup',\n    CASE\n      WHEN lp.id IS NOT NULL THEN\n        json_build_object(\n          'id', lp.id,\n          'name', lp.name,\n          'location_type', json_build_object(\n            'id', ltp.id,\n            'name', ltp.name,\n            'background_color', ltp.background_color,\n            'foreground_color', ltp.foreground_color\n          )\n        )\n      ELSE\n        json_build_object(\n          'id', null,\n          'name', null,\n          'location_type', json_build_object(\n            'id', null,\n            'name', null,\n            'background_color', null,\n            'foreground_color', null\n          )\n        )\n    END,\n\n    'dropoff',\n    CASE\n      WHEN ld.id IS NOT NULL THEN\n        json_build_object(\n          'id', ld.id,\n          'name', ld.name,\n          'location_type', json_build_object(\n            'id', ltd.id,\n            'name', ltd.name,\n            'background_color', ltd.background_color,\n            'foreground_color', ltd.foreground_color\n          )\n        )\n      ELSE\n        json_build_object(\n          'id', null,\n          'name', null,\n          'location_type', json_build_object(\n            'id', null,\n            'name', null,\n            'background_color', null,\n            'foreground_color', null\n          )\n        )\n    END\n  ) AS airport\n\nFROM bookings b\n\nLEFT JOIN booking_statuses bs\n  ON b.booking_status_id = bs.id\n\nLEFT JOIN booking_types bt\n  ON b.booking_type_id = bt.id\n\nLEFT JOIN journey_types jt\n  ON b.journey_type_id = jt.id\n\nLEFT JOIN subsidiaries s\n  ON b.subsidiary_id = s.id\n\nLEFT JOIN vehicle_types vt\n  ON b.vehicle_type_id = vt.id\n\nLEFT JOIN payment_types pt\n  ON b.payment_type_id = pt.id\n\nLEFT JOIN accounts a\n  ON b.account_id = a.id\n\nLEFT JOIN drivers d\n  ON b.driver_id = d.id\n\nLEFT JOIN vehicles v\n  ON d.vehicle_id = v.id\n\nLEFT JOIN customers c\n  ON b.customer_id = c.id\n\nLEFT JOIN employees e\n  ON b.employee_id = e.id\n\n\n-- PICKUP LOCATION\n-- Select only the most specific matching location\nLEFT JOIN LATERAL (\n  SELECT l.*\n  FROM locations l\n  WHERE l.location_type_id = 2\n    AND b.pickup ILIKE '%' || l.name || '%'\n  ORDER BY LENGTH(l.name) DESC, l.id ASC\n  LIMIT 1\n) lp ON true\n\n\n-- DROPOFF LOCATION\n-- Select only the most specific matching location\nLEFT JOIN LATERAL (\n  SELECT l.*\n  FROM locations l\n  WHERE l.location_type_id = 2\n    AND b.dropoff ILIKE '%' || l.name || '%'\n  ORDER BY LENGTH(l.name) DESC, l.id ASC\n  LIMIT 1\n) ld ON true\n\n\nLEFT JOIN location_types ltp\n  ON lp.location_type_id = ltp.id\n\nLEFT JOIN location_types ltd\n  ON ld.location_type_id = ltd.id\n\n\n    \n    WHERE b.trash = false AND \n      TO_DATE(b.pickup_date, 'YYYY-FMMM-FMDD')\n      >= TO_DATE($1, 'YYYY-MM-DD')\n     AND \n      TO_DATE(b.pickup_date, 'YYYY-FMMM-FMDD')\n      <= TO_DATE($2, 'YYYY-MM-DD')\n     AND TRIM(b.pickup_time)::time >= $3::time AND TRIM(b.pickup_time)::time <= $4::time AND b.booking_status_id = ANY($5::int[]) AND b.payment_type_id = ANY($6::int[]) AND b.driver_id = $7 AND b.pickup ILIKE $8 AND b.invoice_number ILIKE $9 AND (b.pickup_date || ' ' || b.pickup_time) ILIKE $10 AND a.name ILIKE $11 AND pt.name ILIKE $12 AND bs.booking_status ILIKE $13 AND jt.journey_type ILIKE $14 AND vt.name ILIKE $15 AND b.fares::text ILIKE $16\n  \n    ORDER BY (\n        TO_DATE(b.pickup_date,'YYYY-FMMM-FMDD')\n        +\n        TRIM(b.pickup_time)::time\n      ) ASC\n    OFFSET $17\n    LIMIT $18\n  ","timestamp":"2026-08-18T18:13:29.464Z"}
{"level":"info","message":"GET /api/bookings/booking-statistics?from_date=2020-07-01&to_date=2026-07-20&from_time=00:00&to_time=23:59&pickup=Tn30,%20Ashford%20Road,%20St.%20Michaels,%20Tenterden%20TN30%206BT&payment_type_id=1,2,3,4&booking_status_id=1,3,4,5,6,8,10,12,13,14,15&sort_order=ASC&sort_by=datetime&driver_id=167&invoice_number=UL17809110643424&fare=213.59&journey_type=o/w&vehicle_type=indus&datetime=2026-03-15&account_name=moro&payment_type_name=cash&status_name=stc 200 99.777 ms","timestamp":"2026-08-18T18:13:29.467Z"}
{"duration":69,"level":"info","message":"db-query","rows":1,"text":"\n    SELECT COUNT(*) AS total\n    FROM bookings b\n    \n    LEFT JOIN vehicle_types vt ON b.vehicle_type_id = vt.id\n    LEFT JOIN journey_types jt ON b.journey_type_id = jt.id\n    LEFT JOIN accounts a ON b.account_id = a.id\n    LEFT JOIN payment_types pt ON b.payment_type_id = pt.id\n    LEFT JOIN drivers d ON b.driver_id = d.id\n    LEFT JOIN subsidiaries s ON b.subsidiary_id = s.id\n    LEFT JOIN booking_statuses bs ON b.booking_status_id = bs.id\n  \n    \n    WHERE b.trash = false AND \n      TO_DATE(b.pickup_date, 'YYYY-FMMM-FMDD')\n      >= TO_DATE($1, 'YYYY-MM-DD')\n     AND \n      TO_DATE(b.pickup_date, 'YYYY-FMMM-FMDD')\n      <= TO_DATE($2, 'YYYY-MM-DD')\n     AND TRIM(b.pickup_time)::time >= $3::time AND TRIM(b.pickup_time)::time <= $4::time AND b.booking_status_id = ANY($5::int[]) AND b.payment_type_id = ANY($6::int[]) AND b.driver_id = $7 AND b.pickup ILIKE $8 AND b.invoice_number ILIKE $9 AND a.name ILIKE $10 AND pt.name ILIKE $11 AND bs.booking_status ILIKE $12 AND jt.journey_type ILIKE $13 AND vt.name ILIKE $14 AND b.fares::text ILIKE $15\n  \n  ","timestamp":"2026-08-18T18:13:41.877Z"}
{"duration":4,"level":"info","message":"db-query","rows":1,"text":"\n    SELECT\n      COUNT(*) AS total_bookings,\n      COALESCE(SUM(b.fares), 0) AS total_earnings,\n      COALESCE(\n        SUM(\n          CASE\n            WHEN b.account_id IS NOT NULL\n            THEN b.fares\n            ELSE 0\n          END\n        ),\n        0\n      ) AS total_account_earnings\n    FROM bookings b\n    \n    LEFT JOIN vehicle_types vt ON b.vehicle_type_id = vt.id\n    LEFT JOIN journey_types jt ON b.journey_type_id = jt.id\n    LEFT JOIN accounts a ON b.account_id = a.id\n    LEFT JOIN payment_types pt ON b.payment_type_id = pt.id\n    LEFT JOIN drivers d ON b.driver_id = d.id\n    LEFT JOIN subsidiaries s ON b.subsidiary_id = s.id\n    LEFT JOIN booking_statuses bs ON b.booking_status_id = bs.id\n  \n    \n    WHERE b.trash = false AND \n      TO_DATE(b.pickup_date, 'YYYY-FMMM-FMDD')\n      >= TO_DATE($1, 'YYYY-MM-DD')\n     AND \n      TO_DATE(b.pickup_date, 'YYYY-FMMM-FMDD')\n      <= TO_DATE($2, 'YYYY-MM-DD')\n     AND TRIM(b.pickup_time)::time >= $3::time AND TRIM(b.pickup_time)::time <= $4::time AND b.booking_status_id = ANY($5::int[]) AND b.payment_type_id = ANY($6::int[]) AND b.driver_id = $7 AND b.pickup ILIKE $8 AND b.invoice_number ILIKE $9 AND a.name ILIKE $10 AND pt.name ILIKE $11 AND bs.booking_status ILIKE $12 AND jt.journey_type ILIKE $13 AND vt.name ILIKE $14 AND b.fares::text ILIKE $15\n  \n  ","timestamp":"2026-08-18T18:13:41.881Z"}
{"duration":29,"level":"info","message":"db-query","rows":0,"text":"\n    \nSELECT\n  b.id,\n  b.reference_number,\n  b.subsidiary_id,\n  b.booking_type_id,\n  b.booking_status_id,\n  b.journey_type_id,\n  b.account_id,\n  b.customer_id,\n  b.employee_id,\n  b.pickup,\n  b.dropoff,\n  b.pickup_date,\n  b.pickup_time,\n  b.dropoff_date,\n  b.dropoff_time,\n  b.pickup_door_number,\n  b.dropoff_door_number,\n  b.pickup_plot,\n  b.dropoff_plot,\n  b.pickup_location_type_id,\n  b.dropoff_location_type_id,\n  b.pickup_latitude,\n  b.pickup_longitude,\n  b.dropoff_latitude,\n  b.dropoff_longitude,\n  b.viapoints,\n  b.restricted_drivers,\n  b.flight_number,\n  b.arriving_from,\n  b.vehicle_type_id,\n  b.vehicle_id,\n  b.driver_id,\n  b.passengers,\n  b.luggages,\n  b.hand_luggages,\n  b.child_seat,\n  b.name,\n  b.email,\n  b.mobile,\n  b.telephone,\n  b.lead_time,\n  b.notes,\n  b.special_instructions,\n  b.payment_type_id,\n  b.company_price,\n  b.fares,\n  b.total_charges,\n  b.parking_charges,\n  b.waiting_charges,\n  b.extra_drop_charges,\n  b.credit_card_charges,\n  b.congestion_charges,\n  b.miles,\n  b.meet_and_greet,\n  b.department,\n  b.escort_id,\n  b.order_number,\n  b.booked_by,\n  b.add_return_fare,\n  b.fare_meter_status,\n  b.fare_meter,\n  b.quotation,\n  b.quoted,\n  b.dispatch,\n  b.dispatch_as,\n  b.sms,\n  b.emailflag,\n  b.trash,\n  b.hidden,\n  b.multi_booking_id,\n  b.associated_booking,\n  b.invoice_status,\n  b.commission_status,\n  b.commission,\n  b.skipped_bookings,\n  b.permanent,\n  b.toggle_driver_text,\n  b.toggle_passenger_text,\n  b.cancelled_reason,\n  b.booking_source,\n  b.on_route,\n  b.arrived,\n  b.passenger_on_board,\n  b.completed,\n  b.controller_completed,\n  b.driver_waiting_time,\n  b.dispatched_at,\n  b.booked_at,\n  b.stripe_customer_id,\n  b.stripe_payment_id,\n  b.invoice_number,\n  b.initial_subsidiary_id,\n  b.created_at,\n  b.updated_at,\n  b.eta,\n  b.fob,\n  b.future,\n\n  json_build_object(\n    'booking_status', bs.booking_status\n  ) AS booking_status,\n\n  json_build_object(\n    'booking_type', bt.booking_type\n  ) AS booking_type,\n\n  json_build_object(\n    'journey_type', jt.journey_type\n  ) AS journey_type,\n\n  json_build_object(\n    'id', s.id,\n    'name', s.name,\n    'telephone_number', s.telephone_number\n  ) AS subsidiary,\n\n  json_build_object(\n    'name', vt.name,\n    'background_color', vt.background_color,\n    'foreground_color', vt.foreground_color\n  ) AS vehicle_type,\n\n  json_build_object(\n    'id', pt.id,\n    'name', pt.name,\n    'background_color', pt.background_color,\n    'foreground_color', pt.foreground_color\n  ) AS payment_type,\n\n  json_build_object(\n    'id', a.id,\n    'name', a.name,\n    'background_color', a.background_color,\n    'foreground_color', a.foreground_color,\n    'has_vat', a.has_vat,\n    'bank_information', a.bank_information,\n    'fare_controller', a.fare_controller,\n    'account_fees_type', a.account_fees_type,\n    'account_fees', a.account_fees,\n    'account_fees_vat', a.account_fees_vat\n  ) AS account,\n\n  json_build_object(\n    'id', d.id,\n    'username', d.username,\n    'name', d.name,\n    'mobile_device_id', d.mobile_device_id,\n    'phc_vehicle_number', d.phc_vehicle_number,\n    'phc_driver_number', d.phc_driver_number,\n    'vehicle_id', d.vehicle_id,\n    'driver_commission', d.driver_commission,\n    'session_status', d.session_status,\n\n    'vehicle', json_build_object(\n      'make', v.make,\n      'model', v.model,\n      'color', v.color,\n      'vehicle_number', v.vehicle_number\n    )\n  ) AS driver,\n\n  json_build_object(\n    'door_number', c.door_number,\n    'address1', c.address1,\n    'address2', c.address2,\n    'blacklist', c.blacklist\n  ) AS customer,\n\n  json_build_object(\n    'username', e.username,\n    'role_id', e.role_id\n  ) AS employee,\n\n  json_build_object(\n    'pickup',\n    CASE\n      WHEN lp.id IS NOT NULL THEN\n        json_build_object(\n          'id', lp.id,\n          'name', lp.name,\n          'location_type', json_build_object(\n            'id', ltp.id,\n            'name', ltp.name,\n            'background_color', ltp.background_color,\n            'foreground_color', ltp.foreground_color\n          )\n        )\n      ELSE\n        json_build_object(\n          'id', null,\n          'name', null,\n          'location_type', json_build_object(\n            'id', null,\n            'name', null,\n            'background_color', null,\n            'foreground_color', null\n          )\n        )\n    END,\n\n    'dropoff',\n    CASE\n      WHEN ld.id IS NOT NULL THEN\n        json_build_object(\n          'id', ld.id,\n          'name', ld.name,\n          'location_type', json_build_object(\n            'id', ltd.id,\n            'name', ltd.name,\n            'background_color', ltd.background_color,\n            'foreground_color', ltd.foreground_color\n          )\n        )\n      ELSE\n        json_build_object(\n          'id', null,\n          'name', null,\n          'location_type', json_build_object(\n            'id', null,\n            'name', null,\n            'background_color', null,\n            'foreground_color', null\n          )\n        )\n    END\n  ) AS airport\n\nFROM bookings b\n\nLEFT JOIN booking_statuses bs\n  ON b.booking_status_id = bs.id\n\nLEFT JOIN booking_types bt\n  ON b.booking_type_id = bt.id\n\nLEFT JOIN journey_types jt\n  ON b.journey_type_id = jt.id\n\nLEFT JOIN subsidiaries s\n  ON b.subsidiary_id = s.id\n\nLEFT JOIN vehicle_types vt\n  ON b.vehicle_type_id = vt.id\n\nLEFT JOIN payment_types pt\n  ON b.payment_type_id = pt.id\n\nLEFT JOIN accounts a\n  ON b.account_id = a.id\n\nLEFT JOIN drivers d\n  ON b.driver_id = d.id\n\nLEFT JOIN vehicles v\n  ON d.vehicle_id = v.id\n\nLEFT JOIN customers c\n  ON b.customer_id = c.id\n\nLEFT JOIN employees e\n  ON b.employee_id = e.id\n\n\n-- PICKUP LOCATION\n-- Select only the most specific matching location\nLEFT JOIN LATERAL (\n  SELECT l.*\n  FROM locations l\n  WHERE l.location_type_id = 2\n    AND b.pickup ILIKE '%' || l.name || '%'\n  ORDER BY LENGTH(l.name) DESC, l.id ASC\n  LIMIT 1\n) lp ON true\n\n\n-- DROPOFF LOCATION\n-- Select only the most specific matching location\nLEFT JOIN LATERAL (\n  SELECT l.*\n  FROM locations l\n  WHERE l.location_type_id = 2\n    AND b.dropoff ILIKE '%' || l.name || '%'\n  ORDER BY LENGTH(l.name) DESC, l.id ASC\n  LIMIT 1\n) ld ON true\n\n\nLEFT JOIN location_types ltp\n  ON lp.location_type_id = ltp.id\n\nLEFT JOIN location_types ltd\n  ON ld.location_type_id = ltd.id\n\n\n    \n    WHERE b.trash = false AND \n      TO_DATE(b.pickup_date, 'YYYY-FMMM-FMDD')\n      >= TO_DATE($1, 'YYYY-MM-DD')\n     AND \n      TO_DATE(b.pickup_date, 'YYYY-FMMM-FMDD')\n      <= TO_DATE($2, 'YYYY-MM-DD')\n     AND TRIM(b.pickup_time)::time >= $3::time AND TRIM(b.pickup_time)::time <= $4::time AND b.booking_status_id = ANY($5::int[]) AND b.payment_type_id = ANY($6::int[]) AND b.driver_id = $7 AND b.pickup ILIKE $8 AND b.invoice_number ILIKE $9 AND a.name ILIKE $10 AND pt.name ILIKE $11 AND bs.booking_status ILIKE $12 AND jt.journey_type ILIKE $13 AND vt.name ILIKE $14 AND b.fares::text ILIKE $15\n  \n    ORDER BY (\n        TO_DATE(b.pickup_date,'YYYY-FMMM-FMDD')\n        +\n        TRIM(b.pickup_time)::time\n      ) ASC\n    OFFSET $16\n    LIMIT $17\n  ","timestamp":"2026-08-18T18:13:41.910Z"}
{"level":"info","message":"GET /api/bookings/booking-statistics?from_date=2020-07-01&to_date=2026-07-20&from_time=00:00&to_time=23:59&pickup=Tn30,%20Ashford%20Road,%20St.%20Michaels,%20Tenterden%20TN30%206BT&payment_type_id=1,2,3,4&booking_status_id=1,3,4,5,6,8,10,12,13,14,15&sort_order=ASC&sort_by=datetime&driver_id=167&invoice_number=UL17809110643424&fare=213.59&journey_type=o/w&vehicle_type=indus&account_name=moro&payment_type_name=cash&status_name=stc 200 102.960 ms","timestamp":"2026-08-18T18:13:41.911Z"}
{"duration":4,"level":"info","message":"db-query","rows":1,"text":"\n    SELECT COUNT(*) AS total\n    FROM bookings b\n    \n    LEFT JOIN vehicle_types vt ON b.vehicle_type_id = vt.id\n    LEFT JOIN journey_types jt ON b.journey_type_id = jt.id\n    LEFT JOIN accounts a ON b.account_id = a.id\n    LEFT JOIN payment_types pt ON b.payment_type_id = pt.id\n    LEFT JOIN drivers d ON b.driver_id = d.id\n    LEFT JOIN subsidiaries s ON b.subsidiary_id = s.id\n    LEFT JOIN booking_statuses bs ON b.booking_status_id = bs.id\n  \n    \n    WHERE b.trash = false AND \n      TO_DATE(b.pickup_date, 'YYYY-FMMM-FMDD')\n      >= TO_DATE($1, 'YYYY-MM-DD')\n     AND \n      TO_DATE(b.pickup_date, 'YYYY-FMMM-FMDD')\n      <= TO_DATE($2, 'YYYY-MM-DD')\n     AND TRIM(b.pickup_time)::time >= $3::time AND TRIM(b.pickup_time)::time <= $4::time AND b.booking_status_id = ANY($5::int[]) AND b.payment_type_id = ANY($6::int[]) AND b.driver_id = $7 AND b.pickup ILIKE $8 AND b.invoice_number ILIKE $9 AND bs.booking_status ILIKE $10 AND jt.journey_type ILIKE $11 AND vt.name ILIKE $12 AND b.fares::text ILIKE $13\n  \n  ","timestamp":"2026-08-18T18:13:48.100Z"}
{"duration":3,"level":"info","message":"db-query","rows":1,"text":"\n    SELECT\n      COUNT(*) AS total_bookings,\n      COALESCE(SUM(b.fares), 0) AS total_earnings,\n      COALESCE(\n        SUM(\n          CASE\n            WHEN b.account_id IS NOT NULL\n            THEN b.fares\n            ELSE 0\n          END\n        ),\n        0\n      ) AS total_account_earnings\n    FROM bookings b\n    \n    LEFT JOIN vehicle_types vt ON b.vehicle_type_id = vt.id\n    LEFT JOIN journey_types jt ON b.journey_type_id = jt.id\n    LEFT JOIN accounts a ON b.account_id = a.id\n    LEFT JOIN payment_types pt ON b.payment_type_id = pt.id\n    LEFT JOIN drivers d ON b.driver_id = d.id\n    LEFT JOIN subsidiaries s ON b.subsidiary_id = s.id\n    LEFT JOIN booking_statuses bs ON b.booking_status_id = bs.id\n  \n    \n    WHERE b.trash = false AND \n      TO_DATE(b.pickup_date, 'YYYY-FMMM-FMDD')\n      >= TO_DATE($1, 'YYYY-MM-DD')\n     AND \n      TO_DATE(b.pickup_date, 'YYYY-FMMM-FMDD')\n      <= TO_DATE($2, 'YYYY-MM-DD')\n     AND TRIM(b.pickup_time)::time >= $3::time AND TRIM(b.pickup_time)::time <= $4::time AND b.booking_status_id = ANY($5::int[]) AND b.payment_type_id = ANY($6::int[]) AND b.driver_id = $7 AND b.pickup ILIKE $8 AND b.invoice_number ILIKE $9 AND bs.booking_status ILIKE $10 AND jt.journey_type ILIKE $11 AND vt.name ILIKE $12 AND b.fares::text ILIKE $13\n  \n  ","timestamp":"2026-08-18T18:13:48.103Z"}
{"duration":17,"level":"info","message":"db-query","rows":0,"text":"\n    \nSELECT\n  b.id,\n  b.reference_number,\n  b.subsidiary_id,\n  b.booking_type_id,\n  b.booking_status_id,\n  b.journey_type_id,\n  b.account_id,\n  b.customer_id,\n  b.employee_id,\n  b.pickup,\n  b.dropoff,\n  b.pickup_date,\n  b.pickup_time,\n  b.dropoff_date,\n  b.dropoff_time,\n  b.pickup_door_number,\n  b.dropoff_door_number,\n  b.pickup_plot,\n  b.dropoff_plot,\n  b.pickup_location_type_id,\n  b.dropoff_location_type_id,\n  b.pickup_latitude,\n  b.pickup_longitude,\n  b.dropoff_latitude,\n  b.dropoff_longitude,\n  b.viapoints,\n  b.restricted_drivers,\n  b.flight_number,\n  b.arriving_from,\n  b.vehicle_type_id,\n  b.vehicle_id,\n  b.driver_id,\n  b.passengers,\n  b.luggages,\n  b.hand_luggages,\n  b.child_seat,\n  b.name,\n  b.email,\n  b.mobile,\n  b.telephone,\n  b.lead_time,\n  b.notes,\n  b.special_instructions,\n  b.payment_type_id,\n  b.company_price,\n  b.fares,\n  b.total_charges,\n  b.parking_charges,\n  b.waiting_charges,\n  b.extra_drop_charges,\n  b.credit_card_charges,\n  b.congestion_charges,\n  b.miles,\n  b.meet_and_greet,\n  b.department,\n  b.escort_id,\n  b.order_number,\n  b.booked_by,\n  b.add_return_fare,\n  b.fare_meter_status,\n  b.fare_meter,\n  b.quotation,\n  b.quoted,\n  b.dispatch,\n  b.dispatch_as,\n  b.sms,\n  b.emailflag,\n  b.trash,\n  b.hidden,\n  b.multi_booking_id,\n  b.associated_booking,\n  b.invoice_status,\n  b.commission_status,\n  b.commission,\n  b.skipped_bookings,\n  b.permanent,\n  b.toggle_driver_text,\n  b.toggle_passenger_text,\n  b.cancelled_reason,\n  b.booking_source,\n  b.on_route,\n  b.arrived,\n  b.passenger_on_board,\n  b.completed,\n  b.controller_completed,\n  b.driver_waiting_time,\n  b.dispatched_at,\n  b.booked_at,\n  b.stripe_customer_id,\n  b.stripe_payment_id,\n  b.invoice_number,\n  b.initial_subsidiary_id,\n  b.created_at,\n  b.updated_at,\n  b.eta,\n  b.fob,\n  b.future,\n\n  json_build_object(\n    'booking_status', bs.booking_status\n  ) AS booking_status,\n\n  json_build_object(\n    'booking_type', bt.booking_type\n  ) AS booking_type,\n\n  json_build_object(\n    'journey_type', jt.journey_type\n  ) AS journey_type,\n\n  json_build_object(\n    'id', s.id,\n    'name', s.name,\n    'telephone_number', s.telephone_number\n  ) AS subsidiary,\n\n  json_build_object(\n    'name', vt.name,\n    'background_color', vt.background_color,\n    'foreground_color', vt.foreground_color\n  ) AS vehicle_type,\n\n  json_build_object(\n    'id', pt.id,\n    'name', pt.name,\n    'background_color', pt.background_color,\n    'foreground_color', pt.foreground_color\n  ) AS payment_type,\n\n  json_build_object(\n    'id', a.id,\n    'name', a.name,\n    'background_color', a.background_color,\n    'foreground_color', a.foreground_color,\n    'has_vat', a.has_vat,\n    'bank_information', a.bank_information,\n    'fare_controller', a.fare_controller,\n    'account_fees_type', a.account_fees_type,\n    'account_fees', a.account_fees,\n    'account_fees_vat', a.account_fees_vat\n  ) AS account,\n\n  json_build_object(\n    'id', d.id,\n    'username', d.username,\n    'name', d.name,\n    'mobile_device_id', d.mobile_device_id,\n    'phc_vehicle_number', d.phc_vehicle_number,\n    'phc_driver_number', d.phc_driver_number,\n    'vehicle_id', d.vehicle_id,\n    'driver_commission', d.driver_commission,\n    'session_status', d.session_status,\n\n    'vehicle', json_build_object(\n      'make', v.make,\n      'model', v.model,\n      'color', v.color,\n      'vehicle_number', v.vehicle_number\n    )\n  ) AS driver,\n\n  json_build_object(\n    'door_number', c.door_number,\n    'address1', c.address1,\n    'address2', c.address2,\n    'blacklist', c.blacklist\n  ) AS customer,\n\n  json_build_object(\n    'username', e.username,\n    'role_id', e.role_id\n  ) AS employee,\n\n  json_build_object(\n    'pickup',\n    CASE\n      WHEN lp.id IS NOT NULL THEN\n        json_build_object(\n          'id', lp.id,\n          'name', lp.name,\n          'location_type', json_build_object(\n            'id', ltp.id,\n            'name', ltp.name,\n            'background_color', ltp.background_color,\n            'foreground_color', ltp.foreground_color\n          )\n        )\n      ELSE\n        json_build_object(\n          'id', null,\n          'name', null,\n          'location_type', json_build_object(\n            'id', null,\n            'name', null,\n            'background_color', null,\n            'foreground_color', null\n          )\n        )\n    END,\n\n    'dropoff',\n    CASE\n      WHEN ld.id IS NOT NULL THEN\n        json_build_object(\n          'id', ld.id,\n          'name', ld.name,\n          'location_type', json_build_object(\n            'id', ltd.id,\n            'name', ltd.name,\n            'background_color', ltd.background_color,\n            'foreground_color', ltd.foreground_color\n          )\n        )\n      ELSE\n        json_build_object(\n          'id', null,\n          'name', null,\n          'location_type', json_build_object(\n            'id', null,\n            'name', null,\n            'background_color', null,\n            'foreground_color', null\n          )\n        )\n    END\n  ) AS airport\n\nFROM bookings b\n\nLEFT JOIN booking_statuses bs\n  ON b.booking_status_id = bs.id\n\nLEFT JOIN booking_types bt\n  ON b.booking_type_id = bt.id\n\nLEFT JOIN journey_types jt\n  ON b.journey_type_id = jt.id\n\nLEFT JOIN subsidiaries s\n  ON b.subsidiary_id = s.id\n\nLEFT JOIN vehicle_types vt\n  ON b.vehicle_type_id = vt.id\n\nLEFT JOIN payment_types pt\n  ON b.payment_type_id = pt.id\n\nLEFT JOIN accounts a\n  ON b.account_id = a.id\n\nLEFT JOIN drivers d\n  ON b.driver_id = d.id\n\nLEFT JOIN vehicles v\n  ON d.vehicle_id = v.id\n\nLEFT JOIN customers c\n  ON b.customer_id = c.id\n\nLEFT JOIN employees e\n  ON b.employee_id = e.id\n\n\n-- PICKUP LOCATION\n-- Select only the most specific matching location\nLEFT JOIN LATERAL (\n  SELECT l.*\n  FROM locations l\n  WHERE l.location_type_id = 2\n    AND b.pickup ILIKE '%' || l.name || '%'\n  ORDER BY LENGTH(l.name) DESC, l.id ASC\n  LIMIT 1\n) lp ON true\n\n\n-- DROPOFF LOCATION\n-- Select only the most specific matching location\nLEFT JOIN LATERAL (\n  SELECT l.*\n  FROM locations l\n  WHERE l.location_type_id = 2\n    AND b.dropoff ILIKE '%' || l.name || '%'\n  ORDER BY LENGTH(l.name) DESC, l.id ASC\n  LIMIT 1\n) ld ON true\n\n\nLEFT JOIN location_types ltp\n  ON lp.location_type_id = ltp.id\n\nLEFT JOIN location_types ltd\n  ON ld.location_type_id = ltd.id\n\n\n    \n    WHERE b.trash = false AND \n      TO_DATE(b.pickup_date, 'YYYY-FMMM-FMDD')\n      >= TO_DATE($1, 'YYYY-MM-DD')\n     AND \n      TO_DATE(b.pickup_date, 'YYYY-FMMM-FMDD')\n      <= TO_DATE($2, 'YYYY-MM-DD')\n     AND TRIM(b.pickup_time)::time >= $3::time AND TRIM(b.pickup_time)::time <= $4::time AND b.booking_status_id = ANY($5::int[]) AND b.payment_type_id = ANY($6::int[]) AND b.driver_id = $7 AND b.pickup ILIKE $8 AND b.invoice_number ILIKE $9 AND bs.booking_status ILIKE $10 AND jt.journey_type ILIKE $11 AND vt.name ILIKE $12 AND b.fares::text ILIKE $13\n  \n    ORDER BY (\n        TO_DATE(b.pickup_date,'YYYY-FMMM-FMDD')\n        +\n        TRIM(b.pickup_time)::time\n      ) ASC\n    OFFSET $14\n    LIMIT $15\n  ","timestamp":"2026-08-18T18:13:48.120Z"}
{"level":"info","message":"GET /api/bookings/booking-statistics?from_date=2020-07-01&to_date=2026-07-20&from_time=00:00&to_time=23:59&pickup=Tn30,%20Ashford%20Road,%20St.%20Michaels,%20Tenterden%20TN30%206BT&payment_type_id=1,2,3,4&booking_status_id=1,3,4,5,6,8,10,12,13,14,15&sort_order=ASC&sort_by=datetime&driver_id=167&invoice_number=UL17809110643424&fare=213.59&journey_type=o/w&vehicle_type=indus&status_name=stc 200 25.311 ms","timestamp":"2026-08-18T18:13:48.122Z"}
{"duration":4,"level":"info","message":"db-query","rows":1,"text":"\n    SELECT COUNT(*) AS total\n    FROM bookings b\n    \n    LEFT JOIN vehicle_types vt ON b.vehicle_type_id = vt.id\n    LEFT JOIN journey_types jt ON b.journey_type_id = jt.id\n    LEFT JOIN accounts a ON b.account_id = a.id\n    LEFT JOIN payment_types pt ON b.payment_type_id = pt.id\n    LEFT JOIN drivers d ON b.driver_id = d.id\n    LEFT JOIN subsidiaries s ON b.subsidiary_id = s.id\n    LEFT JOIN booking_statuses bs ON b.booking_status_id = bs.id\n  \n    \n    WHERE b.trash = false AND \n      TO_DATE(b.pickup_date, 'YYYY-FMMM-FMDD')\n      >= TO_DATE($1, 'YYYY-MM-DD')\n     AND \n      TO_DATE(b.pickup_date, 'YYYY-FMMM-FMDD')\n      <= TO_DATE($2, 'YYYY-MM-DD')\n     AND TRIM(b.pickup_time)::time >= $3::time AND TRIM(b.pickup_time)::time <= $4::time AND b.booking_status_id = ANY($5::int[]) AND b.payment_type_id = ANY($6::int[]) AND b.driver_id = $7 AND b.pickup ILIKE $8 AND b.invoice_number ILIKE $9 AND jt.journey_type ILIKE $10 AND vt.name ILIKE $11 AND b.fares::text ILIKE $12\n  \n  ","timestamp":"2026-08-18T18:13:51.785Z"}
{"duration":3,"level":"info","message":"db-query","rows":1,"text":"\n    SELECT\n      COUNT(*) AS total_bookings,\n      COALESCE(SUM(b.fares), 0) AS total_earnings,\n      COALESCE(\n        SUM(\n          CASE\n            WHEN b.account_id IS NOT NULL\n            THEN b.fares\n            ELSE 0\n          END\n        ),\n        0\n      ) AS total_account_earnings\n    FROM bookings b\n    \n    LEFT JOIN vehicle_types vt ON b.vehicle_type_id = vt.id\n    LEFT JOIN journey_types jt ON b.journey_type_id = jt.id\n    LEFT JOIN accounts a ON b.account_id = a.id\n    LEFT JOIN payment_types pt ON b.payment_type_id = pt.id\n    LEFT JOIN drivers d ON b.driver_id = d.id\n    LEFT JOIN subsidiaries s ON b.subsidiary_id = s.id\n    LEFT JOIN booking_statuses bs ON b.booking_status_id = bs.id\n  \n    \n    WHERE b.trash = false AND \n      TO_DATE(b.pickup_date, 'YYYY-FMMM-FMDD')\n      >= TO_DATE($1, 'YYYY-MM-DD')\n     AND \n      TO_DATE(b.pickup_date, 'YYYY-FMMM-FMDD')\n      <= TO_DATE($2, 'YYYY-MM-DD')\n     AND TRIM(b.pickup_time)::time >= $3::time AND TRIM(b.pickup_time)::time <= $4::time AND b.booking_status_id = ANY($5::int[]) AND b.payment_type_id = ANY($6::int[]) AND b.driver_id = $7 AND b.pickup ILIKE $8 AND b.invoice_number ILIKE $9 AND jt.journey_type ILIKE $10 AND vt.name ILIKE $11 AND b.fares::text ILIKE $12\n  \n  ","timestamp":"2026-08-18T18:13:51.788Z"}
{"duration":17,"level":"info","message":"db-query","rows":0,"text":"\n    \nSELECT\n  b.id,\n  b.reference_number,\n  b.subsidiary_id,\n  b.booking_type_id,\n  b.booking_status_id,\n  b.journey_type_id,\n  b.account_id,\n  b.customer_id,\n  b.employee_id,\n  b.pickup,\n  b.dropoff,\n  b.pickup_date,\n  b.pickup_time,\n  b.dropoff_date,\n  b.dropoff_time,\n  b.pickup_door_number,\n  b.dropoff_door_number,\n  b.pickup_plot,\n  b.dropoff_plot,\n  b.pickup_location_type_id,\n  b.dropoff_location_type_id,\n  b.pickup_latitude,\n  b.pickup_longitude,\n  b.dropoff_latitude,\n  b.dropoff_longitude,\n  b.viapoints,\n  b.restricted_drivers,\n  b.flight_number,\n  b.arriving_from,\n  b.vehicle_type_id,\n  b.vehicle_id,\n  b.driver_id,\n  b.passengers,\n  b.luggages,\n  b.hand_luggages,\n  b.child_seat,\n  b.name,\n  b.email,\n  b.mobile,\n  b.telephone,\n  b.lead_time,\n  b.notes,\n  b.special_instructions,\n  b.payment_type_id,\n  b.company_price,\n  b.fares,\n  b.total_charges,\n  b.parking_charges,\n  b.waiting_charges,\n  b.extra_drop_charges,\n  b.credit_card_charges,\n  b.congestion_charges,\n  b.miles,\n  b.meet_and_greet,\n  b.department,\n  b.escort_id,\n  b.order_number,\n  b.booked_by,\n  b.add_return_fare,\n  b.fare_meter_status,\n  b.fare_meter,\n  b.quotation,\n  b.quoted,\n  b.dispatch,\n  b.dispatch_as,\n  b.sms,\n  b.emailflag,\n  b.trash,\n  b.hidden,\n  b.multi_booking_id,\n  b.associated_booking,\n  b.invoice_status,\n  b.commission_status,\n  b.commission,\n  b.skipped_bookings,\n  b.permanent,\n  b.toggle_driver_text,\n  b.toggle_passenger_text,\n  b.cancelled_reason,\n  b.booking_source,\n  b.on_route,\n  b.arrived,\n  b.passenger_on_board,\n  b.completed,\n  b.controller_completed,\n  b.driver_waiting_time,\n  b.dispatched_at,\n  b.booked_at,\n  b.stripe_customer_id,\n  b.stripe_payment_id,\n  b.invoice_number,\n  b.initial_subsidiary_id,\n  b.created_at,\n  b.updated_at,\n  b.eta,\n  b.fob,\n  b.future,\n\n  json_build_object(\n    'booking_status', bs.booking_status\n  ) AS booking_status,\n\n  json_build_object(\n    'booking_type', bt.booking_type\n  ) AS booking_type,\n\n  json_build_object(\n    'journey_type', jt.journey_type\n  ) AS journey_type,\n\n  json_build_object(\n    'id', s.id,\n    'name', s.name,\n    'telephone_number', s.telephone_number\n  ) AS subsidiary,\n\n  json_build_object(\n    'name', vt.name,\n    'background_color', vt.background_color,\n    'foreground_color', vt.foreground_color\n  ) AS vehicle_type,\n\n  json_build_object(\n    'id', pt.id,\n    'name', pt.name,\n    'background_color', pt.background_color,\n    'foreground_color', pt.foreground_color\n  ) AS payment_type,\n\n  json_build_object(\n    'id', a.id,\n    'name', a.name,\n    'background_color', a.background_color,\n    'foreground_color', a.foreground_color,\n    'has_vat', a.has_vat,\n    'bank_information', a.bank_information,\n    'fare_controller', a.fare_controller,\n    'account_fees_type', a.account_fees_type,\n    'account_fees', a.account_fees,\n    'account_fees_vat', a.account_fees_vat\n  ) AS account,\n\n  json_build_object(\n    'id', d.id,\n    'username', d.username,\n    'name', d.name,\n    'mobile_device_id', d.mobile_device_id,\n    'phc_vehicle_number', d.phc_vehicle_number,\n    'phc_driver_number', d.phc_driver_number,\n    'vehicle_id', d.vehicle_id,\n    'driver_commission', d.driver_commission,\n    'session_status', d.session_status,\n\n    'vehicle', json_build_object(\n      'make', v.make,\n      'model', v.model,\n      'color', v.color,\n      'vehicle_number', v.vehicle_number\n    )\n  ) AS driver,\n\n  json_build_object(\n    'door_number', c.door_number,\n    'address1', c.address1,\n    'address2', c.address2,\n    'blacklist', c.blacklist\n  ) AS customer,\n\n  json_build_object(\n    'username', e.username,\n    'role_id', e.role_id\n  ) AS employee,\n\n  json_build_object(\n    'pickup',\n    CASE\n      WHEN lp.id IS NOT NULL THEN\n        json_build_object(\n          'id', lp.id,\n          'name', lp.name,\n          'location_type', json_build_object(\n            'id', ltp.id,\n            'name', ltp.name,\n            'background_color', ltp.background_color,\n            'foreground_color', ltp.foreground_color\n          )\n        )\n      ELSE\n        json_build_object(\n          'id', null,\n          'name', null,\n          'location_type', json_build_object(\n            'id', null,\n            'name', null,\n            'background_color', null,\n            'foreground_color', null\n          )\n        )\n    END,\n\n    'dropoff',\n    CASE\n      WHEN ld.id IS NOT NULL THEN\n        json_build_object(\n          'id', ld.id,\n          'name', ld.name,\n          'location_type', json_build_object(\n            'id', ltd.id,\n            'name', ltd.name,\n            'background_color', ltd.background_color,\n            'foreground_color', ltd.foreground_color\n          )\n        )\n      ELSE\n        json_build_object(\n          'id', null,\n          'name', null,\n          'location_type', json_build_object(\n            'id', null,\n            'name', null,\n            'background_color', null,\n            'foreground_color', null\n          )\n        )\n    END\n  ) AS airport\n\nFROM bookings b\n\nLEFT JOIN booking_statuses bs\n  ON b.booking_status_id = bs.id\n\nLEFT JOIN booking_types bt\n  ON b.booking_type_id = bt.id\n\nLEFT JOIN journey_types jt\n  ON b.journey_type_id = jt.id\n\nLEFT JOIN subsidiaries s\n  ON b.subsidiary_id = s.id\n\nLEFT JOIN vehicle_types vt\n  ON b.vehicle_type_id = vt.id\n\nLEFT JOIN payment_types pt\n  ON b.payment_type_id = pt.id\n\nLEFT JOIN accounts a\n  ON b.account_id = a.id\n\nLEFT JOIN drivers d\n  ON b.driver_id = d.id\n\nLEFT JOIN vehicles v\n  ON d.vehicle_id = v.id\n\nLEFT JOIN customers c\n  ON b.customer_id = c.id\n\nLEFT JOIN employees e\n  ON b.employee_id = e.id\n\n\n-- PICKUP LOCATION\n-- Select only the most specific matching location\nLEFT JOIN LATERAL (\n  SELECT l.*\n  FROM locations l\n  WHERE l.location_type_id = 2\n    AND b.pickup ILIKE '%' || l.name || '%'\n  ORDER BY LENGTH(l.name) DESC, l.id ASC\n  LIMIT 1\n) lp ON true\n\n\n-- DROPOFF LOCATION\n-- Select only the most specific matching location\nLEFT JOIN LATERAL (\n  SELECT l.*\n  FROM locations l\n  WHERE l.location_type_id = 2\n    AND b.dropoff ILIKE '%' || l.name || '%'\n  ORDER BY LENGTH(l.name) DESC, l.id ASC\n  LIMIT 1\n) ld ON true\n\n\nLEFT JOIN location_types ltp\n  ON lp.location_type_id = ltp.id\n\nLEFT JOIN location_types ltd\n  ON ld.location_type_id = ltd.id\n\n\n    \n    WHERE b.trash = false AND \n      TO_DATE(b.pickup_date, 'YYYY-FMMM-FMDD')\n      >= TO_DATE($1, 'YYYY-MM-DD')\n     AND \n      TO_DATE(b.pickup_date, 'YYYY-FMMM-FMDD')\n      <= TO_DATE($2, 'YYYY-MM-DD')\n     AND TRIM(b.pickup_time)::time >= $3::time AND TRIM(b.pickup_time)::time <= $4::time AND b.booking_status_id = ANY($5::int[]) AND b.payment_type_id = ANY($6::int[]) AND b.driver_id = $7 AND b.pickup ILIKE $8 AND b.invoice_number ILIKE $9 AND jt.journey_type ILIKE $10 AND vt.name ILIKE $11 AND b.fares::text ILIKE $12\n  \n    ORDER BY (\n        TO_DATE(b.pickup_date,'YYYY-FMMM-FMDD')\n        +\n        TRIM(b.pickup_time)::time\n      ) ASC\n    OFFSET $13\n    LIMIT $14\n  ","timestamp":"2026-08-18T18:13:51.805Z"}
{"level":"info","message":"GET /api/bookings/booking-statistics?from_date=2020-07-01&to_date=2026-07-20&from_time=00:00&to_time=23:59&pickup=Tn30,%20Ashford%20Road,%20St.%20Michaels,%20Tenterden%20TN30%206BT&payment_type_id=1,2,3,4&booking_status_id=1,3,4,5,6,8,10,12,13,14,15&sort_order=ASC&sort_by=datetime&driver_id=167&invoice_number=UL17809110643424&fare=213.59&journey_type=o/w&vehicle_type=indus 200 25.209 ms","timestamp":"2026-08-18T18:13:51.807Z"}
{"duration":165,"level":"info","message":"db-query","rows":1,"text":"\n    SELECT COUNT(*) AS total\n    FROM bookings b\n    \n    LEFT JOIN vehicle_types vt ON b.vehicle_type_id = vt.id\n    LEFT JOIN journey_types jt ON b.journey_type_id = jt.id\n    LEFT JOIN accounts a ON b.account_id = a.id\n    LEFT JOIN payment_types pt ON b.payment_type_id = pt.id\n    LEFT JOIN drivers d ON b.driver_id = d.id\n    LEFT JOIN subsidiaries s ON b.subsidiary_id = s.id\n    LEFT JOIN booking_statuses bs ON b.booking_status_id = bs.id\n  \n    \n    WHERE b.trash = false AND \n      TO_DATE(b.pickup_date, 'YYYY-FMMM-FMDD')\n      >= TO_DATE($1, 'YYYY-MM-DD')\n     AND \n      TO_DATE(b.pickup_date, 'YYYY-FMMM-FMDD')\n      <= TO_DATE($2, 'YYYY-MM-DD')\n     AND TRIM(b.pickup_time)::time >= $3::time AND TRIM(b.pickup_time)::time <= $4::time AND b.booking_status_id = ANY($5::int[]) AND b.payment_type_id = ANY($6::int[]) AND b.driver_id = $7 AND b.pickup ILIKE $8 AND jt.journey_type ILIKE $9 AND vt.name ILIKE $10\n  \n  ","timestamp":"2026-08-18T18:14:04.844Z"}
{"duration":3,"level":"info","message":"db-query","rows":1,"text":"\n    SELECT\n      COUNT(*) AS total_bookings,\n      COALESCE(SUM(b.fares), 0) AS total_earnings,\n      COALESCE(\n        SUM(\n          CASE\n            WHEN b.account_id IS NOT NULL\n            THEN b.fares\n            ELSE 0\n          END\n        ),\n        0\n      ) AS total_account_earnings\n    FROM bookings b\n    \n    LEFT JOIN vehicle_types vt ON b.vehicle_type_id = vt.id\n    LEFT JOIN journey_types jt ON b.journey_type_id = jt.id\n    LEFT JOIN accounts a ON b.account_id = a.id\n    LEFT JOIN payment_types pt ON b.payment_type_id = pt.id\n    LEFT JOIN drivers d ON b.driver_id = d.id\n    LEFT JOIN subsidiaries s ON b.subsidiary_id = s.id\n    LEFT JOIN booking_statuses bs ON b.booking_status_id = bs.id\n  \n    \n    WHERE b.trash = false AND \n      TO_DATE(b.pickup_date, 'YYYY-FMMM-FMDD')\n      >= TO_DATE($1, 'YYYY-MM-DD')\n     AND \n      TO_DATE(b.pickup_date, 'YYYY-FMMM-FMDD')\n      <= TO_DATE($2, 'YYYY-MM-DD')\n     AND TRIM(b.pickup_time)::time >= $3::time AND TRIM(b.pickup_time)::time <= $4::time AND b.booking_status_id = ANY($5::int[]) AND b.payment_type_id = ANY($6::int[]) AND b.driver_id = $7 AND b.pickup ILIKE $8 AND jt.journey_type ILIKE $9 AND vt.name ILIKE $10\n  \n  ","timestamp":"2026-08-18T18:14:04.847Z"}
{"duration":30,"level":"info","message":"db-query","rows":2,"text":"\n    \nSELECT\n  b.id,\n  b.reference_number,\n  b.subsidiary_id,\n  b.booking_type_id,\n  b.booking_status_id,\n  b.journey_type_id,\n  b.account_id,\n  b.customer_id,\n  b.employee_id,\n  b.pickup,\n  b.dropoff,\n  b.pickup_date,\n  b.pickup_time,\n  b.dropoff_date,\n  b.dropoff_time,\n  b.pickup_door_number,\n  b.dropoff_door_number,\n  b.pickup_plot,\n  b.dropoff_plot,\n  b.pickup_location_type_id,\n  b.dropoff_location_type_id,\n  b.pickup_latitude,\n  b.pickup_longitude,\n  b.dropoff_latitude,\n  b.dropoff_longitude,\n  b.viapoints,\n  b.restricted_drivers,\n  b.flight_number,\n  b.arriving_from,\n  b.vehicle_type_id,\n  b.vehicle_id,\n  b.driver_id,\n  b.passengers,\n  b.luggages,\n  b.hand_luggages,\n  b.child_seat,\n  b.name,\n  b.email,\n  b.mobile,\n  b.telephone,\n  b.lead_time,\n  b.notes,\n  b.special_instructions,\n  b.payment_type_id,\n  b.company_price,\n  b.fares,\n  b.total_charges,\n  b.parking_charges,\n  b.waiting_charges,\n  b.extra_drop_charges,\n  b.credit_card_charges,\n  b.congestion_charges,\n  b.miles,\n  b.meet_and_greet,\n  b.department,\n  b.escort_id,\n  b.order_number,\n  b.booked_by,\n  b.add_return_fare,\n  b.fare_meter_status,\n  b.fare_meter,\n  b.quotation,\n  b.quoted,\n  b.dispatch,\n  b.dispatch_as,\n  b.sms,\n  b.emailflag,\n  b.trash,\n  b.hidden,\n  b.multi_booking_id,\n  b.associated_booking,\n  b.invoice_status,\n  b.commission_status,\n  b.commission,\n  b.skipped_bookings,\n  b.permanent,\n  b.toggle_driver_text,\n  b.toggle_passenger_text,\n  b.cancelled_reason,\n  b.booking_source,\n  b.on_route,\n  b.arrived,\n  b.passenger_on_board,\n  b.completed,\n  b.controller_completed,\n  b.driver_waiting_time,\n  b.dispatched_at,\n  b.booked_at,\n  b.stripe_customer_id,\n  b.stripe_payment_id,\n  b.invoice_number,\n  b.initial_subsidiary_id,\n  b.created_at,\n  b.updated_at,\n  b.eta,\n  b.fob,\n  b.future,\n\n  json_build_object(\n    'booking_status', bs.booking_status\n  ) AS booking_status,\n\n  json_build_object(\n    'booking_type', bt.booking_type\n  ) AS booking_type,\n\n  json_build_object(\n    'journey_type', jt.journey_type\n  ) AS journey_type,\n\n  json_build_object(\n    'id', s.id,\n    'name', s.name,\n    'telephone_number', s.telephone_number\n  ) AS subsidiary,\n\n  json_build_object(\n    'name', vt.name,\n    'background_color', vt.background_color,\n    'foreground_color', vt.foreground_color\n  ) AS vehicle_type,\n\n  json_build_object(\n    'id', pt.id,\n    'name', pt.name,\n    'background_color', pt.background_color,\n    'foreground_color', pt.foreground_color\n  ) AS payment_type,\n\n  json_build_object(\n    'id', a.id,\n    'name', a.name,\n    'background_color', a.background_color,\n    'foreground_color', a.foreground_color,\n    'has_vat', a.has_vat,\n    'bank_information', a.bank_information,\n    'fare_controller', a.fare_controller,\n    'account_fees_type', a.account_fees_type,\n    'account_fees', a.account_fees,\n    'account_fees_vat', a.account_fees_vat\n  ) AS account,\n\n  json_build_object(\n    'id', d.id,\n    'username', d.username,\n    'name', d.name,\n    'mobile_device_id', d.mobile_device_id,\n    'phc_vehicle_number', d.phc_vehicle_number,\n    'phc_driver_number', d.phc_driver_number,\n    'vehicle_id', d.vehicle_id,\n    'driver_commission', d.driver_commission,\n    'session_status', d.session_status,\n\n    'vehicle', json_build_object(\n      'make', v.make,\n      'model', v.model,\n      'color', v.color,\n      'vehicle_number', v.vehicle_number\n    )\n  ) AS driver,\n\n  json_build_object(\n    'door_number', c.door_number,\n    'address1', c.address1,\n    'address2', c.address2,\n    'blacklist', c.blacklist\n  ) AS customer,\n\n  json_build_object(\n    'username', e.username,\n    'role_id', e.role_id\n  ) AS employee,\n\n  json_build_object(\n    'pickup',\n    CASE\n      WHEN lp.id IS NOT NULL THEN\n        json_build_object(\n          'id', lp.id,\n          'name', lp.name,\n          'location_type', json_build_object(\n            'id', ltp.id,\n            'name', ltp.name,\n            'background_color', ltp.background_color,\n            'foreground_color', ltp.foreground_color\n          )\n        )\n      ELSE\n        json_build_object(\n          'id', null,\n          'name', null,\n          'location_type', json_build_object(\n            'id', null,\n            'name', null,\n            'background_color', null,\n            'foreground_color', null\n          )\n        )\n    END,\n\n    'dropoff',\n    CASE\n      WHEN ld.id IS NOT NULL THEN\n        json_build_object(\n          'id', ld.id,\n          'name', ld.name,\n          'location_type', json_build_object(\n            'id', ltd.id,\n            'name', ltd.name,\n            'background_color', ltd.background_color,\n            'foreground_color', ltd.foreground_color\n          )\n        )\n      ELSE\n        json_build_object(\n          'id', null,\n          'name', null,\n          'location_type', json_build_object(\n            'id', null,\n            'name', null,\n            'background_color', null,\n            'foreground_color', null\n          )\n        )\n    END\n  ) AS airport\n\nFROM bookings b\n\nLEFT JOIN booking_statuses bs\n  ON b.booking_status_id = bs.id\n\nLEFT JOIN booking_types bt\n  ON b.booking_type_id = bt.id\n\nLEFT JOIN journey_types jt\n  ON b.journey_type_id = jt.id\n\nLEFT JOIN subsidiaries s\n  ON b.subsidiary_id = s.id\n\nLEFT JOIN vehicle_types vt\n  ON b.vehicle_type_id = vt.id\n\nLEFT JOIN payment_types pt\n  ON b.payment_type_id = pt.id\n\nLEFT JOIN accounts a\n  ON b.account_id = a.id\n\nLEFT JOIN drivers d\n  ON b.driver_id = d.id\n\nLEFT JOIN vehicles v\n  ON d.vehicle_id = v.id\n\nLEFT JOIN customers c\n  ON b.customer_id = c.id\n\nLEFT JOIN employees e\n  ON b.employee_id = e.id\n\n\n-- PICKUP LOCATION\n-- Select only the most specific matching location\nLEFT JOIN LATERAL (\n  SELECT l.*\n  FROM locations l\n  WHERE l.location_type_id = 2\n    AND b.pickup ILIKE '%' || l.name || '%'\n  ORDER BY LENGTH(l.name) DESC, l.id ASC\n  LIMIT 1\n) lp ON true\n\n\n-- DROPOFF LOCATION\n-- Select only the most specific matching location\nLEFT JOIN LATERAL (\n  SELECT l.*\n  FROM locations l\n  WHERE l.location_type_id = 2\n    AND b.dropoff ILIKE '%' || l.name || '%'\n  ORDER BY LENGTH(l.name) DESC, l.id ASC\n  LIMIT 1\n) ld ON true\n\n\nLEFT JOIN location_types ltp\n  ON lp.location_type_id = ltp.id\n\nLEFT JOIN location_types ltd\n  ON ld.location_type_id = ltd.id\n\n\n    \n    WHERE b.trash = false AND \n      TO_DATE(b.pickup_date, 'YYYY-FMMM-FMDD')\n      >= TO_DATE($1, 'YYYY-MM-DD')\n     AND \n      TO_DATE(b.pickup_date, 'YYYY-FMMM-FMDD')\n      <= TO_DATE($2, 'YYYY-MM-DD')\n     AND TRIM(b.pickup_time)::time >= $3::time AND TRIM(b.pickup_time)::time <= $4::time AND b.booking_status_id = ANY($5::int[]) AND b.payment_type_id = ANY($6::int[]) AND b.driver_id = $7 AND b.pickup ILIKE $8 AND jt.journey_type ILIKE $9 AND vt.name ILIKE $10\n  \n    ORDER BY (\n        TO_DATE(b.pickup_date,'YYYY-FMMM-FMDD')\n        +\n        TRIM(b.pickup_time)::time\n      ) ASC\n    OFFSET $11\n    LIMIT $12\n  ","timestamp":"2026-08-18T18:14:04.878Z"}
{"level":"info","message":"GET /api/bookings/booking-statistics?from_date=2020-07-01&to_date=2026-07-20&from_time=00:00&to_time=23:59&pickup=Tn30,%20Ashford%20Road,%20St.%20Michaels,%20Tenterden%20TN30%206BT&payment_type_id=1,2,3,4&booking_status_id=1,3,4,5,6,8,10,12,13,14,15&sort_order=ASC&sort_by=datetime&driver_id=167&journey_type=o/w&vehicle_type=indus 200 200.148 ms","timestamp":"2026-08-18T18:14:04.880Z"}
{"duration":178,"level":"info","message":"db-query","rows":1,"text":"\n    SELECT COUNT(*) AS total\n    FROM bookings b\n    \n    LEFT JOIN vehicle_types vt ON b.vehicle_type_id = vt.id\n    LEFT JOIN journey_types jt ON b.journey_type_id = jt.id\n    LEFT JOIN accounts a ON b.account_id = a.id\n    LEFT JOIN payment_types pt ON b.payment_type_id = pt.id\n    LEFT JOIN drivers d ON b.driver_id = d.id\n    LEFT JOIN subsidiaries s ON b.subsidiary_id = s.id\n    LEFT JOIN booking_statuses bs ON b.booking_status_id = bs.id\n  \n    \n    WHERE b.trash = false AND \n      TO_DATE(b.pickup_date, 'YYYY-FMMM-FMDD')\n      >= TO_DATE($1, 'YYYY-MM-DD')\n     AND \n      TO_DATE(b.pickup_date, 'YYYY-FMMM-FMDD')\n      <= TO_DATE($2, 'YYYY-MM-DD')\n     AND TRIM(b.pickup_time)::time >= $3::time AND TRIM(b.pickup_time)::time <= $4::time AND b.booking_status_id = ANY($5::int[]) AND b.payment_type_id = ANY($6::int[]) AND b.driver_id = $7 AND b.pickup ILIKE $8\n  \n  ","timestamp":"2026-08-18T18:14:15.177Z"}
{"duration":3,"level":"info","message":"db-query","rows":1,"text":"\n    SELECT\n      COUNT(*) AS total_bookings,\n      COALESCE(SUM(b.fares), 0) AS total_earnings,\n      COALESCE(\n        SUM(\n          CASE\n            WHEN b.account_id IS NOT NULL\n            THEN b.fares\n            ELSE 0\n          END\n        ),\n        0\n      ) AS total_account_earnings\n    FROM bookings b\n    \n    LEFT JOIN vehicle_types vt ON b.vehicle_type_id = vt.id\n    LEFT JOIN journey_types jt ON b.journey_type_id = jt.id\n    LEFT JOIN accounts a ON b.account_id = a.id\n    LEFT JOIN payment_types pt ON b.payment_type_id = pt.id\n    LEFT JOIN drivers d ON b.driver_id = d.id\n    LEFT JOIN subsidiaries s ON b.subsidiary_id = s.id\n    LEFT JOIN booking_statuses bs ON b.booking_status_id = bs.id\n  \n    \n    WHERE b.trash = false AND \n      TO_DATE(b.pickup_date, 'YYYY-FMMM-FMDD')\n      >= TO_DATE($1, 'YYYY-MM-DD')\n     AND \n      TO_DATE(b.pickup_date, 'YYYY-FMMM-FMDD')\n      <= TO_DATE($2, 'YYYY-MM-DD')\n     AND TRIM(b.pickup_time)::time >= $3::time AND TRIM(b.pickup_time)::time <= $4::time AND b.booking_status_id = ANY($5::int[]) AND b.payment_type_id = ANY($6::int[]) AND b.driver_id = $7 AND b.pickup ILIKE $8\n  \n  ","timestamp":"2026-08-18T18:14:15.180Z"}
{"duration":33,"level":"info","message":"db-query","rows":16,"text":"\n    \nSELECT\n  b.id,\n  b.reference_number,\n  b.subsidiary_id,\n  b.booking_type_id,\n  b.booking_status_id,\n  b.journey_type_id,\n  b.account_id,\n  b.customer_id,\n  b.employee_id,\n  b.pickup,\n  b.dropoff,\n  b.pickup_date,\n  b.pickup_time,\n  b.dropoff_date,\n  b.dropoff_time,\n  b.pickup_door_number,\n  b.dropoff_door_number,\n  b.pickup_plot,\n  b.dropoff_plot,\n  b.pickup_location_type_id,\n  b.dropoff_location_type_id,\n  b.pickup_latitude,\n  b.pickup_longitude,\n  b.dropoff_latitude,\n  b.dropoff_longitude,\n  b.viapoints,\n  b.restricted_drivers,\n  b.flight_number,\n  b.arriving_from,\n  b.vehicle_type_id,\n  b.vehicle_id,\n  b.driver_id,\n  b.passengers,\n  b.luggages,\n  b.hand_luggages,\n  b.child_seat,\n  b.name,\n  b.email,\n  b.mobile,\n  b.telephone,\n  b.lead_time,\n  b.notes,\n  b.special_instructions,\n  b.payment_type_id,\n  b.company_price,\n  b.fares,\n  b.total_charges,\n  b.parking_charges,\n  b.waiting_charges,\n  b.extra_drop_charges,\n  b.credit_card_charges,\n  b.congestion_charges,\n  b.miles,\n  b.meet_and_greet,\n  b.department,\n  b.escort_id,\n  b.order_number,\n  b.booked_by,\n  b.add_return_fare,\n  b.fare_meter_status,\n  b.fare_meter,\n  b.quotation,\n  b.quoted,\n  b.dispatch,\n  b.dispatch_as,\n  b.sms,\n  b.emailflag,\n  b.trash,\n  b.hidden,\n  b.multi_booking_id,\n  b.associated_booking,\n  b.invoice_status,\n  b.commission_status,\n  b.commission,\n  b.skipped_bookings,\n  b.permanent,\n  b.toggle_driver_text,\n  b.toggle_passenger_text,\n  b.cancelled_reason,\n  b.booking_source,\n  b.on_route,\n  b.arrived,\n  b.passenger_on_board,\n  b.completed,\n  b.controller_completed,\n  b.driver_waiting_time,\n  b.dispatched_at,\n  b.booked_at,\n  b.stripe_customer_id,\n  b.stripe_payment_id,\n  b.invoice_number,\n  b.initial_subsidiary_id,\n  b.created_at,\n  b.updated_at,\n  b.eta,\n  b.fob,\n  b.future,\n\n  json_build_object(\n    'booking_status', bs.booking_status\n  ) AS booking_status,\n\n  json_build_object(\n    'booking_type', bt.booking_type\n  ) AS booking_type,\n\n  json_build_object(\n    'journey_type', jt.journey_type\n  ) AS journey_type,\n\n  json_build_object(\n    'id', s.id,\n    'name', s.name,\n    'telephone_number', s.telephone_number\n  ) AS subsidiary,\n\n  json_build_object(\n    'name', vt.name,\n    'background_color', vt.background_color,\n    'foreground_color', vt.foreground_color\n  ) AS vehicle_type,\n\n  json_build_object(\n    'id', pt.id,\n    'name', pt.name,\n    'background_color', pt.background_color,\n    'foreground_color', pt.foreground_color\n  ) AS payment_type,\n\n  json_build_object(\n    'id', a.id,\n    'name', a.name,\n    'background_color', a.background_color,\n    'foreground_color', a.foreground_color,\n    'has_vat', a.has_vat,\n    'bank_information', a.bank_information,\n    'fare_controller', a.fare_controller,\n    'account_fees_type', a.account_fees_type,\n    'account_fees', a.account_fees,\n    'account_fees_vat', a.account_fees_vat\n  ) AS account,\n\n  json_build_object(\n    'id', d.id,\n    'username', d.username,\n    'name', d.name,\n    'mobile_device_id', d.mobile_device_id,\n    'phc_vehicle_number', d.phc_vehicle_number,\n    'phc_driver_number', d.phc_driver_number,\n    'vehicle_id', d.vehicle_id,\n    'driver_commission', d.driver_commission,\n    'session_status', d.session_status,\n\n    'vehicle', json_build_object(\n      'make', v.make,\n      'model', v.model,\n      'color', v.color,\n      'vehicle_number', v.vehicle_number\n    )\n  ) AS driver,\n\n  json_build_object(\n    'door_number', c.door_number,\n    'address1', c.address1,\n    'address2', c.address2,\n    'blacklist', c.blacklist\n  ) AS customer,\n\n  json_build_object(\n    'username', e.username,\n    'role_id', e.role_id\n  ) AS employee,\n\n  json_build_object(\n    'pickup',\n    CASE\n      WHEN lp.id IS NOT NULL THEN\n        json_build_object(\n          'id', lp.id,\n          'name', lp.name,\n          'location_type', json_build_object(\n            'id', ltp.id,\n            'name', ltp.name,\n            'background_color', ltp.background_color,\n            'foreground_color', ltp.foreground_color\n          )\n        )\n      ELSE\n        json_build_object(\n          'id', null,\n          'name', null,\n          'location_type', json_build_object(\n            'id', null,\n            'name', null,\n            'background_color', null,\n            'foreground_color', null\n          )\n        )\n    END,\n\n    'dropoff',\n    CASE\n      WHEN ld.id IS NOT NULL THEN\n        json_build_object(\n          'id', ld.id,\n          'name', ld.name,\n          'location_type', json_build_object(\n            'id', ltd.id,\n            'name', ltd.name,\n            'background_color', ltd.background_color,\n            'foreground_color', ltd.foreground_color\n          )\n        )\n      ELSE\n        json_build_object(\n          'id', null,\n          'name', null,\n          'location_type', json_build_object(\n            'id', null,\n            'name', null,\n            'background_color', null,\n            'foreground_color', null\n          )\n        )\n    END\n  ) AS airport\n\nFROM bookings b\n\nLEFT JOIN booking_statuses bs\n  ON b.booking_status_id = bs.id\n\nLEFT JOIN booking_types bt\n  ON b.booking_type_id = bt.id\n\nLEFT JOIN journey_types jt\n  ON b.journey_type_id = jt.id\n\nLEFT JOIN subsidiaries s\n  ON b.subsidiary_id = s.id\n\nLEFT JOIN vehicle_types vt\n  ON b.vehicle_type_id = vt.id\n\nLEFT JOIN payment_types pt\n  ON b.payment_type_id = pt.id\n\nLEFT JOIN accounts a\n  ON b.account_id = a.id\n\nLEFT JOIN drivers d\n  ON b.driver_id = d.id\n\nLEFT JOIN vehicles v\n  ON d.vehicle_id = v.id\n\nLEFT JOIN customers c\n  ON b.customer_id = c.id\n\nLEFT JOIN employees e\n  ON b.employee_id = e.id\n\n\n-- PICKUP LOCATION\n-- Select only the most specific matching location\nLEFT JOIN LATERAL (\n  SELECT l.*\n  FROM locations l\n  WHERE l.location_type_id = 2\n    AND b.pickup ILIKE '%' || l.name || '%'\n  ORDER BY LENGTH(l.name) DESC, l.id ASC\n  LIMIT 1\n) lp ON true\n\n\n-- DROPOFF LOCATION\n-- Select only the most specific matching location\nLEFT JOIN LATERAL (\n  SELECT l.*\n  FROM locations l\n  WHERE l.location_type_id = 2\n    AND b.dropoff ILIKE '%' || l.name || '%'\n  ORDER BY LENGTH(l.name) DESC, l.id ASC\n  LIMIT 1\n) ld ON true\n\n\nLEFT JOIN location_types ltp\n  ON lp.location_type_id = ltp.id\n\nLEFT JOIN location_types ltd\n  ON ld.location_type_id = ltd.id\n\n\n    \n    WHERE b.trash = false AND \n      TO_DATE(b.pickup_date, 'YYYY-FMMM-FMDD')\n      >= TO_DATE($1, 'YYYY-MM-DD')\n     AND \n      TO_DATE(b.pickup_date, 'YYYY-FMMM-FMDD')\n      <= TO_DATE($2, 'YYYY-MM-DD')\n     AND TRIM(b.pickup_time)::time >= $3::time AND TRIM(b.pickup_time)::time <= $4::time AND b.booking_status_id = ANY($5::int[]) AND b.payment_type_id = ANY($6::int[]) AND b.driver_id = $7 AND b.pickup ILIKE $8\n  \n    ORDER BY (\n        TO_DATE(b.pickup_date,'YYYY-FMMM-FMDD')\n        +\n        TRIM(b.pickup_time)::time\n      ) ASC\n    OFFSET $9\n    LIMIT $10\n  ","timestamp":"2026-08-18T18:14:15.213Z"}
{"level":"info","message":"GET /api/bookings/booking-statistics?from_date=2020-07-01&to_date=2026-07-20&from_time=00:00&to_time=23:59&pickup=Tn30,%20Ashford%20Road,%20St.%20Michaels,%20Tenterden%20TN30%206BT&payment_type_id=1,2,3,4&booking_status_id=1,3,4,5,6,8,10,12,13,14,15&sort_order=ASC&sort_by=datetime&driver_id=167 200 216.809 ms","timestamp":"2026-08-18T18:14:15.216Z"}
{"duration":11,"level":"info","message":"db-query","rows":26,"text":"SELECT * FROM location_types","timestamp":"2026-08-18T18:14:31.341Z"}
{"level":"info","message":"GET /api/location-types 200 19.502 ms","timestamp":"2026-08-18T18:14:31.349Z"}
{"duration":162,"level":"info","message":"db-query","rows":26,"text":"SELECT * FROM location_types","timestamp":"2026-08-18T18:14:31.497Z"}
{"level":"info","message":"GET /api/location-types 200 165.991 ms","timestamp":"2026-08-18T18:14:31.502Z"}
{"duration":5,"level":"info","message":"db-query","rows":26,"text":"SELECT * FROM location_types","timestamp":"2026-08-18T18:14:49.527Z"}
{"level":"info","message":"GET /api/location-types 200 13.526 ms","timestamp":"2026-08-18T18:14:49.535Z"}
{"duration":59,"level":"info","message":"db-query","rows":26,"text":"SELECT * FROM location_types","timestamp":"2026-08-18T18:14:49.583Z"}
{"level":"info","message":"GET /api/location-types 200 61.494 ms","timestamp":"2026-08-18T18:14:49.585Z"}
{"duration":5,"level":"info","message":"db-query","rows":26,"text":"SELECT * FROM location_types","timestamp":"2026-08-18T18:14:58.811Z"}
{"level":"info","message":"GET /api/location-types 200 12.994 ms","timestamp":"2026-08-18T18:14:58.819Z"}
{"duration":55,"level":"info","message":"db-query","rows":26,"text":"SELECT * FROM location_types","timestamp":"2026-08-18T18:14:58.862Z"}
{"level":"info","message":"GET /api/location-types 200 56.270 ms","timestamp":"2026-08-18T18:14:58.863Z"}
{"duration":6,"level":"info","message":"db-query","rows":26,"text":"SELECT * FROM location_types","timestamp":"2026-08-18T18:15:09.088Z"}
{"level":"info","message":"GET /api/location-types 200 11.601 ms","timestamp":"2026-08-18T18:15:09.095Z"}
{"duration":53,"level":"info","message":"db-query","rows":26,"text":"SELECT * FROM location_types","timestamp":"2026-08-18T18:15:09.137Z"}
{"level":"info","message":"GET /api/location-types 200 53.965 ms","timestamp":"2026-08-18T18:15:09.139Z"}
{"duration":24,"level":"info","message":"db-query","rows":1,"text":"\n    SELECT COUNT(*) AS total\n    FROM bookings b\n    \n    LEFT JOIN vehicle_types vt ON b.vehicle_type_id = vt.id\n    LEFT JOIN journey_types jt ON b.journey_type_id = jt.id\n    LEFT JOIN accounts a ON b.account_id = a.id\n    LEFT JOIN payment_types pt ON b.payment_type_id = pt.id\n    LEFT JOIN drivers d ON b.driver_id = d.id\n    LEFT JOIN subsidiaries s ON b.subsidiary_id = s.id\n    LEFT JOIN booking_statuses bs ON b.booking_status_id = bs.id\n  \n    \n    WHERE b.trash = false AND \n      TO_DATE(b.pickup_date, 'YYYY-FMMM-FMDD')\n      >= TO_DATE($1, 'YYYY-MM-DD')\n     AND \n      TO_DATE(b.pickup_date, 'YYYY-FMMM-FMDD')\n      <= TO_DATE($2, 'YYYY-MM-DD')\n     AND TRIM(b.pickup_time)::time >= $3::time AND TRIM(b.pickup_time)::time <= $4::time AND b.booking_status_id = ANY($5::int[]) AND b.payment_type_id = ANY($6::int[]) AND b.driver_id = $7 AND b.pickup ILIKE $8\n  \n  ","timestamp":"2026-08-18T18:15:10.121Z"}
{"duration":3,"level":"info","message":"db-query","rows":1,"text":"\n    SELECT\n      COUNT(*) AS total_bookings,\n      COALESCE(SUM(b.fares), 0) AS total_earnings,\n      COALESCE(\n        SUM(\n          CASE\n            WHEN b.account_id IS NOT NULL\n            THEN b.fares\n            ELSE 0\n          END\n        ),\n        0\n      ) AS total_account_earnings\n    FROM bookings b\n    \n    LEFT JOIN vehicle_types vt ON b.vehicle_type_id = vt.id\n    LEFT JOIN journey_types jt ON b.journey_type_id = jt.id\n    LEFT JOIN accounts a ON b.account_id = a.id\n    LEFT JOIN payment_types pt ON b.payment_type_id = pt.id\n    LEFT JOIN drivers d ON b.driver_id = d.id\n    LEFT JOIN subsidiaries s ON b.subsidiary_id = s.id\n    LEFT JOIN booking_statuses bs ON b.booking_status_id = bs.id\n  \n    \n    WHERE b.trash = false AND \n      TO_DATE(b.pickup_date, 'YYYY-FMMM-FMDD')\n      >= TO_DATE($1, 'YYYY-MM-DD')\n     AND \n      TO_DATE(b.pickup_date, 'YYYY-FMMM-FMDD')\n      <= TO_DATE($2, 'YYYY-MM-DD')\n     AND TRIM(b.pickup_time)::time >= $3::time AND TRIM(b.pickup_time)::time <= $4::time AND b.booking_status_id = ANY($5::int[]) AND b.payment_type_id = ANY($6::int[]) AND b.driver_id = $7 AND b.pickup ILIKE $8\n  \n  ","timestamp":"2026-08-18T18:15:10.124Z"}
{"duration":33,"level":"info","message":"db-query","rows":16,"text":"\n    \nSELECT\n  b.id,\n  b.reference_number,\n  b.subsidiary_id,\n  b.booking_type_id,\n  b.booking_status_id,\n  b.journey_type_id,\n  b.account_id,\n  b.customer_id,\n  b.employee_id,\n  b.pickup,\n  b.dropoff,\n  b.pickup_date,\n  b.pickup_time,\n  b.dropoff_date,\n  b.dropoff_time,\n  b.pickup_door_number,\n  b.dropoff_door_number,\n  b.pickup_plot,\n  b.dropoff_plot,\n  b.pickup_location_type_id,\n  b.dropoff_location_type_id,\n  b.pickup_latitude,\n  b.pickup_longitude,\n  b.dropoff_latitude,\n  b.dropoff_longitude,\n  b.viapoints,\n  b.restricted_drivers,\n  b.flight_number,\n  b.arriving_from,\n  b.vehicle_type_id,\n  b.vehicle_id,\n  b.driver_id,\n  b.passengers,\n  b.luggages,\n  b.hand_luggages,\n  b.child_seat,\n  b.name,\n  b.email,\n  b.mobile,\n  b.telephone,\n  b.lead_time,\n  b.notes,\n  b.special_instructions,\n  b.payment_type_id,\n  b.company_price,\n  b.fares,\n  b.total_charges,\n  b.parking_charges,\n  b.waiting_charges,\n  b.extra_drop_charges,\n  b.credit_card_charges,\n  b.congestion_charges,\n  b.miles,\n  b.meet_and_greet,\n  b.department,\n  b.escort_id,\n  b.order_number,\n  b.booked_by,\n  b.add_return_fare,\n  b.fare_meter_status,\n  b.fare_meter,\n  b.quotation,\n  b.quoted,\n  b.dispatch,\n  b.dispatch_as,\n  b.sms,\n  b.emailflag,\n  b.trash,\n  b.hidden,\n  b.multi_booking_id,\n  b.associated_booking,\n  b.invoice_status,\n  b.commission_status,\n  b.commission,\n  b.skipped_bookings,\n  b.permanent,\n  b.toggle_driver_text,\n  b.toggle_passenger_text,\n  b.cancelled_reason,\n  b.booking_source,\n  b.on_route,\n  b.arrived,\n  b.passenger_on_board,\n  b.completed,\n  b.controller_completed,\n  b.driver_waiting_time,\n  b.dispatched_at,\n  b.booked_at,\n  b.stripe_customer_id,\n  b.stripe_payment_id,\n  b.invoice_number,\n  b.initial_subsidiary_id,\n  b.created_at,\n  b.updated_at,\n  b.eta,\n  b.fob,\n  b.future,\n\n  json_build_object(\n    'booking_status', bs.booking_status\n  ) AS booking_status,\n\n  json_build_object(\n    'booking_type', bt.booking_type\n  ) AS booking_type,\n\n  json_build_object(\n    'journey_type', jt.journey_type\n  ) AS journey_type,\n\n  json_build_object(\n    'id', s.id,\n    'name', s.name,\n    'telephone_number', s.telephone_number\n  ) AS subsidiary,\n\n  json_build_object(\n    'name', vt.name,\n    'background_color', vt.background_color,\n    'foreground_color', vt.foreground_color\n  ) AS vehicle_type,\n\n  json_build_object(\n    'id', pt.id,\n    'name', pt.name,\n    'background_color', pt.background_color,\n    'foreground_color', pt.foreground_color\n  ) AS payment_type,\n\n  json_build_object(\n    'id', a.id,\n    'name', a.name,\n    'background_color', a.background_color,\n    'foreground_color', a.foreground_color,\n    'has_vat', a.has_vat,\n    'bank_information', a.bank_information,\n    'fare_controller', a.fare_controller,\n    'account_fees_type', a.account_fees_type,\n    'account_fees', a.account_fees,\n    'account_fees_vat', a.account_fees_vat\n  ) AS account,\n\n  json_build_object(\n    'id', d.id,\n    'username', d.username,\n    'name', d.name,\n    'mobile_device_id', d.mobile_device_id,\n    'phc_vehicle_number', d.phc_vehicle_number,\n    'phc_driver_number', d.phc_driver_number,\n    'vehicle_id', d.vehicle_id,\n    'driver_commission', d.driver_commission,\n    'session_status', d.session_status,\n\n    'vehicle', json_build_object(\n      'make', v.make,\n      'model', v.model,\n      'color', v.color,\n      'vehicle_number', v.vehicle_number\n    )\n  ) AS driver,\n\n  json_build_object(\n    'door_number', c.door_number,\n    'address1', c.address1,\n    'address2', c.address2,\n    'blacklist', c.blacklist\n  ) AS customer,\n\n  json_build_object(\n    'username', e.username,\n    'role_id', e.role_id\n  ) AS employee,\n\n  json_build_object(\n    'pickup',\n    CASE\n      WHEN lp.id IS NOT NULL THEN\n        json_build_object(\n          'id', lp.id,\n          'name', lp.name,\n          'location_type', json_build_object(\n            'id', ltp.id,\n            'name', ltp.name,\n            'background_color', ltp.background_color,\n            'foreground_color', ltp.foreground_color\n          )\n        )\n      ELSE\n        json_build_object(\n          'id', null,\n          'name', null,\n          'location_type', json_build_object(\n            'id', null,\n            'name', null,\n            'background_color', null,\n            'foreground_color', null\n          )\n        )\n    END,\n\n    'dropoff',\n    CASE\n      WHEN ld.id IS NOT NULL THEN\n        json_build_object(\n          'id', ld.id,\n          'name', ld.name,\n          'location_type', json_build_object(\n            'id', ltd.id,\n            'name', ltd.name,\n            'background_color', ltd.background_color,\n            'foreground_color', ltd.foreground_color\n          )\n        )\n      ELSE\n        json_build_object(\n          'id', null,\n          'name', null,\n          'location_type', json_build_object(\n            'id', null,\n            'name', null,\n            'background_color', null,\n            'foreground_color', null\n          )\n        )\n    END\n  ) AS airport\n\nFROM bookings b\n\nLEFT JOIN booking_statuses bs\n  ON b.booking_status_id = bs.id\n\nLEFT JOIN booking_types bt\n  ON b.booking_type_id = bt.id\n\nLEFT JOIN journey_types jt\n  ON b.journey_type_id = jt.id\n\nLEFT JOIN subsidiaries s\n  ON b.subsidiary_id = s.id\n\nLEFT JOIN vehicle_types vt\n  ON b.vehicle_type_id = vt.id\n\nLEFT JOIN payment_types pt\n  ON b.payment_type_id = pt.id\n\nLEFT JOIN accounts a\n  ON b.account_id = a.id\n\nLEFT JOIN drivers d\n  ON b.driver_id = d.id\n\nLEFT JOIN vehicles v\n  ON d.vehicle_id = v.id\n\nLEFT JOIN customers c\n  ON b.customer_id = c.id\n\nLEFT JOIN employees e\n  ON b.employee_id = e.id\n\n\n-- PICKUP LOCATION\n-- Select only the most specific matching location\nLEFT JOIN LATERAL (\n  SELECT l.*\n  FROM locations l\n  WHERE l.location_type_id = 2\n    AND b.pickup ILIKE '%' || l.name || '%'\n  ORDER BY LENGTH(l.name) DESC, l.id ASC\n  LIMIT 1\n) lp ON true\n\n\n-- DROPOFF LOCATION\n-- Select only the most specific matching location\nLEFT JOIN LATERAL (\n  SELECT l.*\n  FROM locations l\n  WHERE l.location_type_id = 2\n    AND b.dropoff ILIKE '%' || l.name || '%'\n  ORDER BY LENGTH(l.name) DESC, l.id ASC\n  LIMIT 1\n) ld ON true\n\n\nLEFT JOIN location_types ltp\n  ON lp.location_type_id = ltp.id\n\nLEFT JOIN location_types ltd\n  ON ld.location_type_id = ltd.id\n\n\n    \n    WHERE b.trash = false AND \n      TO_DATE(b.pickup_date, 'YYYY-FMMM-FMDD')\n      >= TO_DATE($1, 'YYYY-MM-DD')\n     AND \n      TO_DATE(b.pickup_date, 'YYYY-FMMM-FMDD')\n      <= TO_DATE($2, 'YYYY-MM-DD')\n     AND TRIM(b.pickup_time)::time >= $3::time AND TRIM(b.pickup_time)::time <= $4::time AND b.booking_status_id = ANY($5::int[]) AND b.payment_type_id = ANY($6::int[]) AND b.driver_id = $7 AND b.pickup ILIKE $8\n  \n    ORDER BY (\n        TO_DATE(b.pickup_date,'YYYY-FMMM-FMDD')\n        +\n        TRIM(b.pickup_time)::time\n      ) ASC\n    OFFSET $9\n    LIMIT $10\n  ","timestamp":"2026-08-18T18:15:10.158Z"}
{"level":"info","message":"GET /api/bookings/booking-statistics?from_date=2020-07-01&to_date=2026-07-20&from_time=00:00&to_time=23:59&pickup=Tn30,%20Ashford%20Road,%20St.%20Michaels,%20Tenterden%20TN30%206BT&payment_type_id=1,2,3,4&booking_status_id=1,3,4,5,6,8,10,12,13,14,15&sort_order=ASC&sort_by=datetime&driver_id=167 200 64.361 ms","timestamp":"2026-08-18T18:15:10.161Z"}
{"level":"info","message":"GET /api/bookings/booking-statistics?from_date=2020-07-01&to_date=2026-07-20&from_time=00:00&to_time=23:59&pickup=Tn30,%20Ashford%20Road,%20St.%20Michaels,%20Tenterden%20TN30%206BT&payment_type_id=1,2,3,4&booking_status_id=1,3,4,5,6,8,10,12,13,14,15&sort_order=ASC&sort_by=datetime&driver_id=167&total_val=33.00 500 9.168 ms","timestamp":"2026-08-18T18:15:14.503Z"}
{"duration":6,"level":"info","message":"db-query","rows":26,"text":"SELECT * FROM location_types","timestamp":"2026-08-18T18:15:35.533Z"}
{"level":"info","message":"GET /api/location-types 200 11.127 ms","timestamp":"2026-08-18T18:15:35.539Z"}
{"duration":51,"level":"info","message":"db-query","rows":26,"text":"SELECT * FROM location_types","timestamp":"2026-08-18T18:15:35.579Z"}
{"level":"info","message":"GET /api/location-types 200 51.532 ms","timestamp":"2026-08-18T18:15:35.580Z"}
{"duration":25,"level":"info","message":"db-query","rows":1,"text":"\n    SELECT COUNT(*) AS total\n    FROM bookings b\n    \n    LEFT JOIN vehicle_types vt ON b.vehicle_type_id = vt.id\n    LEFT JOIN journey_types jt ON b.journey_type_id = jt.id\n    LEFT JOIN accounts a ON b.account_id = a.id\n    LEFT JOIN payment_types pt ON b.payment_type_id = pt.id\n    LEFT JOIN drivers d ON b.driver_id = d.id\n    LEFT JOIN subsidiaries s ON b.subsidiary_id = s.id\n    LEFT JOIN booking_statuses bs ON b.booking_status_id = bs.id\n  \n    \n    WHERE b.trash = false AND \n      TO_DATE(b.pickup_date, 'YYYY-FMMM-FMDD')\n      >= TO_DATE($1, 'YYYY-MM-DD')\n     AND \n      TO_DATE(b.pickup_date, 'YYYY-FMMM-FMDD')\n      <= TO_DATE($2, 'YYYY-MM-DD')\n     AND TRIM(b.pickup_time)::time >= $3::time AND TRIM(b.pickup_time)::time <= $4::time AND b.booking_status_id = ANY($5::int[]) AND b.payment_type_id = ANY($6::int[]) AND b.driver_id = $7 AND b.pickup ILIKE $8 AND b.total_charges::text ILIKE $9\n  \n  ","timestamp":"2026-08-18T18:15:43.451Z"}
{"duration":3,"level":"info","message":"db-query","rows":1,"text":"\n    SELECT\n      COUNT(*) AS total_bookings,\n      COALESCE(SUM(b.fares), 0) AS total_earnings,\n      COALESCE(\n        SUM(\n          CASE\n            WHEN b.account_id IS NOT NULL\n            THEN b.fares\n            ELSE 0\n          END\n        ),\n        0\n      ) AS total_account_earnings\n    FROM bookings b\n    \n    LEFT JOIN vehicle_types vt ON b.vehicle_type_id = vt.id\n    LEFT JOIN journey_types jt ON b.journey_type_id = jt.id\n    LEFT JOIN accounts a ON b.account_id = a.id\n    LEFT JOIN payment_types pt ON b.payment_type_id = pt.id\n    LEFT JOIN drivers d ON b.driver_id = d.id\n    LEFT JOIN subsidiaries s ON b.subsidiary_id = s.id\n    LEFT JOIN booking_statuses bs ON b.booking_status_id = bs.id\n  \n    \n    WHERE b.trash = false AND \n      TO_DATE(b.pickup_date, 'YYYY-FMMM-FMDD')\n      >= TO_DATE($1, 'YYYY-MM-DD')\n     AND \n      TO_DATE(b.pickup_date, 'YYYY-FMMM-FMDD')\n      <= TO_DATE($2, 'YYYY-MM-DD')\n     AND TRIM(b.pickup_time)::time >= $3::time AND TRIM(b.pickup_time)::time <= $4::time AND b.booking_status_id = ANY($5::int[]) AND b.payment_type_id = ANY($6::int[]) AND b.driver_id = $7 AND b.pickup ILIKE $8 AND b.total_charges::text ILIKE $9\n  \n  ","timestamp":"2026-08-18T18:15:43.457Z"}
{"duration":30,"level":"info","message":"db-query","rows":1,"text":"\n    \nSELECT\n  b.id,\n  b.reference_number,\n  b.subsidiary_id,\n  b.booking_type_id,\n  b.booking_status_id,\n  b.journey_type_id,\n  b.account_id,\n  b.customer_id,\n  b.employee_id,\n  b.pickup,\n  b.dropoff,\n  b.pickup_date,\n  b.pickup_time,\n  b.dropoff_date,\n  b.dropoff_time,\n  b.pickup_door_number,\n  b.dropoff_door_number,\n  b.pickup_plot,\n  b.dropoff_plot,\n  b.pickup_location_type_id,\n  b.dropoff_location_type_id,\n  b.pickup_latitude,\n  b.pickup_longitude,\n  b.dropoff_latitude,\n  b.dropoff_longitude,\n  b.viapoints,\n  b.restricted_drivers,\n  b.flight_number,\n  b.arriving_from,\n  b.vehicle_type_id,\n  b.vehicle_id,\n  b.driver_id,\n  b.passengers,\n  b.luggages,\n  b.hand_luggages,\n  b.child_seat,\n  b.name,\n  b.email,\n  b.mobile,\n  b.telephone,\n  b.lead_time,\n  b.notes,\n  b.special_instructions,\n  b.payment_type_id,\n  b.company_price,\n  b.fares,\n  b.total_charges,\n  b.parking_charges,\n  b.waiting_charges,\n  b.extra_drop_charges,\n  b.credit_card_charges,\n  b.congestion_charges,\n  b.miles,\n  b.meet_and_greet,\n  b.department,\n  b.escort_id,\n  b.order_number,\n  b.booked_by,\n  b.add_return_fare,\n  b.fare_meter_status,\n  b.fare_meter,\n  b.quotation,\n  b.quoted,\n  b.dispatch,\n  b.dispatch_as,\n  b.sms,\n  b.emailflag,\n  b.trash,\n  b.hidden,\n  b.multi_booking_id,\n  b.associated_booking,\n  b.invoice_status,\n  b.commission_status,\n  b.commission,\n  b.skipped_bookings,\n  b.permanent,\n  b.toggle_driver_text,\n  b.toggle_passenger_text,\n  b.cancelled_reason,\n  b.booking_source,\n  b.on_route,\n  b.arrived,\n  b.passenger_on_board,\n  b.completed,\n  b.controller_completed,\n  b.driver_waiting_time,\n  b.dispatched_at,\n  b.booked_at,\n  b.stripe_customer_id,\n  b.stripe_payment_id,\n  b.invoice_number,\n  b.initial_subsidiary_id,\n  b.created_at,\n  b.updated_at,\n  b.eta,\n  b.fob,\n  b.future,\n\n  json_build_object(\n    'booking_status', bs.booking_status\n  ) AS booking_status,\n\n  json_build_object(\n    'booking_type', bt.booking_type\n  ) AS booking_type,\n\n  json_build_object(\n    'journey_type', jt.journey_type\n  ) AS journey_type,\n\n  json_build_object(\n    'id', s.id,\n    'name', s.name,\n    'telephone_number', s.telephone_number\n  ) AS subsidiary,\n\n  json_build_object(\n    'name', vt.name,\n    'background_color', vt.background_color,\n    'foreground_color', vt.foreground_color\n  ) AS vehicle_type,\n\n  json_build_object(\n    'id', pt.id,\n    'name', pt.name,\n    'background_color', pt.background_color,\n    'foreground_color', pt.foreground_color\n  ) AS payment_type,\n\n  json_build_object(\n    'id', a.id,\n    'name', a.name,\n    'background_color', a.background_color,\n    'foreground_color', a.foreground_color,\n    'has_vat', a.has_vat,\n    'bank_information', a.bank_information,\n    'fare_controller', a.fare_controller,\n    'account_fees_type', a.account_fees_type,\n    'account_fees', a.account_fees,\n    'account_fees_vat', a.account_fees_vat\n  ) AS account,\n\n  json_build_object(\n    'id', d.id,\n    'username', d.username,\n    'name', d.name,\n    'mobile_device_id', d.mobile_device_id,\n    'phc_vehicle_number', d.phc_vehicle_number,\n    'phc_driver_number', d.phc_driver_number,\n    'vehicle_id', d.vehicle_id,\n    'driver_commission', d.driver_commission,\n    'session_status', d.session_status,\n\n    'vehicle', json_build_object(\n      'make', v.make,\n      'model', v.model,\n      'color', v.color,\n      'vehicle_number', v.vehicle_number\n    )\n  ) AS driver,\n\n  json_build_object(\n    'door_number', c.door_number,\n    'address1', c.address1,\n    'address2', c.address2,\n    'blacklist', c.blacklist\n  ) AS customer,\n\n  json_build_object(\n    'username', e.username,\n    'role_id', e.role_id\n  ) AS employee,\n\n  json_build_object(\n    'pickup',\n    CASE\n      WHEN lp.id IS NOT NULL THEN\n        json_build_object(\n          'id', lp.id,\n          'name', lp.name,\n          'location_type', json_build_object(\n            'id', ltp.id,\n            'name', ltp.name,\n            'background_color', ltp.background_color,\n            'foreground_color', ltp.foreground_color\n          )\n        )\n      ELSE\n        json_build_object(\n          'id', null,\n          'name', null,\n          'location_type', json_build_object(\n            'id', null,\n            'name', null,\n            'background_color', null,\n            'foreground_color', null\n          )\n        )\n    END,\n\n    'dropoff',\n    CASE\n      WHEN ld.id IS NOT NULL THEN\n        json_build_object(\n          'id', ld.id,\n          'name', ld.name,\n          'location_type', json_build_object(\n            'id', ltd.id,\n            'name', ltd.name,\n            'background_color', ltd.background_color,\n            'foreground_color', ltd.foreground_color\n          )\n        )\n      ELSE\n        json_build_object(\n          'id', null,\n          'name', null,\n          'location_type', json_build_object(\n            'id', null,\n            'name', null,\n            'background_color', null,\n            'foreground_color', null\n          )\n        )\n    END\n  ) AS airport\n\nFROM bookings b\n\nLEFT JOIN booking_statuses bs\n  ON b.booking_status_id = bs.id\n\nLEFT JOIN booking_types bt\n  ON b.booking_type_id = bt.id\n\nLEFT JOIN journey_types jt\n  ON b.journey_type_id = jt.id\n\nLEFT JOIN subsidiaries s\n  ON b.subsidiary_id = s.id\n\nLEFT JOIN vehicle_types vt\n  ON b.vehicle_type_id = vt.id\n\nLEFT JOIN payment_types pt\n  ON b.payment_type_id = pt.id\n\nLEFT JOIN accounts a\n  ON b.account_id = a.id\n\nLEFT JOIN drivers d\n  ON b.driver_id = d.id\n\nLEFT JOIN vehicles v\n  ON d.vehicle_id = v.id\n\nLEFT JOIN customers c\n  ON b.customer_id = c.id\n\nLEFT JOIN employees e\n  ON b.employee_id = e.id\n\n\n-- PICKUP LOCATION\n-- Select only the most specific matching location\nLEFT JOIN LATERAL (\n  SELECT l.*\n  FROM locations l\n  WHERE l.location_type_id = 2\n    AND b.pickup ILIKE '%' || l.name || '%'\n  ORDER BY LENGTH(l.name) DESC, l.id ASC\n  LIMIT 1\n) lp ON true\n\n\n-- DROPOFF LOCATION\n-- Select only the most specific matching location\nLEFT JOIN LATERAL (\n  SELECT l.*\n  FROM locations l\n  WHERE l.location_type_id = 2\n    AND b.dropoff ILIKE '%' || l.name || '%'\n  ORDER BY LENGTH(l.name) DESC, l.id ASC\n  LIMIT 1\n) ld ON true\n\n\nLEFT JOIN location_types ltp\n  ON lp.location_type_id = ltp.id\n\nLEFT JOIN location_types ltd\n  ON ld.location_type_id = ltd.id\n\n\n    \n    WHERE b.trash = false AND \n      TO_DATE(b.pickup_date, 'YYYY-FMMM-FMDD')\n      >= TO_DATE($1, 'YYYY-MM-DD')\n     AND \n      TO_DATE(b.pickup_date, 'YYYY-FMMM-FMDD')\n      <= TO_DATE($2, 'YYYY-MM-DD')\n     AND TRIM(b.pickup_time)::time >= $3::time AND TRIM(b.pickup_time)::time <= $4::time AND b.booking_status_id = ANY($5::int[]) AND b.payment_type_id = ANY($6::int[]) AND b.driver_id = $7 AND b.pickup ILIKE $8 AND b.total_charges::text ILIKE $9\n  \n    ORDER BY (\n        TO_DATE(b.pickup_date,'YYYY-FMMM-FMDD')\n        +\n        TRIM(b.pickup_time)::time\n      ) ASC\n    OFFSET $10\n    LIMIT $11\n  ","timestamp":"2026-08-18T18:15:43.489Z"}
{"level":"info","message":"GET /api/bookings/booking-statistics?from_date=2020-07-01&to_date=2026-07-20&from_time=00:00&to_time=23:59&pickup=Tn30,%20Ashford%20Road,%20St.%20Michaels,%20Tenterden%20TN30%206BT&payment_type_id=1,2,3,4&booking_status_id=1,3,4,5,6,8,10,12,13,14,15&sort_order=ASC&sort_by=datetime&driver_id=167&total_val=33.00 200 69.311 ms","timestamp":"2026-08-18T18:15:43.493Z"}
{"duration":4,"level":"info","message":"db-query","rows":26,"text":"SELECT * FROM location_types","timestamp":"2026-08-18T18:15:43.500Z"}
{"level":"info","message":"GET /api/location-types 200 5.355 ms","timestamp":"2026-08-18T18:15:43.502Z"}
{"duration":170,"level":"info","message":"db-query","rows":26,"text":"SELECT * FROM location_types","timestamp":"2026-08-18T18:15:43.668Z"}
{"level":"info","message":"GET /api/location-types 200 171.899 ms","timestamp":"2026-08-18T18:15:43.670Z"}
{"duration":66,"level":"info","message":"db-query","rows":1,"text":"\n    SELECT COUNT(*) AS total\n    FROM bookings b\n    \n    LEFT JOIN vehicle_types vt ON b.vehicle_type_id = vt.id\n    LEFT JOIN journey_types jt ON b.journey_type_id = jt.id\n    LEFT JOIN accounts a ON b.account_id = a.id\n    LEFT JOIN payment_types pt ON b.payment_type_id = pt.id\n    LEFT JOIN drivers d ON b.driver_id = d.id\n    LEFT JOIN subsidiaries s ON b.subsidiary_id = s.id\n    LEFT JOIN booking_statuses bs ON b.booking_status_id = bs.id\n  \n    \n    WHERE b.trash = false AND \n      TO_DATE(b.pickup_date, 'YYYY-FMMM-FMDD')\n      >= TO_DATE($1, 'YYYY-MM-DD')\n     AND \n      TO_DATE(b.pickup_date, 'YYYY-FMMM-FMDD')\n      <= TO_DATE($2, 'YYYY-MM-DD')\n     AND TRIM(b.pickup_time)::time >= $3::time AND TRIM(b.pickup_time)::time <= $4::time AND b.booking_status_id = ANY($5::int[]) AND b.payment_type_id = ANY($6::int[]) AND b.driver_id = $7 AND b.pickup ILIKE $8 AND b.total_charges::text ILIKE $9\n  \n  ","timestamp":"2026-08-18T18:16:31.677Z"}
{"duration":3,"level":"info","message":"db-query","rows":1,"text":"\n    SELECT\n      COUNT(*) AS total_bookings,\n      COALESCE(SUM(b.fares), 0) AS total_earnings,\n      COALESCE(\n        SUM(\n          CASE\n            WHEN b.account_id IS NOT NULL\n            THEN b.fares\n            ELSE 0\n          END\n        ),\n        0\n      ) AS total_account_earnings\n    FROM bookings b\n    \n    LEFT JOIN vehicle_types vt ON b.vehicle_type_id = vt.id\n    LEFT JOIN journey_types jt ON b.journey_type_id = jt.id\n    LEFT JOIN accounts a ON b.account_id = a.id\n    LEFT JOIN payment_types pt ON b.payment_type_id = pt.id\n    LEFT JOIN drivers d ON b.driver_id = d.id\n    LEFT JOIN subsidiaries s ON b.subsidiary_id = s.id\n    LEFT JOIN booking_statuses bs ON b.booking_status_id = bs.id\n  \n    \n    WHERE b.trash = false AND \n      TO_DATE(b.pickup_date, 'YYYY-FMMM-FMDD')\n      >= TO_DATE($1, 'YYYY-MM-DD')\n     AND \n      TO_DATE(b.pickup_date, 'YYYY-FMMM-FMDD')\n      <= TO_DATE($2, 'YYYY-MM-DD')\n     AND TRIM(b.pickup_time)::time >= $3::time AND TRIM(b.pickup_time)::time <= $4::time AND b.booking_status_id = ANY($5::int[]) AND b.payment_type_id = ANY($6::int[]) AND b.driver_id = $7 AND b.pickup ILIKE $8 AND b.total_charges::text ILIKE $9\n  \n  ","timestamp":"2026-08-18T18:16:31.681Z"}
{"duration":30,"level":"info","message":"db-query","rows":0,"text":"\n    \nSELECT\n  b.id,\n  b.reference_number,\n  b.subsidiary_id,\n  b.booking_type_id,\n  b.booking_status_id,\n  b.journey_type_id,\n  b.account_id,\n  b.customer_id,\n  b.employee_id,\n  b.pickup,\n  b.dropoff,\n  b.pickup_date,\n  b.pickup_time,\n  b.dropoff_date,\n  b.dropoff_time,\n  b.pickup_door_number,\n  b.dropoff_door_number,\n  b.pickup_plot,\n  b.dropoff_plot,\n  b.pickup_location_type_id,\n  b.dropoff_location_type_id,\n  b.pickup_latitude,\n  b.pickup_longitude,\n  b.dropoff_latitude,\n  b.dropoff_longitude,\n  b.viapoints,\n  b.restricted_drivers,\n  b.flight_number,\n  b.arriving_from,\n  b.vehicle_type_id,\n  b.vehicle_id,\n  b.driver_id,\n  b.passengers,\n  b.luggages,\n  b.hand_luggages,\n  b.child_seat,\n  b.name,\n  b.email,\n  b.mobile,\n  b.telephone,\n  b.lead_time,\n  b.notes,\n  b.special_instructions,\n  b.payment_type_id,\n  b.company_price,\n  b.fares,\n  b.total_charges,\n  b.parking_charges,\n  b.waiting_charges,\n  b.extra_drop_charges,\n  b.credit_card_charges,\n  b.congestion_charges,\n  b.miles,\n  b.meet_and_greet,\n  b.department,\n  b.escort_id,\n  b.order_number,\n  b.booked_by,\n  b.add_return_fare,\n  b.fare_meter_status,\n  b.fare_meter,\n  b.quotation,\n  b.quoted,\n  b.dispatch,\n  b.dispatch_as,\n  b.sms,\n  b.emailflag,\n  b.trash,\n  b.hidden,\n  b.multi_booking_id,\n  b.associated_booking,\n  b.invoice_status,\n  b.commission_status,\n  b.commission,\n  b.skipped_bookings,\n  b.permanent,\n  b.toggle_driver_text,\n  b.toggle_passenger_text,\n  b.cancelled_reason,\n  b.booking_source,\n  b.on_route,\n  b.arrived,\n  b.passenger_on_board,\n  b.completed,\n  b.controller_completed,\n  b.driver_waiting_time,\n  b.dispatched_at,\n  b.booked_at,\n  b.stripe_customer_id,\n  b.stripe_payment_id,\n  b.invoice_number,\n  b.initial_subsidiary_id,\n  b.created_at,\n  b.updated_at,\n  b.eta,\n  b.fob,\n  b.future,\n\n  json_build_object(\n    'booking_status', bs.booking_status\n  ) AS booking_status,\n\n  json_build_object(\n    'booking_type', bt.booking_type\n  ) AS booking_type,\n\n  json_build_object(\n    'journey_type', jt.journey_type\n  ) AS journey_type,\n\n  json_build_object(\n    'id', s.id,\n    'name', s.name,\n    'telephone_number', s.telephone_number\n  ) AS subsidiary,\n\n  json_build_object(\n    'name', vt.name,\n    'background_color', vt.background_color,\n    'foreground_color', vt.foreground_color\n  ) AS vehicle_type,\n\n  json_build_object(\n    'id', pt.id,\n    'name', pt.name,\n    'background_color', pt.background_color,\n    'foreground_color', pt.foreground_color\n  ) AS payment_type,\n\n  json_build_object(\n    'id', a.id,\n    'name', a.name,\n    'background_color', a.background_color,\n    'foreground_color', a.foreground_color,\n    'has_vat', a.has_vat,\n    'bank_information', a.bank_information,\n    'fare_controller', a.fare_controller,\n    'account_fees_type', a.account_fees_type,\n    'account_fees', a.account_fees,\n    'account_fees_vat', a.account_fees_vat\n  ) AS account,\n\n  json_build_object(\n    'id', d.id,\n    'username', d.username,\n    'name', d.name,\n    'mobile_device_id', d.mobile_device_id,\n    'phc_vehicle_number', d.phc_vehicle_number,\n    'phc_driver_number', d.phc_driver_number,\n    'vehicle_id', d.vehicle_id,\n    'driver_commission', d.driver_commission,\n    'session_status', d.session_status,\n\n    'vehicle', json_build_object(\n      'make', v.make,\n      'model', v.model,\n      'color', v.color,\n      'vehicle_number', v.vehicle_number\n    )\n  ) AS driver,\n\n  json_build_object(\n    'door_number', c.door_number,\n    'address1', c.address1,\n    'address2', c.address2,\n    'blacklist', c.blacklist\n  ) AS customer,\n\n  json_build_object(\n    'username', e.username,\n    'role_id', e.role_id\n  ) AS employee,\n\n  json_build_object(\n    'pickup',\n    CASE\n      WHEN lp.id IS NOT NULL THEN\n        json_build_object(\n          'id', lp.id,\n          'name', lp.name,\n          'location_type', json_build_object(\n            'id', ltp.id,\n            'name', ltp.name,\n            'background_color', ltp.background_color,\n            'foreground_color', ltp.foreground_color\n          )\n        )\n      ELSE\n        json_build_object(\n          'id', null,\n          'name', null,\n          'location_type', json_build_object(\n            'id', null,\n            'name', null,\n            'background_color', null,\n            'foreground_color', null\n          )\n        )\n    END,\n\n    'dropoff',\n    CASE\n      WHEN ld.id IS NOT NULL THEN\n        json_build_object(\n          'id', ld.id,\n          'name', ld.name,\n          'location_type', json_build_object(\n            'id', ltd.id,\n            'name', ltd.name,\n            'background_color', ltd.background_color,\n            'foreground_color', ltd.foreground_color\n          )\n        )\n      ELSE\n        json_build_object(\n          'id', null,\n          'name', null,\n          'location_type', json_build_object(\n            'id', null,\n            'name', null,\n            'background_color', null,\n            'foreground_color', null\n          )\n        )\n    END\n  ) AS airport\n\nFROM bookings b\n\nLEFT JOIN booking_statuses bs\n  ON b.booking_status_id = bs.id\n\nLEFT JOIN booking_types bt\n  ON b.booking_type_id = bt.id\n\nLEFT JOIN journey_types jt\n  ON b.journey_type_id = jt.id\n\nLEFT JOIN subsidiaries s\n  ON b.subsidiary_id = s.id\n\nLEFT JOIN vehicle_types vt\n  ON b.vehicle_type_id = vt.id\n\nLEFT JOIN payment_types pt\n  ON b.payment_type_id = pt.id\n\nLEFT JOIN accounts a\n  ON b.account_id = a.id\n\nLEFT JOIN drivers d\n  ON b.driver_id = d.id\n\nLEFT JOIN vehicles v\n  ON d.vehicle_id = v.id\n\nLEFT JOIN customers c\n  ON b.customer_id = c.id\n\nLEFT JOIN employees e\n  ON b.employee_id = e.id\n\n\n-- PICKUP LOCATION\n-- Select only the most specific matching location\nLEFT JOIN LATERAL (\n  SELECT l.*\n  FROM locations l\n  WHERE l.location_type_id = 2\n    AND b.pickup ILIKE '%' || l.name || '%'\n  ORDER BY LENGTH(l.name) DESC, l.id ASC\n  LIMIT 1\n) lp ON true\n\n\n-- DROPOFF LOCATION\n-- Select only the most specific matching location\nLEFT JOIN LATERAL (\n  SELECT l.*\n  FROM locations l\n  WHERE l.location_type_id = 2\n    AND b.dropoff ILIKE '%' || l.name || '%'\n  ORDER BY LENGTH(l.name) DESC, l.id ASC\n  LIMIT 1\n) ld ON true\n\n\nLEFT JOIN location_types ltp\n  ON lp.location_type_id = ltp.id\n\nLEFT JOIN location_types ltd\n  ON ld.location_type_id = ltd.id\n\n\n    \n    WHERE b.trash = false AND \n      TO_DATE(b.pickup_date, 'YYYY-FMMM-FMDD')\n      >= TO_DATE($1, 'YYYY-MM-DD')\n     AND \n      TO_DATE(b.pickup_date, 'YYYY-FMMM-FMDD')\n      <= TO_DATE($2, 'YYYY-MM-DD')\n     AND TRIM(b.pickup_time)::time >= $3::time AND TRIM(b.pickup_time)::time <= $4::time AND b.booking_status_id = ANY($5::int[]) AND b.payment_type_id = ANY($6::int[]) AND b.driver_id = $7 AND b.pickup ILIKE $8 AND b.total_charges::text ILIKE $9\n  \n    ORDER BY (\n        TO_DATE(b.pickup_date,'YYYY-FMMM-FMDD')\n        +\n        TRIM(b.pickup_time)::time\n      ) ASC\n    OFFSET $10\n    LIMIT $11\n  ","timestamp":"2026-08-18T18:16:31.711Z"}
{"level":"info","message":"GET /api/bookings/booking-statistics?from_date=2020-07-01&to_date=2026-07-20&from_time=00:00&to_time=23:59&pickup=Tn30,%20Ashford%20Road,%20St.%20Michaels,%20Tenterden%20TN30%206BT&payment_type_id=1,2,3,4&booking_status_id=1,3,4,5,6,8,10,12,13,14,15&sort_order=ASC&sort_by=datetime&driver_id=167&total_val=34 200 102.152 ms","timestamp":"2026-08-18T18:16:31.712Z"}
{"duration":3,"level":"info","message":"db-query","rows":1,"text":"\n    SELECT COUNT(*) AS total\n    FROM bookings b\n    \n    LEFT JOIN vehicle_types vt ON b.vehicle_type_id = vt.id\n    LEFT JOIN journey_types jt ON b.journey_type_id = jt.id\n    LEFT JOIN accounts a ON b.account_id = a.id\n    LEFT JOIN payment_types pt ON b.payment_type_id = pt.id\n    LEFT JOIN drivers d ON b.driver_id = d.id\n    LEFT JOIN subsidiaries s ON b.subsidiary_id = s.id\n    LEFT JOIN booking_statuses bs ON b.booking_status_id = bs.id\n  \n    \n    WHERE b.trash = false AND \n      TO_DATE(b.pickup_date, 'YYYY-FMMM-FMDD')\n      >= TO_DATE($1, 'YYYY-MM-DD')\n     AND \n      TO_DATE(b.pickup_date, 'YYYY-FMMM-FMDD')\n      <= TO_DATE($2, 'YYYY-MM-DD')\n     AND TRIM(b.pickup_time)::time >= $3::time AND TRIM(b.pickup_time)::time <= $4::time AND b.booking_status_id = ANY($5::int[]) AND b.payment_type_id = ANY($6::int[]) AND b.driver_id = $7 AND b.pickup ILIKE $8 AND b.total_charges::text ILIKE $9\n  \n  ","timestamp":"2026-08-18T18:16:39.633Z"}
{"duration":3,"level":"info","message":"db-query","rows":1,"text":"\n    SELECT\n      COUNT(*) AS total_bookings,\n      COALESCE(SUM(b.fares), 0) AS total_earnings,\n      COALESCE(\n        SUM(\n          CASE\n            WHEN b.account_id IS NOT NULL\n            THEN b.fares\n            ELSE 0\n          END\n        ),\n        0\n      ) AS total_account_earnings\n    FROM bookings b\n    \n    LEFT JOIN vehicle_types vt ON b.vehicle_type_id = vt.id\n    LEFT JOIN journey_types jt ON b.journey_type_id = jt.id\n    LEFT JOIN accounts a ON b.account_id = a.id\n    LEFT JOIN payment_types pt ON b.payment_type_id = pt.id\n    LEFT JOIN drivers d ON b.driver_id = d.id\n    LEFT JOIN subsidiaries s ON b.subsidiary_id = s.id\n    LEFT JOIN booking_statuses bs ON b.booking_status_id = bs.id\n  \n    \n    WHERE b.trash = false AND \n      TO_DATE(b.pickup_date, 'YYYY-FMMM-FMDD')\n      >= TO_DATE($1, 'YYYY-MM-DD')\n     AND \n      TO_DATE(b.pickup_date, 'YYYY-FMMM-FMDD')\n      <= TO_DATE($2, 'YYYY-MM-DD')\n     AND TRIM(b.pickup_time)::time >= $3::time AND TRIM(b.pickup_time)::time <= $4::time AND b.booking_status_id = ANY($5::int[]) AND b.payment_type_id = ANY($6::int[]) AND b.driver_id = $7 AND b.pickup ILIKE $8 AND b.total_charges::text ILIKE $9\n  \n  ","timestamp":"2026-08-18T18:16:39.636Z"}
{"duration":15,"level":"info","message":"db-query","rows":1,"text":"\n    \nSELECT\n  b.id,\n  b.reference_number,\n  b.subsidiary_id,\n  b.booking_type_id,\n  b.booking_status_id,\n  b.journey_type_id,\n  b.account_id,\n  b.customer_id,\n  b.employee_id,\n  b.pickup,\n  b.dropoff,\n  b.pickup_date,\n  b.pickup_time,\n  b.dropoff_date,\n  b.dropoff_time,\n  b.pickup_door_number,\n  b.dropoff_door_number,\n  b.pickup_plot,\n  b.dropoff_plot,\n  b.pickup_location_type_id,\n  b.dropoff_location_type_id,\n  b.pickup_latitude,\n  b.pickup_longitude,\n  b.dropoff_latitude,\n  b.dropoff_longitude,\n  b.viapoints,\n  b.restricted_drivers,\n  b.flight_number,\n  b.arriving_from,\n  b.vehicle_type_id,\n  b.vehicle_id,\n  b.driver_id,\n  b.passengers,\n  b.luggages,\n  b.hand_luggages,\n  b.child_seat,\n  b.name,\n  b.email,\n  b.mobile,\n  b.telephone,\n  b.lead_time,\n  b.notes,\n  b.special_instructions,\n  b.payment_type_id,\n  b.company_price,\n  b.fares,\n  b.total_charges,\n  b.parking_charges,\n  b.waiting_charges,\n  b.extra_drop_charges,\n  b.credit_card_charges,\n  b.congestion_charges,\n  b.miles,\n  b.meet_and_greet,\n  b.department,\n  b.escort_id,\n  b.order_number,\n  b.booked_by,\n  b.add_return_fare,\n  b.fare_meter_status,\n  b.fare_meter,\n  b.quotation,\n  b.quoted,\n  b.dispatch,\n  b.dispatch_as,\n  b.sms,\n  b.emailflag,\n  b.trash,\n  b.hidden,\n  b.multi_booking_id,\n  b.associated_booking,\n  b.invoice_status,\n  b.commission_status,\n  b.commission,\n  b.skipped_bookings,\n  b.permanent,\n  b.toggle_driver_text,\n  b.toggle_passenger_text,\n  b.cancelled_reason,\n  b.booking_source,\n  b.on_route,\n  b.arrived,\n  b.passenger_on_board,\n  b.completed,\n  b.controller_completed,\n  b.driver_waiting_time,\n  b.dispatched_at,\n  b.booked_at,\n  b.stripe_customer_id,\n  b.stripe_payment_id,\n  b.invoice_number,\n  b.initial_subsidiary_id,\n  b.created_at,\n  b.updated_at,\n  b.eta,\n  b.fob,\n  b.future,\n\n  json_build_object(\n    'booking_status', bs.booking_status\n  ) AS booking_status,\n\n  json_build_object(\n    'booking_type', bt.booking_type\n  ) AS booking_type,\n\n  json_build_object(\n    'journey_type', jt.journey_type\n  ) AS journey_type,\n\n  json_build_object(\n    'id', s.id,\n    'name', s.name,\n    'telephone_number', s.telephone_number\n  ) AS subsidiary,\n\n  json_build_object(\n    'name', vt.name,\n    'background_color', vt.background_color,\n    'foreground_color', vt.foreground_color\n  ) AS vehicle_type,\n\n  json_build_object(\n    'id', pt.id,\n    'name', pt.name,\n    'background_color', pt.background_color,\n    'foreground_color', pt.foreground_color\n  ) AS payment_type,\n\n  json_build_object(\n    'id', a.id,\n    'name', a.name,\n    'background_color', a.background_color,\n    'foreground_color', a.foreground_color,\n    'has_vat', a.has_vat,\n    'bank_information', a.bank_information,\n    'fare_controller', a.fare_controller,\n    'account_fees_type', a.account_fees_type,\n    'account_fees', a.account_fees,\n    'account_fees_vat', a.account_fees_vat\n  ) AS account,\n\n  json_build_object(\n    'id', d.id,\n    'username', d.username,\n    'name', d.name,\n    'mobile_device_id', d.mobile_device_id,\n    'phc_vehicle_number', d.phc_vehicle_number,\n    'phc_driver_number', d.phc_driver_number,\n    'vehicle_id', d.vehicle_id,\n    'driver_commission', d.driver_commission,\n    'session_status', d.session_status,\n\n    'vehicle', json_build_object(\n      'make', v.make,\n      'model', v.model,\n      'color', v.color,\n      'vehicle_number', v.vehicle_number\n    )\n  ) AS driver,\n\n  json_build_object(\n    'door_number', c.door_number,\n    'address1', c.address1,\n    'address2', c.address2,\n    'blacklist', c.blacklist\n  ) AS customer,\n\n  json_build_object(\n    'username', e.username,\n    'role_id', e.role_id\n  ) AS employee,\n\n  json_build_object(\n    'pickup',\n    CASE\n      WHEN lp.id IS NOT NULL THEN\n        json_build_object(\n          'id', lp.id,\n          'name', lp.name,\n          'location_type', json_build_object(\n            'id', ltp.id,\n            'name', ltp.name,\n            'background_color', ltp.background_color,\n            'foreground_color', ltp.foreground_color\n          )\n        )\n      ELSE\n        json_build_object(\n          'id', null,\n          'name', null,\n          'location_type', json_build_object(\n            'id', null,\n            'name', null,\n            'background_color', null,\n            'foreground_color', null\n          )\n        )\n    END,\n\n    'dropoff',\n    CASE\n      WHEN ld.id IS NOT NULL THEN\n        json_build_object(\n          'id', ld.id,\n          'name', ld.name,\n          'location_type', json_build_object(\n            'id', ltd.id,\n            'name', ltd.name,\n            'background_color', ltd.background_color,\n            'foreground_color', ltd.foreground_color\n          )\n        )\n      ELSE\n        json_build_object(\n          'id', null,\n          'name', null,\n          'location_type', json_build_object(\n            'id', null,\n            'name', null,\n            'background_color', null,\n            'foreground_color', null\n          )\n        )\n    END\n  ) AS airport\n\nFROM bookings b\n\nLEFT JOIN booking_statuses bs\n  ON b.booking_status_id = bs.id\n\nLEFT JOIN booking_types bt\n  ON b.booking_type_id = bt.id\n\nLEFT JOIN journey_types jt\n  ON b.journey_type_id = jt.id\n\nLEFT JOIN subsidiaries s\n  ON b.subsidiary_id = s.id\n\nLEFT JOIN vehicle_types vt\n  ON b.vehicle_type_id = vt.id\n\nLEFT JOIN payment_types pt\n  ON b.payment_type_id = pt.id\n\nLEFT JOIN accounts a\n  ON b.account_id = a.id\n\nLEFT JOIN drivers d\n  ON b.driver_id = d.id\n\nLEFT JOIN vehicles v\n  ON d.vehicle_id = v.id\n\nLEFT JOIN customers c\n  ON b.customer_id = c.id\n\nLEFT JOIN employees e\n  ON b.employee_id = e.id\n\n\n-- PICKUP LOCATION\n-- Select only the most specific matching location\nLEFT JOIN LATERAL (\n  SELECT l.*\n  FROM locations l\n  WHERE l.location_type_id = 2\n    AND b.pickup ILIKE '%' || l.name || '%'\n  ORDER BY LENGTH(l.name) DESC, l.id ASC\n  LIMIT 1\n) lp ON true\n\n\n-- DROPOFF LOCATION\n-- Select only the most specific matching location\nLEFT JOIN LATERAL (\n  SELECT l.*\n  FROM locations l\n  WHERE l.location_type_id = 2\n    AND b.dropoff ILIKE '%' || l.name || '%'\n  ORDER BY LENGTH(l.name) DESC, l.id ASC\n  LIMIT 1\n) ld ON true\n\n\nLEFT JOIN location_types ltp\n  ON lp.location_type_id = ltp.id\n\nLEFT JOIN location_types ltd\n  ON ld.location_type_id = ltd.id\n\n\n    \n    WHERE b.trash = false AND \n      TO_DATE(b.pickup_date, 'YYYY-FMMM-FMDD')\n      >= TO_DATE($1, 'YYYY-MM-DD')\n     AND \n      TO_DATE(b.pickup_date, 'YYYY-FMMM-FMDD')\n      <= TO_DATE($2, 'YYYY-MM-DD')\n     AND TRIM(b.pickup_time)::time >= $3::time AND TRIM(b.pickup_time)::time <= $4::time AND b.booking_status_id = ANY($5::int[]) AND b.payment_type_id = ANY($6::int[]) AND b.driver_id = $7 AND b.pickup ILIKE $8 AND b.total_charges::text ILIKE $9\n  \n    ORDER BY (\n        TO_DATE(b.pickup_date,'YYYY-FMMM-FMDD')\n        +\n        TRIM(b.pickup_time)::time\n      ) ASC\n    OFFSET $10\n    LIMIT $11\n  ","timestamp":"2026-08-18T18:16:39.652Z"}
{"level":"info","message":"GET /api/bookings/booking-statistics?from_date=2020-07-01&to_date=2026-07-20&from_time=00:00&to_time=23:59&pickup=Tn30,%20Ashford%20Road,%20St.%20Michaels,%20Tenterden%20TN30%206BT&payment_type_id=1,2,3,4&booking_status_id=1,3,4,5,6,8,10,12,13,14,15&sort_order=ASC&sort_by=datetime&driver_id=167&total_val=33.00 200 23.906 ms","timestamp":"2026-08-18T18:16:39.654Z"}
{"level":"info","message":"GET /api/bookings/booking-statistics?from_date=2020-07-01&to_date=2026-07-20&from_time=00:00&to_time=23:59&pickup=Tn30,%20Ashford%20Road,%20St.%20Michaels,%20Tenterden%20TN30%206BT&payment_type_id=1,2,3,4&booking_status_id=1,3,4,5,6,8,10,12,13,14,15&sort_order=ASC&sort_by=datetime&driver_id=167&pc=12.00&wc=1.00&edc=4.00 500 168.086 ms","timestamp":"2026-08-18T18:17:35.170Z"}
{"duration":67,"level":"info","message":"db-query","rows":1,"text":"\n    SELECT COUNT(*) AS total\n    FROM bookings b\n    \n    LEFT JOIN vehicle_types vt ON b.vehicle_type_id = vt.id\n    LEFT JOIN journey_types jt ON b.journey_type_id = jt.id\n    LEFT JOIN accounts a ON b.account_id = a.id\n    LEFT JOIN payment_types pt ON b.payment_type_id = pt.id\n    LEFT JOIN drivers d ON b.driver_id = d.id\n    LEFT JOIN subsidiaries s ON b.subsidiary_id = s.id\n    LEFT JOIN booking_statuses bs ON b.booking_status_id = bs.id\n  \n    \n    WHERE b.trash = false AND \n      TO_DATE(b.pickup_date, 'YYYY-FMMM-FMDD')\n      >= TO_DATE($1, 'YYYY-MM-DD')\n     AND \n      TO_DATE(b.pickup_date, 'YYYY-FMMM-FMDD')\n      <= TO_DATE($2, 'YYYY-MM-DD')\n     AND TRIM(b.pickup_time)::time >= $3::time AND TRIM(b.pickup_time)::time <= $4::time AND b.booking_status_id = ANY($5::int[]) AND b.payment_type_id = ANY($6::int[]) AND b.driver_id = $7 AND b.pickup ILIKE $8 AND b.parking_charges::text ILIKE $9 AND b.waiting_charges::text ILIKE $10\n  \n  ","timestamp":"2026-08-18T18:17:53.877Z"}
{"duration":3,"level":"info","message":"db-query","rows":1,"text":"\n    SELECT\n      COUNT(*) AS total_bookings,\n      COALESCE(SUM(b.fares), 0) AS total_earnings,\n      COALESCE(\n        SUM(\n          CASE\n            WHEN b.account_id IS NOT NULL\n            THEN b.fares\n            ELSE 0\n          END\n        ),\n        0\n      ) AS total_account_earnings\n    FROM bookings b\n    \n    LEFT JOIN vehicle_types vt ON b.vehicle_type_id = vt.id\n    LEFT JOIN journey_types jt ON b.journey_type_id = jt.id\n    LEFT JOIN accounts a ON b.account_id = a.id\n    LEFT JOIN payment_types pt ON b.payment_type_id = pt.id\n    LEFT JOIN drivers d ON b.driver_id = d.id\n    LEFT JOIN subsidiaries s ON b.subsidiary_id = s.id\n    LEFT JOIN booking_statuses bs ON b.booking_status_id = bs.id\n  \n    \n    WHERE b.trash = false AND \n      TO_DATE(b.pickup_date, 'YYYY-FMMM-FMDD')\n      >= TO_DATE($1, 'YYYY-MM-DD')\n     AND \n      TO_DATE(b.pickup_date, 'YYYY-FMMM-FMDD')\n      <= TO_DATE($2, 'YYYY-MM-DD')\n     AND TRIM(b.pickup_time)::time >= $3::time AND TRIM(b.pickup_time)::time <= $4::time AND b.booking_status_id = ANY($5::int[]) AND b.payment_type_id = ANY($6::int[]) AND b.driver_id = $7 AND b.pickup ILIKE $8 AND b.parking_charges::text ILIKE $9 AND b.waiting_charges::text ILIKE $10\n  \n  ","timestamp":"2026-08-18T18:17:53.880Z"}
{"duration":32,"level":"info","message":"db-query","rows":1,"text":"\n    \nSELECT\n  b.id,\n  b.reference_number,\n  b.subsidiary_id,\n  b.booking_type_id,\n  b.booking_status_id,\n  b.journey_type_id,\n  b.account_id,\n  b.customer_id,\n  b.employee_id,\n  b.pickup,\n  b.dropoff,\n  b.pickup_date,\n  b.pickup_time,\n  b.dropoff_date,\n  b.dropoff_time,\n  b.pickup_door_number,\n  b.dropoff_door_number,\n  b.pickup_plot,\n  b.dropoff_plot,\n  b.pickup_location_type_id,\n  b.dropoff_location_type_id,\n  b.pickup_latitude,\n  b.pickup_longitude,\n  b.dropoff_latitude,\n  b.dropoff_longitude,\n  b.viapoints,\n  b.restricted_drivers,\n  b.flight_number,\n  b.arriving_from,\n  b.vehicle_type_id,\n  b.vehicle_id,\n  b.driver_id,\n  b.passengers,\n  b.luggages,\n  b.hand_luggages,\n  b.child_seat,\n  b.name,\n  b.email,\n  b.mobile,\n  b.telephone,\n  b.lead_time,\n  b.notes,\n  b.special_instructions,\n  b.payment_type_id,\n  b.company_price,\n  b.fares,\n  b.total_charges,\n  b.parking_charges,\n  b.waiting_charges,\n  b.extra_drop_charges,\n  b.credit_card_charges,\n  b.congestion_charges,\n  b.miles,\n  b.meet_and_greet,\n  b.department,\n  b.escort_id,\n  b.order_number,\n  b.booked_by,\n  b.add_return_fare,\n  b.fare_meter_status,\n  b.fare_meter,\n  b.quotation,\n  b.quoted,\n  b.dispatch,\n  b.dispatch_as,\n  b.sms,\n  b.emailflag,\n  b.trash,\n  b.hidden,\n  b.multi_booking_id,\n  b.associated_booking,\n  b.invoice_status,\n  b.commission_status,\n  b.commission,\n  b.skipped_bookings,\n  b.permanent,\n  b.toggle_driver_text,\n  b.toggle_passenger_text,\n  b.cancelled_reason,\n  b.booking_source,\n  b.on_route,\n  b.arrived,\n  b.passenger_on_board,\n  b.completed,\n  b.controller_completed,\n  b.driver_waiting_time,\n  b.dispatched_at,\n  b.booked_at,\n  b.stripe_customer_id,\n  b.stripe_payment_id,\n  b.invoice_number,\n  b.initial_subsidiary_id,\n  b.created_at,\n  b.updated_at,\n  b.eta,\n  b.fob,\n  b.future,\n\n  json_build_object(\n    'booking_status', bs.booking_status\n  ) AS booking_status,\n\n  json_build_object(\n    'booking_type', bt.booking_type\n  ) AS booking_type,\n\n  json_build_object(\n    'journey_type', jt.journey_type\n  ) AS journey_type,\n\n  json_build_object(\n    'id', s.id,\n    'name', s.name,\n    'telephone_number', s.telephone_number\n  ) AS subsidiary,\n\n  json_build_object(\n    'name', vt.name,\n    'background_color', vt.background_color,\n    'foreground_color', vt.foreground_color\n  ) AS vehicle_type,\n\n  json_build_object(\n    'id', pt.id,\n    'name', pt.name,\n    'background_color', pt.background_color,\n    'foreground_color', pt.foreground_color\n  ) AS payment_type,\n\n  json_build_object(\n    'id', a.id,\n    'name', a.name,\n    'background_color', a.background_color,\n    'foreground_color', a.foreground_color,\n    'has_vat', a.has_vat,\n    'bank_information', a.bank_information,\n    'fare_controller', a.fare_controller,\n    'account_fees_type', a.account_fees_type,\n    'account_fees', a.account_fees,\n    'account_fees_vat', a.account_fees_vat\n  ) AS account,\n\n  json_build_object(\n    'id', d.id,\n    'username', d.username,\n    'name', d.name,\n    'mobile_device_id', d.mobile_device_id,\n    'phc_vehicle_number', d.phc_vehicle_number,\n    'phc_driver_number', d.phc_driver_number,\n    'vehicle_id', d.vehicle_id,\n    'driver_commission', d.driver_commission,\n    'session_status', d.session_status,\n\n    'vehicle', json_build_object(\n      'make', v.make,\n      'model', v.model,\n      'color', v.color,\n      'vehicle_number', v.vehicle_number\n    )\n  ) AS driver,\n\n  json_build_object(\n    'door_number', c.door_number,\n    'address1', c.address1,\n    'address2', c.address2,\n    'blacklist', c.blacklist\n  ) AS customer,\n\n  json_build_object(\n    'username', e.username,\n    'role_id', e.role_id\n  ) AS employee,\n\n  json_build_object(\n    'pickup',\n    CASE\n      WHEN lp.id IS NOT NULL THEN\n        json_build_object(\n          'id', lp.id,\n          'name', lp.name,\n          'location_type', json_build_object(\n            'id', ltp.id,\n            'name', ltp.name,\n            'background_color', ltp.background_color,\n            'foreground_color', ltp.foreground_color\n          )\n        )\n      ELSE\n        json_build_object(\n          'id', null,\n          'name', null,\n          'location_type', json_build_object(\n            'id', null,\n            'name', null,\n            'background_color', null,\n            'foreground_color', null\n          )\n        )\n    END,\n\n    'dropoff',\n    CASE\n      WHEN ld.id IS NOT NULL THEN\n        json_build_object(\n          'id', ld.id,\n          'name', ld.name,\n          'location_type', json_build_object(\n            'id', ltd.id,\n            'name', ltd.name,\n            'background_color', ltd.background_color,\n            'foreground_color', ltd.foreground_color\n          )\n        )\n      ELSE\n        json_build_object(\n          'id', null,\n          'name', null,\n          'location_type', json_build_object(\n            'id', null,\n            'name', null,\n            'background_color', null,\n            'foreground_color', null\n          )\n        )\n    END\n  ) AS airport\n\nFROM bookings b\n\nLEFT JOIN booking_statuses bs\n  ON b.booking_status_id = bs.id\n\nLEFT JOIN booking_types bt\n  ON b.booking_type_id = bt.id\n\nLEFT JOIN journey_types jt\n  ON b.journey_type_id = jt.id\n\nLEFT JOIN subsidiaries s\n  ON b.subsidiary_id = s.id\n\nLEFT JOIN vehicle_types vt\n  ON b.vehicle_type_id = vt.id\n\nLEFT JOIN payment_types pt\n  ON b.payment_type_id = pt.id\n\nLEFT JOIN accounts a\n  ON b.account_id = a.id\n\nLEFT JOIN drivers d\n  ON b.driver_id = d.id\n\nLEFT JOIN vehicles v\n  ON d.vehicle_id = v.id\n\nLEFT JOIN customers c\n  ON b.customer_id = c.id\n\nLEFT JOIN employees e\n  ON b.employee_id = e.id\n\n\n-- PICKUP LOCATION\n-- Select only the most specific matching location\nLEFT JOIN LATERAL (\n  SELECT l.*\n  FROM locations l\n  WHERE l.location_type_id = 2\n    AND b.pickup ILIKE '%' || l.name || '%'\n  ORDER BY LENGTH(l.name) DESC, l.id ASC\n  LIMIT 1\n) lp ON true\n\n\n-- DROPOFF LOCATION\n-- Select only the most specific matching location\nLEFT JOIN LATERAL (\n  SELECT l.*\n  FROM locations l\n  WHERE l.location_type_id = 2\n    AND b.dropoff ILIKE '%' || l.name || '%'\n  ORDER BY LENGTH(l.name) DESC, l.id ASC\n  LIMIT 1\n) ld ON true\n\n\nLEFT JOIN location_types ltp\n  ON lp.location_type_id = ltp.id\n\nLEFT JOIN location_types ltd\n  ON ld.location_type_id = ltd.id\n\n\n    \n    WHERE b.trash = false AND \n      TO_DATE(b.pickup_date, 'YYYY-FMMM-FMDD')\n      >= TO_DATE($1, 'YYYY-MM-DD')\n     AND \n      TO_DATE(b.pickup_date, 'YYYY-FMMM-FMDD')\n      <= TO_DATE($2, 'YYYY-MM-DD')\n     AND TRIM(b.pickup_time)::time >= $3::time AND TRIM(b.pickup_time)::time <= $4::time AND b.booking_status_id = ANY($5::int[]) AND b.payment_type_id = ANY($6::int[]) AND b.driver_id = $7 AND b.pickup ILIKE $8 AND b.parking_charges::text ILIKE $9 AND b.waiting_charges::text ILIKE $10\n  \n    ORDER BY (\n        TO_DATE(b.pickup_date,'YYYY-FMMM-FMDD')\n        +\n        TRIM(b.pickup_time)::time\n      ) ASC\n    OFFSET $11\n    LIMIT $12\n  ","timestamp":"2026-08-18T18:17:53.912Z"}
{"level":"info","message":"GET /api/bookings/booking-statistics?from_date=2020-07-01&to_date=2026-07-20&from_time=00:00&to_time=23:59&pickup=Tn30,%20Ashford%20Road,%20St.%20Michaels,%20Tenterden%20TN30%206BT&payment_type_id=1,2,3,4&booking_status_id=1,3,4,5,6,8,10,12,13,14,15&sort_order=ASC&sort_by=datetime&driver_id=167&pc=12.00&wc=1.00 200 103.366 ms","timestamp":"2026-08-18T18:17:53.914Z"}
{"duration":6,"level":"info","message":"db-query","rows":26,"text":"SELECT * FROM location_types","timestamp":"2026-08-18T18:18:09.944Z"}
{"level":"info","message":"GET /api/location-types 200 12.636 ms","timestamp":"2026-08-18T18:18:09.951Z"}
{"duration":55,"level":"info","message":"db-query","rows":26,"text":"SELECT * FROM location_types","timestamp":"2026-08-18T18:18:09.995Z"}
{"level":"info","message":"GET /api/location-types 200 57.222 ms","timestamp":"2026-08-18T18:18:09.997Z"}
{"duration":21,"level":"info","message":"db-query","rows":1,"text":"\n    SELECT COUNT(*) AS total\n    FROM bookings b\n    \n    LEFT JOIN vehicle_types vt ON b.vehicle_type_id = vt.id\n    LEFT JOIN journey_types jt ON b.journey_type_id = jt.id\n    LEFT JOIN accounts a ON b.account_id = a.id\n    LEFT JOIN payment_types pt ON b.payment_type_id = pt.id\n    LEFT JOIN drivers d ON b.driver_id = d.id\n    LEFT JOIN subsidiaries s ON b.subsidiary_id = s.id\n    LEFT JOIN booking_statuses bs ON b.booking_status_id = bs.id\n  \n    \n    WHERE b.trash = false AND \n      TO_DATE(b.pickup_date, 'YYYY-FMMM-FMDD')\n      >= TO_DATE($1, 'YYYY-MM-DD')\n     AND \n      TO_DATE(b.pickup_date, 'YYYY-FMMM-FMDD')\n      <= TO_DATE($2, 'YYYY-MM-DD')\n     AND TRIM(b.pickup_time)::time >= $3::time AND TRIM(b.pickup_time)::time <= $4::time AND b.booking_status_id = ANY($5::int[]) AND b.payment_type_id = ANY($6::int[]) AND b.driver_id = $7 AND b.pickup ILIKE $8 AND b.parking_charges::text ILIKE $9 AND b.waiting_charges::text ILIKE $10 AND b.extra_drop_charges::text ILIKE $11\n  \n  ","timestamp":"2026-08-18T18:18:12.069Z"}
{"duration":3,"level":"info","message":"db-query","rows":1,"text":"\n    SELECT\n      COUNT(*) AS total_bookings,\n      COALESCE(SUM(b.fares), 0) AS total_earnings,\n      COALESCE(\n        SUM(\n          CASE\n            WHEN b.account_id IS NOT NULL\n            THEN b.fares\n            ELSE 0\n          END\n        ),\n        0\n      ) AS total_account_earnings\n    FROM bookings b\n    \n    LEFT JOIN vehicle_types vt ON b.vehicle_type_id = vt.id\n    LEFT JOIN journey_types jt ON b.journey_type_id = jt.id\n    LEFT JOIN accounts a ON b.account_id = a.id\n    LEFT JOIN payment_types pt ON b.payment_type_id = pt.id\n    LEFT JOIN drivers d ON b.driver_id = d.id\n    LEFT JOIN subsidiaries s ON b.subsidiary_id = s.id\n    LEFT JOIN booking_statuses bs ON b.booking_status_id = bs.id\n  \n    \n    WHERE b.trash = false AND \n      TO_DATE(b.pickup_date, 'YYYY-FMMM-FMDD')\n      >= TO_DATE($1, 'YYYY-MM-DD')\n     AND \n      TO_DATE(b.pickup_date, 'YYYY-FMMM-FMDD')\n      <= TO_DATE($2, 'YYYY-MM-DD')\n     AND TRIM(b.pickup_time)::time >= $3::time AND TRIM(b.pickup_time)::time <= $4::time AND b.booking_status_id = ANY($5::int[]) AND b.payment_type_id = ANY($6::int[]) AND b.driver_id = $7 AND b.pickup ILIKE $8 AND b.parking_charges::text ILIKE $9 AND b.waiting_charges::text ILIKE $10 AND b.extra_drop_charges::text ILIKE $11\n  \n  ","timestamp":"2026-08-18T18:18:12.073Z"}
{"duration":29,"level":"info","message":"db-query","rows":1,"text":"\n    \nSELECT\n  b.id,\n  b.reference_number,\n  b.subsidiary_id,\n  b.booking_type_id,\n  b.booking_status_id,\n  b.journey_type_id,\n  b.account_id,\n  b.customer_id,\n  b.employee_id,\n  b.pickup,\n  b.dropoff,\n  b.pickup_date,\n  b.pickup_time,\n  b.dropoff_date,\n  b.dropoff_time,\n  b.pickup_door_number,\n  b.dropoff_door_number,\n  b.pickup_plot,\n  b.dropoff_plot,\n  b.pickup_location_type_id,\n  b.dropoff_location_type_id,\n  b.pickup_latitude,\n  b.pickup_longitude,\n  b.dropoff_latitude,\n  b.dropoff_longitude,\n  b.viapoints,\n  b.restricted_drivers,\n  b.flight_number,\n  b.arriving_from,\n  b.vehicle_type_id,\n  b.vehicle_id,\n  b.driver_id,\n  b.passengers,\n  b.luggages,\n  b.hand_luggages,\n  b.child_seat,\n  b.name,\n  b.email,\n  b.mobile,\n  b.telephone,\n  b.lead_time,\n  b.notes,\n  b.special_instructions,\n  b.payment_type_id,\n  b.company_price,\n  b.fares,\n  b.total_charges,\n  b.parking_charges,\n  b.waiting_charges,\n  b.extra_drop_charges,\n  b.credit_card_charges,\n  b.congestion_charges,\n  b.miles,\n  b.meet_and_greet,\n  b.department,\n  b.escort_id,\n  b.order_number,\n  b.booked_by,\n  b.add_return_fare,\n  b.fare_meter_status,\n  b.fare_meter,\n  b.quotation,\n  b.quoted,\n  b.dispatch,\n  b.dispatch_as,\n  b.sms,\n  b.emailflag,\n  b.trash,\n  b.hidden,\n  b.multi_booking_id,\n  b.associated_booking,\n  b.invoice_status,\n  b.commission_status,\n  b.commission,\n  b.skipped_bookings,\n  b.permanent,\n  b.toggle_driver_text,\n  b.toggle_passenger_text,\n  b.cancelled_reason,\n  b.booking_source,\n  b.on_route,\n  b.arrived,\n  b.passenger_on_board,\n  b.completed,\n  b.controller_completed,\n  b.driver_waiting_time,\n  b.dispatched_at,\n  b.booked_at,\n  b.stripe_customer_id,\n  b.stripe_payment_id,\n  b.invoice_number,\n  b.initial_subsidiary_id,\n  b.created_at,\n  b.updated_at,\n  b.eta,\n  b.fob,\n  b.future,\n\n  json_build_object(\n    'booking_status', bs.booking_status\n  ) AS booking_status,\n\n  json_build_object(\n    'booking_type', bt.booking_type\n  ) AS booking_type,\n\n  json_build_object(\n    'journey_type', jt.journey_type\n  ) AS journey_type,\n\n  json_build_object(\n    'id', s.id,\n    'name', s.name,\n    'telephone_number', s.telephone_number\n  ) AS subsidiary,\n\n  json_build_object(\n    'name', vt.name,\n    'background_color', vt.background_color,\n    'foreground_color', vt.foreground_color\n  ) AS vehicle_type,\n\n  json_build_object(\n    'id', pt.id,\n    'name', pt.name,\n    'background_color', pt.background_color,\n    'foreground_color', pt.foreground_color\n  ) AS payment_type,\n\n  json_build_object(\n    'id', a.id,\n    'name', a.name,\n    'background_color', a.background_color,\n    'foreground_color', a.foreground_color,\n    'has_vat', a.has_vat,\n    'bank_information', a.bank_information,\n    'fare_controller', a.fare_controller,\n    'account_fees_type', a.account_fees_type,\n    'account_fees', a.account_fees,\n    'account_fees_vat', a.account_fees_vat\n  ) AS account,\n\n  json_build_object(\n    'id', d.id,\n    'username', d.username,\n    'name', d.name,\n    'mobile_device_id', d.mobile_device_id,\n    'phc_vehicle_number', d.phc_vehicle_number,\n    'phc_driver_number', d.phc_driver_number,\n    'vehicle_id', d.vehicle_id,\n    'driver_commission', d.driver_commission,\n    'session_status', d.session_status,\n\n    'vehicle', json_build_object(\n      'make', v.make,\n      'model', v.model,\n      'color', v.color,\n      'vehicle_number', v.vehicle_number\n    )\n  ) AS driver,\n\n  json_build_object(\n    'door_number', c.door_number,\n    'address1', c.address1,\n    'address2', c.address2,\n    'blacklist', c.blacklist\n  ) AS customer,\n\n  json_build_object(\n    'username', e.username,\n    'role_id', e.role_id\n  ) AS employee,\n\n  json_build_object(\n    'pickup',\n    CASE\n      WHEN lp.id IS NOT NULL THEN\n        json_build_object(\n          'id', lp.id,\n          'name', lp.name,\n          'location_type', json_build_object(\n            'id', ltp.id,\n            'name', ltp.name,\n            'background_color', ltp.background_color,\n            'foreground_color', ltp.foreground_color\n          )\n        )\n      ELSE\n        json_build_object(\n          'id', null,\n          'name', null,\n          'location_type', json_build_object(\n            'id', null,\n            'name', null,\n            'background_color', null,\n            'foreground_color', null\n          )\n        )\n    END,\n\n    'dropoff',\n    CASE\n      WHEN ld.id IS NOT NULL THEN\n        json_build_object(\n          'id', ld.id,\n          'name', ld.name,\n          'location_type', json_build_object(\n            'id', ltd.id,\n            'name', ltd.name,\n            'background_color', ltd.background_color,\n            'foreground_color', ltd.foreground_color\n          )\n        )\n      ELSE\n        json_build_object(\n          'id', null,\n          'name', null,\n          'location_type', json_build_object(\n            'id', null,\n            'name', null,\n            'background_color', null,\n            'foreground_color', null\n          )\n        )\n    END\n  ) AS airport\n\nFROM bookings b\n\nLEFT JOIN booking_statuses bs\n  ON b.booking_status_id = bs.id\n\nLEFT JOIN booking_types bt\n  ON b.booking_type_id = bt.id\n\nLEFT JOIN journey_types jt\n  ON b.journey_type_id = jt.id\n\nLEFT JOIN subsidiaries s\n  ON b.subsidiary_id = s.id\n\nLEFT JOIN vehicle_types vt\n  ON b.vehicle_type_id = vt.id\n\nLEFT JOIN payment_types pt\n  ON b.payment_type_id = pt.id\n\nLEFT JOIN accounts a\n  ON b.account_id = a.id\n\nLEFT JOIN drivers d\n  ON b.driver_id = d.id\n\nLEFT JOIN vehicles v\n  ON d.vehicle_id = v.id\n\nLEFT JOIN customers c\n  ON b.customer_id = c.id\n\nLEFT JOIN employees e\n  ON b.employee_id = e.id\n\n\n-- PICKUP LOCATION\n-- Select only the most specific matching location\nLEFT JOIN LATERAL (\n  SELECT l.*\n  FROM locations l\n  WHERE l.location_type_id = 2\n    AND b.pickup ILIKE '%' || l.name || '%'\n  ORDER BY LENGTH(l.name) DESC, l.id ASC\n  LIMIT 1\n) lp ON true\n\n\n-- DROPOFF LOCATION\n-- Select only the most specific matching location\nLEFT JOIN LATERAL (\n  SELECT l.*\n  FROM locations l\n  WHERE l.location_type_id = 2\n    AND b.dropoff ILIKE '%' || l.name || '%'\n  ORDER BY LENGTH(l.name) DESC, l.id ASC\n  LIMIT 1\n) ld ON true\n\n\nLEFT JOIN location_types ltp\n  ON lp.location_type_id = ltp.id\n\nLEFT JOIN location_types ltd\n  ON ld.location_type_id = ltd.id\n\n\n    \n    WHERE b.trash = false AND \n      TO_DATE(b.pickup_date, 'YYYY-FMMM-FMDD')\n      >= TO_DATE($1, 'YYYY-MM-DD')\n     AND \n      TO_DATE(b.pickup_date, 'YYYY-FMMM-FMDD')\n      <= TO_DATE($2, 'YYYY-MM-DD')\n     AND TRIM(b.pickup_time)::time >= $3::time AND TRIM(b.pickup_time)::time <= $4::time AND b.booking_status_id = ANY($5::int[]) AND b.payment_type_id = ANY($6::int[]) AND b.driver_id = $7 AND b.pickup ILIKE $8 AND b.parking_charges::text ILIKE $9 AND b.waiting_charges::text ILIKE $10 AND b.extra_drop_charges::text ILIKE $11\n  \n    ORDER BY (\n        TO_DATE(b.pickup_date,'YYYY-FMMM-FMDD')\n        +\n        TRIM(b.pickup_time)::time\n      ) ASC\n    OFFSET $12\n    LIMIT $13\n  ","timestamp":"2026-08-18T18:18:12.102Z"}
{"level":"info","message":"GET /api/bookings/booking-statistics?from_date=2020-07-01&to_date=2026-07-20&from_time=00:00&to_time=23:59&pickup=Tn30,%20Ashford%20Road,%20St.%20Michaels,%20Tenterden%20TN30%206BT&payment_type_id=1,2,3,4&booking_status_id=1,3,4,5,6,8,10,12,13,14,15&sort_order=ASC&sort_by=datetime&driver_id=167&pc=12.00&wc=1.00&edc=4.00 200 57.063 ms","timestamp":"2026-08-18T18:18:12.104Z"}
{"duration":2,"level":"info","message":"db-query","rows":1,"text":"\n    SELECT COUNT(*) AS total\n    FROM bookings b\n    \n    LEFT JOIN vehicle_types vt ON b.vehicle_type_id = vt.id\n    LEFT JOIN journey_types jt ON b.journey_type_id = jt.id\n    LEFT JOIN accounts a ON b.account_id = a.id\n    LEFT JOIN payment_types pt ON b.payment_type_id = pt.id\n    LEFT JOIN drivers d ON b.driver_id = d.id\n    LEFT JOIN subsidiaries s ON b.subsidiary_id = s.id\n    LEFT JOIN booking_statuses bs ON b.booking_status_id = bs.id\n  \n    \n    WHERE b.trash = false AND \n      TO_DATE(b.pickup_date, 'YYYY-FMMM-FMDD')\n      >= TO_DATE($1, 'YYYY-MM-DD')\n     AND \n      TO_DATE(b.pickup_date, 'YYYY-FMMM-FMDD')\n      <= TO_DATE($2, 'YYYY-MM-DD')\n     AND TRIM(b.pickup_time)::time >= $3::time AND TRIM(b.pickup_time)::time <= $4::time AND b.booking_status_id = ANY($5::int[]) AND b.payment_type_id = ANY($6::int[]) AND b.driver_id = $7 AND b.pickup ILIKE $8 AND b.parking_charges::text ILIKE $9 AND b.waiting_charges::text ILIKE $10 AND b.extra_drop_charges::text ILIKE $11\n  \n  ","timestamp":"2026-08-18T18:18:15.613Z"}
{"duration":3,"level":"info","message":"db-query","rows":1,"text":"\n    SELECT\n      COUNT(*) AS total_bookings,\n      COALESCE(SUM(b.fares), 0) AS total_earnings,\n      COALESCE(\n        SUM(\n          CASE\n            WHEN b.account_id IS NOT NULL\n            THEN b.fares\n            ELSE 0\n          END\n        ),\n        0\n      ) AS total_account_earnings\n    FROM bookings b\n    \n    LEFT JOIN vehicle_types vt ON b.vehicle_type_id = vt.id\n    LEFT JOIN journey_types jt ON b.journey_type_id = jt.id\n    LEFT JOIN accounts a ON b.account_id = a.id\n    LEFT JOIN payment_types pt ON b.payment_type_id = pt.id\n    LEFT JOIN drivers d ON b.driver_id = d.id\n    LEFT JOIN subsidiaries s ON b.subsidiary_id = s.id\n    LEFT JOIN booking_statuses bs ON b.booking_status_id = bs.id\n  \n    \n    WHERE b.trash = false AND \n      TO_DATE(b.pickup_date, 'YYYY-FMMM-FMDD')\n      >= TO_DATE($1, 'YYYY-MM-DD')\n     AND \n      TO_DATE(b.pickup_date, 'YYYY-FMMM-FMDD')\n      <= TO_DATE($2, 'YYYY-MM-DD')\n     AND TRIM(b.pickup_time)::time >= $3::time AND TRIM(b.pickup_time)::time <= $4::time AND b.booking_status_id = ANY($5::int[]) AND b.payment_type_id = ANY($6::int[]) AND b.driver_id = $7 AND b.pickup ILIKE $8 AND b.parking_charges::text ILIKE $9 AND b.waiting_charges::text ILIKE $10 AND b.extra_drop_charges::text ILIKE $11\n  \n  ","timestamp":"2026-08-18T18:18:15.617Z"}
{"duration":16,"level":"info","message":"db-query","rows":1,"text":"\n    \nSELECT\n  b.id,\n  b.reference_number,\n  b.subsidiary_id,\n  b.booking_type_id,\n  b.booking_status_id,\n  b.journey_type_id,\n  b.account_id,\n  b.customer_id,\n  b.employee_id,\n  b.pickup,\n  b.dropoff,\n  b.pickup_date,\n  b.pickup_time,\n  b.dropoff_date,\n  b.dropoff_time,\n  b.pickup_door_number,\n  b.dropoff_door_number,\n  b.pickup_plot,\n  b.dropoff_plot,\n  b.pickup_location_type_id,\n  b.dropoff_location_type_id,\n  b.pickup_latitude,\n  b.pickup_longitude,\n  b.dropoff_latitude,\n  b.dropoff_longitude,\n  b.viapoints,\n  b.restricted_drivers,\n  b.flight_number,\n  b.arriving_from,\n  b.vehicle_type_id,\n  b.vehicle_id,\n  b.driver_id,\n  b.passengers,\n  b.luggages,\n  b.hand_luggages,\n  b.child_seat,\n  b.name,\n  b.email,\n  b.mobile,\n  b.telephone,\n  b.lead_time,\n  b.notes,\n  b.special_instructions,\n  b.payment_type_id,\n  b.company_price,\n  b.fares,\n  b.total_charges,\n  b.parking_charges,\n  b.waiting_charges,\n  b.extra_drop_charges,\n  b.credit_card_charges,\n  b.congestion_charges,\n  b.miles,\n  b.meet_and_greet,\n  b.department,\n  b.escort_id,\n  b.order_number,\n  b.booked_by,\n  b.add_return_fare,\n  b.fare_meter_status,\n  b.fare_meter,\n  b.quotation,\n  b.quoted,\n  b.dispatch,\n  b.dispatch_as,\n  b.sms,\n  b.emailflag,\n  b.trash,\n  b.hidden,\n  b.multi_booking_id,\n  b.associated_booking,\n  b.invoice_status,\n  b.commission_status,\n  b.commission,\n  b.skipped_bookings,\n  b.permanent,\n  b.toggle_driver_text,\n  b.toggle_passenger_text,\n  b.cancelled_reason,\n  b.booking_source,\n  b.on_route,\n  b.arrived,\n  b.passenger_on_board,\n  b.completed,\n  b.controller_completed,\n  b.driver_waiting_time,\n  b.dispatched_at,\n  b.booked_at,\n  b.stripe_customer_id,\n  b.stripe_payment_id,\n  b.invoice_number,\n  b.initial_subsidiary_id,\n  b.created_at,\n  b.updated_at,\n  b.eta,\n  b.fob,\n  b.future,\n\n  json_build_object(\n    'booking_status', bs.booking_status\n  ) AS booking_status,\n\n  json_build_object(\n    'booking_type', bt.booking_type\n  ) AS booking_type,\n\n  json_build_object(\n    'journey_type', jt.journey_type\n  ) AS journey_type,\n\n  json_build_object(\n    'id', s.id,\n    'name', s.name,\n    'telephone_number', s.telephone_number\n  ) AS subsidiary,\n\n  json_build_object(\n    'name', vt.name,\n    'background_color', vt.background_color,\n    'foreground_color', vt.foreground_color\n  ) AS vehicle_type,\n\n  json_build_object(\n    'id', pt.id,\n    'name', pt.name,\n    'background_color', pt.background_color,\n    'foreground_color', pt.foreground_color\n  ) AS payment_type,\n\n  json_build_object(\n    'id', a.id,\n    'name', a.name,\n    'background_color', a.background_color,\n    'foreground_color', a.foreground_color,\n    'has_vat', a.has_vat,\n    'bank_information', a.bank_information,\n    'fare_controller', a.fare_controller,\n    'account_fees_type', a.account_fees_type,\n    'account_fees', a.account_fees,\n    'account_fees_vat', a.account_fees_vat\n  ) AS account,\n\n  json_build_object(\n    'id', d.id,\n    'username', d.username,\n    'name', d.name,\n    'mobile_device_id', d.mobile_device_id,\n    'phc_vehicle_number', d.phc_vehicle_number,\n    'phc_driver_number', d.phc_driver_number,\n    'vehicle_id', d.vehicle_id,\n    'driver_commission', d.driver_commission,\n    'session_status', d.session_status,\n\n    'vehicle', json_build_object(\n      'make', v.make,\n      'model', v.model,\n      'color', v.color,\n      'vehicle_number', v.vehicle_number\n    )\n  ) AS driver,\n\n  json_build_object(\n    'door_number', c.door_number,\n    'address1', c.address1,\n    'address2', c.address2,\n    'blacklist', c.blacklist\n  ) AS customer,\n\n  json_build_object(\n    'username', e.username,\n    'role_id', e.role_id\n  ) AS employee,\n\n  json_build_object(\n    'pickup',\n    CASE\n      WHEN lp.id IS NOT NULL THEN\n        json_build_object(\n          'id', lp.id,\n          'name', lp.name,\n          'location_type', json_build_object(\n            'id', ltp.id,\n            'name', ltp.name,\n            'background_color', ltp.background_color,\n            'foreground_color', ltp.foreground_color\n          )\n        )\n      ELSE\n        json_build_object(\n          'id', null,\n          'name', null,\n          'location_type', json_build_object(\n            'id', null,\n            'name', null,\n            'background_color', null,\n            'foreground_color', null\n          )\n        )\n    END,\n\n    'dropoff',\n    CASE\n      WHEN ld.id IS NOT NULL THEN\n        json_build_object(\n          'id', ld.id,\n          'name', ld.name,\n          'location_type', json_build_object(\n            'id', ltd.id,\n            'name', ltd.name,\n            'background_color', ltd.background_color,\n            'foreground_color', ltd.foreground_color\n          )\n        )\n      ELSE\n        json_build_object(\n          'id', null,\n          'name', null,\n          'location_type', json_build_object(\n            'id', null,\n            'name', null,\n            'background_color', null,\n            'foreground_color', null\n          )\n        )\n    END\n  ) AS airport\n\nFROM bookings b\n\nLEFT JOIN booking_statuses bs\n  ON b.booking_status_id = bs.id\n\nLEFT JOIN booking_types bt\n  ON b.booking_type_id = bt.id\n\nLEFT JOIN journey_types jt\n  ON b.journey_type_id = jt.id\n\nLEFT JOIN subsidiaries s\n  ON b.subsidiary_id = s.id\n\nLEFT JOIN vehicle_types vt\n  ON b.vehicle_type_id = vt.id\n\nLEFT JOIN payment_types pt\n  ON b.payment_type_id = pt.id\n\nLEFT JOIN accounts a\n  ON b.account_id = a.id\n\nLEFT JOIN drivers d\n  ON b.driver_id = d.id\n\nLEFT JOIN vehicles v\n  ON d.vehicle_id = v.id\n\nLEFT JOIN customers c\n  ON b.customer_id = c.id\n\nLEFT JOIN employees e\n  ON b.employee_id = e.id\n\n\n-- PICKUP LOCATION\n-- Select only the most specific matching location\nLEFT JOIN LATERAL (\n  SELECT l.*\n  FROM locations l\n  WHERE l.location_type_id = 2\n    AND b.pickup ILIKE '%' || l.name || '%'\n  ORDER BY LENGTH(l.name) DESC, l.id ASC\n  LIMIT 1\n) lp ON true\n\n\n-- DROPOFF LOCATION\n-- Select only the most specific matching location\nLEFT JOIN LATERAL (\n  SELECT l.*\n  FROM locations l\n  WHERE l.location_type_id = 2\n    AND b.dropoff ILIKE '%' || l.name || '%'\n  ORDER BY LENGTH(l.name) DESC, l.id ASC\n  LIMIT 1\n) ld ON true\n\n\nLEFT JOIN location_types ltp\n  ON lp.location_type_id = ltp.id\n\nLEFT JOIN location_types ltd\n  ON ld.location_type_id = ltd.id\n\n\n    \n    WHERE b.trash = false AND \n      TO_DATE(b.pickup_date, 'YYYY-FMMM-FMDD')\n      >= TO_DATE($1, 'YYYY-MM-DD')\n     AND \n      TO_DATE(b.pickup_date, 'YYYY-FMMM-FMDD')\n      <= TO_DATE($2, 'YYYY-MM-DD')\n     AND TRIM(b.pickup_time)::time >= $3::time AND TRIM(b.pickup_time)::time <= $4::time AND b.booking_status_id = ANY($5::int[]) AND b.payment_type_id = ANY($6::int[]) AND b.driver_id = $7 AND b.pickup ILIKE $8 AND b.parking_charges::text ILIKE $9 AND b.waiting_charges::text ILIKE $10 AND b.extra_drop_charges::text ILIKE $11\n  \n    ORDER BY (\n        TO_DATE(b.pickup_date,'YYYY-FMMM-FMDD')\n        +\n        TRIM(b.pickup_time)::time\n      ) ASC\n    OFFSET $12\n    LIMIT $13\n  ","timestamp":"2026-08-18T18:18:15.634Z"}
{"level":"info","message":"GET /api/bookings/booking-statistics?from_date=2020-07-01&to_date=2026-07-20&from_time=00:00&to_time=23:59&pickup=Tn30,%20Ashford%20Road,%20St.%20Michaels,%20Tenterden%20TN30%206BT&payment_type_id=1,2,3,4&booking_status_id=1,3,4,5,6,8,10,12,13,14,15&sort_order=ASC&sort_by=datetime&driver_id=167&pc=12.00&wc=1.00&edc=4.00 200 25.510 ms","timestamp":"2026-08-18T18:18:15.636Z"}
{"duration":93,"level":"info","message":"db-query","rows":1,"text":"\n    SELECT COUNT(*) AS total\n    FROM bookings b\n    \n    LEFT JOIN vehicle_types vt ON b.vehicle_type_id = vt.id\n    LEFT JOIN journey_types jt ON b.journey_type_id = jt.id\n    LEFT JOIN accounts a ON b.account_id = a.id\n    LEFT JOIN payment_types pt ON b.payment_type_id = pt.id\n    LEFT JOIN drivers d ON b.driver_id = d.id\n    LEFT JOIN subsidiaries s ON b.subsidiary_id = s.id\n    LEFT JOIN booking_statuses bs ON b.booking_status_id = bs.id\n  \n    \n    WHERE b.trash = false AND \n      TO_DATE(b.pickup_date, 'YYYY-FMMM-FMDD')\n      >= TO_DATE($1, 'YYYY-MM-DD')\n     AND \n      TO_DATE(b.pickup_date, 'YYYY-FMMM-FMDD')\n      <= TO_DATE($2, 'YYYY-MM-DD')\n     AND TRIM(b.pickup_time)::time >= $3::time AND TRIM(b.pickup_time)::time <= $4::time AND b.booking_status_id = ANY($5::int[]) AND b.payment_type_id = ANY($6::int[]) AND b.driver_id = $7 AND b.pickup ILIKE $8 AND b.parking_charges::text ILIKE $9 AND b.waiting_charges::text ILIKE $10 AND b.extra_drop_charges::text ILIKE $11 AND b.meet_and_greet::text ILIKE $12 AND b.congestion_charges::text ILIKE $13 AND b.total_charges::text ILIKE $14\n  \n  ","timestamp":"2026-08-18T18:18:48.934Z"}
{"duration":3,"level":"info","message":"db-query","rows":1,"text":"\n    SELECT\n      COUNT(*) AS total_bookings,\n      COALESCE(SUM(b.fares), 0) AS total_earnings,\n      COALESCE(\n        SUM(\n          CASE\n            WHEN b.account_id IS NOT NULL\n            THEN b.fares\n            ELSE 0\n          END\n        ),\n        0\n      ) AS total_account_earnings\n    FROM bookings b\n    \n    LEFT JOIN vehicle_types vt ON b.vehicle_type_id = vt.id\n    LEFT JOIN journey_types jt ON b.journey_type_id = jt.id\n    LEFT JOIN accounts a ON b.account_id = a.id\n    LEFT JOIN payment_types pt ON b.payment_type_id = pt.id\n    LEFT JOIN drivers d ON b.driver_id = d.id\n    LEFT JOIN subsidiaries s ON b.subsidiary_id = s.id\n    LEFT JOIN booking_statuses bs ON b.booking_status_id = bs.id\n  \n    \n    WHERE b.trash = false AND \n      TO_DATE(b.pickup_date, 'YYYY-FMMM-FMDD')\n      >= TO_DATE($1, 'YYYY-MM-DD')\n     AND \n      TO_DATE(b.pickup_date, 'YYYY-FMMM-FMDD')\n      <= TO_DATE($2, 'YYYY-MM-DD')\n     AND TRIM(b.pickup_time)::time >= $3::time AND TRIM(b.pickup_time)::time <= $4::time AND b.booking_status_id = ANY($5::int[]) AND b.payment_type_id = ANY($6::int[]) AND b.driver_id = $7 AND b.pickup ILIKE $8 AND b.parking_charges::text ILIKE $9 AND b.waiting_charges::text ILIKE $10 AND b.extra_drop_charges::text ILIKE $11 AND b.meet_and_greet::text ILIKE $12 AND b.congestion_charges::text ILIKE $13 AND b.total_charges::text ILIKE $14\n  \n  ","timestamp":"2026-08-18T18:18:48.966Z"}
{"duration":44,"level":"info","message":"db-query","rows":1,"text":"\n    \nSELECT\n  b.id,\n  b.reference_number,\n  b.subsidiary_id,\n  b.booking_type_id,\n  b.booking_status_id,\n  b.journey_type_id,\n  b.account_id,\n  b.customer_id,\n  b.employee_id,\n  b.pickup,\n  b.dropoff,\n  b.pickup_date,\n  b.pickup_time,\n  b.dropoff_date,\n  b.dropoff_time,\n  b.pickup_door_number,\n  b.dropoff_door_number,\n  b.pickup_plot,\n  b.dropoff_plot,\n  b.pickup_location_type_id,\n  b.dropoff_location_type_id,\n  b.pickup_latitude,\n  b.pickup_longitude,\n  b.dropoff_latitude,\n  b.dropoff_longitude,\n  b.viapoints,\n  b.restricted_drivers,\n  b.flight_number,\n  b.arriving_from,\n  b.vehicle_type_id,\n  b.vehicle_id,\n  b.driver_id,\n  b.passengers,\n  b.luggages,\n  b.hand_luggages,\n  b.child_seat,\n  b.name,\n  b.email,\n  b.mobile,\n  b.telephone,\n  b.lead_time,\n  b.notes,\n  b.special_instructions,\n  b.payment_type_id,\n  b.company_price,\n  b.fares,\n  b.total_charges,\n  b.parking_charges,\n  b.waiting_charges,\n  b.extra_drop_charges,\n  b.credit_card_charges,\n  b.congestion_charges,\n  b.miles,\n  b.meet_and_greet,\n  b.department,\n  b.escort_id,\n  b.order_number,\n  b.booked_by,\n  b.add_return_fare,\n  b.fare_meter_status,\n  b.fare_meter,\n  b.quotation,\n  b.quoted,\n  b.dispatch,\n  b.dispatch_as,\n  b.sms,\n  b.emailflag,\n  b.trash,\n  b.hidden,\n  b.multi_booking_id,\n  b.associated_booking,\n  b.invoice_status,\n  b.commission_status,\n  b.commission,\n  b.skipped_bookings,\n  b.permanent,\n  b.toggle_driver_text,\n  b.toggle_passenger_text,\n  b.cancelled_reason,\n  b.booking_source,\n  b.on_route,\n  b.arrived,\n  b.passenger_on_board,\n  b.completed,\n  b.controller_completed,\n  b.driver_waiting_time,\n  b.dispatched_at,\n  b.booked_at,\n  b.stripe_customer_id,\n  b.stripe_payment_id,\n  b.invoice_number,\n  b.initial_subsidiary_id,\n  b.created_at,\n  b.updated_at,\n  b.eta,\n  b.fob,\n  b.future,\n\n  json_build_object(\n    'booking_status', bs.booking_status\n  ) AS booking_status,\n\n  json_build_object(\n    'booking_type', bt.booking_type\n  ) AS booking_type,\n\n  json_build_object(\n    'journey_type', jt.journey_type\n  ) AS journey_type,\n\n  json_build_object(\n    'id', s.id,\n    'name', s.name,\n    'telephone_number', s.telephone_number\n  ) AS subsidiary,\n\n  json_build_object(\n    'name', vt.name,\n    'background_color', vt.background_color,\n    'foreground_color', vt.foreground_color\n  ) AS vehicle_type,\n\n  json_build_object(\n    'id', pt.id,\n    'name', pt.name,\n    'background_color', pt.background_color,\n    'foreground_color', pt.foreground_color\n  ) AS payment_type,\n\n  json_build_object(\n    'id', a.id,\n    'name', a.name,\n    'background_color', a.background_color,\n    'foreground_color', a.foreground_color,\n    'has_vat', a.has_vat,\n    'bank_information', a.bank_information,\n    'fare_controller', a.fare_controller,\n    'account_fees_type', a.account_fees_type,\n    'account_fees', a.account_fees,\n    'account_fees_vat', a.account_fees_vat\n  ) AS account,\n\n  json_build_object(\n    'id', d.id,\n    'username', d.username,\n    'name', d.name,\n    'mobile_device_id', d.mobile_device_id,\n    'phc_vehicle_number', d.phc_vehicle_number,\n    'phc_driver_number', d.phc_driver_number,\n    'vehicle_id', d.vehicle_id,\n    'driver_commission', d.driver_commission,\n    'session_status', d.session_status,\n\n    'vehicle', json_build_object(\n      'make', v.make,\n      'model', v.model,\n      'color', v.color,\n      'vehicle_number', v.vehicle_number\n    )\n  ) AS driver,\n\n  json_build_object(\n    'door_number', c.door_number,\n    'address1', c.address1,\n    'address2', c.address2,\n    'blacklist', c.blacklist\n  ) AS customer,\n\n  json_build_object(\n    'username', e.username,\n    'role_id', e.role_id\n  ) AS employee,\n\n  json_build_object(\n    'pickup',\n    CASE\n      WHEN lp.id IS NOT NULL THEN\n        json_build_object(\n          'id', lp.id,\n          'name', lp.name,\n          'location_type', json_build_object(\n            'id', ltp.id,\n            'name', ltp.name,\n            'background_color', ltp.background_color,\n            'foreground_color', ltp.foreground_color\n          )\n        )\n      ELSE\n        json_build_object(\n          'id', null,\n          'name', null,\n          'location_type', json_build_object(\n            'id', null,\n            'name', null,\n            'background_color', null,\n            'foreground_color', null\n          )\n        )\n    END,\n\n    'dropoff',\n    CASE\n      WHEN ld.id IS NOT NULL THEN\n        json_build_object(\n          'id', ld.id,\n          'name', ld.name,\n          'location_type', json_build_object(\n            'id', ltd.id,\n            'name', ltd.name,\n            'background_color', ltd.background_color,\n            'foreground_color', ltd.foreground_color\n          )\n        )\n      ELSE\n        json_build_object(\n          'id', null,\n          'name', null,\n          'location_type', json_build_object(\n            'id', null,\n            'name', null,\n            'background_color', null,\n            'foreground_color', null\n          )\n        )\n    END\n  ) AS airport\n\nFROM bookings b\n\nLEFT JOIN booking_statuses bs\n  ON b.booking_status_id = bs.id\n\nLEFT JOIN booking_types bt\n  ON b.booking_type_id = bt.id\n\nLEFT JOIN journey_types jt\n  ON b.journey_type_id = jt.id\n\nLEFT JOIN subsidiaries s\n  ON b.subsidiary_id = s.id\n\nLEFT JOIN vehicle_types vt\n  ON b.vehicle_type_id = vt.id\n\nLEFT JOIN payment_types pt\n  ON b.payment_type_id = pt.id\n\nLEFT JOIN accounts a\n  ON b.account_id = a.id\n\nLEFT JOIN drivers d\n  ON b.driver_id = d.id\n\nLEFT JOIN vehicles v\n  ON d.vehicle_id = v.id\n\nLEFT JOIN customers c\n  ON b.customer_id = c.id\n\nLEFT JOIN employees e\n  ON b.employee_id = e.id\n\n\n-- PICKUP LOCATION\n-- Select only the most specific matching location\nLEFT JOIN LATERAL (\n  SELECT l.*\n  FROM locations l\n  WHERE l.location_type_id = 2\n    AND b.pickup ILIKE '%' || l.name || '%'\n  ORDER BY LENGTH(l.name) DESC, l.id ASC\n  LIMIT 1\n) lp ON true\n\n\n-- DROPOFF LOCATION\n-- Select only the most specific matching location\nLEFT JOIN LATERAL (\n  SELECT l.*\n  FROM locations l\n  WHERE l.location_type_id = 2\n    AND b.dropoff ILIKE '%' || l.name || '%'\n  ORDER BY LENGTH(l.name) DESC, l.id ASC\n  LIMIT 1\n) ld ON true\n\n\nLEFT JOIN location_types ltp\n  ON lp.location_type_id = ltp.id\n\nLEFT JOIN location_types ltd\n  ON ld.location_type_id = ltd.id\n\n\n    \n    WHERE b.trash = false AND \n      TO_DATE(b.pickup_date, 'YYYY-FMMM-FMDD')\n      >= TO_DATE($1, 'YYYY-MM-DD')\n     AND \n      TO_DATE(b.pickup_date, 'YYYY-FMMM-FMDD')\n      <= TO_DATE($2, 'YYYY-MM-DD')\n     AND TRIM(b.pickup_time)::time >= $3::time AND TRIM(b.pickup_time)::time <= $4::time AND b.booking_status_id = ANY($5::int[]) AND b.payment_type_id = ANY($6::int[]) AND b.driver_id = $7 AND b.pickup ILIKE $8 AND b.parking_charges::text ILIKE $9 AND b.waiting_charges::text ILIKE $10 AND b.extra_drop_charges::text ILIKE $11 AND b.meet_and_greet::text ILIKE $12 AND b.congestion_charges::text ILIKE $13 AND b.total_charges::text ILIKE $14\n  \n    ORDER BY (\n        TO_DATE(b.pickup_date,'YYYY-FMMM-FMDD')\n        +\n        TRIM(b.pickup_time)::time\n      ) ASC\n    OFFSET $15\n    LIMIT $16\n  ","timestamp":"2026-08-18T18:18:49.045Z"}
{"level":"info","message":"GET /api/bookings/booking-statistics?from_date=2020-07-01&to_date=2026-07-20&from_time=00:00&to_time=23:59&pickup=Tn30,%20Ashford%20Road,%20St.%20Michaels,%20Tenterden%20TN30%206BT&payment_type_id=1,2,3,4&booking_status_id=1,3,4,5,6,8,10,12,13,14,15&sort_order=ASC&sort_by=datetime&driver_id=167&pc=12.00&wc=1.00&edc=4.00&mg=4.00&cc=2.00&total_val=33.00 200 244.923 ms","timestamp":"2026-08-18T18:18:49.087Z"}
{"duration":6,"level":"info","message":"db-query","rows":26,"text":"SELECT * FROM location_types","timestamp":"2026-08-18T18:23:06.745Z"}
{"level":"info","message":"GET /api/location-types 200 10.866 ms","timestamp":"2026-08-18T18:23:06.751Z"}
{"duration":152,"level":"info","message":"db-query","rows":26,"text":"SELECT * FROM location_types","timestamp":"2026-08-18T18:23:06.894Z"}
{"level":"info","message":"GET /api/location-types 200 205.699 ms","timestamp":"2026-08-18T18:23:06.948Z"}
{"duration":6,"level":"info","message":"db-query","rows":26,"text":"SELECT * FROM location_types","timestamp":"2026-08-18T18:23:16.034Z"}
{"level":"info","message":"GET /api/location-types 200 12.265 ms","timestamp":"2026-08-18T18:23:16.042Z"}
{"duration":54,"level":"info","message":"db-query","rows":26,"text":"SELECT * FROM location_types","timestamp":"2026-08-18T18:23:16.084Z"}
{"level":"info","message":"GET /api/location-types 200 55.724 ms","timestamp":"2026-08-18T18:23:16.086Z"}
{"duration":62,"level":"info","message":"db-query","rows":0,"text":"\n    SELECT \n      esh.id,\n      esh.employee_id,\n      esh.login_datetime,\n      esh.logout_datetime,\n\n      COALESCE(esh.bookings_created, 0) AS bookings_created,\n      COALESCE(esh.bookings_dispatched, 0) AS bookings_dispatched,\n      COALESCE(esh.bookings_cancelled, 0) AS bookings_cancelled,\n      COALESCE(esh.calls_answered, 0) AS calls_answered,\n\n      COALESCE(\n        EXTRACT(EPOCH FROM (\n          esh.logout_datetime - esh.login_datetime\n        )) * 1000,\n        0\n      ) AS working_hours\n\n    FROM employee_shift_history esh\n    WHERE esh.employee_id = $1\n   AND DATE(esh.login_datetime) BETWEEN $2 AND $3 AND TO_CHAR(esh.login_datetime, 'HH24:MI') BETWEEN $4 AND $5 ORDER BY esh.login_datetime ASC","timestamp":"2026-08-18T18:24:03.320Z"}
{"level":"info","message":"GET /api/employee_shift_history/activity?employee_id=34&from_date=2026-05-30&to_date=2026-05-30&from_time=5:00&to_time=12:00 200 64.241 ms","timestamp":"2026-08-18T18:24:03.322Z"}
{"duration":55,"level":"info","message":"db-query","rows":1,"text":"\n    SELECT \n      esh.id,\n      esh.employee_id,\n      esh.login_datetime,\n      esh.logout_datetime,\n\n      COALESCE(esh.bookings_created, 0) AS bookings_created,\n      COALESCE(esh.bookings_dispatched, 0) AS bookings_dispatched,\n      COALESCE(esh.bookings_cancelled, 0) AS bookings_cancelled,\n      COALESCE(esh.calls_answered, 0) AS calls_answered,\n\n      COALESCE(\n        EXTRACT(EPOCH FROM (\n          esh.logout_datetime - esh.login_datetime\n        )) * 1000,\n        0\n      ) AS working_hours\n\n    FROM employee_shift_history esh\n    WHERE esh.employee_id = $1\n   AND DATE(esh.login_datetime) BETWEEN $2 AND $3 ORDER BY esh.login_datetime ASC","timestamp":"2026-08-18T18:24:26.634Z"}
{"level":"info","message":"GET /api/employee_shift_history/activity?employee_id=34&from_date=2026-05-30&to_date=2026-05-30 200 57.194 ms","timestamp":"2026-08-18T18:24:26.636Z"}
{"duration":48,"level":"info","message":"db-query","rows":2,"text":"\n    SELECT \n      esh.id,\n      esh.employee_id,\n      esh.login_datetime,\n      esh.logout_datetime,\n\n      COALESCE(esh.bookings_created, 0) AS bookings_created,\n      COALESCE(esh.bookings_dispatched, 0) AS bookings_dispatched,\n      COALESCE(esh.bookings_cancelled, 0) AS bookings_cancelled,\n      COALESCE(esh.calls_answered, 0) AS calls_answered,\n\n      COALESCE(\n        EXTRACT(EPOCH FROM (\n          esh.logout_datetime - esh.login_datetime\n        )) * 1000,\n        0\n      ) AS working_hours\n\n    FROM employee_shift_history esh\n    WHERE esh.employee_id = $1\n   AND DATE(esh.login_datetime) BETWEEN $2 AND $3 ORDER BY esh.login_datetime ASC","timestamp":"2026-08-18T18:24:41.158Z"}
{"level":"info","message":"GET /api/employee_shift_history/activity?employee_id=34&from_date=2026-05-30&to_date=2026-08-30 200 48.820 ms","timestamp":"2026-08-18T18:24:41.159Z"}
{"duration":54,"level":"info","message":"db-query","rows":2,"text":"\n    SELECT \n      esh.id,\n      esh.employee_id,\n      esh.login_datetime,\n      esh.logout_datetime,\n\n      COALESCE(esh.bookings_created, 0) AS bookings_created,\n      COALESCE(esh.bookings_dispatched, 0) AS bookings_dispatched,\n      COALESCE(esh.bookings_cancelled, 0) AS bookings_cancelled,\n      COALESCE(esh.calls_answered, 0) AS calls_answered,\n\n      COALESCE(\n        EXTRACT(EPOCH FROM (\n          esh.logout_datetime - esh.login_datetime\n        )) * 1000,\n        0\n      ) AS working_hours\n\n    FROM employee_shift_history esh\n    WHERE esh.employee_id = $1\n   AND DATE(esh.login_datetime) BETWEEN $2 AND $3 ORDER BY esh.login_datetime ASC","timestamp":"2026-08-18T18:25:31.921Z"}
{"level":"info","message":"GET /api/employee_shift_history/activity?employee_id=34&from_date=2026-05-30&to_date=2026-08-30&search_login=&search_logout=&search_bookings_created=&search_bookings_dispatched=&search_bookings_cancelledsearch_calls_answered= 200 54.723 ms","timestamp":"2026-08-18T18:25:31.922Z"}
{"duration":2,"level":"info","message":"db-query","rows":2,"text":"\n    SELECT \n      esh.id,\n      esh.employee_id,\n      esh.login_datetime,\n      esh.logout_datetime,\n\n      COALESCE(esh.bookings_created, 0) AS bookings_created,\n      COALESCE(esh.bookings_dispatched, 0) AS bookings_dispatched,\n      COALESCE(esh.bookings_cancelled, 0) AS bookings_cancelled,\n      COALESCE(esh.calls_answered, 0) AS calls_answered,\n\n      COALESCE(\n        EXTRACT(EPOCH FROM (\n          esh.logout_datetime - esh.login_datetime\n        )) * 1000,\n        0\n      ) AS working_hours\n\n    FROM employee_shift_history esh\n    WHERE esh.employee_id = $1\n   AND DATE(esh.login_datetime) BETWEEN $2 AND $3 AND TO_CHAR(esh.login_datetime, 'DD-MM-YY HH24:MI:SS') ILIKE $4 ORDER BY esh.login_datetime ASC","timestamp":"2026-08-18T18:25:37.047Z"}
{"level":"info","message":"GET /api/employee_shift_history/activity?employee_id=34&from_date=2026-05-30&to_date=2026-08-30&search_login=1&search_logout=&search_bookings_created=&search_bookings_dispatched=&search_bookings_cancelledsearch_calls_answered= 200 2.549 ms","timestamp":"2026-08-18T18:25:37.048Z"}
{"duration":49,"level":"info","message":"db-query","rows":0,"text":"\n    SELECT \n      esh.id,\n      esh.employee_id,\n      esh.login_datetime,\n      esh.logout_datetime,\n\n      COALESCE(esh.bookings_created, 0) AS bookings_created,\n      COALESCE(esh.bookings_dispatched, 0) AS bookings_dispatched,\n      COALESCE(esh.bookings_cancelled, 0) AS bookings_cancelled,\n      COALESCE(esh.calls_answered, 0) AS calls_answered,\n\n      COALESCE(\n        EXTRACT(EPOCH FROM (\n          esh.logout_datetime - esh.login_datetime\n        )) * 1000,\n        0\n      ) AS working_hours\n\n    FROM employee_shift_history esh\n    WHERE esh.employee_id = $1\n   AND DATE(esh.login_datetime) BETWEEN $2 AND $3 AND TO_CHAR(esh.login_datetime, 'DD-MM-YY HH24:MI:SS') ILIKE $4 ORDER BY esh.login_datetime ASC","timestamp":"2026-08-18T18:25:57.255Z"}
{"level":"info","message":"GET /api/employee_shift_history/activity?employee_id=34&from_date=2026-05-30&to_date=2026-08-30&search_login=2026-06-06&search_logout=&search_bookings_created=&search_bookings_dispatched=&search_bookings_cancelledsearch_calls_answered= 200 48.994 ms","timestamp":"2026-08-18T18:25:57.256Z"}
{"duration":6,"level":"info","message":"db-query","rows":26,"text":"SELECT * FROM location_types","timestamp":"2026-08-18T18:26:38.591Z"}
{"level":"info","message":"GET /api/location-types 200 12.184 ms","timestamp":"2026-08-18T18:26:38.598Z"}
{"duration":152,"level":"info","message":"db-query","rows":26,"text":"SELECT * FROM location_types","timestamp":"2026-08-18T18:26:38.739Z"}
{"level":"info","message":"GET /api/location-types 200 153.384 ms","timestamp":"2026-08-18T18:26:38.741Z"}
{"duration":10,"level":"info","message":"db-query","rows":26,"text":"SELECT * FROM location_types","timestamp":"2026-08-18T18:26:42.114Z"}
{"level":"info","message":"GET /api/location-types 200 20.963 ms","timestamp":"2026-08-18T18:26:42.123Z"}
{"duration":148,"level":"info","message":"db-query","rows":26,"text":"SELECT * FROM location_types","timestamp":"2026-08-18T18:26:42.257Z"}
{"level":"info","message":"GET /api/location-types 200 150.387 ms","timestamp":"2026-08-18T18:26:42.259Z"}
{"duration":6,"level":"info","message":"db-query","rows":2,"text":"\n    SELECT \n      esh.id,\n      esh.employee_id,\n      esh.login_datetime,\n      esh.logout_datetime,\n\n      COALESCE(esh.bookings_created, 0) AS bookings_created,\n      COALESCE(esh.bookings_dispatched, 0) AS bookings_dispatched,\n      COALESCE(esh.bookings_cancelled, 0) AS bookings_cancelled,\n      COALESCE(esh.calls_answered, 0) AS calls_answered,\n\n      COALESCE(\n        EXTRACT(EPOCH FROM (\n          esh.logout_datetime - esh.login_datetime\n        )) * 1000,\n        0\n      ) AS working_hours\n\n    FROM employee_shift_history esh\n    WHERE esh.employee_id = $1\n   AND DATE(esh.login_datetime) BETWEEN $2 AND $3 ORDER BY esh.login_datetime ASC","timestamp":"2026-08-18T18:26:45.152Z"}
{"level":"info","message":"GET /api/employee_shift_history/activity?employee_id=34&from_date=2026-05-30&to_date=2026-08-30&search_logout=&search_bookings_created=&search_bookings_dispatched=&search_bookings_cancelledsearch_calls_answered= 200 8.091 ms","timestamp":"2026-08-18T18:26:45.153Z"}
{"duration":2,"level":"info","message":"db-query","rows":0,"text":"\n    SELECT \n      esh.id,\n      esh.employee_id,\n      esh.login_datetime,\n      esh.logout_datetime,\n\n      COALESCE(esh.bookings_created, 0) AS bookings_created,\n      COALESCE(esh.bookings_dispatched, 0) AS bookings_dispatched,\n      COALESCE(esh.bookings_cancelled, 0) AS bookings_cancelled,\n      COALESCE(esh.calls_answered, 0) AS calls_answered,\n\n      COALESCE(\n        EXTRACT(EPOCH FROM (\n          esh.logout_datetime - esh.login_datetime\n        )) * 1000,\n        0\n      ) AS working_hours\n\n    FROM employee_shift_history esh\n    WHERE esh.employee_id = $1\n   AND DATE(esh.login_datetime) BETWEEN $2 AND $3 AND TO_CHAR(esh.login_datetime, 'DD-MM-YY HH24:MI:SS') ILIKE $4 ORDER BY esh.login_datetime ASC","timestamp":"2026-08-18T18:26:49.943Z"}
{"level":"info","message":"GET /api/employee_shift_history/activity?employee_id=34&from_date=2026-05-30&to_date=2026-08-30&search_login=2026-06-06&search_logout=&search_bookings_created=&search_bookings_dispatched=&search_bookings_cancelledsearch_calls_answered= 200 3.798 ms","timestamp":"2026-08-18T18:26:49.945Z"}
{"duration":2,"level":"info","message":"db-query","rows":2,"text":"\n    SELECT \n      esh.id,\n      esh.employee_id,\n      esh.login_datetime,\n      esh.logout_datetime,\n\n      COALESCE(esh.bookings_created, 0) AS bookings_created,\n      COALESCE(esh.bookings_dispatched, 0) AS bookings_dispatched,\n      COALESCE(esh.bookings_cancelled, 0) AS bookings_cancelled,\n      COALESCE(esh.calls_answered, 0) AS calls_answered,\n\n      COALESCE(\n        EXTRACT(EPOCH FROM (\n          esh.logout_datetime - esh.login_datetime\n        )) * 1000,\n        0\n      ) AS working_hours\n\n    FROM employee_shift_history esh\n    WHERE esh.employee_id = $1\n   AND DATE(esh.login_datetime) BETWEEN $2 AND $3 ORDER BY esh.login_datetime ASC","timestamp":"2026-08-18T18:26:53.735Z"}
{"level":"info","message":"GET /api/employee_shift_history/activity?employee_id=34&from_date=2026-05-30&to_date=2026-08-30&search_logout=&search_bookings_created=&search_bookings_dispatched=&search_bookings_cancelledsearch_calls_answered= 200 2.944 ms","timestamp":"2026-08-18T18:26:53.736Z"}
{"duration":100,"level":"info","message":"db-query","rows":2,"text":"\n    SELECT \n      esh.id,\n      esh.employee_id,\n      esh.login_datetime,\n      esh.logout_datetime,\n\n      COALESCE(esh.bookings_created, 0) AS bookings_created,\n      COALESCE(esh.bookings_dispatched, 0) AS bookings_dispatched,\n      COALESCE(esh.bookings_cancelled, 0) AS bookings_cancelled,\n      COALESCE(esh.calls_answered, 0) AS calls_answered,\n\n      COALESCE(\n        EXTRACT(EPOCH FROM (\n          esh.logout_datetime - esh.login_datetime\n        )) * 1000,\n        0\n      ) AS working_hours\n\n    FROM employee_shift_history esh\n    WHERE esh.employee_id = $1\n   AND DATE(esh.login_datetime) BETWEEN $2 AND $3 ORDER BY esh.login_datetime ASC","timestamp":"2026-08-18T18:27:08.392Z"}
{"level":"info","message":"GET /api/employee_shift_history/activity?employee_id=34&from_date=2026-05-30&to_date=2026-08-30&search_logout=&search_bookings_created=&search_bookings_dispatched=&search_bookings_cancelledsearch_calls_answered= 200 102.017 ms","timestamp":"2026-08-18T18:27:08.394Z"}
{"duration":9,"level":"info","message":"db-query","rows":26,"text":"SELECT * FROM location_types","timestamp":"2026-08-18T18:27:18.660Z"}
{"level":"info","message":"GET /api/location-types 200 20.967 ms","timestamp":"2026-08-18T18:27:18.672Z"}
{"duration":62,"level":"info","message":"db-query","rows":26,"text":"SELECT * FROM location_types","timestamp":"2026-08-18T18:27:18.715Z"}
{"level":"info","message":"GET /api/location-types 200 63.500 ms","timestamp":"2026-08-18T18:27:18.718Z"}
{"duration":59,"level":"info","message":"db-query","rows":0,"text":"\n    SELECT \n      esh.id,\n      esh.employee_id,\n      esh.login_datetime,\n      esh.logout_datetime,\n\n      COALESCE(esh.bookings_created, 0) AS bookings_created,\n      COALESCE(esh.bookings_dispatched, 0) AS bookings_dispatched,\n      COALESCE(esh.bookings_cancelled, 0) AS bookings_cancelled,\n      COALESCE(esh.calls_answered, 0) AS calls_answered,\n\n      COALESCE(\n        EXTRACT(EPOCH FROM (\n          esh.logout_datetime - esh.login_datetime\n        )) * 1000,\n        0\n      ) AS working_hours\n\n    FROM employee_shift_history esh\n    WHERE esh.employee_id = $1\n   AND DATE(esh.login_datetime) BETWEEN $2 AND $3 AND TO_CHAR(esh.login_datetime, 'DD-MM-YY HH24:MI:SS') ILIKE $4 ORDER BY esh.login_datetime ASC","timestamp":"2026-08-18T18:28:16.999Z"}
{"level":"info","message":"GET /api/employee_shift_history/activity?employee_id=34&from_date=2026-05-30&to_date=2026-08-30&search_login=2026-06-06 200 65.920 ms","timestamp":"2026-08-18T18:28:17.005Z"}
{"duration":11,"level":"info","message":"db-query","rows":26,"text":"SELECT * FROM location_types","timestamp":"2026-08-18T18:29:52.871Z"}
{"level":"info","message":"GET /api/location-types 200 22.834 ms","timestamp":"2026-08-18T18:29:52.882Z"}
{"duration":64,"level":"info","message":"db-query","rows":26,"text":"SELECT * FROM location_types","timestamp":"2026-08-18T18:29:52.928Z"}
{"level":"info","message":"GET /api/location-types 200 65.947 ms","timestamp":"2026-08-18T18:29:52.929Z"}
{"duration":7,"level":"info","message":"db-query","rows":1,"text":"\n    SELECT \n      esh.id,\n      esh.employee_id,\n      esh.login_datetime,\n      esh.logout_datetime,\n\n      COALESCE(esh.bookings_created, 0) AS bookings_created,\n      COALESCE(esh.bookings_dispatched, 0) AS bookings_dispatched,\n      COALESCE(esh.bookings_cancelled, 0) AS bookings_cancelled,\n      COALESCE(esh.calls_answered, 0) AS calls_answered,\n\n      COALESCE(\n        EXTRACT(EPOCH FROM (\n          esh.logout_datetime - esh.login_datetime\n        )) * 1000,\n        0\n      ) AS working_hours\n\n    FROM employee_shift_history esh\n    WHERE esh.employee_id = $1\n   AND DATE(esh.login_datetime) BETWEEN $2 AND $3 AND (\n    TO_CHAR(esh.login_datetime, 'DD-MM-YY HH24:MI:SS') ILIKE $4\n    OR TO_CHAR(esh.login_datetime, 'YYYY-MM-DD HH24:MI:SS') ILIKE $4\n  ) ORDER BY esh.login_datetime ASC","timestamp":"2026-08-18T18:29:54.653Z"}
{"level":"info","message":"GET /api/employee_shift_history/activity?employee_id=34&from_date=2026-05-30&to_date=2026-08-30&search_login=2026-06-06 200 8.583 ms","timestamp":"2026-08-18T18:29:54.654Z"}
{"duration":2,"level":"info","message":"db-query","rows":2,"text":"\n    SELECT \n      esh.id,\n      esh.employee_id,\n      esh.login_datetime,\n      esh.logout_datetime,\n\n      COALESCE(esh.bookings_created, 0) AS bookings_created,\n      COALESCE(esh.bookings_dispatched, 0) AS bookings_dispatched,\n      COALESCE(esh.bookings_cancelled, 0) AS bookings_cancelled,\n      COALESCE(esh.calls_answered, 0) AS calls_answered,\n\n      COALESCE(\n        EXTRACT(EPOCH FROM (\n          esh.logout_datetime - esh.login_datetime\n        )) * 1000,\n        0\n      ) AS working_hours\n\n    FROM employee_shift_history esh\n    WHERE esh.employee_id = $1\n   AND DATE(esh.login_datetime) BETWEEN $2 AND $3 ORDER BY esh.login_datetime ASC","timestamp":"2026-08-18T18:29:59.632Z"}
{"level":"info","message":"GET /api/employee_shift_history/activity?employee_id=34&from_date=2026-05-30&to_date=2026-08-30 200 3.506 ms","timestamp":"2026-08-18T18:29:59.634Z"}
{"duration":52,"level":"info","message":"db-query","rows":1,"text":"\n    SELECT \n      esh.id,\n      esh.employee_id,\n      esh.login_datetime,\n      esh.logout_datetime,\n\n      COALESCE(esh.bookings_created, 0) AS bookings_created,\n      COALESCE(esh.bookings_dispatched, 0) AS bookings_dispatched,\n      COALESCE(esh.bookings_cancelled, 0) AS bookings_cancelled,\n      COALESCE(esh.calls_answered, 0) AS calls_answered,\n\n      COALESCE(\n        EXTRACT(EPOCH FROM (\n          esh.logout_datetime - esh.login_datetime\n        )) * 1000,\n        0\n      ) AS working_hours\n\n    FROM employee_shift_history esh\n    WHERE esh.employee_id = $1\n   AND DATE(esh.login_datetime) BETWEEN $2 AND $3 AND (\n    TO_CHAR(esh.logout_datetime, 'DD-MM-YY HH24:MI:SS') ILIKE $4\n    OR TO_CHAR(esh.logout_datetime, 'YYYY-MM-DD HH24:MI:SS') ILIKE $4\n  ) ORDER BY esh.login_datetime ASC","timestamp":"2026-08-18T18:30:13.211Z"}
{"level":"info","message":"GET /api/employee_shift_history/activity?employee_id=34&from_date=2026-05-30&to_date=2026-08-30&search_logout=2026-05-30 200 53.227 ms","timestamp":"2026-08-18T18:30:13.213Z"}
{"duration":1,"level":"info","message":"db-query","rows":2,"text":"\n    SELECT \n      esh.id,\n      esh.employee_id,\n      esh.login_datetime,\n      esh.logout_datetime,\n\n      COALESCE(esh.bookings_created, 0) AS bookings_created,\n      COALESCE(esh.bookings_dispatched, 0) AS bookings_dispatched,\n      COALESCE(esh.bookings_cancelled, 0) AS bookings_cancelled,\n      COALESCE(esh.calls_answered, 0) AS calls_answered,\n\n      COALESCE(\n        EXTRACT(EPOCH FROM (\n          esh.logout_datetime - esh.login_datetime\n        )) * 1000,\n        0\n      ) AS working_hours\n\n    FROM employee_shift_history esh\n    WHERE esh.employee_id = $1\n   AND DATE(esh.login_datetime) BETWEEN $2 AND $3 ORDER BY esh.login_datetime ASC","timestamp":"2026-08-18T18:30:19.352Z"}
{"level":"info","message":"GET /api/employee_shift_history/activity?employee_id=34&from_date=2026-05-30&to_date=2026-08-30 200 2.264 ms","timestamp":"2026-08-18T18:30:19.353Z"}
{"duration":1,"level":"info","message":"db-query","rows":0,"text":"\n    SELECT \n      esh.id,\n      esh.employee_id,\n      esh.login_datetime,\n      esh.logout_datetime,\n\n      COALESCE(esh.bookings_created, 0) AS bookings_created,\n      COALESCE(esh.bookings_dispatched, 0) AS bookings_dispatched,\n      COALESCE(esh.bookings_cancelled, 0) AS bookings_cancelled,\n      COALESCE(esh.calls_answered, 0) AS calls_answered,\n\n      COALESCE(\n        EXTRACT(EPOCH FROM (\n          esh.logout_datetime - esh.login_datetime\n        )) * 1000,\n        0\n      ) AS working_hours\n\n    FROM employee_shift_history esh\n    WHERE esh.employee_id = $1\n   AND DATE(esh.login_datetime) BETWEEN $2 AND $3 AND COALESCE(esh.bookings_created, 0)::text ILIKE $4 ORDER BY esh.login_datetime ASC","timestamp":"2026-08-18T18:30:29.057Z"}
{"level":"info","message":"GET /api/employee_shift_history/activity?employee_id=34&from_date=2026-05-30&to_date=2026-08-30&search_bookings_created=1 200 2.645 ms","timestamp":"2026-08-18T18:30:29.059Z"}
{"duration":1,"level":"info","message":"db-query","rows":2,"text":"\n    SELECT \n      esh.id,\n      esh.employee_id,\n      esh.login_datetime,\n      esh.logout_datetime,\n\n      COALESCE(esh.bookings_created, 0) AS bookings_created,\n      COALESCE(esh.bookings_dispatched, 0) AS bookings_dispatched,\n      COALESCE(esh.bookings_cancelled, 0) AS bookings_cancelled,\n      COALESCE(esh.calls_answered, 0) AS calls_answered,\n\n      COALESCE(\n        EXTRACT(EPOCH FROM (\n          esh.logout_datetime - esh.login_datetime\n        )) * 1000,\n        0\n      ) AS working_hours\n\n    FROM employee_shift_history esh\n    WHERE esh.employee_id = $1\n   AND DATE(esh.login_datetime) BETWEEN $2 AND $3 AND COALESCE(esh.bookings_created, 0)::text ILIKE $4 ORDER BY esh.login_datetime ASC","timestamp":"2026-08-18T18:30:33.083Z"}
{"level":"info","message":"GET /api/employee_shift_history/activity?employee_id=34&from_date=2026-05-30&to_date=2026-08-30&search_bookings_created=0 200 11.906 ms","timestamp":"2026-08-18T18:30:33.094Z"}
{"duration":1,"level":"info","message":"db-query","rows":0,"text":"\n    SELECT \n      esh.id,\n      esh.employee_id,\n      esh.login_datetime,\n      esh.logout_datetime,\n\n      COALESCE(esh.bookings_created, 0) AS bookings_created,\n      COALESCE(esh.bookings_dispatched, 0) AS bookings_dispatched,\n      COALESCE(esh.bookings_cancelled, 0) AS bookings_cancelled,\n      COALESCE(esh.calls_answered, 0) AS calls_answered,\n\n      COALESCE(\n        EXTRACT(EPOCH FROM (\n          esh.logout_datetime - esh.login_datetime\n        )) * 1000,\n        0\n      ) AS working_hours\n\n    FROM employee_shift_history esh\n    WHERE esh.employee_id = $1\n   AND DATE(esh.login_datetime) BETWEEN $2 AND $3 AND COALESCE(esh.bookings_created, 0)::text ILIKE $4 AND COALESCE(esh.bookings_dispatched, 0)::text ILIKE $5 ORDER BY esh.login_datetime ASC","timestamp":"2026-08-18T18:30:38.919Z"}
{"level":"info","message":"GET /api/employee_shift_history/activity?employee_id=34&from_date=2026-05-30&to_date=2026-08-30&search_bookings_created=0&search_bookings_dispatched=1 200 2.733 ms","timestamp":"2026-08-18T18:30:38.921Z"}
{"duration":1,"level":"info","message":"db-query","rows":2,"text":"\n    SELECT \n      esh.id,\n      esh.employee_id,\n      esh.login_datetime,\n      esh.logout_datetime,\n\n      COALESCE(esh.bookings_created, 0) AS bookings_created,\n      COALESCE(esh.bookings_dispatched, 0) AS bookings_dispatched,\n      COALESCE(esh.bookings_cancelled, 0) AS bookings_cancelled,\n      COALESCE(esh.calls_answered, 0) AS calls_answered,\n\n      COALESCE(\n        EXTRACT(EPOCH FROM (\n          esh.logout_datetime - esh.login_datetime\n        )) * 1000,\n        0\n      ) AS working_hours\n\n    FROM employee_shift_history esh\n    WHERE esh.employee_id = $1\n   AND DATE(esh.login_datetime) BETWEEN $2 AND $3 AND COALESCE(esh.bookings_created, 0)::text ILIKE $4 AND COALESCE(esh.bookings_dispatched, 0)::text ILIKE $5 ORDER BY esh.login_datetime ASC","timestamp":"2026-08-18T18:30:42.876Z"}
{"level":"info","message":"GET /api/employee_shift_history/activity?employee_id=34&from_date=2026-05-30&to_date=2026-08-30&search_bookings_created=0&search_bookings_dispatched=0 200 2.010 ms","timestamp":"2026-08-18T18:30:42.878Z"}
{"duration":51,"level":"info","message":"db-query","rows":0,"text":"\n    SELECT \n      esh.id,\n      esh.employee_id,\n      esh.login_datetime,\n      esh.logout_datetime,\n\n      COALESCE(esh.bookings_created, 0) AS bookings_created,\n      COALESCE(esh.bookings_dispatched, 0) AS bookings_dispatched,\n      COALESCE(esh.bookings_cancelled, 0) AS bookings_cancelled,\n      COALESCE(esh.calls_answered, 0) AS calls_answered,\n\n      COALESCE(\n        EXTRACT(EPOCH FROM (\n          esh.logout_datetime - esh.login_datetime\n        )) * 1000,\n        0\n      ) AS working_hours\n\n    FROM employee_shift_history esh\n    WHERE esh.employee_id = $1\n   AND DATE(esh.login_datetime) BETWEEN $2 AND $3 AND COALESCE(esh.bookings_created, 0)::text ILIKE $4 AND COALESCE(esh.bookings_dispatched, 0)::text ILIKE $5 AND COALESCE(esh.bookings_cancelled, 0)::text ILIKE $6 ORDER BY esh.login_datetime ASC","timestamp":"2026-08-18T18:30:54.192Z"}
{"level":"info","message":"GET /api/employee_shift_history/activity?employee_id=34&from_date=2026-05-30&to_date=2026-08-30&search_bookings_created=0&search_bookings_dispatched=0&search_bookings_cancelled=1&search_calls_answered= 200 52.546 ms","timestamp":"2026-08-18T18:30:54.194Z"}
{"duration":1,"level":"info","message":"db-query","rows":2,"text":"\n    SELECT \n      esh.id,\n      esh.employee_id,\n      esh.login_datetime,\n      esh.logout_datetime,\n\n      COALESCE(esh.bookings_created, 0) AS bookings_created,\n      COALESCE(esh.bookings_dispatched, 0) AS bookings_dispatched,\n      COALESCE(esh.bookings_cancelled, 0) AS bookings_cancelled,\n      COALESCE(esh.calls_answered, 0) AS calls_answered,\n\n      COALESCE(\n        EXTRACT(EPOCH FROM (\n          esh.logout_datetime - esh.login_datetime\n        )) * 1000,\n        0\n      ) AS working_hours\n\n    FROM employee_shift_history esh\n    WHERE esh.employee_id = $1\n   AND DATE(esh.login_datetime) BETWEEN $2 AND $3 AND COALESCE(esh.bookings_created, 0)::text ILIKE $4 AND COALESCE(esh.bookings_dispatched, 0)::text ILIKE $5 AND COALESCE(esh.bookings_cancelled, 0)::text ILIKE $6 ORDER BY esh.login_datetime ASC","timestamp":"2026-08-18T18:31:00.159Z"}
{"level":"info","message":"GET /api/employee_shift_history/activity?employee_id=34&from_date=2026-05-30&to_date=2026-08-30&search_bookings_created=0&search_bookings_dispatched=0&search_bookings_cancelled=0&search_calls_answered= 200 1.858 ms","timestamp":"2026-08-18T18:31:00.160Z"}
{"duration":1,"level":"info","message":"db-query","rows":0,"text":"\n    SELECT \n      esh.id,\n      esh.employee_id,\n      esh.login_datetime,\n      esh.logout_datetime,\n\n      COALESCE(esh.bookings_created, 0) AS bookings_created,\n      COALESCE(esh.bookings_dispatched, 0) AS bookings_dispatched,\n      COALESCE(esh.bookings_cancelled, 0) AS bookings_cancelled,\n      COALESCE(esh.calls_answered, 0) AS calls_answered,\n\n      COALESCE(\n        EXTRACT(EPOCH FROM (\n          esh.logout_datetime - esh.login_datetime\n        )) * 1000,\n        0\n      ) AS working_hours\n\n    FROM employee_shift_history esh\n    WHERE esh.employee_id = $1\n   AND DATE(esh.login_datetime) BETWEEN $2 AND $3 AND COALESCE(esh.bookings_created, 0)::text ILIKE $4 AND COALESCE(esh.bookings_dispatched, 0)::text ILIKE $5 AND COALESCE(esh.bookings_cancelled, 0)::text ILIKE $6 AND COALESCE(esh.calls_answered, 0)::text ILIKE $7 ORDER BY esh.login_datetime ASC","timestamp":"2026-08-18T18:31:04.350Z"}
{"level":"info","message":"GET /api/employee_shift_history/activity?employee_id=34&from_date=2026-05-30&to_date=2026-08-30&search_bookings_created=0&search_bookings_dispatched=0&search_bookings_cancelled=0&search_calls_answered=1 200 2.031 ms","timestamp":"2026-08-18T18:31:04.351Z"}
{"duration":0,"level":"info","message":"db-query","rows":2,"text":"\n    SELECT \n      esh.id,\n      esh.employee_id,\n      esh.login_datetime,\n      esh.logout_datetime,\n\n      COALESCE(esh.bookings_created, 0) AS bookings_created,\n      COALESCE(esh.bookings_dispatched, 0) AS bookings_dispatched,\n      COALESCE(esh.bookings_cancelled, 0) AS bookings_cancelled,\n      COALESCE(esh.calls_answered, 0) AS calls_answered,\n\n      COALESCE(\n        EXTRACT(EPOCH FROM (\n          esh.logout_datetime - esh.login_datetime\n        )) * 1000,\n        0\n      ) AS working_hours\n\n    FROM employee_shift_history esh\n    WHERE esh.employee_id = $1\n   AND DATE(esh.login_datetime) BETWEEN $2 AND $3 AND COALESCE(esh.bookings_created, 0)::text ILIKE $4 AND COALESCE(esh.bookings_dispatched, 0)::text ILIKE $5 AND COALESCE(esh.bookings_cancelled, 0)::text ILIKE $6 AND COALESCE(esh.calls_answered, 0)::text ILIKE $7 ORDER BY esh.login_datetime ASC","timestamp":"2026-08-18T18:31:09.426Z"}
{"level":"info","message":"GET /api/employee_shift_history/activity?employee_id=34&from_date=2026-05-30&to_date=2026-08-30&search_bookings_created=0&search_bookings_dispatched=0&search_bookings_cancelled=0&search_calls_answered=0 200 1.515 ms","timestamp":"2026-08-18T18:31:09.427Z"}
{"duration":56,"level":"info","message":"db-query","rows":1,"text":"\n    SELECT\n      COUNT(*) AS total_bookings,\n\n      ROUND(\n        COALESCE(\n          SUM(\n            COALESCE(b.fares, 0)\n            + COALESCE(b.parking_charges, 0)\n            + COALESCE(b.waiting_charges, 0)\n            + COALESCE(b.extra_drop_charges, 0)\n          ),\n          0\n        )::numeric,\n        2\n      ) AS total_earnings\n\n    FROM bookings b\n    \n    WHERE b.trash = false AND b.booking_status_id = 11 AND TO_DATE(b.pickup_date, 'YYYY-FMMM-FMDD') >= TO_DATE($1, 'YYYY-MM-DD') AND TO_DATE(b.pickup_date, 'YYYY-FMMM-FMDD') <= TO_DATE($2, 'YYYY-MM-DD') AND b.driver_id = $3\n  \n  ","timestamp":"2026-08-18T18:31:53.203Z"}
{"duration":8,"level":"info","message":"db-query","rows":0,"text":"\n    SELECT\n      b.id,\n\n      UPPER(b.reference_number) AS reference_number,\n\n      b.pickup_date,\n      b.pickup_time,\n\n      b.pickup,\n      b.dropoff,\n\n      COALESCE(vt.name, '') AS vehicle,\n\n      d.username AS driver_username,\n      d.name AS driver_name,\n\n      a.name AS account,\n\n      COALESCE(b.fares, 0) AS fares,\n\n      COALESCE(b.parking_charges, 0) AS parking,\n\n      COALESCE(b.waiting_charges, 0) AS waiting,\n\n      COALESCE(b.extra_drop_charges, 0) AS extra_drop,\n\n      ROUND(\n        (\n          COALESCE(b.fares, 0)\n          + COALESCE(b.parking_charges, 0)\n          + COALESCE(b.waiting_charges, 0)\n          + COALESCE(b.extra_drop_charges, 0)\n        )::numeric,\n        2\n      ) AS total\n\n    FROM bookings b\n\n    LEFT JOIN drivers d\n      ON d.id = b.driver_id\n\n    LEFT JOIN vehicle_types vt\n      ON vt.id = b.vehicle_type_id\n\n    LEFT JOIN accounts a\n      ON a.id = b.account_id\n\n    \n    WHERE b.trash = false AND b.booking_status_id = 11 AND TO_DATE(b.pickup_date, 'YYYY-FMMM-FMDD') >= TO_DATE($1, 'YYYY-MM-DD') AND TO_DATE(b.pickup_date, 'YYYY-FMMM-FMDD') <= TO_DATE($2, 'YYYY-MM-DD') AND b.driver_id = $3\n  \n\n    ORDER BY\n  TO_DATE(b.pickup_date, 'YYYY-FMMM-FMDD') ASC,\n  TRIM(b.pickup_time)::time ASC\n  ","timestamp":"2026-08-18T18:31:53.211Z"}
{"level":"info","message":"GET /api/bookings/income-report?from_date=2026-06-01&to_date=2026-07-21&driver_id=178 200 65.704 ms","timestamp":"2026-08-18T18:31:53.212Z"}
{"duration":2,"level":"info","message":"db-query","rows":1,"text":"\n    SELECT\n      COUNT(*) AS total_bookings,\n\n      ROUND(\n        COALESCE(\n          SUM(\n            COALESCE(b.fares, 0)\n            + COALESCE(b.parking_charges, 0)\n            + COALESCE(b.waiting_charges, 0)\n            + COALESCE(b.extra_drop_charges, 0)\n          ),\n          0\n        )::numeric,\n        2\n      ) AS total_earnings\n\n    FROM bookings b\n    \n    WHERE b.trash = false AND b.booking_status_id = 11 AND TO_DATE(b.pickup_date, 'YYYY-FMMM-FMDD') >= TO_DATE($1, 'YYYY-MM-DD') AND TO_DATE(b.pickup_date, 'YYYY-FMMM-FMDD') <= TO_DATE($2, 'YYYY-MM-DD') AND b.driver_id = $3\n  \n  ","timestamp":"2026-08-18T18:32:01.059Z"}
{"duration":3,"level":"info","message":"db-query","rows":14,"text":"\n    SELECT\n      b.id,\n\n      UPPER(b.reference_number) AS reference_number,\n\n      b.pickup_date,\n      b.pickup_time,\n\n      b.pickup,\n      b.dropoff,\n\n      COALESCE(vt.name, '') AS vehicle,\n\n      d.username AS driver_username,\n      d.name AS driver_name,\n\n      a.name AS account,\n\n      COALESCE(b.fares, 0) AS fares,\n\n      COALESCE(b.parking_charges, 0) AS parking,\n\n      COALESCE(b.waiting_charges, 0) AS waiting,\n\n      COALESCE(b.extra_drop_charges, 0) AS extra_drop,\n\n      ROUND(\n        (\n          COALESCE(b.fares, 0)\n          + COALESCE(b.parking_charges, 0)\n          + COALESCE(b.waiting_charges, 0)\n          + COALESCE(b.extra_drop_charges, 0)\n        )::numeric,\n        2\n      ) AS total\n\n    FROM bookings b\n\n    LEFT JOIN drivers d\n      ON d.id = b.driver_id\n\n    LEFT JOIN vehicle_types vt\n      ON vt.id = b.vehicle_type_id\n\n    LEFT JOIN accounts a\n      ON a.id = b.account_id\n\n    \n    WHERE b.trash = false AND b.booking_status_id = 11 AND TO_DATE(b.pickup_date, 'YYYY-FMMM-FMDD') >= TO_DATE($1, 'YYYY-MM-DD') AND TO_DATE(b.pickup_date, 'YYYY-FMMM-FMDD') <= TO_DATE($2, 'YYYY-MM-DD') AND b.driver_id = $3\n  \n\n    ORDER BY\n  TO_DATE(b.pickup_date, 'YYYY-FMMM-FMDD') ASC,\n  TRIM(b.pickup_time)::time ASC\n  ","timestamp":"2026-08-18T18:32:01.062Z"}
{"level":"info","message":"GET /api/bookings/income-report?from_date=2026-06-01&to_date=2026-07-21&driver_id=167 200 5.821 ms","timestamp":"2026-08-18T18:32:01.063Z"}
{"duration":12,"level":"info","message":"db-query","rows":26,"text":"SELECT * FROM location_types","timestamp":"2026-08-18T18:37:05.046Z"}
{"level":"info","message":"GET /api/location-types 200 25.030 ms","timestamp":"2026-08-18T18:37:05.057Z"}
{"duration":171,"level":"info","message":"db-query","rows":26,"text":"SELECT * FROM location_types","timestamp":"2026-08-18T18:37:05.208Z"}
{"level":"info","message":"GET /api/location-types 200 173.078 ms","timestamp":"2026-08-18T18:37:05.209Z"}
{"duration":6,"level":"info","message":"db-query","rows":26,"text":"SELECT * FROM location_types","timestamp":"2026-08-18T18:37:14.266Z"}
{"level":"info","message":"GET /api/location-types 200 10.918 ms","timestamp":"2026-08-18T18:37:14.272Z"}
{"duration":50,"level":"info","message":"db-query","rows":26,"text":"SELECT * FROM location_types","timestamp":"2026-08-18T18:37:14.312Z"}
{"level":"info","message":"GET /api/location-types 200 50.549 ms","timestamp":"2026-08-18T18:37:14.313Z"}
{"duration":77,"level":"info","message":"db-query","rows":1,"text":"\n    SELECT\n      COUNT(*) AS total_bookings,\n\n      ROUND(\n        COALESCE(\n          SUM(\n            COALESCE(b.fares, 0)\n            + COALESCE(b.parking_charges, 0)\n            + COALESCE(b.waiting_charges, 0)\n            + COALESCE(b.extra_drop_charges, 0)\n          ),\n          0\n        )::numeric,\n        2\n      ) AS total_earnings\n\n    FROM bookings b\n    LEFT JOIN drivers d ON d.id = b.driver_id\n    LEFT JOIN vehicle_types vt ON vt.id = b.vehicle_type_id\n    LEFT JOIN accounts a ON a.id = b.account_id\n    \n    WHERE b.trash = false AND b.booking_status_id = 11 AND TO_DATE(b.pickup_date, 'YYYY-FMMM-FMDD') >= TO_DATE($1, 'YYYY-MM-DD') AND TO_DATE(b.pickup_date, 'YYYY-FMMM-FMDD') <= TO_DATE($2, 'YYYY-MM-DD') AND b.driver_id = $3\n  \n  ","timestamp":"2026-08-18T18:40:06.748Z"}
{"duration":3,"level":"info","message":"db-query","rows":14,"text":"\n    SELECT\n      b.id,\n      UPPER(b.reference_number) AS reference_number,\n      b.pickup_date,\n      b.pickup_time,\n      b.pickup,\n      b.dropoff,\n      COALESCE(vt.name, '') AS vehicle,\n      d.username AS driver_username,\n      d.name AS driver_name,\n      a.name AS account,\n      COALESCE(b.fares, 0) AS fares,\n      COALESCE(b.parking_charges, 0) AS parking,\n      COALESCE(b.waiting_charges, 0) AS waiting,\n      COALESCE(b.extra_drop_charges, 0) AS extra_drop,\n      ROUND(\n        (\n          COALESCE(b.fares, 0)\n          + COALESCE(b.parking_charges, 0)\n          + COALESCE(b.waiting_charges, 0)\n          + COALESCE(b.extra_drop_charges, 0)\n        )::numeric,\n        2\n      ) AS total\n    FROM bookings b\n    LEFT JOIN drivers d ON d.id = b.driver_id\n    LEFT JOIN vehicle_types vt ON vt.id = b.vehicle_type_id\n    LEFT JOIN accounts a ON a.id = b.account_id\n    \n    WHERE b.trash = false AND b.booking_status_id = 11 AND TO_DATE(b.pickup_date, 'YYYY-FMMM-FMDD') >= TO_DATE($1, 'YYYY-MM-DD') AND TO_DATE(b.pickup_date, 'YYYY-FMMM-FMDD') <= TO_DATE($2, 'YYYY-MM-DD') AND b.driver_id = $3\n  \n    ORDER BY\n      TO_DATE(b.pickup_date, 'YYYY-FMMM-FMDD') ASC,\n      TRIM(b.pickup_time)::time ASC\n  ","timestamp":"2026-08-18T18:40:06.758Z"}
{"level":"info","message":"GET /api/bookings/income-report?from_date=2026-06-01&to_date=2026-07-21&driver_id=167 200 92.915 ms","timestamp":"2026-08-18T18:40:06.763Z"}
{"duration":15,"level":"info","message":"db-query","rows":26,"text":"SELECT * FROM location_types","timestamp":"2026-08-18T18:41:51.866Z"}
{"level":"info","message":"GET /api/location-types 200 30.908 ms","timestamp":"2026-08-18T18:41:51.880Z"}
{"duration":74,"level":"info","message":"db-query","rows":26,"text":"SELECT * FROM location_types","timestamp":"2026-08-18T18:41:51.929Z"}
{"level":"info","message":"GET /api/location-types 200 75.231 ms","timestamp":"2026-08-18T18:41:51.930Z"}
{"duration":6,"level":"info","message":"db-query","rows":26,"text":"SELECT * FROM location_types","timestamp":"2026-08-18T18:41:58.467Z"}
{"level":"info","message":"GET /api/location-types 200 15.217 ms","timestamp":"2026-08-18T18:41:58.476Z"}
{"duration":52,"level":"info","message":"db-query","rows":26,"text":"SELECT * FROM location_types","timestamp":"2026-08-18T18:41:58.514Z"}
{"level":"info","message":"GET /api/location-types 200 53.556 ms","timestamp":"2026-08-18T18:41:58.516Z"}
{"duration":6,"level":"info","message":"db-query","rows":26,"text":"SELECT * FROM location_types","timestamp":"2026-08-18T18:42:01.925Z"}
{"level":"info","message":"GET /api/location-types 200 60.440 ms","timestamp":"2026-08-18T18:42:01.980Z"}
{"duration":168,"level":"info","message":"db-query","rows":26,"text":"SELECT * FROM location_types","timestamp":"2026-08-18T18:42:02.089Z"}
{"level":"info","message":"GET /api/location-types 200 169.804 ms","timestamp":"2026-08-18T18:42:02.091Z"}
{"duration":16,"level":"info","message":"db-query","rows":1,"text":"\n    SELECT\n      COUNT(*) AS total_bookings,\n\n      ROUND(\n        COALESCE(\n          SUM(\n            COALESCE(b.fares, 0)\n            + COALESCE(b.parking_charges, 0)\n            + COALESCE(b.waiting_charges, 0)\n            + COALESCE(b.extra_drop_charges, 0)\n          ),\n          0\n        )::numeric,\n        2\n      ) AS total_earnings\n\n    FROM bookings b\n    LEFT JOIN drivers d ON d.id = b.driver_id\n    LEFT JOIN vehicle_types vt ON vt.id = b.vehicle_type_id\n    LEFT JOIN accounts a ON a.id = b.account_id\n    \n    WHERE b.trash = false AND b.booking_status_id = 11 AND TO_DATE(b.pickup_date, 'YYYY-FMMM-FMDD') >= TO_DATE($1, 'YYYY-MM-DD') AND TO_DATE(b.pickup_date, 'YYYY-FMMM-FMDD') <= TO_DATE($2, 'YYYY-MM-DD') AND b.driver_id = $3 AND b.reference_number ILIKE $4\n  \n  ","timestamp":"2026-08-18T18:42:08.719Z"}
{"duration":4,"level":"info","message":"db-query","rows":1,"text":"\n    SELECT\n      b.id,\n      UPPER(b.reference_number) AS reference_number,\n      b.pickup_date,\n      b.pickup_time,\n      b.pickup,\n      b.dropoff,\n      COALESCE(vt.name, '') AS vehicle,\n      d.username AS driver_username,\n      d.name AS driver_name,\n      a.name AS account,\n      COALESCE(b.fares, 0) AS fares,\n      COALESCE(b.parking_charges, 0) AS parking,\n      COALESCE(b.waiting_charges, 0) AS waiting,\n      COALESCE(b.extra_drop_charges, 0) AS extra_drop,\n      ROUND(\n        (\n          COALESCE(b.fares, 0)\n          + COALESCE(b.parking_charges, 0)\n          + COALESCE(b.waiting_charges, 0)\n          + COALESCE(b.extra_drop_charges, 0)\n        )::numeric,\n        2\n      ) AS total\n    FROM bookings b\n    LEFT JOIN drivers d ON d.id = b.driver_id\n    LEFT JOIN vehicle_types vt ON vt.id = b.vehicle_type_id\n    LEFT JOIN accounts a ON a.id = b.account_id\n    \n    WHERE b.trash = false AND b.booking_status_id = 11 AND TO_DATE(b.pickup_date, 'YYYY-FMMM-FMDD') >= TO_DATE($1, 'YYYY-MM-DD') AND TO_DATE(b.pickup_date, 'YYYY-FMMM-FMDD') <= TO_DATE($2, 'YYYY-MM-DD') AND b.driver_id = $3 AND b.reference_number ILIKE $4\n  \n    ORDER BY\n      TO_DATE(b.pickup_date, 'YYYY-FMMM-FMDD') ASC,\n      TRIM(b.pickup_time)::time ASC\n  ","timestamp":"2026-08-18T18:42:08.723Z"}
{"level":"info","message":"GET /api/bookings/income-report?from_date=2026-06-01&to_date=2026-07-21&driver_id=167&search_ref=NTG31326&search_datetime=&search_pickup=&search_dropoff=&search_vehicle=&search_driver=&search_account=&search_fares=&search_parking=&search_waiting=&search_extra_drop=&search_total= 200 21.724 ms","timestamp":"2026-08-18T18:42:08.724Z"}
{"duration":169,"level":"info","message":"db-query","rows":1,"text":"\n    SELECT\n      COUNT(*) AS total_bookings,\n\n      ROUND(\n        COALESCE(\n          SUM(\n            COALESCE(b.fares, 0)\n            + COALESCE(b.parking_charges, 0)\n            + COALESCE(b.waiting_charges, 0)\n            + COALESCE(b.extra_drop_charges, 0)\n          ),\n          0\n        )::numeric,\n        2\n      ) AS total_earnings\n\n    FROM bookings b\n    LEFT JOIN drivers d ON d.id = b.driver_id\n    LEFT JOIN vehicle_types vt ON vt.id = b.vehicle_type_id\n    LEFT JOIN accounts a ON a.id = b.account_id\n    \n    WHERE b.trash = false AND b.booking_status_id = 11 AND TO_DATE(b.pickup_date, 'YYYY-FMMM-FMDD') >= TO_DATE($1, 'YYYY-MM-DD') AND TO_DATE(b.pickup_date, 'YYYY-FMMM-FMDD') <= TO_DATE($2, 'YYYY-MM-DD') AND b.driver_id = $3 AND (b.pickup_date || ' ' || b.pickup_time) ILIKE $4\n  \n  ","timestamp":"2026-08-18T18:42:22.780Z"}
{"duration":4,"level":"info","message":"db-query","rows":6,"text":"\n    SELECT\n      b.id,\n      UPPER(b.reference_number) AS reference_number,\n      b.pickup_date,\n      b.pickup_time,\n      b.pickup,\n      b.dropoff,\n      COALESCE(vt.name, '') AS vehicle,\n      d.username AS driver_username,\n      d.name AS driver_name,\n      a.name AS account,\n      COALESCE(b.fares, 0) AS fares,\n      COALESCE(b.parking_charges, 0) AS parking,\n      COALESCE(b.waiting_charges, 0) AS waiting,\n      COALESCE(b.extra_drop_charges, 0) AS extra_drop,\n      ROUND(\n        (\n          COALESCE(b.fares, 0)\n          + COALESCE(b.parking_charges, 0)\n          + COALESCE(b.waiting_charges, 0)\n          + COALESCE(b.extra_drop_charges, 0)\n        )::numeric,\n        2\n      ) AS total\n    FROM bookings b\n    LEFT JOIN drivers d ON d.id = b.driver_id\n    LEFT JOIN vehicle_types vt ON vt.id = b.vehicle_type_id\n    LEFT JOIN accounts a ON a.id = b.account_id\n    \n    WHERE b.trash = false AND b.booking_status_id = 11 AND TO_DATE(b.pickup_date, 'YYYY-FMMM-FMDD') >= TO_DATE($1, 'YYYY-MM-DD') AND TO_DATE(b.pickup_date, 'YYYY-FMMM-FMDD') <= TO_DATE($2, 'YYYY-MM-DD') AND b.driver_id = $3 AND (b.pickup_date || ' ' || b.pickup_time) ILIKE $4\n  \n    ORDER BY\n      TO_DATE(b.pickup_date, 'YYYY-FMMM-FMDD') ASC,\n      TRIM(b.pickup_time)::time ASC\n  ","timestamp":"2026-08-18T18:42:22.784Z"}
{"level":"info","message":"GET /api/bookings/income-report?from_date=2026-06-01&to_date=2026-07-21&driver_id=167&search_datetime=2026-06-02&search_pickup=&search_dropoff=&search_vehicle=&search_driver=&search_account=&search_fares=&search_parking=&search_waiting=&search_extra_drop=&search_total= 200 174.864 ms","timestamp":"2026-08-18T18:42:22.786Z"}
{"duration":68,"level":"info","message":"db-query","rows":1,"text":"\n    SELECT\n      COUNT(*) AS total_bookings,\n\n      ROUND(\n        COALESCE(\n          SUM(\n            COALESCE(b.fares, 0)\n            + COALESCE(b.parking_charges, 0)\n            + COALESCE(b.waiting_charges, 0)\n            + COALESCE(b.extra_drop_charges, 0)\n          ),\n          0\n        )::numeric,\n        2\n      ) AS total_earnings\n\n    FROM bookings b\n    LEFT JOIN drivers d ON d.id = b.driver_id\n    LEFT JOIN vehicle_types vt ON vt.id = b.vehicle_type_id\n    LEFT JOIN accounts a ON a.id = b.account_id\n    \n    WHERE b.trash = false AND b.booking_status_id = 11 AND TO_DATE(b.pickup_date, 'YYYY-FMMM-FMDD') >= TO_DATE($1, 'YYYY-MM-DD') AND TO_DATE(b.pickup_date, 'YYYY-FMMM-FMDD') <= TO_DATE($2, 'YYYY-MM-DD') AND b.driver_id = $3 AND (b.pickup_date || ' ' || b.pickup_time) ILIKE $4 AND b.pickup ILIKE $5 AND b.dropoff ILIKE $6\n  \n  ","timestamp":"2026-08-18T18:42:40.097Z"}
{"duration":4,"level":"info","message":"db-query","rows":6,"text":"\n    SELECT\n      b.id,\n      UPPER(b.reference_number) AS reference_number,\n      b.pickup_date,\n      b.pickup_time,\n      b.pickup,\n      b.dropoff,\n      COALESCE(vt.name, '') AS vehicle,\n      d.username AS driver_username,\n      d.name AS driver_name,\n      a.name AS account,\n      COALESCE(b.fares, 0) AS fares,\n      COALESCE(b.parking_charges, 0) AS parking,\n      COALESCE(b.waiting_charges, 0) AS waiting,\n      COALESCE(b.extra_drop_charges, 0) AS extra_drop,\n      ROUND(\n        (\n          COALESCE(b.fares, 0)\n          + COALESCE(b.parking_charges, 0)\n          + COALESCE(b.waiting_charges, 0)\n          + COALESCE(b.extra_drop_charges, 0)\n        )::numeric,\n        2\n      ) AS total\n    FROM bookings b\n    LEFT JOIN drivers d ON d.id = b.driver_id\n    LEFT JOIN vehicle_types vt ON vt.id = b.vehicle_type_id\n    LEFT JOIN accounts a ON a.id = b.account_id\n    \n    WHERE b.trash = false AND b.booking_status_id = 11 AND TO_DATE(b.pickup_date, 'YYYY-FMMM-FMDD') >= TO_DATE($1, 'YYYY-MM-DD') AND TO_DATE(b.pickup_date, 'YYYY-FMMM-FMDD') <= TO_DATE($2, 'YYYY-MM-DD') AND b.driver_id = $3 AND (b.pickup_date || ' ' || b.pickup_time) ILIKE $4 AND b.pickup ILIKE $5 AND b.dropoff ILIKE $6\n  \n    ORDER BY\n      TO_DATE(b.pickup_date, 'YYYY-FMMM-FMDD') ASC,\n      TRIM(b.pickup_time)::time ASC\n  ","timestamp":"2026-08-18T18:42:40.102Z"}
{"level":"info","message":"GET /api/bookings/income-report?from_date=2026-06-01&to_date=2026-07-21&driver_id=167&search_datetime=2026-06-02&search_pickup=Heathrow%20Terminal%201%20TW6%201EW&search_dropoff=Birmingham%20Airport%20B26%203QJ&search_vehicle=&search_driver=&search_account=&search_fares=&search_parking=&search_waiting=&search_extra_drop=&search_total= 200 74.356 ms","timestamp":"2026-08-18T18:42:40.104Z"}
{"duration":3,"level":"info","message":"db-query","rows":1,"text":"\n    SELECT\n      COUNT(*) AS total_bookings,\n\n      ROUND(\n        COALESCE(\n          SUM(\n            COALESCE(b.fares, 0)\n            + COALESCE(b.parking_charges, 0)\n            + COALESCE(b.waiting_charges, 0)\n            + COALESCE(b.extra_drop_charges, 0)\n          ),\n          0\n        )::numeric,\n        2\n      ) AS total_earnings\n\n    FROM bookings b\n    LEFT JOIN drivers d ON d.id = b.driver_id\n    LEFT JOIN vehicle_types vt ON vt.id = b.vehicle_type_id\n    LEFT JOIN accounts a ON a.id = b.account_id\n    \n    WHERE b.trash = false AND b.booking_status_id = 11 AND TO_DATE(b.pickup_date, 'YYYY-FMMM-FMDD') >= TO_DATE($1, 'YYYY-MM-DD') AND TO_DATE(b.pickup_date, 'YYYY-FMMM-FMDD') <= TO_DATE($2, 'YYYY-MM-DD') AND b.driver_id = $3 AND (b.pickup_date || ' ' || b.pickup_time) ILIKE $4 AND b.pickup ILIKE $5 AND b.dropoff ILIKE $6 AND vt.name ILIKE $7\n  \n  ","timestamp":"2026-08-18T18:42:47.237Z"}
{"duration":3,"level":"info","message":"db-query","rows":5,"text":"\n    SELECT\n      b.id,\n      UPPER(b.reference_number) AS reference_number,\n      b.pickup_date,\n      b.pickup_time,\n      b.pickup,\n      b.dropoff,\n      COALESCE(vt.name, '') AS vehicle,\n      d.username AS driver_username,\n      d.name AS driver_name,\n      a.name AS account,\n      COALESCE(b.fares, 0) AS fares,\n      COALESCE(b.parking_charges, 0) AS parking,\n      COALESCE(b.waiting_charges, 0) AS waiting,\n      COALESCE(b.extra_drop_charges, 0) AS extra_drop,\n      ROUND(\n        (\n          COALESCE(b.fares, 0)\n          + COALESCE(b.parking_charges, 0)\n          + COALESCE(b.waiting_charges, 0)\n          + COALESCE(b.extra_drop_charges, 0)\n        )::numeric,\n        2\n      ) AS total\n    FROM bookings b\n    LEFT JOIN drivers d ON d.id = b.driver_id\n    LEFT JOIN vehicle_types vt ON vt.id = b.vehicle_type_id\n    LEFT JOIN accounts a ON a.id = b.account_id\n    \n    WHERE b.trash = false AND b.booking_status_id = 11 AND TO_DATE(b.pickup_date, 'YYYY-FMMM-FMDD') >= TO_DATE($1, 'YYYY-MM-DD') AND TO_DATE(b.pickup_date, 'YYYY-FMMM-FMDD') <= TO_DATE($2, 'YYYY-MM-DD') AND b.driver_id = $3 AND (b.pickup_date || ' ' || b.pickup_time) ILIKE $4 AND b.pickup ILIKE $5 AND b.dropoff ILIKE $6 AND vt.name ILIKE $7\n  \n    ORDER BY\n      TO_DATE(b.pickup_date, 'YYYY-FMMM-FMDD') ASC,\n      TRIM(b.pickup_time)::time ASC\n  ","timestamp":"2026-08-18T18:42:47.240Z"}
{"level":"info","message":"GET /api/bookings/income-report?from_date=2026-06-01&to_date=2026-07-21&driver_id=167&search_datetime=2026-06-02&search_pickup=Heathrow%20Terminal%201%20TW6%201EW&search_dropoff=Birmingham%20Airport%20B26%203QJ&search_vehicle=SALOON&search_driver=&search_account=&search_fares=&search_parking=&search_waiting=&search_extra_drop=&search_total= 200 12.837 ms","timestamp":"2026-08-18T18:42:47.247Z"}
{"duration":147,"level":"info","message":"db-query","rows":1,"text":"\n    SELECT\n      COUNT(*) AS total_bookings,\n\n      ROUND(\n        COALESCE(\n          SUM(\n            COALESCE(b.fares, 0)\n            + COALESCE(b.parking_charges, 0)\n            + COALESCE(b.waiting_charges, 0)\n            + COALESCE(b.extra_drop_charges, 0)\n          ),\n          0\n        )::numeric,\n        2\n      ) AS total_earnings\n\n    FROM bookings b\n    LEFT JOIN drivers d ON d.id = b.driver_id\n    LEFT JOIN vehicle_types vt ON vt.id = b.vehicle_type_id\n    LEFT JOIN accounts a ON a.id = b.account_id\n    \n    WHERE b.trash = false AND b.booking_status_id = 11 AND TO_DATE(b.pickup_date, 'YYYY-FMMM-FMDD') >= TO_DATE($1, 'YYYY-MM-DD') AND TO_DATE(b.pickup_date, 'YYYY-FMMM-FMDD') <= TO_DATE($2, 'YYYY-MM-DD') AND b.driver_id = $3 AND (b.pickup_date || ' ' || b.pickup_time) ILIKE $4 AND b.pickup ILIKE $5 AND b.dropoff ILIKE $6 AND vt.name ILIKE $7 AND (d.name ILIKE $8 OR d.username ILIKE $8)\n  \n  ","timestamp":"2026-08-18T18:44:37.156Z"}
{"duration":4,"level":"info","message":"db-query","rows":5,"text":"\n    SELECT\n      b.id,\n      UPPER(b.reference_number) AS reference_number,\n      b.pickup_date,\n      b.pickup_time,\n      b.pickup,\n      b.dropoff,\n      COALESCE(vt.name, '') AS vehicle,\n      d.username AS driver_username,\n      d.name AS driver_name,\n      a.name AS account,\n      COALESCE(b.fares, 0) AS fares,\n      COALESCE(b.parking_charges, 0) AS parking,\n      COALESCE(b.waiting_charges, 0) AS waiting,\n      COALESCE(b.extra_drop_charges, 0) AS extra_drop,\n      ROUND(\n        (\n          COALESCE(b.fares, 0)\n          + COALESCE(b.parking_charges, 0)\n          + COALESCE(b.waiting_charges, 0)\n          + COALESCE(b.extra_drop_charges, 0)\n        )::numeric,\n        2\n      ) AS total\n    FROM bookings b\n    LEFT JOIN drivers d ON d.id = b.driver_id\n    LEFT JOIN vehicle_types vt ON vt.id = b.vehicle_type_id\n    LEFT JOIN accounts a ON a.id = b.account_id\n    \n    WHERE b.trash = false AND b.booking_status_id = 11 AND TO_DATE(b.pickup_date, 'YYYY-FMMM-FMDD') >= TO_DATE($1, 'YYYY-MM-DD') AND TO_DATE(b.pickup_date, 'YYYY-FMMM-FMDD') <= TO_DATE($2, 'YYYY-MM-DD') AND b.driver_id = $3 AND (b.pickup_date || ' ' || b.pickup_time) ILIKE $4 AND b.pickup ILIKE $5 AND b.dropoff ILIKE $6 AND vt.name ILIKE $7 AND (d.name ILIKE $8 OR d.username ILIKE $8)\n  \n    ORDER BY\n      TO_DATE(b.pickup_date, 'YYYY-FMMM-FMDD') ASC,\n      TRIM(b.pickup_time)::time ASC\n  ","timestamp":"2026-08-18T18:44:37.175Z"}
{"level":"info","message":"GET /api/bookings/income-report?from_date=2026-06-01&to_date=2026-07-21&driver_id=167&search_datetime=2026-06-02&search_pickup=Heathrow%20Terminal%201%20TW6%201EW&search_dropoff=Birmingham%20Airport%20B26%203QJ&search_vehicle=SALOON&search_driver=Mark&search_account=&search_fares=&search_parking=&search_waiting=&search_extra_drop=&search_total= 200 176.267 ms","timestamp":"2026-08-18T18:44:37.185Z"}
{"duration":3,"level":"info","message":"db-query","rows":1,"text":"\n    SELECT\n      COUNT(*) AS total_bookings,\n\n      ROUND(\n        COALESCE(\n          SUM(\n            COALESCE(b.fares, 0)\n            + COALESCE(b.parking_charges, 0)\n            + COALESCE(b.waiting_charges, 0)\n            + COALESCE(b.extra_drop_charges, 0)\n          ),\n          0\n        )::numeric,\n        2\n      ) AS total_earnings\n\n    FROM bookings b\n    LEFT JOIN drivers d ON d.id = b.driver_id\n    LEFT JOIN vehicle_types vt ON vt.id = b.vehicle_type_id\n    LEFT JOIN accounts a ON a.id = b.account_id\n    \n    WHERE b.trash = false AND b.booking_status_id = 11 AND TO_DATE(b.pickup_date, 'YYYY-FMMM-FMDD') >= TO_DATE($1, 'YYYY-MM-DD') AND TO_DATE(b.pickup_date, 'YYYY-FMMM-FMDD') <= TO_DATE($2, 'YYYY-MM-DD') AND b.driver_id = $3 AND (b.pickup_date || ' ' || b.pickup_time) ILIKE $4 AND b.pickup ILIKE $5 AND b.dropoff ILIKE $6 AND vt.name ILIKE $7 AND (d.name ILIKE $8 OR d.username ILIKE $8) AND a.name ILIKE $9\n  \n  ","timestamp":"2026-08-18T18:44:45.302Z"}
{"duration":3,"level":"info","message":"db-query","rows":0,"text":"\n    SELECT\n      b.id,\n      UPPER(b.reference_number) AS reference_number,\n      b.pickup_date,\n      b.pickup_time,\n      b.pickup,\n      b.dropoff,\n      COALESCE(vt.name, '') AS vehicle,\n      d.username AS driver_username,\n      d.name AS driver_name,\n      a.name AS account,\n      COALESCE(b.fares, 0) AS fares,\n      COALESCE(b.parking_charges, 0) AS parking,\n      COALESCE(b.waiting_charges, 0) AS waiting,\n      COALESCE(b.extra_drop_charges, 0) AS extra_drop,\n      ROUND(\n        (\n          COALESCE(b.fares, 0)\n          + COALESCE(b.parking_charges, 0)\n          + COALESCE(b.waiting_charges, 0)\n          + COALESCE(b.extra_drop_charges, 0)\n        )::numeric,\n        2\n      ) AS total\n    FROM bookings b\n    LEFT JOIN drivers d ON d.id = b.driver_id\n    LEFT JOIN vehicle_types vt ON vt.id = b.vehicle_type_id\n    LEFT JOIN accounts a ON a.id = b.account_id\n    \n    WHERE b.trash = false AND b.booking_status_id = 11 AND TO_DATE(b.pickup_date, 'YYYY-FMMM-FMDD') >= TO_DATE($1, 'YYYY-MM-DD') AND TO_DATE(b.pickup_date, 'YYYY-FMMM-FMDD') <= TO_DATE($2, 'YYYY-MM-DD') AND b.driver_id = $3 AND (b.pickup_date || ' ' || b.pickup_time) ILIKE $4 AND b.pickup ILIKE $5 AND b.dropoff ILIKE $6 AND vt.name ILIKE $7 AND (d.name ILIKE $8 OR d.username ILIKE $8) AND a.name ILIKE $9\n  \n    ORDER BY\n      TO_DATE(b.pickup_date, 'YYYY-FMMM-FMDD') ASC,\n      TRIM(b.pickup_time)::time ASC\n  ","timestamp":"2026-08-18T18:44:45.305Z"}
{"level":"info","message":"GET /api/bookings/income-report?from_date=2026-06-01&to_date=2026-07-21&driver_id=167&search_datetime=2026-06-02&search_pickup=Heathrow%20Terminal%201%20TW6%201EW&search_dropoff=Birmingham%20Airport%20B26%203QJ&search_vehicle=SALOON&search_driver=Mark&search_account=moro&search_fares=&search_parking=&search_waiting=&search_extra_drop=&search_total= 200 6.974 ms","timestamp":"2026-08-18T18:44:45.306Z"}
{"duration":3,"level":"info","message":"db-query","rows":1,"text":"\n    SELECT\n      COUNT(*) AS total_bookings,\n\n      ROUND(\n        COALESCE(\n          SUM(\n            COALESCE(b.fares, 0)\n            + COALESCE(b.parking_charges, 0)\n            + COALESCE(b.waiting_charges, 0)\n            + COALESCE(b.extra_drop_charges, 0)\n          ),\n          0\n        )::numeric,\n        2\n      ) AS total_earnings\n\n    FROM bookings b\n    LEFT JOIN drivers d ON d.id = b.driver_id\n    LEFT JOIN vehicle_types vt ON vt.id = b.vehicle_type_id\n    LEFT JOIN accounts a ON a.id = b.account_id\n    \n    WHERE b.trash = false AND b.booking_status_id = 11 AND TO_DATE(b.pickup_date, 'YYYY-FMMM-FMDD') >= TO_DATE($1, 'YYYY-MM-DD') AND TO_DATE(b.pickup_date, 'YYYY-FMMM-FMDD') <= TO_DATE($2, 'YYYY-MM-DD') AND b.driver_id = $3 AND (b.pickup_date || ' ' || b.pickup_time) ILIKE $4 AND b.pickup ILIKE $5 AND b.dropoff ILIKE $6 AND vt.name ILIKE $7 AND (d.name ILIKE $8 OR d.username ILIKE $8)\n  \n  ","timestamp":"2026-08-18T18:44:53.837Z"}
{"duration":3,"level":"info","message":"db-query","rows":5,"text":"\n    SELECT\n      b.id,\n      UPPER(b.reference_number) AS reference_number,\n      b.pickup_date,\n      b.pickup_time,\n      b.pickup,\n      b.dropoff,\n      COALESCE(vt.name, '') AS vehicle,\n      d.username AS driver_username,\n      d.name AS driver_name,\n      a.name AS account,\n      COALESCE(b.fares, 0) AS fares,\n      COALESCE(b.parking_charges, 0) AS parking,\n      COALESCE(b.waiting_charges, 0) AS waiting,\n      COALESCE(b.extra_drop_charges, 0) AS extra_drop,\n      ROUND(\n        (\n          COALESCE(b.fares, 0)\n          + COALESCE(b.parking_charges, 0)\n          + COALESCE(b.waiting_charges, 0)\n          + COALESCE(b.extra_drop_charges, 0)\n        )::numeric,\n        2\n      ) AS total\n    FROM bookings b\n    LEFT JOIN drivers d ON d.id = b.driver_id\n    LEFT JOIN vehicle_types vt ON vt.id = b.vehicle_type_id\n    LEFT JOIN accounts a ON a.id = b.account_id\n    \n    WHERE b.trash = false AND b.booking_status_id = 11 AND TO_DATE(b.pickup_date, 'YYYY-FMMM-FMDD') >= TO_DATE($1, 'YYYY-MM-DD') AND TO_DATE(b.pickup_date, 'YYYY-FMMM-FMDD') <= TO_DATE($2, 'YYYY-MM-DD') AND b.driver_id = $3 AND (b.pickup_date || ' ' || b.pickup_time) ILIKE $4 AND b.pickup ILIKE $5 AND b.dropoff ILIKE $6 AND vt.name ILIKE $7 AND (d.name ILIKE $8 OR d.username ILIKE $8)\n  \n    ORDER BY\n      TO_DATE(b.pickup_date, 'YYYY-FMMM-FMDD') ASC,\n      TRIM(b.pickup_time)::time ASC\n  ","timestamp":"2026-08-18T18:44:53.840Z"}
{"level":"info","message":"GET /api/bookings/income-report?from_date=2026-06-01&to_date=2026-07-21&driver_id=167&search_datetime=2026-06-02&search_pickup=Heathrow%20Terminal%201%20TW6%201EW&search_dropoff=Birmingham%20Airport%20B26%203QJ&search_vehicle=SALOON&search_driver=Mark&search_fares=&search_parking=&search_waiting=&search_extra_drop=&search_total= 200 6.947 ms","timestamp":"2026-08-18T18:44:53.842Z"}
{"duration":167,"level":"info","message":"db-query","rows":1,"text":"\n    SELECT\n      COUNT(*) AS total_bookings,\n\n      ROUND(\n        COALESCE(\n          SUM(\n            COALESCE(b.fares, 0)\n            + COALESCE(b.parking_charges, 0)\n            + COALESCE(b.waiting_charges, 0)\n            + COALESCE(b.extra_drop_charges, 0)\n          ),\n          0\n        )::numeric,\n        2\n      ) AS total_earnings\n\n    FROM bookings b\n    LEFT JOIN drivers d ON d.id = b.driver_id\n    LEFT JOIN vehicle_types vt ON vt.id = b.vehicle_type_id\n    LEFT JOIN accounts a ON a.id = b.account_id\n    \n    WHERE b.trash = false AND b.booking_status_id = 11 AND TO_DATE(b.pickup_date, 'YYYY-FMMM-FMDD') >= TO_DATE($1, 'YYYY-MM-DD') AND TO_DATE(b.pickup_date, 'YYYY-FMMM-FMDD') <= TO_DATE($2, 'YYYY-MM-DD') AND b.driver_id = $3 AND (b.pickup_date || ' ' || b.pickup_time) ILIKE $4 AND b.pickup ILIKE $5 AND b.dropoff ILIKE $6 AND vt.name ILIKE $7 AND (d.name ILIKE $8 OR d.username ILIKE $8) AND COALESCE(b.fares, 0)::text ILIKE $9 AND COALESCE(b.parking_charges, 0)::text ILIKE $10 AND COALESCE(b.waiting_charges, 0)::text ILIKE $11 AND COALESCE(b.extra_drop_charges, 0)::text ILIKE $12 AND COALESCE(b.total_charges, 0)::text ILIKE $13\n  \n  ","timestamp":"2026-08-18T18:45:26.400Z"}
{"duration":3,"level":"info","message":"db-query","rows":0,"text":"\n    SELECT\n      b.id,\n      UPPER(b.reference_number) AS reference_number,\n      b.pickup_date,\n      b.pickup_time,\n      b.pickup,\n      b.dropoff,\n      COALESCE(vt.name, '') AS vehicle,\n      d.username AS driver_username,\n      d.name AS driver_name,\n      a.name AS account,\n      COALESCE(b.fares, 0) AS fares,\n      COALESCE(b.parking_charges, 0) AS parking,\n      COALESCE(b.waiting_charges, 0) AS waiting,\n      COALESCE(b.extra_drop_charges, 0) AS extra_drop,\n      ROUND(\n        (\n          COALESCE(b.fares, 0)\n          + COALESCE(b.parking_charges, 0)\n          + COALESCE(b.waiting_charges, 0)\n          + COALESCE(b.extra_drop_charges, 0)\n        )::numeric,\n        2\n      ) AS total\n    FROM bookings b\n    LEFT JOIN drivers d ON d.id = b.driver_id\n    LEFT JOIN vehicle_types vt ON vt.id = b.vehicle_type_id\n    LEFT JOIN accounts a ON a.id = b.account_id\n    \n    WHERE b.trash = false AND b.booking_status_id = 11 AND TO_DATE(b.pickup_date, 'YYYY-FMMM-FMDD') >= TO_DATE($1, 'YYYY-MM-DD') AND TO_DATE(b.pickup_date, 'YYYY-FMMM-FMDD') <= TO_DATE($2, 'YYYY-MM-DD') AND b.driver_id = $3 AND (b.pickup_date || ' ' || b.pickup_time) ILIKE $4 AND b.pickup ILIKE $5 AND b.dropoff ILIKE $6 AND vt.name ILIKE $7 AND (d.name ILIKE $8 OR d.username ILIKE $8) AND COALESCE(b.fares, 0)::text ILIKE $9 AND COALESCE(b.parking_charges, 0)::text ILIKE $10 AND COALESCE(b.waiting_charges, 0)::text ILIKE $11 AND COALESCE(b.extra_drop_charges, 0)::text ILIKE $12 AND COALESCE(b.total_charges, 0)::text ILIKE $13\n  \n    ORDER BY\n      TO_DATE(b.pickup_date, 'YYYY-FMMM-FMDD') ASC,\n      TRIM(b.pickup_time)::time ASC\n  ","timestamp":"2026-08-18T18:45:26.404Z"}
{"level":"info","message":"GET /api/bookings/income-report?from_date=2026-06-01&to_date=2026-07-21&driver_id=167&search_datetime=2026-06-02&search_pickup=Heathrow%20Terminal%201%20TW6%201EW&search_dropoff=Birmingham%20Airport%20B26%203QJ&search_vehicle=SALOON&search_driver=Mark&search_fares=140.90&search_parking=4.00&search_waiting=4.00&search_extra_drop=4.00&search_total=152.90 200 172.418 ms","timestamp":"2026-08-18T18:45:26.405Z"}
{"duration":3,"level":"info","message":"db-query","rows":1,"text":"\n    SELECT\n      COUNT(*) AS total_bookings,\n\n      ROUND(\n        COALESCE(\n          SUM(\n            COALESCE(b.fares, 0)\n            + COALESCE(b.parking_charges, 0)\n            + COALESCE(b.waiting_charges, 0)\n            + COALESCE(b.extra_drop_charges, 0)\n          ),\n          0\n        )::numeric,\n        2\n      ) AS total_earnings\n\n    FROM bookings b\n    LEFT JOIN drivers d ON d.id = b.driver_id\n    LEFT JOIN vehicle_types vt ON vt.id = b.vehicle_type_id\n    LEFT JOIN accounts a ON a.id = b.account_id\n    \n    WHERE b.trash = false AND b.booking_status_id = 11 AND TO_DATE(b.pickup_date, 'YYYY-FMMM-FMDD') >= TO_DATE($1, 'YYYY-MM-DD') AND TO_DATE(b.pickup_date, 'YYYY-FMMM-FMDD') <= TO_DATE($2, 'YYYY-MM-DD') AND b.driver_id = $3 AND (b.pickup_date || ' ' || b.pickup_time) ILIKE $4 AND b.pickup ILIKE $5 AND b.dropoff ILIKE $6 AND vt.name ILIKE $7 AND (d.name ILIKE $8 OR d.username ILIKE $8) AND COALESCE(b.fares, 0)::text ILIKE $9 AND COALESCE(b.parking_charges, 0)::text ILIKE $10 AND COALESCE(b.waiting_charges, 0)::text ILIKE $11 AND COALESCE(b.extra_drop_charges, 0)::text ILIKE $12\n  \n  ","timestamp":"2026-08-18T18:45:31.352Z"}
{"duration":3,"level":"info","message":"db-query","rows":5,"text":"\n    SELECT\n      b.id,\n      UPPER(b.reference_number) AS reference_number,\n      b.pickup_date,\n      b.pickup_time,\n      b.pickup,\n      b.dropoff,\n      COALESCE(vt.name, '') AS vehicle,\n      d.username AS driver_username,\n      d.name AS driver_name,\n      a.name AS account,\n      COALESCE(b.fares, 0) AS fares,\n      COALESCE(b.parking_charges, 0) AS parking,\n      COALESCE(b.waiting_charges, 0) AS waiting,\n      COALESCE(b.extra_drop_charges, 0) AS extra_drop,\n      ROUND(\n        (\n          COALESCE(b.fares, 0)\n          + COALESCE(b.parking_charges, 0)\n          + COALESCE(b.waiting_charges, 0)\n          + COALESCE(b.extra_drop_charges, 0)\n        )::numeric,\n        2\n      ) AS total\n    FROM bookings b\n    LEFT JOIN drivers d ON d.id = b.driver_id\n    LEFT JOIN vehicle_types vt ON vt.id = b.vehicle_type_id\n    LEFT JOIN accounts a ON a.id = b.account_id\n    \n    WHERE b.trash = false AND b.booking_status_id = 11 AND TO_DATE(b.pickup_date, 'YYYY-FMMM-FMDD') >= TO_DATE($1, 'YYYY-MM-DD') AND TO_DATE(b.pickup_date, 'YYYY-FMMM-FMDD') <= TO_DATE($2, 'YYYY-MM-DD') AND b.driver_id = $3 AND (b.pickup_date || ' ' || b.pickup_time) ILIKE $4 AND b.pickup ILIKE $5 AND b.dropoff ILIKE $6 AND vt.name ILIKE $7 AND (d.name ILIKE $8 OR d.username ILIKE $8) AND COALESCE(b.fares, 0)::text ILIKE $9 AND COALESCE(b.parking_charges, 0)::text ILIKE $10 AND COALESCE(b.waiting_charges, 0)::text ILIKE $11 AND COALESCE(b.extra_drop_charges, 0)::text ILIKE $12\n  \n    ORDER BY\n      TO_DATE(b.pickup_date, 'YYYY-FMMM-FMDD') ASC,\n      TRIM(b.pickup_time)::time ASC\n  ","timestamp":"2026-08-18T18:45:31.355Z"}
{"level":"info","message":"GET /api/bookings/income-report?from_date=2026-06-01&to_date=2026-07-21&driver_id=167&search_datetime=2026-06-02&search_pickup=Heathrow%20Terminal%201%20TW6%201EW&search_dropoff=Birmingham%20Airport%20B26%203QJ&search_vehicle=SALOON&search_driver=Mark&search_fares=140.90&search_parking=4.00&search_waiting=4.00&search_extra_drop=4.00 200 7.418 ms","timestamp":"2026-08-18T18:45:31.357Z"}
{"duration":61,"level":"info","message":"db-query","rows":1,"text":"\n    SELECT\n      COUNT(*) AS total_bookings,\n\n      ROUND(\n        COALESCE(\n          SUM(\n            COALESCE(b.fares, 0)\n            + COALESCE(b.parking_charges, 0)\n            + COALESCE(b.waiting_charges, 0)\n            + COALESCE(b.extra_drop_charges, 0)\n          ),\n          0\n        )::numeric,\n        2\n      ) AS total_earnings\n\n    FROM bookings b\n    LEFT JOIN drivers d ON d.id = b.driver_id\n    LEFT JOIN vehicle_types vt ON vt.id = b.vehicle_type_id\n    LEFT JOIN accounts a ON a.id = b.account_id\n    \n    WHERE b.trash = false AND b.booking_status_id = 11 AND TO_DATE(b.pickup_date, 'YYYY-FMMM-FMDD') >= TO_DATE($1, 'YYYY-MM-DD') AND TO_DATE(b.pickup_date, 'YYYY-FMMM-FMDD') <= TO_DATE($2, 'YYYY-MM-DD') AND b.driver_id = $3 AND (b.pickup_date || ' ' || b.pickup_time) ILIKE $4 AND b.pickup ILIKE $5 AND b.dropoff ILIKE $6 AND vt.name ILIKE $7 AND (d.name ILIKE $8 OR d.username ILIKE $8) AND COALESCE(b.fares, 0)::text ILIKE $9 AND COALESCE(b.parking_charges, 0)::text ILIKE $10 AND COALESCE(b.waiting_charges, 0)::text ILIKE $11 AND COALESCE(b.extra_drop_charges, 0)::text ILIKE $12 AND COALESCE(b.total_charges, 0)::text ILIKE $13\n  \n  ","timestamp":"2026-08-18T18:46:28.956Z"}
{"duration":3,"level":"info","message":"db-query","rows":5,"text":"\n    SELECT\n      b.id,\n      UPPER(b.reference_number) AS reference_number,\n      b.pickup_date,\n      b.pickup_time,\n      b.pickup,\n      b.dropoff,\n      COALESCE(vt.name, '') AS vehicle,\n      d.username AS driver_username,\n      d.name AS driver_name,\n      a.name AS account,\n      COALESCE(b.fares, 0) AS fares,\n      COALESCE(b.parking_charges, 0) AS parking,\n      COALESCE(b.waiting_charges, 0) AS waiting,\n      COALESCE(b.extra_drop_charges, 0) AS extra_drop,\n      ROUND(\n        (\n          COALESCE(b.fares, 0)\n          + COALESCE(b.parking_charges, 0)\n          + COALESCE(b.waiting_charges, 0)\n          + COALESCE(b.extra_drop_charges, 0)\n        )::numeric,\n        2\n      ) AS total\n    FROM bookings b\n    LEFT JOIN drivers d ON d.id = b.driver_id\n    LEFT JOIN vehicle_types vt ON vt.id = b.vehicle_type_id\n    LEFT JOIN accounts a ON a.id = b.account_id\n    \n    WHERE b.trash = false AND b.booking_status_id = 11 AND TO_DATE(b.pickup_date, 'YYYY-FMMM-FMDD') >= TO_DATE($1, 'YYYY-MM-DD') AND TO_DATE(b.pickup_date, 'YYYY-FMMM-FMDD') <= TO_DATE($2, 'YYYY-MM-DD') AND b.driver_id = $3 AND (b.pickup_date || ' ' || b.pickup_time) ILIKE $4 AND b.pickup ILIKE $5 AND b.dropoff ILIKE $6 AND vt.name ILIKE $7 AND (d.name ILIKE $8 OR d.username ILIKE $8) AND COALESCE(b.fares, 0)::text ILIKE $9 AND COALESCE(b.parking_charges, 0)::text ILIKE $10 AND COALESCE(b.waiting_charges, 0)::text ILIKE $11 AND COALESCE(b.extra_drop_charges, 0)::text ILIKE $12 AND COALESCE(b.total_charges, 0)::text ILIKE $13\n  \n    ORDER BY\n      TO_DATE(b.pickup_date, 'YYYY-FMMM-FMDD') ASC,\n      TRIM(b.pickup_time)::time ASC\n  ","timestamp":"2026-08-18T18:46:28.960Z"}
{"level":"info","message":"GET /api/bookings/income-report?from_date=2026-06-01&to_date=2026-07-21&driver_id=167&search_datetime=2026-06-02&search_pickup=Heathrow%20Terminal%201%20TW6%201EW&search_dropoff=Birmingham%20Airport%20B26%203QJ&search_vehicle=SALOON&search_driver=Mark&search_fares=140.90&search_parking=4.00&search_waiting=4.00&search_extra_drop=4.00&search_total=132 200 65.336 ms","timestamp":"2026-08-18T18:46:28.961Z"}
{"duration":10,"level":"info","message":"db-query","rows":26,"text":"SELECT * FROM location_types","timestamp":"2026-08-18T18:53:35.771Z"}
{"level":"info","message":"GET /api/location-types 200 21.009 ms","timestamp":"2026-08-18T18:53:35.780Z"}
{"duration":204,"level":"info","message":"db-query","rows":26,"text":"SELECT * FROM location_types","timestamp":"2026-08-18T18:53:35.970Z"}
{"level":"info","message":"GET /api/location-types 200 205.946 ms","timestamp":"2026-08-18T18:53:35.972Z"}
{"duration":5,"level":"info","message":"db-query","rows":26,"text":"SELECT * FROM location_types","timestamp":"2026-08-18T18:54:16.757Z"}
{"level":"info","message":"GET /api/location-types 200 11.399 ms","timestamp":"2026-08-18T18:54:16.763Z"}
{"duration":52,"level":"info","message":"db-query","rows":26,"text":"SELECT * FROM location_types","timestamp":"2026-08-18T18:54:16.805Z"}
{"level":"info","message":"GET /api/location-types 200 52.762 ms","timestamp":"2026-08-18T18:54:16.806Z"}
{"duration":7,"level":"info","message":"db-query","rows":26,"text":"SELECT * FROM location_types","timestamp":"2026-08-18T18:54:19.592Z"}
{"level":"info","message":"GET /api/location-types 200 12.554 ms","timestamp":"2026-08-18T18:54:19.598Z"}
{"duration":63,"level":"info","message":"db-query","rows":26,"text":"SELECT * FROM location_types","timestamp":"2026-08-18T18:54:19.650Z"}
{"level":"info","message":"GET /api/location-types 200 64.671 ms","timestamp":"2026-08-18T18:54:19.651Z"}
{"duration":5,"level":"info","message":"db-query","rows":26,"text":"SELECT * FROM location_types","timestamp":"2026-08-18T18:54:27.964Z"}
{"level":"info","message":"GET /api/location-types 200 10.911 ms","timestamp":"2026-08-18T18:54:27.970Z"}
{"duration":61,"level":"info","message":"db-query","rows":26,"text":"SELECT * FROM location_types","timestamp":"2026-08-18T18:54:28.021Z"}
{"level":"info","message":"GET /api/location-types 200 61.885 ms","timestamp":"2026-08-18T18:54:28.022Z"}
{"duration":6,"level":"info","message":"db-query","rows":26,"text":"SELECT * FROM location_types","timestamp":"2026-08-18T18:54:31.369Z"}
{"level":"info","message":"GET /api/location-types 200 12.191 ms","timestamp":"2026-08-18T18:54:31.377Z"}
{"duration":54,"level":"info","message":"db-query","rows":26,"text":"SELECT * FROM location_types","timestamp":"2026-08-18T18:54:31.419Z"}
{"level":"info","message":"GET /api/location-types 200 55.918 ms","timestamp":"2026-08-18T18:54:31.421Z"}
